draw,start_opt,land_opt,dist,best_f,evals
2,4,5,0.00029914109144419857,1.6693879576934166e-05,1500
1,5,5,0.00019026731931871528,7.00360403324715e-06,1500
3,4,4,0.0005706659155597388,8.769577884304195e-05,1500
0,0,5,0.00037942830968855314,2.9038789648230154e-05,1500
4,2,5,0.001938050080126531,0.0007080158765933981,1500
5,1,5,0.0008227593727101352,0.00013516955606590654,1500
6,5,5,0.004147629180029767,0.0033196366322101973,1500
7,4,5,0.001694489841467812,0.0005546460902724539,1500
8,3,5,0.0004037099896123488,3.256353386080209e-05,1500
10,4,4,0.00015729697047527335,6.284966544385665e-06,1500
9,3,5,0.0023428608597265447,0.0010490200696949491,1500
11,3,5,0.00034873789988370787,2.3907948214204695e-05,1500
12,3,5,0.0014055657377095169,0.0003802673466277268,1500
13,4,4,0.001235948274193812,0.00038210862544230806,1500
14,1,1,0.0007142230581217443,0.000160463074498262,1500
15,1,5,0.0001562374091820957,4.585933523143902e-06,1500
17,4,4,9.029729895907248e-05,2.235531776487039e-06,1500
16,5,5,0.0006862640158034878,9.050489695656695e-05,1500
18,4,5,0.002357154250260319,0.0010338634729187687,1500
19,3,5,0.00044471011858012577,3.6931979753387696e-05,1500
20,4,4,0.0004581491820685828,5.1719297846557514e-05,1500
21,5,5,0.0007905394249239613,0.00011814827955766695,1500
22,0,5,0.0005647357916046395,6.049612099589433e-05,1500
23,3,5,0.0005661110819939053,6.0321108539592584e-05,1500
24,4,4,0.00047250973166386293,5.947281016313377e-05,1500
25,4,4,0.0004096040560992015,5.042663887045121e-05,1500
26,2,5,0.00012434122473196934,3.0932276634137904e-06,1500
27,5,5,0.00030306884442236225,1.8319384146873896e-05,1500
28,4,5,0.00042362621889126224,3.5874561869107504e-05,1500
29,5,5,0.00039532597809148533,2.9236824804192823e-05,1500
30,2,4,0.00040503110993826404,4.3146211326441674e-05,1500
31,2,5,0.00030530667859250525,1.7526139031223496e-05,1500
32,3,5,0.0011069550005106629,0.00024084406290129638,1500
34,4,4,0.00012221634946924583,3.724776242344146e-06,1500
33,3,5,0.0024338494860574192,0.0011094310257752267,1500
35,5,5,0.00032949526301586003,2.0604257375047708e-05,1500
36,1,5,0.0025511337743610754,0.0012095859827663564,1500
38,1,1,0.0004934580148234536,7.669040646806313e-05,1500
37,4,5,0.0011993928451722595,0.0002977266710947686,1500
39,5,5,0.000216464056830453,9.131665428194203e-06,1500
41,4,4,0.0007976927739745926,0.00016823012022872905,1500
40,3,5,0.001976246245856052,0.0007572509734702375,1500
42,0,0,0.0009083280235952657,0.00027849955840391326,1500
43,4,4,0.00021550283733265174,1.2303053844801275e-05,1500
45,4,4,0.0002951727416356353,2.3103969110496887e-05,1500
46,4,5,0.0003528125539220261,2.4671629633615016e-05,1500
44,5,5,0.0004193421712580164,3.270256834116722e-05,1500
47,4,4,0.00045159942901681823,5.379307791083002e-05,1500
48,3,5,0.0004645531115027427,4.0158064701924385e-05,1500
49,3,5,0.0007616734801736868,0.0001119830934122595,1500
50,4,0,0.003045498707258292,0.0031465365758984168,1500
51,5,5,0.0003888541920462608,2.92263993665552e-05,1500
52,4,5,0.0001469366816142508,4.103819645086013e-06,1500
54,4,5,0.0006009172955665014,7.171069124002005e-05,1500
53,0,5,0.0010701636842765285,0.00024239269396685842,1500
56,1,4,0.0007862216394765121,0.0001673189547646398,1500
57,4,5,0.0016315348778625485,0.0004985883620977187,1500
55,3,5,0.002767512486968556,0.001441115780890202,1500
58,1,1,0.00021962743385565183,1.5189425541919414e-05,1500
59,0,5,0.00046561411121491195,4.141600074378425e-05,1500
62,1,1,0.0003421106606646235,3.684539319849739e-05,1500
60,3,5,0.0002529144198807238,1.203288893784221e-05,1500
61,1,1,0.0004781798328316951,7.200244992615549e-05,1500
63,4,5,0.0007316005178710503,0.00010537947683097163,1500
64,5,5,0.0006570639831517087,8.055219891464522e-05,1500
65,4,5,0.0019701600590968462,0.0008007755392783478,1500
66,5,5,0.0002442239257182415,1.121062361493689e-05,1500
69,2,5,0.00021567539189150712,9.47057047842439e-06,1500
67,1,5,0.0006705059716897615,8.888906095615165e-05,1500
68,0,5,0.0025898029861512553,0.0012532676447933567,1500
70,3,5,0.001838321102236022,0.0006927129199152817,1500
72,0,0,0.0004323868897272638,6.31981732760122e-05,1500
71,5,5,0.00010125382445523936,1.9284879647046817e-06,1500
73,3,5,0.0012585278805879458,0.00033341425180486887,1500
74,0,0,0.0004306763636761556,6.267515681369025e-05,1500
76,0,5,0.0010086921199320086,0.0001938785462266889,1500
75,0,0,2.989741594430635,222.64085578599273,1500
77,3,5,0.0011002309183683167,0.00022418624522508923,1500
78,4,5,0.0006803413847066462,8.82215513465368e-05,1500
79,3,5,0.0006795189731541671,8.665580453242811e-05,1500
80,3,5,0.0004884107285551342,4.651717324392284e-05,1500
81,5,5,0.0005575016984963767,5.8407537753599874e-05,1500
82,0,0,0.0010537881755387736,0.00037518062962746705,1500
83,4,4,0.0002412295935374878,1.4721861295896425e-05,1500
84,5,5,0.00020422088625557595,8.039584751682165e-06,1500
85,3,5,0.0011028620413264132,0.00023890347230191727,1500
86,0,5,0.0008538226954857166,0.00013530392932467071,1500
87,2,5,0.0032532823676896493,0.001994594501076012,1500
88,4,5,0.0019442655633227358,0.0007158832522063747,1500
89,0,5,0.00420767148946143,0.003343335919370181,1500
90,5,5,0.0005643065512067538,6.220987987351437e-05,1500
91,0,5,0.001130981579538455,0.00023843191438008128,1500
92,1,0,0.0005901447800063448,0.00011754358503461115,1500
93,4,5,0.002603189770146037,0.0013074222472021107,1500
95,4,5,0.0008861923533868566,0.00015548584156892825,1500
94,5,5,0.00045645825762088537,3.923867394725212e-05,1500
97,4,5,0.0007704179968396022,0.00011350572394817347,1500
96,1,1,9.603237595519957e-05,2.9037152273958982e-06,1500
98,2,5,0.0009801635326952573,0.00018325270387408132,1500
99,2,5,0.0005051527111582448,4.820403775269419e-05,1500
101,3,5,0.0012511026947292637,0.0002941512848349749,1500
100,3,5,0.00205532331402983,0.0007989762298851273,1500
102,2,5,0.0011060710480797268,0.00023103132517370174,1500
103,3,5,0.002216675027589361,0.0009830035761163318,1500
105,1,5,0.00013708789327289487,3.590774012123129e-06,1500
104,4,5,0.00019491116977811404,7.23618939393972e-06,1500
106,4,4,0.0003253299463916903,2.795559737689912e-05,1500
107,3,5,0.0005468576395335193,5.898934532394057e-05,1500
108,5,5,0.0008959777829827815,0.00015121325243790598,1500
110,2,5,0.001198635335899482,0.00026975578902399327,1500
109,5,5,0.0003675814961093688,2.52501890104477e-05,1500
112,5,5,0.0019036911557370026,0.0006735851999189081,1500
113,3,5,0.0004192611373083471,3.443181192170001e-05,1500
111,4,5,0.0008152080038680161,0.00012559685744956348,1500
114,4,4,0.00018716836976501728,1.0124970817879061e-05,1500
115,1,4,0.0004949447470844055,6.840051446832938e-05,1500
116,1,5,0.0002202180029270157,9.520760011851096e-06,1500
118,2,5,0.0026774351819738532,0.0013602385460148244,1500
117,4,4,0.00010919332368767007,3.038871039883992e-06,1500
119,2,5,0.002145840977555342,0.0008664928238352088,1500
120,4,5,0.0011639378124249412,0.0002638900948300715,1500
121,1,0,0.0014593202408091923,0.0007185373280884978,1500
122,3,5,0.00043045101764418775,3.510473882852903e-05,1500
123,0,1,0.00034676687417544024,3.789620534329263e-05,1500
124,4,5,0.000702640491605349,9.49433392666528e-05,1500
126,0,0,2.7710287843575085,228.23185745253778,1500
125,1,1,0.00036206915087123767,4.128436113416381e-05,1500
127,4,5,0.0007603491990556076,0.00011535464822412536,1500
128,0,5,0.00047194449347472806,4.221509887659153e-05,1500
129,3,5,0.0009349410720778081,0.00016940096740140404,1500
130,5,5,0.0004992543876903665,4.8356214225235786e-05,1500
131,2,5,0.0010342975224353484,0.00020768715693996265,1500
132,0,0,0.001060269954075569,0.00038002860618258983,1500
133,5,5,0.0008666852839179525,0.0001418086590331964,1500
134,4,5,0.00015280340042158103,4.389127431911831e-06,1500
135,4,4,0.000340415345471325,3.141345429526408e-05,1500
136,5,5,0.0024643273353417393,0.0012366911975122453,1500
137,3,5,0.003708319969052812,0.002603734922229783,1500
138,1,1,0.0004477723181537423,6.306580041275198e-05,1500
139,5,5,0.0007826315282342693,0.00012424692358933582,1500
140,3,5,0.001463434563422783,0.000418920889301822,1500
141,4,5,0.0012322725813531392,0.00029248353709209005,1500
142,5,5,0.0004090973960276079,3.17416507578378e-05,1500
143,0,5,0.001086051271910795,0.00023136205552319394,1500
144,5,5,0.0007946946793149538,0.00012178567673894455,1500
145,4,5,0.0017618900758014594,0.0005732080965418434,1500
146,5,5,0.001113340042320676,0.0002389604939889111,1500
147,2,5,0.000927737788145751,0.00016524568856487797,1500
148,0,0,2.815245700157371,220.72228825044132,1500
149,4,4,0.00019827252140996174,1.1459541389347762e-05,1500
150,5,5,0.0004995831999880288,4.7162656902312616e-05,1500
152,1,5,0.0005480368633591549,5.6234622066590334e-05,1500
151,4,5,0.0002651772244004961,1.3300189051407292e-05,1500
153,0,0,2.807325740812429,226.72250201328643,1500
154,2,4,0.00035055672004146224,2.9760245025061865e-05,1500
155,5,5,0.0002457100711437679,1.1755839989603902e-05,1500
156,3,5,0.0008974855479531624,0.00016646599297022427,1500
157,3,5,0.002425781044127076,0.001135767186165337,1500
159,4,5,0.00015975664110808689,4.859415757734647e-06,1500
158,3,5,0.001674170591944908,0.000547355657414332,1500
160,2,5,0.0017852709304605246,0.0006032713871136263,1500
161,3,5,0.0013468535058931256,0.00034907213451494705,1500
162,3,5,0.0009353077145314343,0.0001676157020629184,1500
163,3,5,0.0002920360441422096,1.5867305173275646e-05,1500
164,3,5,0.003683702609581275,0.002512112618495267,1500
165,5,5,0.0001260982173765318,2.9795304080167338e-06,1500
166,3,5,0.0010764619115689667,0.0002260607040106617,1500
169,5,5,0.00017756512869550315,6.087388194810979e-06,1500
168,2,5,0.00042461667393994286,3.496571479341694e-05,1500
167,3,5,0.003186653514325212,0.0019222105696147707,1500
170,3,5,0.001472924676145298,0.00045107754348747234,1500
172,3,5,0.0009970924398305422,0.0001885941942851795,1500
171,1,5,0.0002469120252225096,1.143095193873273e-05,1500
173,5,5,0.000648434631811699,8.0457479996843e-05,1500
174,4,5,0.0003891362546147263,2.82632168701185e-05,1500
176,4,4,0.00017483132106203792,7.760259526404526e-06,1500
175,3,5,0.0008241145053586359,0.00012540294758893745,1500
177,3,5,0.0015189710453475751,0.0004294593514488016,1500
178,5,5,0.00037876388297035135,2.7755498257219467e-05,1500
180,3,5,0.0010311210602164309,0.000199546283693327,1500
179,4,4,0.000325378684597945,2.950180502939311e-05,1500
181,4,4,0.0003831616494373062,3.568232652869022e-05,1500
182,4,4,9.855176039696133,1019.2164656047711,1500
183,5,5,0.00043057460498053363,3.588136734581344e-05,1500
185,5,5,0.001036282535121868,0.00021502320648881368,1500
184,1,5,0.001201596999354582,0.0002697793973433621,1500
186,5,5,0.0011642254378318164,0.00029049566317507306,1500
187,5,5,0.00031676293562587934,1.9576079799004722e-05,1500
189,1,1,0.00020818551649013685,1.3650150316513824e-05,1500
188,5,5,0.0003556981464056222,2.3667240868724467e-05,1500
190,5,5,0.0008854375577760274,0.00014474607074770144,1500
192,3,4,0.0002734022231196527,2.0191129294175698e-05,1500
191,3,5,0.0012893122678254063,0.0003213038241095182,1500
194,5,5,0.002646064703393737,0.0013553573311514086,1500
193,0,0,0.000888303032436996,0.0002662546314334796,1500
195,3,5,0.001037352356138906,0.00020727460953748534,1500
196,3,5,0.0015114872948345038,0.00042920807961889843,1500
197,0,5,0.0035228917437493085,0.002328088628258564,1500
198,2,5,0.0005325287527151752,5.344460684293635e-05,1500
199,4,5,0.0006604256964180607,8.38903415794528e-05,1500
200,5,5,0.0003880648036304968,2.9919700571301355e-05,1500
201,5,5,0.0002283117090398469,1.044507322368589e-05,1500
202,3,5,0.0008797246647961986,0.00015855840089965638,1500
203,3,5,0.0030732796145047244,0.0017893186115914873,1500
205,1,5,0.0014913021685141255,0.00042737305543143764,1500
204,4,5,0.0006194648520388462,7.56020726138345e-05,1500
206,1,1,0.00028800580051218375,2.6146604164155198e-05,1500
207,5,5,9.788638861549108e-05,1.7667165050065154e-06,1500
209,4,4,0.0005639581632700183,8.003623783445922e-05,1500
208,3,5,0.00026448294879459873,1.4524833440996873e-05,1500
210,0,5,0.0035491579919293887,0.0023546975816341673,1500
211,1,5,0.0005325284144806313,5.392154165756262e-05,1500
212,3,5,0.0018421425914520386,0.0006359144335414979,1500
213,3,5,0.0028592997962112524,0.0017024556334231697,1500
214,3,5,9.685807035115084e-05,1.7828821903277688e-06,1500
215,1,5,0.0003967547526722003,2.9283224648980188e-05,1500
217,0,0,0.0014968692644039818,0.0007561865629321599,1500
216,1,5,0.00032452912879525424,1.9643043445710708e-05,1500
219,4,5,0.0010646993802320194,0.00021593778499990243,1500
218,3,5,0.0009739890536296435,0.0001786604225405561,1500
220,5,5,0.00024619505391377264,1.149096147126853e-05,1500
221,4,4,9.404304547680649e-05,2.3757422981395265e-06,1500
222,5,5,0.0001965356032659696,7.505619650326365e-06,1500
224,5,5,0.00017092144825411757,5.461073589927104e-06,1500
223,5,5,0.0001580858208294201,4.645161798514529e-06,1500
225,4,5,0.0007077733519704036,9.360414208965687e-05,1500
226,1,5,0.004556740636186545,0.003944160613384836,1500
227,4,4,0.0008015944288948373,0.00017593199647244752,1500
228,3,5,0.000509231541097212,4.8238441238008826e-05,1500
229,4,5,0.0003438360667070949,2.365707334208454e-05,1500
230,4,4,0.00028158685668132436,2.400514302682313e-05,1500
231,3,5,0.0008917414913588533,0.00015386417050683156,1500
233,3,5,0.0017844085061083656,0.0005954249947789976,1500
232,4,5,0.0005131425620759001,5.0474514559880685e-05,1500
234,4,4,0.0005333958731916021,7.190593197631335e-05,1500
235,2,5,0.006451441916666505,0.008013354473524662,1500
236,4,5,0.0019506312278848015,0.0007163752808512519,1500
237,0,0,0.0003530843687158361,4.2137695159499077e-05,1500
238,4,5,0.0009198078803287884,0.00015774293495515626,1500
239,0,5,0.0006101235652185868,7.113167002799754e-05,1500
240,3,5,0.0026643168668548877,0.001404209287796104,1500
241,4,5,0.0009515270458936633,0.00017934868506903944,1500
242,5,5,0.005293324382124132,0.005286640818479496,1500
244,4,4,0.00039914801945077177,4.281951951309339e-05,1500
243,4,5,0.0016825717137606382,0.0005825186053465527,1500
246,4,5,0.0015805382684064883,0.00046037487377781095,1500
245,4,5,0.00042417140779738125,3.6418562539588997e-05,1500
247,2,4,0.0003014325453345818,2.3520628966393252e-05,1500
248,4,5,0.0006952389967018181,9.227607844795754e-05,1500
249,3,5,0.0003962082567719227,2.9732494100448855e-05,1500
250,4,5,0.0012206455602564324,0.000305215670728233,1500
251,3,5,0.00046253682433463505,4.012694223485486e-05,1500
252,5,5,4.574431094569058,433.1134972695844,1500
253,0,0,0.0027366523411649214,0.002526688948732049,1500
255,4,5,0.0014514799034126224,0.00039707819046359914,1500
254,3,5,0.00015181638440994456,4.332950535217697e-06,1500
256,3,5,0.0027416859788097292,0.0014815787133192037,1500
257,4,5,0.0004965729736149113,4.614345516267664e-05,1500
258,3,5,0.0021148278065530723,0.0008570641982148709,1500
259,5,5,0.000611351485996208,6.851377389017513e-05,1500
260,4,5,0.0008749992354704086,0.00014536631967263127,1500
262,0,0,0.021634329104297308,0.1577091243059482,1500
261,1,1,0.00023609756413185175,1.7542652610834933e-05,1500
263,4,5,0.0010572055397652749,0.0002180545934765927,1500
264,2,5,0.0010047683487093033,0.00019243541094700955,1500
267,0,5,0.0004298454870312616,3.582435379280308e-05,1500
266,4,4,0.0006980716819978768,0.00016189024138347333,1500
265,4,5,0.0009820120925583548,0.00018060141557152973,1500
268,4,5,0.0002724937637368452,1.4498677499415072e-05,1500
270,4,5,0.0005494809818483541,5.625718943888759e-05,1500
269,0,5,0.00047661499582008106,4.4430548684477776e-05,1500
271,3,5,0.002365771886371617,0.0010971665483315214,1500
272,3,5,0.0016400261106858656,0.0005050046514154187,1500
273,3,5,0.0005244354951929092,5.387044300332336e-05,1500
274,5,5,0.000226525287433696,1.013256808349307e-05,1500
275,2,5,0.0021397951882359237,0.0009481299384567182,1500
276,0,0,2.4842541184439613,202.67666343773567,1500
277,4,5,0.0003259217382484936,2.0495983335510596e-05,1500
278,2,0,0.0023834720785845804,0.0019069743632027546,1500
279,4,5,0.001224252318777486,0.00028675236698584117,1500
280,3,5,0.002210615105804325,0.0009104872245714322,1500
281,4,5,0.0013281354377898727,0.00032958576571249197,1500
282,4,4,0.00021120821706217406,1.1405979941099962e-05,1500
283,3,5,0.0041477893883798776,0.003264389435806212,1500
284,3,5,0.000815247286894986,0.0001289625537256234,1500
285,5,5,0.0004380582452611969,3.6252166421042946e-05,1500
286,3,5,0.0003021751697901153,1.780734530767415e-05,1500
287,3,5,0.0036053836410130363,0.0024448096956901214,1500
289,3,5,0.0003798336371129436,2.7246802468722256e-05,1500
288,4,4,8.056388291587655e-05,1.70343804143705e-06,1500
291,4,5,0.0008585161900484668,0.0001400259466277325,1500
290,3,5,0.000224877727567951,9.713597505362689e-06,1500
292,5,5,3.2086622275295146e-05,1.898455692072028e-07,1500
293,2,5,0.0007557153209194116,0.00010917455456970488,1500
294,3,5,0.0007757401811979996,0.0001109628079861036,1500
296,4,4,0.00017413053977259873,8.383055242020064e-06,1500
295,1,5,0.00050844068701764,4.949056443802942e-05,1500
297,3,5,0.0003347443675915409,2.482738297910693e-05,1500
298,5,5,0.0003948090317679045,3.0242785073803014e-05,1500
299,4,4,0.0006815260841251228,0.00011208778451308393,1500
300,4,4,0.0001486821700057537,5.713587795116529e-06,1500
301,4,5,0.0023889575976301365,0.0011565659148625649,1500
302,2,5,0.0007591744340559742,0.00011366545364340838,1500
303,3,5,0.001013506626560903,0.00019926427836691025,1500
305,5,5,0.00044252242418012206,3.724458041146984e-05,1500
304,4,5,0.0005712703409620809,6.255757427771642e-05,1500
306,3,5,0.0019621369501201815,0.0007477144770661078,1500
307,4,4,0.0004612722437938563,5.664509337066349e-05,1500
308,2,4,0.0003236309176822684,2.6787637046495274e-05,1500
309,4,4,0.0002602585713016911,1.8336794052622217e-05,1500
310,2,4,0.00046670217004084815,5.929358959447931e-05,1500
311,4,5,0.00035127161985829913,2.330696070370585e-05,1500
312,0,0,0.0008632640104851645,0.0002522457280772455,1500
313,4,5,0.0005038689362487471,4.88899814457917e-05,1500
314,4,5,0.0009629044297302173,0.00017250334875191036,1500
315,5,5,0.0020384039255170743,0.0007925759213658289,1500
316,3,5,0.0016768784175928485,0.0005387992293418961,1500
317,5,5,0.0009442351747106827,0.0001699661672197906,1500
318,3,5,0.00020899970544697373,8.081717543193568e-06,1500
319,3,5,0.0011713547620708575,0.0002574448618872583,1500
320,2,5,0.0023594899629550805,0.0010774217193638086,1500
321,3,5,0.0008230058762712693,0.00012688685583791125,1500
322,3,4,0.002039313990552558,0.0010559412501832239,1500
323,3,5,0.001182346449335005,0.00026079495595344293,1500
324,1,1,0.00016487856000556617,8.550959085175396e-06,1500
325,0,5,0.0010840367920365405,0.00021742902692640798,1500
326,3,5,0.0008486841728627983,0.00013650677359094325,1500
327,3,5,0.00047098663725113316,4.246914701000205e-05,1500
328,4,5,0.0004627116189603167,3.95096012183462e-05,1500
330,4,5,0.0010929880730210987,0.0002325666635411319,1500
329,4,5,0.00021936611277561044,8.954580962036278e-06,1500
331,4,4,0.00041840102758915426,5.270674984312224e-05,1500
332,1,1,0.0005233066280295988,8.627389995851265e-05,1500
333,3,5,0.0029935143737490045,0.0017711628880777545,1500
334,3,5,0.0004214050690751317,3.4014825849063685e-05,1500
335,3,5,0.0014204354648127478,0.00038298315850799583,1500
336,0,5,0.0005772593750346939,6.502230935497081e-05,1500
337,3,5,0.00037778663855038235,2.895084188961303e-05,1500
338,4,4,0.00023049998088494394,1.3195212230875555e-05,1500
339,1,5,0.0016383099041550242,0.0005186917794461758,1500
340,4,0,0.0010224969212105084,0.0003520664157012456,1500
341,3,5,0.0006774625846323087,8.528254918399295e-05,1500
343,1,1,0.0001234932029320612,4.801022733495319e-06,1500
342,4,5,0.0007240588485699535,0.00010757235563275258,1500
344,0,5,0.0017579554173173804,0.0005972150312331533,1500
345,4,4,0.0005643119358115837,7.885344599058965e-05,1500
346,1,1,0.0003917066319154995,4.825347189445064e-05,1500
347,4,5,0.0004122921111448036,3.278920054628044e-05,1500
348,5,5,0.0001941366407292883,7.062633491774385e-06,1500
349,0,5,0.0003401607543771686,2.193396251719265e-05,1500
350,2,5,0.002975669664635251,0.0016609475499045944,1500
352,4,4,0.00046881672148473127,5.427864665865264e-05,1500
351,3,5,0.0034944955076008657,0.002339588231941778,1500
353,5,5,0.0002953578446375079,1.6398017300382526e-05,1500
354,3,5,0.0001952169903076541,7.168092484484832e-06,1500
355,2,4,0.00015654049104479038,6.377423931818848e-06,1500
356,5,5,0.00046121349553915905,3.998439018484852e-05,1500
357,1,5,0.002395375611870504,0.0010791800262537463,1500
358,5,5,0.0014472730666591895,0.0003867885944877322,1500
359,0,0,0.0008537128535955028,0.00024579785733858594,1500
360,4,4,0.0003653921737235429,3.559313271957364e-05,1500
361,3,5,0.0013121263746556004,0.00034421673535690205,1500
362,3,5,0.00019700752735432172,7.357019790941391e-06,1500
363,5,5,0.0007393219450019402,0.00010450177173110585,1500
364,5,5,0.00031212765917044337,1.8273380623755434e-05,1500
365,3,0,0.0010398456246687661,0.0003648919162016874,1500
366,3,5,0.0016577359007356222,0.0005496088989804493,1500
367,5,5,0.0006533009381795682,8.028688220928773e-05,1500
368,5,5,0.0005454342854525394,5.5877224710835924e-05,1500
369,3,5,0.0007739426717832612,0.00011206344844625324,1500
370,4,4,0.0002600778829860293,1.7047177798544528e-05,1500
371,3,5,0.0005137077734552857,5.187855024817476e-05,1500
372,3,5,0.005988161023277836,0.007008340975940628,1500
373,5,5,0.0008974878850725226,0.0001550638609051975,1500
375,4,4,8.110812141655667e-05,2.116325778650428e-06,1500
374,0,5,0.0013641815882839416,0.00036541481654743025,1500
376,3,5,0.00046132937444137327,4.195970119102688e-05,1500
377,3,0,0.00045371068154757095,6.955296977533785e-05,1500
378,5,5,0.0028602238981725752,0.001514780361283303,1500
379,5,5,0.00040403834642975105,3.0400179169024073e-05,1500
380,5,5,0.0008829804661864733,0.00014444142145330082,1500
381,3,5,0.0008664558883539837,0.0001412856605206556,1500
382,4,5,0.0002763767570946252,1.4450505713259703e-05,1500
383,1,5,0.0011694922028882033,0.0002738595444304312,1500
384,4,5,0.0013468712658509315,0.00034156339767672767,1500
385,3,5,0.0002558145418398086,1.2380278941242114e-05,1500
386,5,5,0.0013901599428873801,0.0003693855685489404,1500
387,3,5,0.000753998316880999,0.00010788020386850765,1500
388,5,5,0.0006107780415915697,7.414227758891072e-05,1500
389,4,5,0.0025744637034696622,0.0013120738993728617,1500
391,4,5,4.531074711915476,411.2181922820008,1500
390,1,0,0.0007934106049155589,0.00021262462239228343,1500
393,5,5,0.0005002630077125865,4.7725574191870355e-05,1500
392,0,5,0.0002164890200718011,9.39652960252605e-06,1500
394,5,0,0.002378380895746884,0.0019025388365688824,1500
395,5,5,0.0004959597229855689,4.842748674369888e-05,1500
397,5,5,0.00039835030274169386,3.104721931499469e-05,1500
396,5,5,0.0005655631615556596,6.193229798639399e-05,1500
398,0,5,0.00098505100069974,0.00018333711652915625,1500
399,4,5,0.0007026974391577087,9.347228858406691e-05,1500
401,5,5,0.0006316020151567024,7.56145686185507e-05,1500
400,3,5,0.000620921869342915,7.348729055001623e-05,1500
402,1,1,0.0010271249068466034,0.0003327596135809112,1500
403,4,5,0.000934585368360087,0.00016197642896006596,1500
404,3,5,0.0006984190879048261,9.658938812404627e-05,1500
405,1,5,0.0032711305104097584,0.0021795379836154955,1500
406,3,5,0.0012728913805278449,0.0003140575439491806,1500
407,3,5,0.0008473976811743833,0.00013509817840011323,1500
408,3,5,0.0011781523210330435,0.00025788375295649586,1500
409,3,5,0.0007035969150289745,9.203847013988185e-05,1500
410,3,5,0.002063470439856679,0.0007918167894318253,1500
411,5,5,0.0010096378319156482,0.00019848129416241052,1500
412,2,5,0.00037751271134627435,2.696974449954188e-05,1500
413,0,1,0.000957899003827107,0.00028811346096135903,1500
414,2,4,0.00021326241135282055,1.331932039099688e-05,1500
415,3,5,0.004239907779122159,0.003406042450716085,1500
416,0,0,0.00019871350698084245,1.3351737319704659e-05,1500
417,4,5,0.0005837876661410942,6.799130400156025e-05,1500
418,5,5,0.0005107473872804221,5.2127660590819334e-05,1500
419,3,5,0.0005735853796820272,6.60366617751063e-05,1500
420,1,1,0.00032625809257985725,3.354734747556343e-05,1500
421,5,5,0.0010561704891189187,0.00021015730675252587,1500
422,1,1,0.0008015590426344546,0.0002024125643152039,1500
423,4,5,0.0004462007509246851,3.731749921194474e-05,1500
424,4,5,0.0007365950421725994,0.00010058001225330036,1500
425,4,4,0.0007567563534451035,0.00014043390464041767,1500
426,0,0,0.0005371461654889674,9.743235107727803e-05,1500
427,4,4,0.0002219376406078468,1.3935726990836455e-05,1500
428,3,5,0.0010468621480465466,0.0002107950616666118,1500
430,5,5,0.0016644654623518501,0.0005207832914699471,1500
429,4,5,0.00021369116261415528,8.49104798216813e-06,1500
431,1,5,0.0007509563181329413,0.00010755444695396094,1500
432,3,5,0.0003523522853578226,2.4240834438791947e-05,1500
433,4,5,0.0030870336256256414,0.001761758284016608,1500
434,5,5,0.00046136935441451547,3.929361798339585e-05,1500
435,1,5,0.0013419869577971275,0.0003462062700457295,1500
436,4,4,0.00020574449112836413,1.0458782823586079e-05,1500
437,4,4,0.00022074570956076605,1.3507327517936033e-05,1500
438,0,5,0.0010854005037220773,0.00023885700397850078,1500
439,3,5,0.002239134280237199,0.0009711892363462454,1500
440,4,5,0.005321786557865861,0.005237615903645612,1500
441,0,5,0.0026691951804432706,0.0013340920750457366,1500
442,4,5,0.0011397603263404894,0.00024548285000105255,1500
443,3,1,0.0005770889331458666,0.00010494404824624957,1500
444,2,5,0.0008225055665105619,0.00012899785236517104,1500
445,3,5,0.0014885293207436215,0.0004470607070649779,1500
446,3,5,0.0005818075943190107,6.500258858355426e-05,1500
447,3,5,0.00040997772137212437,3.266143597281959e-05,1500
448,0,0,2.5104932465833825,222.9176529939984,1500
449,4,4,0.00032568008133463056,2.7930763404145812e-05,1500
450,5,5,0.0010038050033585062,0.00019321141673748422,1500
451,0,0,3.0924194128357225,256.18689959768494,1500
452,3,5,0.0003399167141265885,2.1475784736182065e-05,1500
453,4,4,0.000684732838064624,0.00011827294187361848,1500
454,5,5,0.0009555011548360989,0.00017185531266511873,1500
455,4,5,0.004771876870461066,0.004319268277212257,1500
456,4,5,0.0012101138626637153,0.0002735850973662289,1500
457,5,5,0.0008331054220498404,0.00012994554888763447,1500
458,1,5,0.0015449111191029874,0.00045379288610837456,1500
459,5,5,0.00042627533831486716,3.456728602703536e-05,1500
460,4,4,0.00044697888719295425,5.256789473800291e-05,1500
461,5,5,0.00029966837969221935,1.6826665637437213e-05,1500
462,5,5,0.00023451626958677726,1.0540926164864293e-05,1500
464,0,5,0.0008516274675604893,0.00013784483531001308,1500
463,2,5,0.0014475303647583312,0.0003878680671396918,1500
465,4,5,0.0006390785111901674,7.949842895988839e-05,1500
466,4,1,0.00015622198038791647,7.682045337884277e-06,1500
467,3,5,0.0008013700899004013,0.00011882756413158824,1500
468,4,5,0.002469492423799336,0.001146785211162955,1500
469,1,5,0.0003035258840861896,1.7735353274022458e-05,1500
470,3,5,0.0006374091433219002,8.026305416958741e-05,1500
471,3,5,0.0013863444450240754,0.00036215923080565554,1500
472,2,5,0.0004771309445178268,4.4619728118734774e-05,1500
473,5,5,0.0007837490646235447,0.00011462053556297461,1500
474,4,5,0.0005588251702964016,5.9297770633981736e-05,1500
475,1,5,0.0008283218201497205,0.0001287892167364854,1500
476,5,5,0.0003141229617336509,1.851731411541787e-05,1500
477,3,5,0.0004492962961537726,3.780477824215499e-05,1500
478,3,5,0.0003525706987042509,2.4203712281343033e-05,1500
479,4,5,0.0004759341809125587,4.184301295911666e-05,1500
480,5,5,0.0010087161678193491,0.00019246931690162852,1500
481,5,5,0.00033033493133405973,2.0517102300000763e-05,1500
482,3,5,0.0017501151818181727,0.0005682166248339465,1500
483,0,5,0.0002630023507387075,1.3766207469094032e-05,1500
484,3,5,0.00030606667207355026,1.782740664629205e-05,1500
485,3,5,0.0010586112901856631,0.00021139173154813295,1500
487,3,5,0.0016887654758479908,0.0005508227276281508,1500
486,4,5,0.0031138334053144325,0.0018243466527409417,1500
488,0,0,0.0004441015009046132,6.661861861803103e-05,1500
489,3,5,0.0010993035707620646,0.00022652802215213935,1500
490,5,5,0.00029842921770851247,1.69337223387913e-05,1500
491,4,5,0.0009438681360209468,0.00016848629565868593,1500
492,0,5,0.0026701538914343653,0.0013369635799501272,1500
493,3,0,0.006263379595452101,0.013157288868524615,1500
494,4,4,0.00016133712035907742,6.444483164582814e-06,1500
496,4,4,0.00018184218595705768,1.1537999064938908e-05,1500
495,0,0,0.00022372654573787838,1.6921628675781477e-05,1500
497,3,5,0.0004085963822537165,3.141419063623583e-05,1500
498,4,5,0.0025292368382776793,0.0012148855972486548,1500
499,4,5,0.0012416663692935747,0.0002907094611471507,1500
500,4,5,0.0006036560098348438,6.861884702700885e-05,1500
501,4,5,4.903155360055784,407.7890456226013,1500
502,1,1,0.00041038557231818805,5.30008167847442e-05,1500
503,3,5,0.0005927431023468758,6.569369364537288e-05,1500
504,4,5,0.0006090684399256206,7.127968943222326e-05,1500
506,0,0,0.00057956085705833,0.00011358249560349491,1500
505,4,5,0.0030857776081388453,0.001851265534847609,1500
507,4,5,0.0012948109324403799,0.0003109537035717199,1500
508,1,5,0.0011173065062849942,0.0002356896013070736,1500
510,3,5,0.004057774527375322,0.003179057692806016,1500
509,1,5,0.002925915341991163,0.0016489492227859935,1500
511,4,5,0.00023175805257499184,1.0462112977110742e-05,1500
512,4,4,0.0002937040554617766,2.2965693178936212e-05,1500
514,3,5,0.00043701725756417376,3.5761136226661345e-05,1500
513,3,5,0.00233117884014272,0.0010627346327305063,1500
515,4,5,0.003909105736440924,0.002850601892356884,1500
516,4,5,0.0013815040856135503,0.00036489355901097724,1500
517,4,5,0.00028295740930342684,1.4844237802602907e-05,1500
518,3,5,0.0011197904538912482,0.00023440027052667114,1500
519,5,5,0.00025781122640543654,1.31422830420612e-05,1500
520,0,5,0.0015407996504505817,0.00045265888864410507,1500
522,4,5,0.0006920995869094842,9.335205162058481e-05,1500
521,3,5,0.0010575519475983992,0.00021067448631103606,1500
523,3,5,0.0009514610062807935,0.00017330643944608819,1500
524,0,0,0.0008608564306617151,0.00024989481091021036,1500
525,3,5,0.0017487319624515192,0.0005911311319922603,1500
526,0,5,0.00030105455628632607,1.749621041566815e-05,1500
527,1,5,0.0005067911926088647,4.778778493064253e-05,1500
528,3,5,0.0001513878316173489,4.297236385106542e-06,1500
530,0,0,3.318423306502272,217.59956494334114,1500
529,2,5,0.0016643371129602383,0.0005350550800588246,1500
531,0,5,0.0033522673500901803,0.002143462890914399,1500
532,4,5,0.0027858575454519467,0.0014585722911137997,1500
534,4,5,0.0008474071487968511,0.00013820236688379844,1500
533,5,5,0.0004027158101542381,3.247995235615821e-05,1500
536,4,5,0.0006271385517798005,7.33171965352603e-05,1500
535,4,5,0.0011409330759555186,0.0002579704152748484,1500
537,5,5,0.0006361195793856071,7.725022677181496e-05,1500
538,5,5,0.0012098994282765615,0.00028309921156541025,1500
539,0,0,0.0017266086056336929,0.0010044172258954897,1500
540,0,5,0.00048349862569969395,4.349969090459857e-05,1500
541,0,5,0.001435949899901612,0.00038650169694564923,1500
542,4,4,0.0003101387177194739,2.361250505085169e-05,1500
543,3,5,0.0005365818706516954,5.5524108916519317e-05,1500
544,4,4,0.00023756151337583174,1.5301844020001108e-05,1500
545,4,5,0.0009424135816433535,0.00017260106946145648,1500
546,3,5,0.0004701035072432981,4.187232888206522e-05,1500
547,5,5,0.002020867385027026,0.0007598380245304011,1500
548,4,5,0.001646102767572702,0.0005380044364000812,1500
549,0,5,0.0004712172590913854,4.216685520993774e-05,1500
550,3,5,0.0008787546428918839,0.00014612411008715798,1500
551,4,5,0.002296883384932292,0.000995210208144005,1500
552,0,0,2.922675713811007,218.8838935151898,1500
553,3,5,0.0007675879840642797,0.00011794004313575561,1500
554,5,5,0.0005326678075428483,5.549872566193614e-05,1500
555,4,5,0.0001680544289728105,5.425140138958044e-06,1500
556,4,1,0.0003746376824850756,4.4232868824983637e-05,1500
557,1,1,0.0019490150862915194,0.001194937139946432,1500
558,2,5,0.0004212859516019934,3.564936017351128e-05,1500
559,2,4,9.201923517713318e-05,2.2401397916130723e-06,1500
560,0,0,3.5074741804164855,227.7125661641548,1500
561,5,5,0.00042698736340703947,3.4332771650258816e-05,1500
562,2,5,0.0007569414858454689,0.00011539796640992236,1500
563,3,5,0.0035403993823585663,0.0023524410844920477,1500
564,4,5,0.001130757689217751,0.00026127585013279044,1500
565,4,5,0.005024715508774912,0.004667024069239912,1500
566,3,5,0.0011999484768466422,0.00027089221600310793,1500
567,4,4,0.00011267378875102269,3.7208095909537213e-06,1500
568,3,5,0.0007496823880195512,0.0001108201049537441,1500
569,4,5,0.0010489539574965296,0.00021537039372474873,1500
570,3,5,0.00019404768663852849,7.299603859017092e-06,1500
571,5,5,0.0003784586839969129,2.785912807755202e-05,1500
573,5,5,0.0005872372035292591,6.49263567815923e-05,1500
572,3,5,0.0016731120281736711,0.000526900304993342,1500
574,4,5,0.0001625176593096809,5.0270668292090236e-06,1500
575,3,5,0.0012453898699528777,0.0002921496593425772,1500
576,3,1,0.0008291639380683954,0.00021667623187803097,1500
577,5,5,0.0004439874914727638,3.685411679773756e-05,1500
578,3,5,0.0008181186922945935,0.000129416071220251,1500
579,3,5,0.0004460558068459395,3.819944682073132e-05,1500
580,2,4,0.000253286517655913,1.65269490385698e-05,1500
581,4,5,0.0006320587571648316,7.853536439750774e-05,1500
582,3,5,0.001374992818947303,0.00036145742144602584,1500
583,4,4,0.00025296099686428154,1.6179065132153e-05,1500
584,5,5,0.00036178483763558354,2.530095693610661e-05,1500
585,3,5,0.001950287555537113,0.0007790514650985768,1500
586,0,0,0.0004326296691352815,6.327822662013366e-05,1500
587,5,4,0.0004445700291139736,5.558999968507666e-05,1500
588,3,5,0.0017993165155073512,0.0006000347889235961,1500
589,1,1,0.00017659780509160744,9.814489366612252e-06,1500
590,5,5,0.0010682115096491054,0.00024569515456464763,1500
592,5,5,0.00014696796101648787,4.2125325427533464e-06,1500
591,4,5,0.0011343333550341576,0.00025173038002418246,1500
593,3,5,0.0018046074196041092,0.0006054132566686715,1500
594,1,5,0.0006384607633897493,7.997505168647298e-05,1500
595,3,5,0.00045377236183680744,4.028404032353451e-05,1500
596,3,5,0.00032568794504563416,1.995286053708413e-05,1500
597,2,5,0.0008007582538066566,0.00012205715708954228,1500
598,1,1,0.00016389742776812247,8.461523905932288e-06,1500
599,3,5,0.010363333613095086,0.02054542376177569,1500
600,3,1,0.0003945259219502948,4.896098468598927e-05,1500
601,1,5,0.0008017902460278112,0.0001224629017743243,1500
602,1,1,9.839161897374953e-05,3.046861829401831e-06,1500
603,5,5,0.0008543453071727279,0.00013813454654206452,1500
604,5,5,0.0002225224390337203,9.418615595195736e-06,1500
605,4,5,0.0010270530589735205,0.0002024135414461726,1500
606,0,5,0.00048615826379173167,4.4237601876941194e-05,1500
607,2,5,0.0033651580747262122,0.0021339482798827703,1500
608,4,5,0.0008665882693204421,0.00014144038599509198,1500
609,5,5,0.0011938539513698494,0.00026747351852251817,1500
610,3,1,0.00022458525531818943,1.5879812148977984e-05,1500
611,4,5,0.0007703909430254087,0.00011256021617737765,1500
613,4,4,0.00022586653628196244,1.5051324611122842e-05,1500
612,0,0,3.4489525843747275,265.64783141453364,1500
614,4,5,0.0004263114175458707,3.7020027257298437e-05,1500
615,5,5,0.0001916211466234235,7.140320771452955e-06,1500
616,4,5,0.000876330329975482,0.00014412239884711031,1500
617,0,0,0.001236758337754638,0.0005177675773962934,1500
619,4,5,0.0008128973456630235,0.000126102193410843,1500
618,0,5,0.002041738330668804,0.0007970732279703231,1500
620,3,5,0.0019546174051781624,0.0007157970025139896,1500
621,4,5,0.0015208047533171534,0.00043783870633477796,1500
622,5,5,0.00049917292213064,4.872196089056637e-05,1500
623,0,0,0.0004818976106546802,7.855242597939447e-05,1500
624,4,5,0.0010855548245589045,0.00022890599414507912,1500
625,1,5,0.0006020727804503122,6.786399631180263e-05,1500
626,3,5,0.000410953310709986,3.7238619055799134e-05,1500
627,3,5,0.00038197522388051363,2.906351319320128e-05,1500
628,3,5,0.00035570939047436736,2.367920461425182e-05,1500
629,0,5,0.001539305837627925,0.00045214494677997384,1500
631,1,1,0.00010525788904357158,3.4889907647454452e-06,1500
630,3,5,0.001235192523129376,0.00028551015514451913,1500
632,4,5,0.0007323068551258258,0.00010528905672357183,1500
633,0,5,0.00134276679241331,0.00035119222994286256,1500
634,4,1,0.00021688929569292333,1.4807723612106913e-05,1500
635,4,5,0.0012209330857545723,0.00028170010002176313,1500
636,0,5,0.0004670111355198593,4.167172290532198e-05,1500
637,2,5,9.000061598452628e-05,1.5472514972087158e-06,1500
638,4,5,0.0010858599912624259,0.00024471784536259816,1500
639,3,5,0.0007237439342455226,9.819972914433017e-05,1500
640,3,5,0.0016404366373112184,0.0005094660037897886,1500
641,3,5,0.00016057932477524958,4.942553543067058e-06,1500
642,0,0,0.0008266403497136143,0.00023040697623175058,1500
643,2,4,0.000513853805960666,6.873025550227983e-05,1500
644,4,5,0.0002915823247851196,1.7829658387193768e-05,1500
645,4,4,0.00031634883110484953,2.5837050114260157e-05,1500
646,4,4,0.0004059658022549825,4.3905915757822255e-05,1500
647,3,5,0.0014130849741213337,0.00039307294998861865,1500
648,2,5,0.0010057399646743307,0.00020288376840121983,1500
649,3,5,0.0003688753321648709,2.5703116296869935e-05,1500
650,5,5,0.0006285792645029476,7.939959570750222e-05,1500
651,5,5,0.0005449234619955665,5.522799281352334e-05,1500
652,2,5,4.579256294567228,437.59043754432025,1500
653,4,5,0.0010163711074486113,0.00019750938206681458,1500
654,5,5,0.0001144374251035993,2.4070776648755535e-06,1500
655,5,5,0.00010056704661253863,1.9298434326970274e-06,1500
656,4,5,0.0017094136896252821,0.0005523153006276184,1500
657,1,1,0.00020821398069029116,1.3657205980916309e-05,1500
658,4,5,0.0016250502089936712,0.0005301613023825011,1500
659,3,5,0.000512800907129128,4.978791226728549e-05,1500
660,0,0,8.89297800674234e-05,2.6747004381831684e-06,1500
661,5,5,0.0012149557911021298,0.000278209057586948,1500
662,5,5,0.0003967921551634296,3.0236746874101007e-05,1500
663,3,5,0.0004293212139777697,3.4638406420370275e-05,1500
664,3,5,0.001641968922747975,0.0005100706040279915,1500
665,0,0,3.225072373430613,239.10858812749262,1500
666,3,5,0.0005055955598141754,4.807990142170731e-05,1500
667,2,0,0.0018108544268923346,0.0011049685582770548,1500
668,4,4,0.00041402766962379486,4.787530762782572e-05,1500
669,3,5,0.0008074586621924188,0.00012821090431161856,1500
670,2,5,0.0008418055722910835,0.00014430595218374676,1500
671,2,4,0.00011195458613573426,4.010937936922793e-06,1500
672,2,5,0.013366217235017313,0.03333138305457621,1500
673,3,1,0.0002790882701500998,2.4521778822268197e-05,1500
674,0,0,0.0007281951536156223,0.0001791169945245613,1500
675,3,5,0.0010148444969963087,0.0001918008591746419,1500
676,2,5,0.0007576578404564335,0.00010670786088653709,1500
677,1,1,0.00038182305556520895,4.5919302407475457e-05,1500
678,4,5,0.0006423118147268786,8.48373823549324e-05,1500
679,4,5,0.0015428784036516003,0.0004636323004447014,1500
680,4,1,0.0003007672842142239,2.8477565009670075e-05,1500
681,5,5,0.0009661851564645553,0.0001780058720339283,1500
682,2,5,0.0010151396995167798,0.00019254772961616954,1500
683,4,4,0.000158178713881808,6.3033182629348955e-06,1500
684,1,1,0.0002984728096820858,2.8049681654094524e-05,1500
685,3,5,0.001397366353727187,0.00037293480100315205,1500
686,4,5,0.000631426950891171,7.423479173667627e-05,1500
687,4,5,0.0005989316192485313,6.900474335959607e-05,1500
688,3,5,0.0009954816584889941,0.00018360628543132878,1500
689,3,5,0.0027426948644517306,0.0014550591699492082,1500
690,5,5,0.0006796971930450146,8.670852350907239e-05,1500
692,0,5,0.0010306144690558894,0.00020943557577768942,1500
691,4,5,0.0006239746099241822,7.5229160560854e-05,1500
693,4,5,0.004201075705038776,0.003407457700535325,1500
696,4,4,0.00011797444697164316,3.7797872817660694e-06,1500
694,5,5,0.0012696097015136415,0.00030150152802425477,1500
695,1,0,0.0027611074837194955,0.0025807665494129977,1500
697,5,5,0.0005187895119299112,5.146626041859597e-05,1500
699,1,5,0.00035440643703572253,2.392094279429667e-05,1500
698,3,5,0.0008126509296451249,0.00013249148505369254,1500
700,5,5,0.0013779968474358498,0.000360538503373807,1500
701,5,5,0.0008589791419333586,0.0001382895321340001,1500
702,5,5,0.002188518953812658,0.0008897993295949537,1500
704,4,5,0.0008461078474143777,0.00013898969708079037,1500
703,1,5,0.00224893654930857,0.0009956733638424769,1500
705,0,0,0.00035253256274115556,4.205584325524733e-05,1500
707,5,5,0.0008449623957142415,0.00013502782745653194,1500
706,4,5,0.0034740639826372427,0.0023549596355407192,1500
708,0,5,0.00024164074176547562,1.2719195304414464e-05,1500
709,4,4,0.00016149665491312768,6.572906059239888e-06,1500
711,5,5,0.0007408776646156474,0.00010339074648745948,1500
710,2,0,0.0009247411765046483,0.00028875695007839696,1500
712,5,5,0.00032210536730627946,1.9949639791054013e-05,1500
713,1,1,0.0004907375019414665,7.58472895350738e-05,1500
714,5,5,0.0015300832477827546,0.0004401650553618637,1500
715,4,5,0.0004328960215492272,3.517450101114762e-05,1500
716,5,5,0.00032098801055101186,1.9010573643750735e-05,1500
717,3,5,0.0026237209265797534,0.0012957083742975036,1500
718,0,5,0.0010707169522853315,0.0002222153526288512,1500
719,3,5,0.0014526871912678623,0.0004093280051725889,1500
720,1,1,0.00013741036259603404,5.947593405777011e-06,1500
721,3,5,0.00028393272230054823,1.4992623617466421e-05,1500
722,2,5,0.0015843766172637345,0.00047143453485817735,1500
723,0,0,0.0006947503058837561,0.00016337241034080068,1500
724,2,4,0.0010893605293165877,0.0003281789223074494,1500
725,3,5,0.0009501826396665268,0.0001702958105786556,1500
726,3,5,0.0005558600007874511,5.89364421183151e-05,1500
727,4,5,0.0008039727060408631,0.0001251398361092906,1500
728,3,5,0.00019326714993832053,6.929980465098357e-06,1500
729,2,4,0.0004397515366528351,6.143607572626192e-05,1500
730,4,5,0.0007925000599205613,0.0001229089950309823,1500
732,5,5,0.0004786024085897358,4.306733702063314e-05,1500
731,5,5,0.0002515665905578436,1.1985816258110926e-05,1500
733,5,5,0.0004827366865400777,4.641949498361956e-05,1500
734,4,4,0.0008566162459633078,0.00019021978236351218,1500
735,4,5,0.0031254708076064895,0.0018533599724332543,1500
736,2,4,0.00047870765269700667,6.450673088265283e-05,1500
737,4,5,0.0006690727148106951,8.263505332943723e-05,1500
738,2,5,0.001813400778602453,0.0006126155380306278,1500
739,5,5,0.0016817980126875077,0.000546566776065512,1500
740,3,5,0.003882726274669774,0.0029385876252358664,1500
741,4,5,0.00040221623942019965,3.153261762160289e-05,1500
742,2,5,0.00040191433191157354,3.009227768152484e-05,1500
743,1,5,0.001506552056566599,0.00043842543277644943,1500
744,2,5,0.002200188846686409,0.0009132733483322182,1500
745,4,5,0.0007477362549081456,0.00010955544155793331,1500
746,2,5,0.0003102543455231779,1.8601750737290466e-05,1500
747,0,0,2.8151121327584416,188.73203924736,1500
748,0,5,0.0006355472543390752,8.461751034066134e-05,1500
749,3,5,0.007383116189454992,0.010368327575134045,1500
750,5,5,0.0021771274429377087,0.0008866117197154744,1500
751,3,0,0.0015677372745691513,0.0008317074602986607,1500
752,3,5,0.0016578275692612752,0.0005185726330518823,1500
753,3,5,0.0012479588855993378,0.00029050120314403016,1500
754,4,5,0.001378246158697597,0.00035850490490955007,1500
755,4,4,0.00025067912464287644,1.577542420213141e-05,1500
756,4,5,0.0008772011934490304,0.0001450950674906879,1500
757,4,5,0.0005787424357413639,6.262147527624103e-05,1500
758,3,5,0.0002615988452184161,1.3058289103215621e-05,1500
759,3,5,0.001295993710545487,0.00031320376944694503,1500
760,5,5,0.0006001097323540859,7.232270507232504e-05,1500
761,4,5,0.0018584621569323922,0.0006358851573781632,1500
762,3,5,0.0005957949037069778,6.806959077920191e-05,1500
763,2,5,0.0009366163303810563,0.00016392012923842822,1500
764,5,5,0.0006934004549029852,9.495411913640654e-05,1500
765,5,5,0.002427754458838575,0.001111379166333179,1500
766,5,5,0.00047403012966483113,4.3252717125868696e-05,1500
767,3,5,0.0013453072298073943,0.0003534315377666718,1500
768,4,5,0.0007890934428017919,0.0001291105683498111,1500
769,2,5,0.0004825754913203882,4.8593692990187465e-05,1500
770,2,1,0.0017536968022487962,0.0009665242645362291,1500
771,4,5,0.0010011293997303733,0.00018945595584984328,1500
772,3,5,0.0002832363551369546,1.4998776080118148e-05,1500
773,4,4,0.0014280535835919032,0.0005266906450645857,1500
774,0,4,0.0002764293317896177,2.0005055902080866e-05,1500
775,0,0,0.001245115723517348,0.0005240442512590815,1500
776,0,0,0.0007450805330086891,0.00018725329036533577,1500
777,5,5,0.0007845893416241786,0.00011924439438107019,1500
778,5,5,0.00043775998153743284,3.615253915087586e-05,1500
779,4,4,4.2463477307975435e-05,4.655528665925559e-07,1500
780,3,5,0.0019802170216942174,0.0007350533665604116,1500
781,1,5,0.0016798277267346296,0.0005238991086564354,1500
782,4,5,0.0017546953354399737,0.0006187270759676509,1500
783,4,4,0.00013772173193578967,5.657543137214785e-06,1500
784,0,5,0.0003023479118317357,1.835052786057732e-05,1500
785,2,5,0.002346709295909079,0.0010459587234916826,1500
786,4,5,0.0009529814738283281,0.00018190530151049292,1500
787,0,5,0.0002745119328967781,1.5139892210226019e-05,1500
788,0,0,0.0008007841167460613,0.00021675178862999055,1500
789,4,5,0.00047624551122999115,4.290926478557859e-05,1500
790,5,5,0.0002557869950393584,1.2359647489817782e-05,1500
791,5,5,0.000530313106093223,5.343845260637383e-05,1500
793,2,5,0.0002127512998693712,9.19314407354913e-06,1500
792,4,4,0.00021107077910597578,1.2129750196299405e-05,1500
794,0,5,0.0006047469357091019,6.918067603228488e-05,1500
795,4,5,0.005385118495813078,0.0054967823800096014,1500
796,4,5,0.002696818009120571,0.0013819346521919817,1500
797,0,5,0.0016497378009045014,0.0005038793175598652,1500
798,5,5,0.0001307525291686893,3.2502684658383715e-06,1500
799,3,0,0.0003069308126418279,3.185612781874983e-05,1500
800,0,5,0.000802578716785762,0.00012237348579194384,1500
801,4,5,0.0019088724918972756,0.000710262315160822,1500
802,3,5,0.00044313663920158295,3.633288787122919e-05,1500
803,3,5,0.009541123938021904,0.017417216998850422,1500
804,4,5,0.0005613812443904947,5.949647345590581e-05,1500
805,4,5,0.004352983715760092,0.0035564458712263078,1500
806,3,5,0.0037923307141563972,0.0027292116910087177,1500
807,0,0,0.0002276917905310719,1.7518956670799976e-05,1500
808,3,5,0.013890064549243653,0.037582675022952115,1500
809,3,5,0.0024806309086276013,0.001178607645766045,1500
810,4,5,0.006628153715529294,0.008641660211876899,1500
811,5,5,0.0008178469633660213,0.00012801488691613786,1500
812,0,5,0.0006704476124502177,8.363361013557918e-05,1500
813,3,5,0.0009856453301322684,0.00018404717263382513,1500
814,4,5,0.0010331162508467686,0.00020879735120297698,1500
815,2,4,0.000574736171990761,8.463840567727259e-05,1500
816,5,5,0.00039579498878630786,2.9966831227962493e-05,1500
817,4,4,0.0001565215362295898,6.007623442551728e-06,1500
818,4,5,0.0002711180305008303,1.4564930384258494e-05,1500
819,3,0,0.0006906075672202646,0.00016099138804478302,1500
820,2,5,0.0007359797018631014,0.00010728648100560883,1500
821,3,5,0.00033111727747053697,2.2104965564492057e-05,1500
822,0,5,0.0008416588006319339,0.0001330016636969089,1500
824,1,1,0.001506253564867575,0.000713754120515483,1500
823,2,5,0.0018837897351363343,0.0006696718055232634,1500
825,2,5,0.00041110846048070503,3.153590282008246e-05,1500
826,4,5,0.0010637904245465219,0.00022421204222659532,1500
827,0,5,0.00016964651284514533,5.346023646312647e-06,1500
828,5,5,0.0005796412820719991,6.412544820666311e-05,1500
829,2,4,0.00020264181328024137,1.0487699004709607e-05,1500
830,1,5,0.0004566205466656489,4.343497487690835e-05,1500
831,1,1,0.0003463371407067999,3.7794512996139774e-05,1500
832,1,1,0.00020933606791224185,1.3802069551197315e-05,1500
833,3,5,0.0013931308057538918,0.0003742595995692125,1500
835,4,4,0.0005217428663700726,7.920290992770066e-05,1500
834,4,5,0.0015697166181993442,0.0004721084866305171,1500
836,3,5,0.002767847187692563,0.001523320045064436,1500
837,3,5,0.0004260044131340676,3.335660430888526e-05,1500
838,0,0,0.0025166975842794447,0.0021283259777016947,1500
839,1,5,0.00048728610649321087,4.483057860009998e-05,1500
840,3,5,0.0005652311557571839,6.09058731691592e-05,1500
841,4,5,0.010120529184050212,0.019820231095398995,1500
842,4,4,0.0002108693911938542,1.1189584065016055e-05,1500
844,4,5,0.0003159193871386501,1.993837421087858e-05,1500
843,0,5,0.0011281298120192204,0.00024180558689267315,1500
845,4,5,0.0004987381516242872,4.702160771275516e-05,1500
846,0,0,0.0004077568332141318,5.612327340562273e-05,1500
847,4,5,0.0009912592036328772,0.00019041497697299867,1500
848,1,0,0.0002669195837278845,2.405655230615728e-05,1500
849,2,0,2.5794555937954615,246.23673978085787,1500
851,4,5,0.0010522304108534994,0.00020807554644789494,1500
850,4,5,4.96249826130761,438.7897858618637,1500
852,4,4,0.00016766271539392155,6.851814494329017e-06,1500
853,2,5,0.0005362544539746837,5.373824927102416e-05,1500
854,5,5,0.0007454383352481093,0.00010738859541205645,1500
855,5,5,8.705421168662039e-05,1.4853598245512848e-06,1500
856,0,5,0.001095573928799944,0.00022295452592865981,1500
857,3,5,0.00037823719446981413,2.720022420480026e-05,1500
858,3,5,0.0007326379325583595,0.00010177804104832256,1500
860,4,5,0.0018944825230294423,0.0007207342720488301,1500
859,0,5,0.0007559054676320999,0.00010624292286122757,1500
861,4,4,0.0002299007077780153,1.2705935351437286e-05,1500
862,3,5,0.00032869063322360254,2.141157702700632e-05,1500
864,0,5,0.0006791459013658607,8.986333177534478e-05,1500
863,3,5,0.007993347892483675,0.01272351383245661,1500
865,5,5,0.0010350375909521856,0.00019848205892152363,1500
866,3,5,0.00045219553055523084,3.926555340076452e-05,1500
868,3,5,0.0007178960389037862,9.673465981077444e-05,1500
867,5,5,0.0010490949573137764,0.00020698730467184207,1500
869,1,5,0.0004899482161655541,4.688200913452214e-05,1500
870,3,5,0.0007943166249653017,0.00012193438107409229,1500
871,3,5,0.0005081218576472832,4.9648767910826354e-05,1500
872,5,5,0.0001348143348097851,3.511090042955451e-06,1500
873,4,5,0.0030599408934960516,0.0017647864904206752,1500
874,4,4,6.301818373994756e-05,1.0061001339197068e-06,1500
875,4,5,0.0003224885553856503,1.963910473097745e-05,1500
876,3,5,0.0007562743345743175,0.00010883291949235788,1500
877,4,5,0.0004145962024797865,3.3265863547074845e-05,1500
878,0,5,0.0018804783421821352,0.0007019318075493448,1500
879,5,5,0.0001553935270104892,4.7176933237246504e-06,1500
880,0,5,0.000715960610830676,9.529645265367811e-05,1500
881,4,5,0.0008934967582503027,0.00015616381205536,1500
882,1,5,0.0016890307797661804,0.0005651377122989674,1500
883,1,5,0.0005917662569406007,6.884539560226359e-05,1500
884,3,5,0.0009765004510224556,0.00018301258480922123,1500
885,5,5,0.00048537289767121007,4.30337561526076e-05,1500
887,4,1,0.0006503666371500855,0.00013311179082672303,1500
886,2,5,0.000636943661143099,7.780913441502895e-05,1500
888,2,5,0.0006915590437198581,9.359013741498227e-05,1500
889,0,0,0.0005153460477385179,8.98708862024855e-05,1500
890,5,5,0.0008383328353174414,0.00013029365724913464,1500
891,3,5,0.0012699920883466032,0.00030527889700008106,1500
892,3,5,0.0004914924880537341,4.548097105328326e-05,1500
893,3,5,0.00032646430826028036,2.021411752131292e-05,1500
894,4,5,0.001489894814309193,0.00041888155716027063,1500
895,4,5,0.0004004611971306203,3.033293943364274e-05,1500
896,1,5,0.00025806315542846,1.228548327060946e-05,1500
897,1,5,0.00025527255497275527,1.2177634546531473e-05,1500
899,0,0,0.0004900410163787066,8.126537994593329e-05,1500
898,4,4,0.000659340350718997,0.00011952344868074834,1500
901,4,5,0.0006201208049822483,7.129261006908346e-05,1500
900,3,4,0.0004385836892951349,4.990297020546279e-05,1500
902,0,0,9.558320072390924e-05,3.0890588697416294e-06,1500
903,5,5,0.002835952178943891,0.0015307393729369532,1500
904,0,0,0.00048443093966399694,7.923468264599483e-05,1500
905,2,4,0.0004882612127992192,6.605677536813789e-05,1500
906,3,0,0.0012894397339823624,0.0005618458597851947,1500
907,3,5,0.0005234090216326576,5.362597037781588e-05,1500
908,3,5,0.000627225166632686,7.880027678884109e-05,1500
909,3,5,0.0009412674766414702,0.00016695871694178012,1500
911,3,5,0.0012095977455459793,0.0002746702360636553,1500
910,3,0,2.8847636066156848,221.73496960521874,1500
912,4,5,0.0016590220459509128,0.0005319654903220043,1500
913,3,5,0.00037601180281065567,2.62550967633842e-05,1500
914,0,0,0.0006127636737416543,0.00012709797538828417,1500
915,0,0,0.0009849395351867682,0.0003274973580913142,1500
916,2,5,0.0004171646834473671,3.382067484435496e-05,1500
918,4,5,0.0028396179774919975,0.001525844182769089,1500
917,5,5,0.00026817050087698575,1.4043662943521152e-05,1500
919,2,5,0.0011674944374013667,0.00026811330272575543,1500
920,3,5,0.00021574757557767815,9.508904621864616e-06,1500
921,4,5,0.004774015322655164,0.0045590906276662905,1500
922,3,5,0.00034481111473135467,2.241156082750839e-05,1500
923,5,5,0.0001231566110397855,2.984890393154412e-06,1500
924,5,5,0.0027136311154211685,0.0014676659666987206,1500
925,2,5,0.002680217906187135,0.0013964910032608186,1500
926,4,5,0.00019396445162625912,7.487544364839401e-06,1500
927,0,0,0.0009894018268838058,0.00033185150137090766,1500
928,2,5,0.0007879384211196296,0.00011897055090489292,1500
929,4,4,3.5877568123512145e-05,4.251809627806267e-07,1500
930,3,5,0.0007201133273695456,0.00010061294630850716,1500
931,4,4,0.0003265069982365472,2.774267843147304e-05,1500
932,4,5,0.0015394460216281915,0.0004392398849769798,1500
933,3,5,0.0018323200590498589,0.0006496185661196133,1500
934,2,5,0.0005835440000986137,6.30365475595865e-05,1500
935,3,1,0.0006383252234776162,0.00012829237733634252,1500
936,4,5,0.00042261320528095154,3.408896920995028e-05,1500
937,2,5,0.0009007984717206245,0.00017093705297433924,1500
938,0,5,0.0016368728198377126,0.0005166693403203739,1500
939,0,5,0.0017688211724239294,0.0005825252865698146,1500
940,1,5,0.0011414660198570562,0.00024912779357192223,1500
941,0,0,0.00035175298075043593,4.184740329403583e-05,1500
942,5,5,0.00021041763676976898,8.356507431870681e-06,1500
943,4,5,0.00025664154519013056,1.3151483150443392e-05,1500
945,5,5,0.00019004294259595875,6.79507974981756e-06,1500
944,2,5,0.0008857798389789503,0.00014910560650248413,1500
946,5,5,0.0009341919397406865,0.0001684716491158364,1500
947,4,5,0.002531083467259747,0.0011893391552227697,1500
948,5,5,0.000386038083518431,2.850533459897352e-05,1500
949,2,5,0.0025666546854676876,0.0012541640554270027,1500
950,5,5,0.00320810718229547,0.0019422749079320075,1500
951,3,5,0.000540163953864574,5.910104772471033e-05,1500
952,5,5,0.00035857357803633857,2.4343938253595067e-05,1500
954,5,5,0.00032444350945358267,2.0399546814350878e-05,1500
953,3,5,0.0008152469884398078,0.0001250985772015931,1500
955,5,5,0.00042542986028525434,3.5994673456492255e-05,1500
956,4,5,0.0027546174861171717,0.0014716435005368818,1500
958,3,5,0.001769620531244258,0.0006161024474244689,1500
957,0,0,0.00044196663003667877,6.608134071139805e-05,1500
959,5,5,0.0005698642479926934,5.9919407854364356e-05,1500
960,0,0,0.001700786578785693,0.0009774739162483077,1500
961,5,5,0.0020239162665009517,0.0007779644694039815,1500
962,3,4,11.482713929198747,1105.2496201066651,1500
963,5,5,0.00022641199648959544,9.864950392416217e-06,1500
964,1,1,0.0006315426193176655,0.00012550842656924177,1500
965,1,5,0.00031113606468092045,1.821314855944282e-05,1500
966,4,5,0.0007834040983339975,0.00011445242367514948,1500
967,0,5,0.0018873131830623431,0.0006916462161268805,1500
968,4,4,0.0003524644970307961,3.385474425128318e-05,1500
969,5,5,0.002349984587312695,0.001044759125683531,1500
970,3,5,0.000791085248257765,0.00012524371629684173,1500
971,2,5,0.0014323573770434396,0.0003854529050791302,1500
972,3,5,0.0020798481774683165,0.000808622244436733,1500
973,4,5,0.0008746549440888816,0.00015083368014138547,1500
975,5,5,0.00040179509080516025,3.0149418745034167e-05,1500
974,1,5,0.0012187600389742747,0.00027902550297846066,1500
976,0,5,0.000989519843951574,0.00019954822673033123,1500
977,3,5,0.001376311558403294,0.00035689023323934495,1500
978,4,4,0.00013673023586895536,4.823534902154133e-06,1500
979,3,0,0.00046338200356952963,7.262684974028559e-05,1500
980,2,4,0.000128116988008218,4.694083533720614e-06,1500
981,4,4,0.00021219772940656319,1.201608244067237e-05,1500
982,5,5,0.0005364688569418287,5.432085416235172e-05,1500
983,3,4,0.0009539030339111493,0.00026737761404587205,1500
984,5,5,0.00045608995713541646,3.952183934962182e-05,1500
985,4,5,0.0006783867593992271,8.543357412927658e-05,1500
986,3,4,0.00017351829401952702,7.75448056422545e-06,1500
987,0,5,0.001489389357549509,0.0004272759442213906,1500
988,3,5,0.0012967253371884541,0.00033148517257762685,1500
989,3,5,0.0007616564501763593,0.00010923537020253096,1500
990,5,5,0.0003905639369188202,2.861315764897885e-05,1500
991,3,5,0.0008221261549825547,0.0001258504161366531,1500
992,5,5,0.00033298808042114077,2.0558287094535637e-05,1500
993,4,5,0.0011196379599111414,0.00025410218644131847,1500
994,5,5,0.001165963218317691,0.00026360660867637856,1500
995,4,5,0.0008675524492740733,0.00014780718424245996,1500
996,4,4,0.00031249992282615684,2.5267054592089937e-05,1500
997,2,4,0.0003132334044147164,2.8755779359284508e-05,1500
998,4,5,0.00024595855002165046,1.1259480155120303e-05,1500
999,1,5,0.0012874875509269836,0.0003235659806181683,1500
1000,4,4,0.00028556171922330915,2.338374979866729e-05,1500
1001,1,1,0.0005660092973051927,0.00010085253155196903,1500
1002,3,5,0.00033976225672152014,2.238309326438537e-05,1500
1003,3,5,0.0007627728680576384,0.0001107854160976674,1500
1004,0,5,0.0011810638611084584,0.00025849773196492536,1500
1005,3,5,0.0007502834627722523,0.0001046259413204971,1500
1006,3,5,0.0003585099968953601,2.6408407816652293e-05,1500
1007,3,5,0.0018690286940003485,0.0006707523854125126,1500
1009,3,4,0.0002421425648606369,1.5598154010154675e-05,1500
1008,4,4,0.0003107419131843623,2.709187661019295e-05,1500
1010,0,0,0.0002434547448088687,2.0024359195032313e-05,1500
1012,3,5,0.001216911681654308,0.0002956616096946572,1500
1011,3,5,0.0009917493058165835,0.00018394225686248808,1500
1013,5,5,0.00040966524942673174,3.1317888756392196e-05,1500
1014,4,5,0.00038012065190977525,2.6985826423601532e-05,1500
1015,0,0,0.0005314720172158162,9.565497230004617e-05,1500
1017,4,5,0.00017564292152149209,6.01612425503048e-06,1500
1016,4,5,0.0008719011041256377,0.00016405197513806748,1500
1018,3,0,0.000264065302804658,2.3557081822758697e-05,1500
1019,0,5,0.0007233927190814048,0.00010416850082960893,1500
1020,3,5,0.002128318876654906,0.0008712267511565651,1500
1021,1,0,0.000837479297284465,0.00023669291174238996,1500
1022,3,1,0.0005685748121345738,0.00010179448704482244,1500
1023,3,5,0.0007692129364126181,0.00011030430733755216,1500
1024,4,5,0.0004837970968098752,4.662948163008691e-05,1500
1026,4,5,0.0007045244012839416,9.406854814588398e-05,1500
1025,4,4,0.0006332959349919941,0.00010177835148512913,1500
1027,3,5,0.0004928366435685227,4.561639801656211e-05,1500
1028,0,5,0.0010495613738560222,0.00020309304323071087,1500
1030,3,5,0.0008136200141775641,0.00012843447682989254,1500
1029,4,5,0.00048366043908676354,4.576686821778108e-05,1500
1031,5,5,0.0006608764974545952,8.142239700861283e-05,1500
1033,4,4,0.0008693746208295975,0.0001785727107333089,1500
1032,4,5,0.0014182471488952784,0.00037667197526469076,1500
1034,3,5,0.0004746837993259891,4.488268321530086e-05,1500
1035,4,4,0.00020564599894516827,1.028723992213136e-05,1500
1036,3,5,0.0021563864194379142,0.0009253906293409515,1500
1037,3,5,0.0016829743710785197,0.0005495787543802303,1500
1038,2,4,0.0007435384243241708,0.00013963404520183465,1500
1039,3,5,0.0010241916693173791,0.00019952377967553765,1500
1041,4,5,0.0010710060404933537,0.0002177595781493063,1500
1040,0,5,0.001444521280403512,0.00040493728482256957,1500
1042,3,5,0.0003436313163279128,2.268957449615005e-05,1500
1043,3,5,0.0008395292591815668,0.00012958415321671048,1500
1044,5,5,0.00011268734490274547,2.3585371026251743e-06,1500
1045,3,5,0.00041074090281486474,3.2932959528715085e-05,1500
1046,3,5,0.00026128290801320927,1.2915574719384997e-05,1500
1047,3,5,0.00033635371853719097,2.1783580227209982e-05,1500
1049,4,4,0.00036469971960769696,3.627518269374625e-05,1500
1048,4,5,0.0004143660355148764,3.306815174874695e-05,1500
1050,3,5,0.003969935854674791,0.002970580533393091,1500
1051,4,5,0.0009611627468164638,0.00017328119768821528,1500
1052,5,5,0.00011403953725374905,2.453295317964241e-06,1500
1053,3,5,0.0014679346068939261,0.00040127523348885047,1500
1054,4,4,0.0002884263907831124,2.0680181323791338e-05,1500
1055,0,5,0.0007852450645340263,0.00011457158995688792,1500
1056,4,5,0.002038656133402251,0.000780573117244113,1500
1057,5,5,0.0011032224423484563,0.00022759570886284993,1500
1059,2,5,0.0010089102681820083,0.00019645673050671625,1500
1058,1,1,0.0002917953109915719,2.6817883980675654e-05,1500
1060,4,5,0.0002847087919510776,1.5150263784180246e-05,1500
1061,5,5,0.00041016846782050025,3.121551299418454e-05,1500
1063,3,5,0.0003692055746368883,2.6273509249939802e-05,1500
1062,3,5,0.0008307533787636143,0.00013150849172973285,1500
1064,5,5,0.0006262912090535415,7.515813409044095e-05,1500
1065,3,1,0.0007715070908487063,0.00018747248534409214,1500
1067,0,5,0.00030110807915577695,1.698649988974242e-05,1500
1066,3,5,0.00034473090474127557,2.2067981302467447e-05,1500
1069,3,5,0.0008192477949125895,0.0001290766904368008,1500
1068,3,5,0.0005988589484472392,6.701740082225723e-05,1500
1071,5,5,0.0009618056613620761,0.00017638133713240425,1500
1070,3,0,0.0023980167793220463,0.001942894592239888,1500
1072,5,5,0.00018388127832960253,6.2995371232569336e-06,1500
1073,4,5,0.001781361378927701,0.0006015151126905106,1500
1075,0,0,0.00022661257695026274,1.7348433927235012e-05,1500
1074,5,5,0.0012482060537578846,0.0002996318220504715,1500
1076,4,5,0.0003064763817241192,1.8031028800492285e-05,1500
1078,3,5,0.0005766748660748843,6.419960879581236e-05,1500
1077,4,5,0.0005123700772232655,5.0079626267490794e-05,1500
1079,4,1,0.00035931684735159453,4.061424438958412e-05,1500
1080,3,5,0.0028221814265346726,0.0015343132947698648,1500
1083,2,5,0.00022177003335298578,9.608030534091431e-06,1500
1082,4,5,0.0011457035130686825,0.0002513922245338507,1500
1081,3,5,0.0014124124997653544,0.0003833676837015493,1500
1084,0,0,3.4629191358384586,233.23456388759033,1500
1085,4,5,0.0012120294545853445,0.0002751074239885503,1500
1086,1,1,0.0005192387199305836,8.490767125815773e-05,1500
1087,3,5,0.0006469261961845293,7.85827656659079e-05,1500
1088,3,5,0.0001918657795365511,6.844256760678003e-06,1500
1089,5,5,0.0013114106331155602,0.00032968517035093217,1500
1090,5,5,0.0021722553168013613,0.000890195325582817,1500
1091,3,5,0.0010304041564251716,0.00019811754343403802,1500
1092,4,5,0.00045708837338682826,3.864224505588876e-05,1500
1093,5,5,0.00025561066294459844,1.237754886231772e-05,1500
1094,5,5,0.0005433463857390728,5.595741264543753e-05,1500
1095,3,5,0.0040088360107482695,0.0030523059339820345,1500
1096,4,5,0.00037575216266955337,2.6020168227187712e-05,1500
1097,3,5,0.0006601033427323942,8.589683874174493e-05,1500
1098,1,5,0.003974786458147359,0.0030445630646113602,1500
1099,3,5,0.0013740195210915488,0.00036770196896349636,1500
1100,2,5,0.0006704703615022636,8.668003904087706e-05,1500
1101,3,5,0.0009547819951347351,0.00017114767010697958,1500
1102,5,5,0.001085423014307786,0.00022832332807365074,1500
1103,0,0,0.001582590809365023,0.0008444461174924902,1500
1104,5,5,0.0006840307600467545,8.795249607645734e-05,1500
1105,0,0,0.00015559732300684433,8.178874112117778e-06,1500
1106,3,5,0.001539807930275738,0.0004647312216460691,1500
1107,2,4,0.0009949069015925888,0.00026621982905480467,1500
1108,5,5,0.0003501742672871799,2.267495449418292e-05,1500
1109,5,5,0.0002287767069989505,9.987281491652308e-06,1500
1110,1,1,7.165382511115248e-05,1.616451494357349e-06,1500
1111,3,5,0.0003358327956749848,2.142255504454479e-05,1500
1113,4,4,0.0005292193254766132,8.022570831580541e-05,1500
1112,3,5,0.0010141341323883176,0.00019132364656751724,1500
1114,3,5,0.002209951642732298,0.0009461558188911051,1500
1115,0,0,0.00038139254516266933,4.917047209835779e-05,1500
1116,3,5,0.0003757373847533449,2.679258850615324e-05,1500
1118,4,4,0.00022751115175575348,1.3526635906547875e-05,1500
1117,4,5,0.00047316290912544193,4.235208148096152e-05,1500
1119,2,5,0.0003320786117836294,2.0458785532729653e-05,1500
1120,3,5,0.000791239567192244,0.00011954454339129342,1500
1121,3,0,0.001950702490648454,0.0012888721822428917,1500
1122,3,5,0.0009458866103835138,0.00016980044644850404,1500
1123,5,5,0.0005197977525009485,5.0025055523085705e-05,1500
1124,4,5,0.00037397392576910503,2.6513555875631443e-05,1500
1125,4,4,0.0004191789251724679,4.833165869669385e-05,1500
1126,5,5,0.0002337260402119021,1.0168506161138364e-05,1500
1127,1,5,0.0007261719703252079,0.00010016907567394519,1500
1128,4,4,0.0004414577095331749,5.939796128536961e-05,1500
1129,3,5,0.000838313209962003,0.00013498820313531041,1500
1130,5,5,0.0014047215781531524,0.00036949245003108886,1500
1131,3,1,0.00032194186226001,3.2620984575205784e-05,1500
1132,0,5,0.0006533431431322949,8.126084863000274e-05,1500
1134,4,4,0.00022067347021096362,1.2990937227262942e-05,1500
1133,5,5,0.0003579801799709454,2.352428563038152e-05,1500
1135,3,5,0.001643968469969227,0.0005321228315993815,1500
1136,0,5,0.0006164879605712494,7.152273487522558e-05,1500
1137,3,5,0.0008854885896848571,0.0001517992503808378,1500
1138,3,5,0.0027136414320049988,0.0013658248561995083,1500
1139,2,5,0.00042517290175513056,3.614769713727169e-05,1500
1140,0,0,0.0004604062609464239,7.157272644156051e-05,1500
1141,5,5,0.0019759104758684076,0.0007314838838840101,1500
1142,3,5,0.0020986673974649995,0.000859523004025506,1500
1143,5,5,0.00026580768476880146,1.4020056530455445e-05,1500
1145,3,5,0.00025730581426766023,1.235943036062941e-05,1500
1144,4,4,0.00029017981649381917,2.3475131763047902e-05,1500
1146,3,5,0.0010245053774207832,0.00020772862467123988,1500
1147,3,5,0.00039485911094946,2.8928770642549878e-05,1500
1148,3,5,0.0012523611301094857,0.0003056693876082533,1500
1150,5,5,0.002840460292205786,0.0015948535569856677,1500
1149,3,5,0.000773118078160875,0.00011017953202304329,1500
1151,2,5,0.001482935195955595,0.00041594532429599764,1500
1152,0,5,0.00020425680875816706,8.17146890466022e-06,1500
1153,4,4,0.0001654664373117988,8.453100397527223e-06,1500
1154,0,0,2.3497941967484666,230.35652561626716,1500
1155,5,5,0.0020052070293473424,0.0007833466564814976,1500
1156,1,5,0.0005911539756758623,6.679012327638064e-05,1500
1157,5,5,0.022677501146930717,0.09814108672921745,1500
1158,3,5,0.00021653386984022828,8.780561171307401e-06,1500
1159,5,5,0.00023855428808122755,1.0681283499664374e-05,1500
1160,1,1,0.0007098051724442984,0.00015840517108925152,1500
1162,4,5,0.0006509111168873316,8.021830992972385e-05,1500
1161,1,5,0.0010501359872988607,0.00021639989182851955,1500
1163,0,5,0.0009701826651279226,0.0001886997045742238,1500
1164,3,4,0.0004634920728674426,5.659907587086515e-05,1500
1165,5,5,0.0001299670784184006,3.3052948848038152e-06,1500
1166,5,5,0.00023345680001247797,1.1216256114293162e-05,1500
1167,1,1,0.000783815464198222,0.00019320982747001873,1500
1169,0,1,0.00022902992758814652,1.652530752834617e-05,1500
1170,4,5,0.0003759353593450619,2.6965905079598003e-05,1500
1168,5,5,0.0004727001087638758,4.251609322520285e-05,1500
1171,5,5,0.0001255357103851969,3.2359693083624095e-06,1500
1174,0,5,0.00042744463509590064,3.38990658589648e-05,1500
1172,4,5,0.0005893395934071845,6.506757424756763e-05,1500
1173,4,5,0.0015355336957556152,0.0004989562330012426,1500
1175,3,5,0.0005958351735848642,6.94021144394608e-05,1500
1176,3,5,0.000612610724486806,7.0879218601802e-05,1500
1177,5,5,0.001969044402845553,0.0007253205391180935,1500
1178,5,5,0.0004675122662736162,4.252191854024094e-05,1500
1179,4,5,0.0013391193256138386,0.00033514655541241054,1500
1181,5,5,0.0003307109321430076,2.1571410820212854e-05,1500
1180,5,5,0.002215321910322561,0.0009246360543142864,1500
1182,3,5,0.001419765841667641,0.00037660030749615754,1500
1183,5,5,0.0004064258202682695,3.107381076752878e-05,1500
1185,3,5,0.0002103136138717136,8.60890111939291e-06,1500
1186,5,5,0.0003460646030666021,2.3969911503871337e-05,1500
1184,4,4,0.00020963373435705203,1.0895912331054567e-05,1500
1187,4,5,0.0015936645313088767,0.00047907060736177134,1500
1189,3,5,0.001644230961111439,0.0005290533102216783,1500
1188,0,0,3.7876150832501807,243.7276633084052,1500
1190,3,5,0.0005129885207135705,5.076823982598236e-05,1500
1191,3,5,0.0008272182979538248,0.00012801722213029456,1500
1192,2,4,0.0002925965565368169,2.177085910312278e-05,1500
1193,5,5,0.0005643325992028518,5.92866861448641e-05,1500
1194,3,5,0.0003856135782201737,2.7683390638182333e-05,1500
1195,2,5,0.001450183248771882,0.00041628143377303513,1500
1196,2,5,0.0004663297865419133,4.283504179278805e-05,1500
1197,5,5,0.000397150540626215,3.1278029198743434e-05,1500
1198,0,5,0.00023771817530736798,1.0387859839601999e-05,1500
1199,4,5,0.0006203551271404546,7.619826015199769e-05,1500
1200,0,0,0.00022433965175693813,1.698759171290607e-05,1500
1202,0,0,0.0002029320021665264,1.3917241811961775e-05,1500
1201,3,5,0.0004638235039893546,4.074743926584628e-05,1500
1203,4,5,0.000638570574357932,7.697504490252777e-05,1500
1204,5,5,0.0017243857341372134,0.0006178054622979443,1500
1206,0,0,0.00019203215115550773,1.244073549206389e-05,1500
1205,3,5,0.0002289784544286704,1.013345547277446e-05,1500
1207,4,5,0.0005329456609221281,5.582107780070875e-05,1500
1208,3,5,0.00031684338775704466,2.066286501826579e-05,1500
1209,2,5,0.0006477862367873777,8.03892828980184e-05,1500
1210,5,5,0.0007069500233849205,9.298143242541593e-05,1500
1211,2,5,0.00123469412286151,0.00029952616731213343,1500
1212,3,5,0.0011107095423554601,0.0002331676424662636,1500
1213,5,5,0.0008184459641737127,0.00012918460765685275,1500
1214,5,5,0.0014579997972921973,0.00041221318348120606,1500
1215,3,5,0.0006167399798854141,7.56029532216152e-05,1500
1217,3,5,0.0007407787991678071,0.0001065459827899064,1500
1218,5,5,0.0005589691223465305,6.069857204901083e-05,1500
1216,0,0,3.2429210188587483,232.891179148191,1500
1219,4,5,0.0011441709653628716,0.000255705384715098,1500
1220,3,5,0.0011644414920148549,0.0002493420240101622,1500
1221,5,5,0.001001518584844254,0.00019267972924839219,1500
1222,5,5,0.000224997887274998,9.756573905739964e-06,1500
1223,0,5,0.0010889150072651752,0.00022599424007929957,1500
1224,5,5,0.0007954107464167554,0.00011968652213547687,1500
1225,4,4,0.00022711132504333966,1.371456689693309e-05,1500
1226,3,1,0.0006200800524033376,0.00012116264275163889,1500
1227,5,5,0.001499986721790693,0.00042031682759511164,1500
1229,0,0,0.0003643164126088905,4.4903167397561226e-05,1500
1228,3,5,0.0008554253082859069,0.00014602713872361378,1500
1230,5,5,0.0006560854697692265,8.000275966609896e-05,1500
1231,3,5,0.0017910858421061754,0.0006218886939967815,1500
1232,3,5,0.000809461352471109,0.00012283930506991922,1500
1233,0,5,0.0013897851930434622,0.00035825202620580606,1500
1234,1,1,0.00028504304285674475,2.5591802544140613e-05,1500
1235,4,5,0.0015264104378529349,0.00043548511114869593,1500
1236,0,4,0.0001389441656652766,5.2932830867339045e-06,1500
1237,3,1,0.0008675473353408876,0.00023692384242964004,1500
1238,3,5,0.002582877038990471,0.0012477346428923096,1500
1239,4,5,0.0004514892859598785,3.9377746470887143e-05,1500
1241,4,5,0.0010534379989618644,0.00021455901850689775,1500
1240,5,5,0.00039087925535486026,2.9486814048194205e-05,1500
1242,2,4,0.0002969586277858476,2.3171477023542634e-05,1500
1243,3,1,0.00014892362642006477,6.985840264938753e-06,1500
1244,4,5,0.0008368318758408276,0.0001317228340686105,1500
1245,4,5,0.0002695549575032754,1.3687402040834155e-05,1500
1246,5,5,0.00019246147749283336,7.132009134854033e-06,1500
1247,3,5,0.0014221861770790892,0.00037672932184778526,1500
1248,5,5,0.0007513227368948689,0.00011749478033832683,1500
1250,3,1,0.00023324055089436993,1.713704852055873e-05,1500
1249,0,0,2.5586450216825676,222.6276882252048,1500
1251,4,5,0.00044980012772408693,4.02606883038924e-05,1500
1252,5,5,0.0005276457524228261,5.280314158460148e-05,1500
1254,5,5,0.00044793172428674635,3.709171917414127e-05,1500
1253,4,5,0.0008385958286738832,0.00013196191947295366,1500
1255,0,5,0.0035151793948079322,0.002521883233375956,1500
1256,4,5,0.0015548225825573203,0.0004948437213109464,1500
1257,2,4,0.0002643946151592414,2.1563272411232586e-05,1500
1259,3,5,0.002073158533292064,0.0008157610468986298,1500
1258,4,5,0.0001796435586304924,6.320241698609044e-06,1500
1260,5,5,0.0002999852064486879,1.901285101214844e-05,1500
1261,3,5,0.0003060768390864219,1.7265766659333794e-05,1500
1262,5,5,0.005503728804463871,0.00589887365080001,1500
1263,4,5,0.00021371587004649024,9.195666683806696e-06,1500
1264,4,5,0.0002657805743066091,1.4109515419634143e-05,1500
1265,2,5,0.0003797035692074125,2.8286520542342344e-05,1500
1266,3,5,0.0005101354589845888,5.307845685806901e-05,1500
1267,4,5,0.0003695355623911178,2.603035198331651e-05,1500
1268,0,0,0.0005105128299211297,8.796504630429646e-05,1500
1269,4,5,0.0009029158888013674,0.00015418580598016137,1500
1270,2,5,0.0015052419444132941,0.0004218383518597576,1500
1271,4,1,0.0005526026958048972,9.625303073252293e-05,1500
1272,3,1,0.0006828968956531595,0.00014677964403153187,1500
1273,3,5,0.00030375519546379295,1.74568314354014e-05,1500
1274,1,5,0.0016276937833340922,0.0005101591394085642,1500
1275,5,5,0.0005417485313217157,5.8183681699137604e-05,1500
1276,0,0,0.001203635905367839,0.00048808516949346725,1500
1277,3,5,0.0006157290237171731,7.379463567724936e-05,1500
1278,1,5,0.0009822157910869896,0.00018434161898462885,1500
1279,4,5,0.00014870082111497388,4.196769516817743e-06,1500
1280,1,5,0.0006803718392585754,8.87079240278412e-05,1500
1281,5,5,0.0009400574113781736,0.000164077458466725,1500
1282,0,0,0.00019663180410748482,1.3058685128361758e-05,1500
1283,3,5,0.0008887200944928109,0.00015267440244864358,1500
1284,4,5,0.001330731448464585,0.00034391510379194924,1500
1286,4,4,0.0003452134035665871,3.518042492428641e-05,1500
1285,2,5,0.0032599331011490327,0.0019850210317936866,1500
1288,4,4,0.0002696588772275235,1.9677726404251713e-05,1500
1287,5,5,0.000290478483806983,1.6991163626866895e-05,1500
1290,4,5,0.0007733048016460531,0.00012099329051430415,1500
1289,3,5,0.0016081100513736584,0.0005065579715394868,1500
1292,3,5,0.00030082697595132,1.716428460532725e-05,1500
1291,4,5,0.00041820367017330625,3.2121727838757674e-05,1500
1293,2,4,0.00020029848846918815,1.1243769567433823e-05,1500
1294,4,4,0.0002991075714866195,2.4192490242994476e-05,1500
1296,5,5,0.00040097106112813887,3.0511083882581846e-05,1500
1295,3,5,0.0005032496914154022,4.8538447719903396e-05,1500
1297,3,5,0.0003542444270488752,2.4303876265088363e-05,1500
1298,3,5,0.0005347331496479868,5.232206954782906e-05,1500
1300,3,1,0.0001043136265791913,3.424714146224761e-06,1500
1299,4,5,0.0005668463398994968,6.132858237305726e-05,1500
1301,3,5,0.0018571532746075106,0.0006617326612888726,1500
1302,4,4,0.0007264709973567138,0.00013169708787361614,1500
1303,0,0,0.0009183960774066235,0.0002853233503256174,1500
1304,3,4,0.0005182005697075441,7.001042818410859e-05,1500
1305,1,1,0.0002507463556699129,1.978028666272501e-05,1500
1306,4,5,0.0003872321040365918,2.899320513178942e-05,1500
1307,5,5,0.001105173852155502,0.00023085387541568116,1500
1308,3,5,0.0006782144046584801,8.918292195606415e-05,1500
1309,3,5,0.0001986472446870571,7.55382214335143e-06,1500
1310,4,5,0.0010023427914604246,0.00018678389343179737,1500
1312,5,5,0.000548784020938512,5.612287535482982e-05,1500
1311,3,5,0.01109952605371546,0.022994472608400453,1500
1313,4,0,0.012505486949009052,0.0525025440581731,1500
1314,1,5,0.0006632498495991439,8.083902987666511e-05,1500
1316,3,5,0.0003659703849988628,2.5734368663243387e-05,1500
1315,3,5,0.001055258377473271,0.000212293689999389,1500
1317,3,5,0.00021908908611576982,8.866621536932164e-06,1500
1318,3,5,0.0004579380261554677,3.873331101051137e-05,1500
1319,2,5,0.0011154389039387909,0.00023522511109599496,1500
1320,0,5,0.0012043890721461976,0.00027250633368529353,1500
1321,1,5,0.0001389877545483685,3.6081388796381935e-06,1500
1322,5,5,0.0009940544532029774,0.00018926554108470386,1500
1324,4,4,0.00014103383222379616,5.1314680046176356e-06,1500
1323,3,5,0.0004744619937520872,4.327965948723221e-05,1500
1325,3,5,0.0008539764791194419,0.00013593088316084145,1500
1326,2,5,0.0006997995830686055,9.265912176710288e-05,1500
1329,1,5,0.00034206908763820753,2.2561146893881397e-05,1500
1327,2,5,0.0006649815564142559,8.49934850208331e-05,1500
1328,3,5,0.0010990216846031688,0.00022701076409430368,1500
1330,3,5,0.00019878341148094088,7.786906376782354e-06,1500
1331,5,5,0.000781231349872903,0.00011557291950175945,1500
1332,4,4,0.00029928728193715626,2.246170145547376e-05,1500
1333,0,0,0.00020941319484295536,1.4834212103548382e-05,1500
1334,3,5,0.0006580905318472724,8.300793360012176e-05,1500
1335,3,4,0.001135065342775668,0.00033119911083220367,1500
1336,4,5,0.0001120391341492608,2.4095416255382836e-06,1500
1337,2,5,0.0004102218795411664,3.200381945393559e-05,1500
1338,0,0,3.7409243115634947,254.24500070365337,1500
1340,3,5,0.006243001974809084,0.007540910241613496,1500
1339,0,5,0.00039666921443141744,2.9656109118775703e-05,1500
1341,4,4,0.0001218602290890296,3.7830008978190455e-06,1500
1342,0,5,0.0004154363764751884,3.252094629918962e-05,1500
1344,2,5,0.000671105401067822,8.575371036940968e-05,1500
1343,4,5,0.0004718745500623107,4.3069670511937826e-05,1500
1345,3,0,0.0006701430867746739,0.00015183992924902668,1500
1346,4,4,0.00010857756450517195,3.472693064025136e-06,1500
1349,5,5,0.0010633706787123109,0.00021453889899094268,1500
1348,5,5,0.0005241649038786419,5.173761003987243e-05,1500
1347,4,5,0.0019262933531191062,0.0006997888269217851,1500
1350,4,5,0.0003412597176554352,2.166259080698988e-05,1500
1351,4,5,0.0002785134913406217,1.51927037608461e-05,1500
1352,5,5,0.0008294162494278686,0.00012677657254834884,1500
1353,4,4,0.00017659598786714078,7.578015914165298e-06,1500
1354,0,0,0.0009924678507326813,0.00033219103885798645,1500
1355,0,5,0.0005769069999702956,6.509957690066492e-05,1500
1357,4,4,0.00041691570219133363,4.438426929283353e-05,1500
1356,4,5,0.0009700073943511922,0.00018687131320667294,1500
1358,4,5,0.0009247522083185848,0.00016093146401955326,1500
1360,5,5,0.0002115121380809111,8.415082085941165e-06,1500
1359,3,5,0.0009306206501573349,0.0001601698450768763,1500
1361,2,5,0.007900398450202288,0.011576378588005648,1500
1362,3,5,0.0006950434331877858,9.236398433554593e-05,1500
1364,4,5,0.0013586474676201387,0.0003648968087495444,1500
1363,4,5,0.0007423469109315125,0.00010488499429148281,1500
1365,2,5,0.00064881982303971,7.928016364887361e-05,1500
1366,0,5,0.0008024839517630143,0.00011819959211762118,1500
1368,1,5,0.001024770638695065,0.0002076450550261424,1500
1367,3,5,0.0017260644211160785,0.0005705329691128721,1500
1369,0,0,2.826698238729901,191.75618938542402,1500
1370,3,4,0.0016118295105661618,0.0006678829187731005,1500
1372,3,5,0.00027025565189315904,1.3955835566962501e-05,1500
1371,4,5,0.0003946266960436284,2.911100266726551e-05,1500
1373,5,5,0.00023438010821229914,1.0849887497236154e-05,1500
1374,3,5,0.0012189321889436641,0.0002803022087413974,1500
1375,2,5,0.0014310396668254348,0.00039432202858063066,1500
1376,5,5,0.001141262168846727,0.0002465355692003097,1500
1377,5,5,0.0008886304171927625,0.0001549907473792213,1500
1378,5,5,0.0009865978911675374,0.00018208435914612443,1500
1379,4,4,0.00023942642566745215,1.52762708436991e-05,1500
1380,4,5,0.0003098905152790166,1.9847458452181516e-05,1500
1381,1,5,0.001701319907550688,0.0006016809430943869,1500
1382,4,4,0.000163034450730606,6.665757829365659e-06,1500
1384,3,5,0.00019636285139790988,7.309452492763323e-06,1500
1383,4,5,0.0014090271725542898,0.00037016516296784104,1500
1385,5,5,0.0004145940972348517,3.4225811005957905e-05,1500
1386,5,5,0.0002597359440197363,1.2505019662465307e-05,1500
1387,5,5,0.0011859845797676071,0.0002680357100426682,1500
1388,5,5,0.00038470562888995796,2.7713002394977575e-05,1500
1389,3,5,0.0005549934366844363,6.007250960530805e-05,1500
1390,3,5,0.001824904025261969,0.0006137416021994655,1500
1391,3,5,0.0019538967378485827,0.0007950327925989856,1500
1392,5,5,0.00040103158756215295,3.1167487620508e-05,1500
1393,0,0,0.0005484400579103363,0.00010145836171149656,1500
1394,3,5,0.00041206257930567346,3.153096044726553e-05,1500
1395,5,5,0.0016341861392659858,0.0004991419087052196,1500
1396,4,5,0.00011288093437612282,2.4838332901879593e-06,1500
1397,4,5,0.0021539306043244434,0.001042655812317944,1500
1398,5,5,8.93125087601232e-05,1.5068822178635127e-06,1500
1399,5,5,0.00010458142258406389,2.1100000939812724e-06,1500
1400,5,5,0.0007901735530208811,0.00012055708534150294,1500
1401,4,5,0.0008670060316963821,0.0001388821578385143,1500
1402,3,0,0.006039211041475177,0.012291707176492531,1500
1403,4,4,0.00015412926726247571,6.223692757066313e-06,1500
1404,0,0,0.00018957893207661915,1.2143792929510384e-05,1500
1406,5,5,0.00039773045443803007,2.943132904047058e-05,1500
1405,3,5,0.0006309244257978929,7.459091757931409e-05,1500
1407,4,5,0.0030658309589484943,0.001820655190076695,1500
1408,4,0,2.809741016044866,234.50527798321423,1500
1409,4,5,0.0012626719566011934,0.00031205355331769734,1500
1410,3,5,0.0008507687819571418,0.00014040093861979902,1500
1411,4,5,0.005488468134757376,0.0057623560811120595,1500
1412,4,4,0.00025832223901572286,1.9088109895363315e-05,1500
1413,0,0,0.00024720587242862486,2.0615703743562907e-05,1500
1414,4,5,0.0016313821876054943,0.0005232390956343028,1500
1415,5,5,0.0019350128125294656,0.0007156491952642465,1500
1416,3,5,0.05015432502881345,0.5095258474665566,1500
1417,3,5,0.0002819868502516159,1.484376123125519e-05,1500
1418,3,5,0.0009448477757130276,0.0001701630100761229,1500
1419,5,5,0.00036404102420729194,2.4709150906548454e-05,1500
1421,0,5,0.0006645870153941338,8.439648975634138e-05,1500
1420,3,5,0.0006822695611148633,9.169414845549214e-05,1500
1422,4,5,0.0006913845443500161,9.160243327655593e-05,1500
1423,2,5,0.0008511273698523052,0.00013482702334571944,1500
1424,4,5,0.000194974281140436,7.155555300620043e-06,1500
1425,5,5,0.0002731741783894055,1.3885718245339858e-05,1500
1427,3,5,0.0002840663728659288,1.5146897171783405e-05,1500
1426,3,5,0.0009167052599095797,0.0001599839283588592,1500
1428,3,4,0.0007210642669690997,0.00016014286377248832,1500
1429,5,5,7.462983412162032e-05,1.0720029384283167e-06,1500
1430,4,5,0.000509241389606053,4.909915558977265e-05,1500
1431,5,5,0.0006696424262958755,8.336402022774238e-05,1500
1432,1,1,0.00041767760385416446,5.4914035948196795e-05,1500
1433,5,5,0.0011147953069333015,0.00023375561772837847,1500
1434,5,5,0.0014220575391543846,0.00038310604723008543,1500
1435,4,4,0.0005232337519279292,7.226901512203119e-05,1500
1436,5,5,0.00019585469093573454,7.533083109421739e-06,1500
1437,3,5,0.0005350024660432213,5.356039724935506e-05,1500
1438,3,5,0.001452948134545979,0.0003981926830679148,1500
1439,3,4,8.211951131578612e-05,1.8729194190931373e-06,1500
1440,0,5,0.0012779599750517045,0.0003220666042326008,1500
1442,4,5,0.0004653852516637675,4.201269230543483e-05,1500
1441,4,5,0.0005850991824403658,6.988595088664751e-05,1500
1443,3,5,0.0007094857167105531,9.584999699513102e-05,1500
1444,5,5,0.0004403379016999535,3.891854615737476e-05,1500
1445,1,5,0.0010686555183660627,0.00022461175249970236,1500
1446,3,5,0.0006381396154195431,8.214244129968051e-05,1500
1447,4,4,0.0005410186397306109,7.87011001817376e-05,1500
1448,1,5,0.0012341997258457538,0.0002978175400198101,1500
1449,0,5,0.000848890732111058,0.00013864681725261728,1500
1450,1,5,0.00027272780187776244,1.3957139233536476e-05,1500
1451,4,5,0.0006256291669815819,7.593496822704809e-05,1500
1452,4,4,0.00020753044030361934,1.137080596085596e-05,1500
1453,5,5,0.0004208100127139855,3.278683472788127e-05,1500
1454,0,0,0.0009218166804671043,0.0002869586500271231,1500
1455,5,5,0.0007754806543609681,0.00012498505330362295,1500
1456,4,5,0.0012436030196036308,0.00028814401413738744,1500
1457,0,5,0.0004115617975382483,3.4054781632468916e-05,1500
1458,5,5,0.000667067688489401,8.383869296618005e-05,1500
1459,3,5,0.001517555287730637,0.0004313062860034202,1500
1460,2,5,0.0008363296645987774,0.00013504832238745828,1500
1461,3,5,0.00018302319548530016,6.30465846800409e-06,1500
1462,5,5,0.00092504823278713,0.00016134374449527488,1500
1463,3,5,0.00038595016799734214,2.8645297962634574e-05,1500
1464,5,5,0.0002167884415894137,9.203031136590978e-06,1500
1465,0,5,0.006077554241833788,0.007053377849355301,1500
1466,1,5,0.00019042147802183565,6.971456016084399e-06,1500
1467,4,4,7.290951626220192e-05,1.3675849390253637e-06,1500
1468,4,5,0.0006804157876121092,8.634069686813338e-05,1500
1469,4,4,0.00013208876345373815,4.2361002076897216e-06,1500
1470,0,0,0.0012480437652859792,0.0005259778943756542,1500
1471,3,5,0.005484344671416748,0.0057807618985451946,1500
1472,4,5,0.0016226774163630724,0.0005052495368191107,1500
1473,5,5,0.0005592237283011739,6.0828612127350796e-05,1500
1474,5,5,0.00018113902589497147,6.453106714745162e-06,1500
1475,2,5,0.0013522812652817092,0.0003667867727163299,1500
1476,4,5,0.005815204313332303,0.006765069545227518,1500
1477,4,5,0.00037635112983278724,2.6335360709703288e-05,1500
1478,1,1,0.00030821137757083253,2.9882310411111152e-05,1500
1479,1,1,0.0002590616909469782,2.113062123216195e-05,1500
1480,3,5,0.0004734946206866084,4.195276386453868e-05,1500
1481,3,5,0.001277601339381571,0.00030857949257735105,1500
1482,1,1,0.0012357467383202723,0.000480610669404121,1500
1483,4,5,0.002506230440185723,0.0012086691708529825,1500
1484,1,1,0.0005294841030416749,8.830034371895182e-05,1500
1485,0,0,0.003513090662356699,0.0041650752632064044,1500
1486,5,5,0.00035680123224009273,2.478052202780559e-05,1500
1487,5,5,0.0003580996791383465,2.4097358948365707e-05,1500
1488,3,5,0.0008583667454207728,0.00013705729947839981,1500
1489,3,5,0.0008569326292625254,0.0001367801334151442,1500
1490,3,5,0.0006664633091979915,9.055715689659922e-05,1500
1491,4,5,0.00013668019796290472,3.425222461535463e-06,1500
1492,1,5,0.0004796778820050678,4.556653630779514e-05,1500
1493,4,5,0.0009512686633502213,0.00018118610427215575,1500
1494,2,4,0.000493316420844957,7.169153059145935e-05,1500
1495,3,5,0.0026071741364555524,0.0012971901131469746,1500
1496,4,4,6.509332079339675e-05,1.2678957823423655e-06,1500
1497,3,5,0.000551462452856104,5.912491909913185e-05,1500
1498,0,0,0.00039436076138136606,5.24989372211856e-05,1500
1499,3,0,0.00021428471018534583,1.5520642594083898e-05,1500
1500,1,5,0.00010075432068648612,2.037029180638051e-06,1500
1501,3,5,0.0011036786471782475,0.00023266528866825944,1500
1503,5,5,0.001060660756010764,0.00021277037983366266,1500
1502,4,5,0.0004811511577410208,4.297340650330377e-05,1500
1504,4,5,0.0009859360656748802,0.00018748617039961778,1500
1505,5,5,0.0015613984534440792,0.0005101614821784278,1500
1506,3,5,0.00025794488477047365,1.2887769237992572e-05,1500
1507,1,1,0.00043897244203430975,6.067998151154726e-05,1500
1508,3,4,0.00028370930768341617,2.539289354511322e-05,1500
1509,0,5,0.003046993780868226,0.0017605402508282895,1500
1510,4,5,0.0008016972973726985,0.00012229598254108364,1500
1511,2,4,0.0004041607000457847,4.1949043138622646e-05,1500
1512,5,5,0.0005421155649659865,5.524535527015005e-05,1500
1513,5,5,0.0009132932348334703,0.00015680438885341732,1500
1514,2,5,0.0007918612731659206,0.0001225894009269757,1500
1516,0,0,0.001511993053207281,0.0007710783154511306,1500
1515,0,0,0.0006253555807897209,0.00013206493524877414,1500
1517,5,5,0.00018360010299827502,6.431254880305998e-06,1500
1518,3,5,0.0008654212434150008,0.0001423192218272018,1500
1519,2,5,0.0010455951796531071,0.00021095115477718965,1500
1521,4,5,0.00019424459153968358,7.618926621865775e-06,1500
1520,0,5,0.0006981777299270384,9.299239401576552e-05,1500
1522,2,5,0.0007506288294633484,0.00010493461565489658,1500
1523,1,5,0.0011486109368566315,0.0002459709425586567,1500
1524,2,5,0.0007470164605142808,0.00011204495706635791,1500
1525,1,5,0.0007035756822074618,9.712519318661806e-05,1500
1526,4,4,0.0003565580406649768,3.6478617456348365e-05,1500
1527,0,5,0.0008108143660780228,0.00012951407409113067,1500
1528,2,5,0.0016017241836858097,0.0005040569170542565,1500
1529,3,5,0.0006025597886876867,7.07022870763015e-05,1500
1530,1,1,0.0005010576083688762,7.907915324652202e-05,1500
1531,4,4,0.00012027135567841236,3.836942027400043e-06,1500
1532,4,5,0.0007381528913875709,0.0001152028216161226,1500
1533,4,4,0.0003455598708428778,2.9305687448284724e-05,1500
1534,3,5,0.0012716941706075228,0.0003084606978196445,1500
1535,3,5,0.0014138877085235805,0.00038687641583479387,1500
1536,0,0,2.328872267417279,213.88934640746714,1500
1538,4,5,0.0009650433089542068,0.0001776018141902074,1500
1537,3,5,0.00040325634756479466,3.081689187917088e-05,1500
1539,0,5,0.0006843566825371094,9.116822227912081e-05,1500
1540,3,5,0.003883598431996999,0.0028911096282669586,1500
1541,0,0,0.0005590941132992254,0.00010565479487091871,1500
1542,2,1,0.00039528253299478004,4.9156075216892714e-05,1500
1543,4,0,0.0011012780554370647,0.0004097006167419227,1500
1544,3,5,0.0025830146799366268,0.0013395290354179235,1500
1545,4,5,0.0006493566991022892,7.816993666608615e-05,1500
1547,4,0,0.0009623573777279259,0.000312063679875124,1500
1546,3,5,0.00012190512784409606,2.728134974208488e-06,1500
1548,4,4,0.00020926700512016982,1.1262583830819344e-05,1500
1549,5,5,0.0006752738296536325,8.630169891970737e-05,1500
1551,5,5,0.0004699210011620469,4.363757555193783e-05,1500
1550,3,5,0.004470191988112184,0.003933961445195106,1500
1552,2,4,0.0002153598222276089,1.3102240821175289e-05,1500
1553,3,5,0.0010266138324867026,0.0001954448393223958,1500
1555,4,5,0.0005552092781342644,6.106029156679683e-05,1500
1554,5,5,0.0004947755788773476,5.100639397245398e-05,1500
1556,4,5,0.0013157759564361255,0.00034198220743267873,1500
1557,3,5,0.0010664551346458266,0.00021543172263756484,1500
1558,3,5,0.0011344739909631993,0.0002408199890416929,1500
1559,4,5,0.001999377614697348,0.000856561105503896,1500
1560,5,5,0.0005128472627889559,4.971723089851494e-05,1500
1561,4,0,0.0011483717612403483,0.00044500805563107016,1500
1562,4,5,0.0009812243821091813,0.0001819082465999054,1500
1563,3,5,0.0004035772282099719,3.0537478455455935e-05,1500
1564,0,5,0.0010852267316788968,0.00021587640834674855,1500
1565,3,5,0.000579871395738906,7.143458395521947e-05,1500
1566,4,4,9.203257654578753e-05,2.3034524389358906e-06,1500
1568,5,5,0.0004134280969315053,3.356385372842234e-05,1500
1567,4,5,0.0008815998690092822,0.00014750978741029762,1500
1569,4,4,0.0001535736571490657,7.072564740884111e-06,1500
1570,5,5,0.0001886502991794791,6.664358521074751e-06,1500
1571,5,5,0.0003289945770372719,2.0273103488154885e-05,1500
1573,5,5,0.0007502340496785435,0.00010822462575307011,1500
1572,4,4,0.0006453752936704566,0.00011552705286443162,1500
1574,5,5,0.00039823755803987604,3.104319248696182e-05,1500
1575,5,5,0.0007901567977750783,0.0001214038430345064,1500
1576,4,5,0.0008674283770858399,0.00014046487413933237,1500
1577,5,5,0.0004702022123654689,4.334557848336441e-05,1500
1578,3,5,0.0005493247509218123,5.77293685936151e-05,1500
1579,2,5,0.0004420042420347537,3.6130508624670804e-05,1500
1580,4,5,0.0007827976950526852,0.00011991312713010077,1500
1581,1,5,0.0010334498385363787,0.00023235323517570733,1500
1582,3,5,0.0007318313679329379,0.00010761073522073281,1500
1583,4,4,0.00019035358941670396,9.324409009594335e-06,1500
1584,5,5,0.00074509012936277,0.00010595442919006113,1500
1585,3,5,0.0002796282677672422,1.4475517882650109e-05,1500
1586,3,5,0.0008702378615422466,0.0001412404793638004,1500
1587,5,5,0.00044373905124210476,3.7834205048865925e-05,1500
1588,2,5,0.0009969299523723116,0.00018704596780134164,1500
1589,5,5,0.0008715732881557663,0.00015225545619282927,1500
1590,5,5,0.00012809116085586546,3.0689376215116887e-06,1500
1591,3,5,0.0007108165237549337,9.921443823743415e-05,1500
1592,4,5,0.0015627131597581374,0.0004629465752047045,1500
1594,4,5,0.00040184695128403703,2.9700130662204797e-05,1500
1595,4,4,0.0002649444923259367,1.678297737401366e-05,1500
1593,1,5,0.0004152404243956298,3.26035667753665e-05,1500
1596,0,5,0.0002588339456903679,1.2842006014387612e-05,1500
1597,4,4,0.00019600125823273672,9.825006768161957e-06,1500
1598,3,5,0.0010596638218823146,0.00020557962420262902,1500
1599,0,5,0.001859350805915061,0.0007054552152207733,1500
1600,5,5,0.0006893765106075103,9.285102049799937e-05,1500
1602,3,0,0.0006448929282702414,0.00014042169658159243,1500
1601,1,5,0.0010058658204831084,0.00018893089781429057,1500
1603,3,5,0.0029759545045677203,0.0017482830104901793,1500
1604,3,0,3.201761790934994,214.6234804579227,1500
1605,1,1,0.0001004950554923823,3.1806638131715316e-06,1500
1606,4,4,4.35030446542347e-05,5.155589119748995e-07,1500
1607,4,5,0.001936927295399018,0.0007132197449580657,1500
1608,3,5,0.0018759988485735,0.0006960970038169949,1500
1609,4,5,0.0034405009690104556,0.0022054448562193046,1500
1610,5,5,0.0003227513774029422,1.9806151015727704e-05,1500
1611,4,5,0.0008186835572160271,0.00013401161818790832,1500
1612,3,5,0.0007508553075998067,0.00011036055514406544,1500
1614,0,5,0.0010170332065138,0.00020106640899993645,1500
1613,1,5,0.000977510045387698,0.00017963926238260367,1500
1615,4,5,0.00527172822883196,0.0056829592286641185,1500
1616,2,5,0.0009916336482438458,0.0001896542666531459,1500
1617,4,5,0.001198870867577577,0.0002685863417586072,1500
1618,3,5,0.0008519401720496184,0.00013421810871186066,1500
1620,5,5,0.0010507952271425105,0.0002078177111829534,1500
1619,4,4,0.0004785994101496242,5.772064404498386e-05,1500
1621,2,5,0.0007205678346923034,9.823337308702482e-05,1500
1622,5,5,0.0002916433846670918,1.62575105467847e-05,1500
1623,5,5,0.00036891886263630444,2.6631933765440613e-05,1500
1624,5,5,0.0008055407139016458,0.00013405679696897976,1500
1625,1,5,0.0008447568051813487,0.00014807771652675973,1500
1626,3,5,0.0010060725961437912,0.00019217957511693824,1500
1627,5,5,0.0010970132792015017,0.0002370685917414126,1500
1629,3,1,0.00012949543674612056,5.277525436874227e-06,1500
1628,4,5,0.00031921245932385156,1.8946050025685703e-05,1500
1630,4,5,0.0005024931845306639,5.2795587254064366e-05,1500
1631,3,5,0.0017482351561640202,0.000582665608385896,1500
1632,5,5,0.0006749093829176494,8.710495641739993e-05,1500
1633,4,5,0.0003184518992935764,1.9425393090524505e-05,1500
1634,3,5,0.0007209963613220971,9.704046187184302e-05,1500
1635,0,0,0.0002075698845281984,1.4536186363361335e-05,1500
1636,5,5,0.000493853966154357,4.6758183802308546e-05,1500
1638,5,5,0.0008444775982155831,0.00013385203576840357,1500
1637,2,5,0.0012939102022491013,0.0003172976275787942,1500
1639,4,5,0.0005666360278075022,6.249269093327779e-05,1500
1640,0,5,0.0021653175291235305,0.0009080786390000271,1500
1641,5,5,0.001230160748822787,0.000291710948686186,1500
1642,4,4,0.00013865723002323314,5.812833070751248e-06,1500
1643,0,0,0.00030611966927559614,3.1703759979517026e-05,1500
1644,5,5,0.0012398870709432529,0.0002943351648030507,1500
1645,0,0,0.001415321330760204,0.0006761629617518737,1500
1646,4,4,0.00019370548163198794,9.670387548751143e-06,1500
1647,4,5,0.0017927820558672146,0.0006128309003231189,1500
1648,4,5,0.0009898727600055005,0.00019106407142500113,1500
1649,3,5,0.0012404386865040693,0.00029462650298385333,1500
1650,1,5,4.203692719279461,355.8830801398585,1500
1651,0,5,0.0005531230745845923,5.825183055637482e-05,1500
1652,2,5,0.0004366240338484093,3.742751860619297e-05,1500
1653,4,4,0.00014216978723608902,5.46773961073585e-06,1500
1654,3,5,0.0004174569960141355,3.331562916508777e-05,1500
1655,4,5,0.0019733878817060698,0.0007581991463963441,1500
1656,4,5,0.0003258444714317048,1.9862244505442596e-05,1500
1657,3,5,0.0004688099653610443,4.105700286401706e-05,1500
1658,4,1,0.0005892304674246928,0.00010924450796708039,1500
1659,3,5,0.0007486592351398778,0.0001083542608135993,1500
1660,2,1,0.0010007592919330705,0.00031519685188932005,1500
1661,0,5,0.0004777047346983795,4.38180526563476e-05,1500
1663,5,5,0.0014531301554037185,0.0003957291350699646,1500
1664,3,5,0.0011697017451814064,0.00026008516115575716,1500
1662,0,0,2.5134956459687414,216.43730793187882,1500
1665,5,5,0.00022899484441848405,1.0717838400639135e-05,1500
1666,5,5,0.00020546055983784197,8.149474187591885e-06,1500
1667,3,5,0.0013383768047255814,0.00033640968813859924,1500
1669,4,5,0.0005471130910071232,5.7986541005087615e-05,1500
1668,3,5,0.001031538620966036,0.00020696182820200117,1500
1670,5,5,0.00025515847842624937,1.2558632646328075e-05,1500
1671,1,5,0.0017087663461584416,0.0005885844968428322,1500
1672,3,1,0.0004929410637395968,7.654263647556332e-05,1500
1673,3,5,0.0004988158933835472,4.66738298154438e-05,1500
1674,3,5,0.00042394715215497377,3.304688229836555e-05,1500
1676,4,5,0.0013535273991964502,0.00036575632833653343,1500
1675,5,5,4.704166883958451,404.5947898965365,1500
1677,5,5,0.0004339719145624616,3.610726024296941e-05,1500
1678,5,5,0.0007442140574348509,0.0001057962158843246,1500
1679,5,5,0.00022606874330430375,9.760937358972652e-06,1500
1680,3,5,0.0002948645359018634,1.683947939919619e-05,1500
1681,4,4,0.00027198133517341764,1.8659975772567227e-05,1500
1682,3,5,0.0006062402976563611,7.18110423195012e-05,1500
1683,3,5,0.0006422323317161594,8.077277048669255e-05,1500
1684,3,5,0.0004974634535640299,5.074110225598853e-05,1500
1685,4,5,0.0007404162637848902,0.00010761234961115396,1500
1686,3,5,0.0035680236383974382,0.0023783125993772987,1500
1687,3,5,0.0003451713941076147,2.2308573692664775e-05,1500
1688,0,0,0.0025465857234767916,0.0021831795456207287,1500
1689,5,5,0.0005758908867617102,6.149860122326415e-05,1500
1691,0,5,0.001011438652176832,0.00019466314289955756,1500
1690,4,4,0.00024306583509960656,2.1070640951328386e-05,1500
1692,4,4,0.0004533783376769799,5.773358778255144e-05,1500
1693,4,4,7.4838654624781e-05,1.552226037933416e-06,1500
1694,3,5,0.0019483648943777977,0.0007178115798138827,1500
1695,3,5,0.0011258496234531313,0.00024097786359254965,1500
1696,0,5,0.004332793605832994,0.003465191189982554,1500
1697,4,4,0.00021475255860921232,1.2816821616038495e-05,1500
1698,3,5,0.002561762170698734,0.001230361873510085,1500
1699,1,1,0.0009344627084424942,0.00027505594825920354,1500
1700,4,5,0.001998615043343938,0.0007975031179924657,1500
1701,4,5,0.00037317175824214696,2.713045721870689e-05,1500
1703,5,5,0.0019247005507659863,0.0007850905483184718,1500
1702,0,5,0.0021140481905378805,0.0008508939537928612,1500
1704,0,0,2.4929487795034477,226.1888731767122,1500
1705,4,4,0.0001703664485850477,8.242730294552069e-06,1500
1706,4,4,0.00038296167390818123,4.420318566064206e-05,1500
1708,5,5,0.00010101008844622216,1.9311745294604747e-06,1500
1707,4,5,0.001790288780536953,0.0006106824898613723,1500
1710,4,4,0.0005518613739090168,7.380551605113503e-05,1500
1709,3,5,0.0022410672811039463,0.0010126151335391623,1500
1711,5,5,0.0024814743821211203,0.0012115408045369261,1500
1712,4,5,0.0006820547574812888,8.696146116601089e-05,1500
1713,4,4,0.0005743682270825622,8.167923094841854e-05,1500
1714,4,5,0.0009770385388567849,0.00018140951697597277,1500
1716,4,4,0.0003676443071822673,3.4967899801836616e-05,1500
1715,3,5,0.0008305425968785804,0.00012878224397980405,1500
1717,5,5,0.001630160612416997,0.0005105423192420499,1500
1718,3,5,0.0003682994187634543,2.5364760536738753e-05,1500
1719,3,5,0.0005819054465291296,6.639772687326833e-05,1500
1720,3,5,0.0003403977499196534,2.3489980723753755e-05,1500
1721,3,5,0.0004011883841746377,3.074785576443004e-05,1500
1723,4,5,9.159459883823828e-05,1.6113157021111427e-06,1500
1724,2,5,0.0003309127751940016,2.1312292586734102e-05,1500
1722,4,5,0.0019675751182439546,0.0007252538932512396,1500
1725,1,5,0.0029559850134462467,0.001690052307032808,1500
1727,2,5,0.0019200672546358796,0.0007314297957093639,1500
1726,1,5,0.0004882041053947734,4.4924624781482496e-05,1500
1728,1,5,0.00020048637265927629,7.419003824370392e-06,1500
1729,4,5,0.000797184970699239,0.00012303927768650907,1500
1730,5,5,0.00038720455913704324,2.9078628667257268e-05,1500
1731,3,5,0.001190279658492418,0.00026805230956579304,1500
1732,3,5,0.0002428708696997478,1.1399583714560676e-05,1500
1733,3,1,0.0004841144611836287,7.383659420610301e-05,1500
1734,4,5,0.0003855974145299808,2.8162045648610772e-05,1500
1735,4,5,0.00138015154012889,0.00035806656784451906,1500
1736,3,5,0.0008926999161309203,0.00014719923214722165,1500
1737,3,5,0.001240448355533861,0.00030478459639582736,1500
1738,4,5,0.00014865780553307192,4.12785331859332e-06,1500
1739,2,5,0.0003259337933133758,2.025029981208748e-05,1500
1740,5,5,0.000396793300472645,3.2005842912863155e-05,1500
1741,0,0,0.0002751825294959346,2.5593920223988224e-05,1500
1742,3,5,0.007120400860833531,0.009482558078672688,1500
1743,1,5,4.19225551144551,368.2357263356929,1500
1744,0,4,12.486680345226834,1121.9695659483034,1500
1745,0,0,0.0003480657955526258,4.099850640999718e-05,1500
1746,3,5,0.0010227088002648663,0.00020643621619606395,1500
1747,4,5,0.001010564571367129,0.00019558177048673234,1500
1748,3,5,0.0004784353420231378,4.452968897220537e-05,1500
1749,5,5,0.00031519966406878136,1.9635011949883514e-05,1500
1750,2,5,0.0006786913989755217,8.58457535670064e-05,1500
1751,4,4,0.0002274384690687014,1.4435627947555318e-05,1500
1752,1,0,0.0012162641798734947,0.0004982644958322807,1500
1753,4,5,0.0011640542095398966,0.00025339948309873166,1500
1755,2,5,0.001227732182449114,0.00028315089508609766,1500
1754,2,5,5.323963757948994,445.05919578821135,1500
1756,5,5,0.000480609314017981,4.4168935946017576e-05,1500
1757,3,5,0.0003193289901091275,1.926236057722076e-05,1500
1758,3,5,0.0011318627349566535,0.0002388970143002898,1500
1759,3,5,0.0061248790804389695,0.007022046413299076,1500
1760,0,0,3.1265849668694177,217.60073696137727,1500
1761,3,1,0.0006424440632522063,0.00013002462088311138,1500
1763,3,5,0.0006383372393239034,7.620622981590933e-05,1500
1762,3,5,0.0007712058323411369,0.00011216720119391942,1500
1764,3,5,0.001655209548035564,0.0005307439446469915,1500
1765,5,5,0.0013112451074431062,0.00032474801361026594,1500
1766,3,5,0.0014489393498258957,0.0004060807948432983,1500
1767,4,4,0.0005190793974851893,6.657111069965978e-05,1500
1768,4,5,0.0007145880143976504,0.00010550305656940253,1500
1769,3,5,0.004159448782408328,0.0033747980938605266,1500
1770,4,5,0.003158021613509784,0.001870185739786032,1500
1771,3,1,0.0003924781229667656,4.846191445449628e-05,1500
1772,3,5,0.0012043510484596117,0.0002789029522070886,1500
1773,3,5,0.0025336107977527527,0.0012288030781363818,1500
1774,4,1,0.0002581734455708737,2.0983986987018656e-05,1500
1775,1,1,0.0005256835926701225,8.679363290157419e-05,1500
1776,4,5,0.000321959454163243,1.982481075683296e-05,1500
1777,0,0,0.0004440628192298775,6.661192731406446e-05,1500
1778,4,5,0.0016334009129698908,0.0005090185916870071,1500
1779,2,5,0.001297306461041895,0.0003281565633961612,1500
1780,5,5,0.0006565667505185626,8.241598783620475e-05,1500
1782,4,5,0.001462815020865424,0.00046405597328642465,1500
1781,3,5,0.00024334461590568278,1.1295885945917256e-05,1500
1783,5,5,0.00043982380804206354,3.676273878580883e-05,1500
1785,4,4,0.000179888898788825,8.13959550808634e-06,1500
1784,0,0,0.0008627332177001837,0.0002517440013892283,1500
1786,2,5,0.0010950809171975898,0.00022452882109794977,1500
1787,5,5,0.00018607677478790327,6.47796506539995e-06,1500
1788,2,5,0.0012714720286259526,0.00030422924092649354,1500
1790,5,5,0.0002688979502492368,1.4159571715070013e-05,1500
1789,5,5,0.0004349463169961827,3.565051269407492e-05,1500
1791,4,5,0.0009605821876070992,0.00017200934935578116,1500
1792,0,0,0.002384691152683438,0.0019179030041683051,1500
1793,3,5,0.000854399459454204,0.0001395991752204917,1500
1794,4,4,0.00046176840219682287,5.2823867671612015e-05,1500
1795,5,5,0.0022084125271765735,0.0009178169847179261,1500
1796,3,5,0.00027295001416677024,1.5083069551677774e-05,1500
1797,3,5,0.000987607312714612,0.00018477411598547534,1500
1798,4,5,0.002162384182680541,0.0008745248700805634,1500
1799,3,5,0.00040834115238553876,3.2283519363579205e-05,1500
1800,3,5,0.0003697505563178529,2.6420739633482883e-05,1500
1801,5,5,0.001434738152797698,0.0003884112738407741,1500
1802,1,1,0.00017083749689123345,9.189761997786612e-06,1500
1803,0,0,0.001790267984841107,0.001082205304792541,1500
1804,5,1,0.00020447615779266038,1.3163704793351717e-05,1500
1805,3,5,0.00014823137410202052,4.3591927554140185e-06,1500
1806,5,5,0.0017496996824008443,0.0005851458436245639,1500
1807,1,4,0.0005913581949128705,9.480201402830562e-05,1500
1808,4,4,0.0003995185155565665,4.3339388771077776e-05,1500
1809,3,5,0.0010948331144319567,0.00022776279645683525,1500
1811,0,5,0.0004953704722751897,4.779478305672253e-05,1500
1810,3,5,0.00037921376803057684,2.723450178099594e-05,1500
1812,0,0,0.000451638931635492,6.895874444797173e-05,1500
1813,5,5,5.07454335716527,412.09492555396116,1500
1814,4,5,0.0005326275372404844,5.7415371942267856e-05,1500
1815,3,5,0.0010961606667417513,0.00023315542560616644,1500
1816,0,0,0.001496227379530431,0.0007566287772594967,1500
1817,2,5,0.0003228132618967009,2.0681390687057454e-05,1500
1818,2,4,0.0007136207438777296,0.00015908821626616434,1500
1820,3,5,0.00053970366636,5.369490970842531e-05,1500
1819,3,5,0.000983386936549931,0.00018978611367099005,1500
1821,4,5,0.00017725889427938583,6.035308732371995e-06,1500
1822,3,5,0.0003829464175120623,2.9496382765199537e-05,1500
1823,1,1,0.0003103246318455282,3.0303664713920853e-05,1500
1824,4,5,0.0002153000781062859,8.68085464105191e-06,1500
1825,4,5,0.00021108128353469307,8.41814590031547e-06,1500
1826,0,5,0.0006544866001864517,9.031662830238437e-05,1500
1827,5,5,0.0005835610037228154,6.288558648278214e-05,1500
1828,3,5,0.0004159694845443234,3.324353300379039e-05,1500
1829,1,5,0.0008986664048465223,0.00015457596043749636,1500
1830,3,5,0.0011764958120180043,0.00026968971541847396,1500
1831,4,5,0.0008991592414996107,0.00015544007189958615,1500
1833,1,1,0.0002296054522086457,1.660224147067983e-05,1500
1832,0,0,2.8148959323354616,222.23113177612757,1500
1834,4,5,0.001005959878025995,0.000192950535987726,1500
1835,3,5,0.0008433220083691808,0.00013525784226184876,1500
1836,4,5,0.001509684930682556,0.00042587898928108053,1500
1837,1,5,0.0003120769858111136,1.8407852354535532e-05,1500
1838,1,1,0.000183964871910317,1.0660679455012276e-05,1500
1839,4,5,0.0002818411724812102,1.558808435000645e-05,1500
1841,3,5,0.0007908341797780762,0.00012004702590650567,1500
1840,4,5,0.0013076156933995201,0.0003245345302117512,1500
1842,3,5,0.0003115482312578583,1.885645415259236e-05,1500
1843,5,5,0.0005838075024763875,6.429447384903898e-05,1500
1844,5,5,0.00018129991186105625,6.71623490902328e-06,1500
1845,4,4,0.0005725466969607218,8.10498231576153e-05,1500
1847,1,5,0.0026688264301126603,0.0013502168789903703,1500
1846,0,5,0.0020107573893388495,0.0007522629741698753,1500
1849,0,0,0.00023891888021453282,1.927774826723054e-05,1500
1848,3,5,0.002465942971241641,0.0011522509751454545,1500
1851,3,5,0.00133350552621671,0.00033054571528431676,1500
1850,2,5,0.002401221978122543,0.0010852486507402406,1500
1852,0,5,0.0011743929720871712,0.00025934278177420117,1500
1854,5,5,0.0002925066952405348,1.64613105828493e-05,1500
1853,5,5,0.0009484703174567047,0.00016797517796139123,1500
1855,2,5,0.0016094304490322986,0.00048661663372676057,1500
1856,4,5,0.002061158990232282,0.0007938324307537005,1500
1858,0,0,2.643070758126466,217.42721665494622,1500
1857,0,0,0.0010451181034759943,0.00036889526464861433,1500
1860,5,5,0.00029180635846804955,1.566756971419631e-05,1500
1859,3,5,0.0015393321986175437,0.0004582735340953002,1500
1861,4,5,0.00014900471460721135,4.3050457690216135e-06,1500
1864,5,5,0.00012941720312544753,3.468829438952812e-06,1500
1862,4,5,0.002676712610606825,0.0013555286439773792,1500
1863,3,5,0.0021254381458940437,0.0008530055371596373,1500
1865,0,5,0.0005692026853595291,5.932315247827706e-05,1500
1867,3,5,0.002794832709105343,0.0014804687524518586,1500
1866,4,5,0.00029520830073425774,1.8214234264243053e-05,1500
1868,4,5,0.0003951264890613984,2.9377851736742442e-05,1500
1869,3,5,0.0008882799838115988,0.00014839950482497982,1500
1872,5,5,0.00027768254081438813,1.560108408248546e-05,1500
1870,0,0,0.0005259101661475677,9.344812962198126e-05,1500
1873,0,0,0.0005620577604741338,0.00010668700223807265,1500
1871,2,5,0.0006226203862773298,7.379820758516602e-05,1500
1875,0,0,0.0003787989421571436,4.8483275946380116e-05,1500
1874,1,5,0.0017245843628260077,0.0005579570268300951,1500
1878,5,5,0.00036777300141509526,2.848749246581533e-05,1500
1877,3,0,0.0025559842011126273,0.00220787458534972,1500
1876,2,5,0.002295487761038308,0.0010186241399018896,1500
1880,2,5,0.00039303546367125327,2.9098608906338265e-05,1500
1882,0,0,0.002267036244517548,0.0017356403549054914,1500
1881,5,5,0.00018266354215546953,6.203475548675776e-06,1500
1879,4,4,6.284397741192074e-05,1.0603320150946625e-06,1500
1883,4,4,0.0004680473429202413,5.7020592390077035e-05,1500
1884,0,0,0.00042932925592623365,6.240017279866378e-05,1500
1885,4,5,0.0008762695755236701,0.0001449928007608275,1500
1886,0,0,0.0003146351500427292,3.346625162673435e-05,1500
1887,2,0,0.00019240203496785654,1.2520875169273987e-05,1500
1888,3,5,0.0028634675110150594,0.0015716965644409103,1500
1889,4,5,0.0009670821817439406,0.00017923970993562917,1500
1890,3,5,0.0018148864960178697,0.0006319732412553456,1500
1891,1,5,0.002333126744602521,0.0010311604863908971,1500
1892,3,5,0.0023220992634694106,0.0009981050073693805,1500
1893,4,5,0.001194848216796267,0.00026633979712801283,1500
1894,4,4,0.00048384527291354316,5.749908562202901e-05,1500
1895,3,5,0.0001377220741270447,3.692974782354247e-06,1500
1896,4,5,0.006434417025902882,0.007675693678582575,1500
1898,5,5,0.0002432110008378264,1.0912822932552677e-05,1500
1897,0,5,0.001753455916683978,0.0005722510477164278,1500
1899,0,5,0.00047349380544035305,4.999139501379911e-05,1500
1900,5,5,0.0006161383957099958,7.150723206408849e-05,1500
1901,4,4,0.0003454473793618684,3.0253821526650808e-05,1500
1903,4,5,0.0010532878644867133,0.00020957837825729498,1500
1902,0,5,0.013904992436529706,0.03752659845788281,1500
1904,3,5,0.0009123850758825349,0.00016333805086882685,1500
1905,4,5,0.0008977048904497124,0.00014920785196811796,1500
1906,1,1,0.0003000630590772993,2.8353164081716043e-05,1500
1907,4,5,0.0005078673361835317,4.9565747285503935e-05,1500
1908,2,5,0.0011979234473618418,0.0002765587047757801,1500
1909,5,5,0.0014724013783204875,0.0004104592582116386,1500
1910,1,1,8.482097683225077e-05,2.2657632427597126e-06,1500
1911,4,4,0.000117206673707487,3.8090066789002166e-06,1500
1912,0,5,0.0007282973904720122,0.00010467861485461158,1500
1913,3,5,0.0005725906040442973,6.145487440991257e-05,1500
1914,4,4,0.001089892219303855,0.0003608148128720778,1500
1915,3,5,0.00026190522001058315,1.3236246752018373e-05,1500
1916,5,5,0.0011729282906901737,0.00026066569244906633,1500
1917,0,0,2.951458783782443,227.38222453579934,1500
1918,0,5,3.0502595705756574,355.4176199159738,1500
1919,2,5,0.0017910443804731093,0.0006278329565842096,1500
1921,3,5,0.000917388944802415,0.0001582204102176287,1500
1920,3,5,0.00033312460208196454,2.085606678866835e-05,1500
1923,5,5,0.00013656258522085828,3.783640921461506e-06,1500
1922,2,5,0.00019619093017170824,7.3036309667882825e-06,1500
1924,3,5,0.001687091368607343,0.0005278599413772349,1500
1925,3,0,2.830072152285252,222.6404908007249,1500
1926,5,5,0.00017836986675548021,6.285346083140473e-06,1500
1927,4,5,0.0012523105297645,0.00029501782734716453,1500
1928,4,4,0.00020874945077588801,1.0811406341374833e-05,1500
1929,4,4,0.00017417762884762862,7.558352301446773e-06,1500
1930,3,5,0.0019014597587324572,0.0007026569919931895,1500
1931,0,1,0.00037359797444174277,4.395588848563906e-05,1500
1932,3,5,0.0003306678600397037,2.0564818737034975e-05,1500
1933,5,5,0.00020947898974600112,8.297798676546027e-06,1500
1934,2,5,0.0021884230017028784,0.0009573843017908805,1500
1936,3,4,0.0018198928686137367,0.0009205249242436517,1500
1935,4,5,0.010452018226844093,0.02068576534222891,1500
1937,3,5,0.0024074476427722847,0.001084087149644885,1500
1938,3,5,0.001085705146180266,0.00022385641220701739,1500
1939,3,5,0.0003337284650116266,2.130416077211309e-05,1500
1940,4,5,0.0007857394453033929,0.00011973249279887423,1500
1941,1,1,0.0004398190070407437,6.089012033805855e-05,1500
1942,4,4,0.00020455026192018174,1.1265369978831122e-05,1500
1943,5,5,0.0005711736913930964,6.19104860512143e-05,1500
1945,2,5,0.000865278029134245,0.00013874128197922584,1500
1944,3,5,0.0010997941985363732,0.00022582857435289377,1500
1946,4,5,0.0009818710672800143,0.00018042320894330748,1500
1947,2,1,0.0002533555950082198,2.0200167851505566e-05,1500
1948,5,5,0.0005963315330995969,6.786172312381493e-05,1500
1949,5,5,0.0007400622245115329,0.00010598107088656424,1500
1950,0,0,0.0003328867953120187,3.745728009402545e-05,1500
1951,0,5,0.004010385492718605,0.0033689539597138054,1500
1952,1,5,0.001713296844619699,0.0005578898989439368,1500
1953,3,0,0.00017753424277642868,1.0648467038583558e-05,1500
1954,0,0,0.0006689912077518285,0.00015109601505694032,1500
1956,5,5,0.0001418346085463985,3.6921343443278914e-06,1500
1955,1,5,0.0006944921564564535,9.06251072557423e-05,1500
1957,2,5,0.0018628288954074324,0.0006553671550506582,1500
1958,1,1,0.0008351533544402705,0.00021942237949129428,1500
1960,3,5,0.0007689869565767947,0.00011377218499062222,1500
1959,4,5,0.0010221717100036326,0.00019984799433276864,1500
1961,4,5,0.0008533576725915702,0.0001353057686643468,1500
1962,3,5,0.0005728542795798822,6.191639140868135e-05,1500
1963,3,5,0.0004852429326765896,4.4090259014326886e-05,1500
1964,1,5,0.0011780614205258845,0.00026117245124339313,1500
1966,3,5,0.0005513518513613341,5.780472040544821e-05,1500
1965,4,5,0.00022741173337107243,9.919297684718953e-06,1500
1968,5,5,0.0013585231426746398,0.0003764874766293391,1500
1967,4,5,0.02616200818104512,0.12770044667785818,1500
1969,4,4,0.00017014408927874648,7.64569993877841e-06,1500
1970,5,5,0.0003855998767172697,2.8741084221988644e-05,1500
1971,3,5,0.0017914882433796486,0.00062922176210831,1500
1972,0,0,2.008761516771367,207.5114822179276,1500
1973,3,4,0.0008483978500741914,0.00018835210124772359,1500
1974,3,5,0.0006849370303603194,9.781515533025263e-05,1500
1975,0,5,0.0025421268612952816,0.0012344669266840507,1500
1976,4,5,0.001373857198780969,0.0003502708010030709,1500
1977,3,5,0.00035890665414545296,2.4401663855247587e-05,1500
1978,4,5,0.0007182428330014394,9.555281821720289e-05,1500
1980,4,5,0.0015394914650052136,0.0004585520084575788,1500
1979,3,5,0.0030018042274303296,0.0017906986594291112,1500
1981,1,5,0.0006377655929314805,7.633126561201285e-05,1500
1982,3,5,0.0016255429056118277,0.0004898100007086798,1500
1983,2,4,0.00014750646905023606,5.5363598452739186e-06,1500
1984,5,5,0.0006950209109364358,9.145113362833774e-05,1500
1985,0,0,0.0005801086945996329,0.00011356802596638041,1500
1987,0,5,0.0014947771623153574,0.00042998190819715866,1500
1988,4,5,0.00013508437678220878,3.4848747605547835e-06,1500
1986,4,5,0.000488829477579696,4.422957815099243e-05,1500
1989,0,0,0.0008944317698148624,0.00027001143040514985,1500
1990,3,5,0.001139541364670946,0.0002452499514007939,1500
1991,1,1,0.0013504072330180572,0.0005738971866716831,1500
1992,4,5,0.001624101341133893,0.0005076391877519395,1500
1993,4,4,0.00031008190342820895,2.6644040697588228e-05,1500
1994,0,0,0.00012153675190757624,4.9921417500991e-06,1500
1995,3,5,0.0007806488933895924,0.00011504335837304332,1500
1996,0,5,0.0008125448812683114,0.00012466391308654922,1500
1997,3,5,0.0005907461837515856,6.667905473753267e-05,1500
1998,3,5,0.0004706381198116259,4.312944290233406e-05,1500
1999,4,5,0.0006884841041877076,8.883574003071783e-05,1500
