function,category,tags,method,mean_time_s,mean_best_f,median_best_f,sr_1e-1,sr_1e-2,sr_1e-3,sr_1e-4,sr_1e-5,sr_1e-7,sr_1e-10,evals_succ_mean,evals_succ_med,ert,ecdf_auc,mean_optima_found,mean_optima_rate,n_optima,pr_1e-2,pr_1e-4,mmo_sr_1e-2,mmo_sr_1e-4,cec_k,cec_pr_1e-1,cec_pr_1e-2,cec_pr_1e-3,cec_pr_1e-4,cec_pr_1e-5,cec_sr_1e-1,cec_sr_1e-2,cec_sr_1e-3,cec_sr_1e-4,cec_sr_1e-5,cec_pr_mean,cec_sr_mean,n_reported,cec_pre_1e-1,cec_pre_1e-2,cec_pre_1e-3,cec_pre_1e-4,cec_pre_1e-5,cec_f1_1e-1,cec_f1_1e-2,cec_f1_1e-3,cec_f1_1e-4,cec_f1_1e-5,cec_f1_mean
F01-Sphere,separable,unimodal|separable|well-conditioned|smooth,LSHADE-SPACMA,0.219,0.0000e+00,0.0000e+00,100%,100%,100%,100%,100%,100%,100%,2072,2058,2072,0.1935,1.00,1.00,1,1.00,1.00,100%,100%,N/A,N/A,N/A,N/A,N/A,N/A,N/A,N/A,N/A,N/A,N/A,N/A,N/A,N/A,N/A,N/A,N/A,N/A,N/A,N/A,N/A,N/A,N/A,N/A,N/A
F01-Sphere,separable,unimodal|separable|well-conditioned|smooth,MOS,1.204,0.0000e+00,0.0000e+00,100%,100%,100%,100%,100%,100%,100%,1055,1046,1055,0.2657,1.00,1.00,1,1.00,1.00,100%,100%,N/A,N/A,N/A,N/A,N/A,N/A,N/A,N/A,N/A,N/A,N/A,N/A,N/A,N/A,N/A,N/A,N/A,N/A,N/A,N/A,N/A,N/A,N/A,N/A,N/A
F01-Sphere,separable,unimodal|separable|well-conditioned|smooth,EBOwithCMAR,0.800,0.0000e+00,0.0000e+00,100%,100%,100%,100%,100%,100%,100%,3414,3491,3414,0.1437,1.00,1.00,1,1.00,1.00,100%,100%,N/A,N/A,N/A,N/A,N/A,N/A,N/A,N/A,N/A,N/A,N/A,N/A,N/A,N/A,N/A,N/A,N/A,N/A,N/A,N/A,N/A,N/A,N/A,N/A,N/A
F01-Sphere,separable,unimodal|separable|well-conditioned|smooth,jSO,0.716,0.0000e+00,0.0000e+00,100%,100%,100%,100%,100%,100%,100%,3773,3778,3773,0.1357,1.00,1.00,1,1.00,1.00,100%,100%,N/A,N/A,N/A,N/A,N/A,N/A,N/A,N/A,N/A,N/A,N/A,N/A,N/A,N/A,N/A,N/A,N/A,N/A,N/A,N/A,N/A,N/A,N/A,N/A,N/A
F01-Sphere,separable,unimodal|separable|well-conditioned|smooth,L-SRTDE,0.913,0.0000e+00,0.0000e+00,100%,100%,100%,100%,100%,100%,100%,2150,2177,2150,0.1922,1.00,1.00,1,1.00,1.00,100%,100%,N/A,N/A,N/A,N/A,N/A,N/A,N/A,N/A,N/A,N/A,N/A,N/A,N/A,N/A,N/A,N/A,N/A,N/A,N/A,N/A,N/A,N/A,N/A,N/A,N/A
F01-Sphere,separable,unimodal|separable|well-conditioned|smooth,IMODE,0.454,0.0000e+00,0.0000e+00,100%,100%,100%,100%,100%,100%,100%,7158,7334,7158,0.0716,1.00,1.00,1,1.00,1.00,100%,100%,N/A,N/A,N/A,N/A,N/A,N/A,N/A,N/A,N/A,N/A,N/A,N/A,N/A,N/A,N/A,N/A,N/A,N/A,N/A,N/A,N/A,N/A,N/A,N/A,N/A
F01-Sphere,separable,unimodal|separable|well-conditioned|smooth,ELSHADE-SPACMA,0.505,0.0000e+00,0.0000e+00,100%,100%,100%,100%,100%,100%,100%,3247,3260,3247,0.1482,1.00,1.00,1,1.00,1.00,100%,100%,N/A,N/A,N/A,N/A,N/A,N/A,N/A,N/A,N/A,N/A,N/A,N/A,N/A,N/A,N/A,N/A,N/A,N/A,N/A,N/A,N/A,N/A,N/A,N/A,N/A
F01-Sphere,separable,unimodal|separable|well-conditioned|smooth,APGSK-IMODE,0.479,0.0000e+00,0.0000e+00,100%,100%,100%,100%,100%,100%,100%,5957,6054,5957,0.0894,1.00,1.00,1,1.00,1.00,100%,100%,N/A,N/A,N/A,N/A,N/A,N/A,N/A,N/A,N/A,N/A,N/A,N/A,N/A,N/A,N/A,N/A,N/A,N/A,N/A,N/A,N/A,N/A,N/A,N/A,N/A
F01-Sphere,separable,unimodal|separable|well-conditioned|smooth,SPS-L-SHADE-EIG,0.951,0.0000e+00,0.0000e+00,100%,100%,100%,100%,100%,100%,100%,5148,5090,5148,0.1056,1.00,1.00,1,1.00,1.00,100%,100%,N/A,N/A,N/A,N/A,N/A,N/A,N/A,N/A,N/A,N/A,N/A,N/A,N/A,N/A,N/A,N/A,N/A,N/A,N/A,N/A,N/A,N/A,N/A,N/A,N/A
F01-Sphere,separable,unimodal|separable|well-conditioned|smooth,CoBiDE,0.734,1.0606e-11,6.7573e-12,100%,100%,100%,100%,100%,100%,100%,4967,5020,4967,0.1035,1.00,1.00,1,1.00,1.00,100%,100%,N/A,N/A,N/A,N/A,N/A,N/A,N/A,N/A,N/A,N/A,N/A,N/A,N/A,N/A,N/A,N/A,N/A,N/A,N/A,N/A,N/A,N/A,N/A,N/A,N/A
F01-Sphere,separable,unimodal|separable|well-conditioned|smooth,LSHADE-cnEpSin,7.835,0.0000e+00,0.0000e+00,100%,100%,100%,100%,100%,100%,100%,3655,3696,3655,0.1340,1.00,1.00,1,1.00,1.00,100%,100%,N/A,N/A,N/A,N/A,N/A,N/A,N/A,N/A,N/A,N/A,N/A,N/A,N/A,N/A,N/A,N/A,N/A,N/A,N/A,N/A,N/A,N/A,N/A,N/A,N/A
F01-Sphere,separable,unimodal|separable|well-conditioned|smooth,CMA-ES,11.230,0.0000e+00,0.0000e+00,100%,100%,100%,100%,100%,100%,100%,441,426,441,0.3575,1.00,1.00,1,1.00,1.00,100%,100%,N/A,N/A,N/A,N/A,N/A,N/A,N/A,N/A,N/A,N/A,N/A,N/A,N/A,N/A,N/A,N/A,N/A,N/A,N/A,N/A,N/A,N/A,N/A,N/A,N/A
F01-Sphere,separable,unimodal|separable|well-conditioned|smooth,IPOP-CMA-ES,1.492,5.6843e-15,0.0000e+00,100%,100%,100%,100%,100%,100%,100%,422,415,422,0.3611,1.00,1.00,1,1.00,1.00,100%,100%,N/A,N/A,N/A,N/A,N/A,N/A,N/A,N/A,N/A,N/A,N/A,N/A,N/A,N/A,N/A,N/A,N/A,N/A,N/A,N/A,N/A,N/A,N/A,N/A,N/A
F01-Sphere,separable,unimodal|separable|well-conditioned|smooth,BIPOP-CMA-ES,1.578,7.1054e-16,0.0000e+00,100%,100%,100%,100%,100%,100%,100%,422,415,422,0.3611,1.00,1.00,1,1.00,1.00,100%,100%,N/A,N/A,N/A,N/A,N/A,N/A,N/A,N/A,N/A,N/A,N/A,N/A,N/A,N/A,N/A,N/A,N/A,N/A,N/A,N/A,N/A,N/A,N/A,N/A,N/A
F01-Sphere,separable,unimodal|separable|well-conditioned|smooth,DE,0.683,0.0000e+00,0.0000e+00,100%,100%,100%,100%,100%,100%,100%,1711,1698,1711,0.2137,1.00,1.00,1,1.00,1.00,100%,100%,N/A,N/A,N/A,N/A,N/A,N/A,N/A,N/A,N/A,N/A,N/A,N/A,N/A,N/A,N/A,N/A,N/A,N/A,N/A,N/A,N/A,N/A,N/A,N/A,N/A
F01-Sphere,separable,unimodal|separable|well-conditioned|smooth,L-SHADE,0.860,0.0000e+00,0.0000e+00,100%,100%,100%,100%,100%,100%,100%,5048,5074,5048,0.1082,1.00,1.00,1,1.00,1.00,100%,100%,N/A,N/A,N/A,N/A,N/A,N/A,N/A,N/A,N/A,N/A,N/A,N/A,N/A,N/A,N/A,N/A,N/A,N/A,N/A,N/A,N/A,N/A,N/A,N/A,N/A
F01-Sphere,separable,unimodal|separable|well-conditioned|smooth,MC-ESO,4.248,0.0000e+00,0.0000e+00,100%,100%,100%,100%,100%,100%,100%,1867,1912,1867,0.2330,1.00,1.00,1,1.00,1.00,100%,100%,N/A,N/A,N/A,N/A,N/A,N/A,N/A,N/A,N/A,N/A,N/A,N/A,N/A,N/A,N/A,N/A,N/A,N/A,N/A,N/A,N/A,N/A,N/A,N/A,N/A
F09-RosenbrockRot,moderate-cond,unimodal|non-separable|bent-valley,LSHADE-SPACMA,0.403,0.0000e+00,0.0000e+00,100%,100%,100%,100%,100%,100%,100%,5070,5158,5070,0.0963,1.00,1.00,1,1.00,1.00,100%,100%,N/A,N/A,N/A,N/A,N/A,N/A,N/A,N/A,N/A,N/A,N/A,N/A,N/A,N/A,N/A,N/A,N/A,N/A,N/A,N/A,N/A,N/A,N/A,N/A,N/A
F09-RosenbrockRot,moderate-cond,unimodal|non-separable|bent-valley,MOS,1.241,1.9142e-10,9.9476e-14,100%,100%,100%,100%,100%,100%,90%,5953,5734,5953,0.0804,1.00,1.00,1,1.00,1.00,100%,100%,N/A,N/A,N/A,N/A,N/A,N/A,N/A,N/A,N/A,N/A,N/A,N/A,N/A,N/A,N/A,N/A,N/A,N/A,N/A,N/A,N/A,N/A,N/A,N/A,N/A
F09-RosenbrockRot,moderate-cond,unimodal|non-separable|bent-valley,EBOwithCMAR,0.864,1.2790e-14,1.4211e-14,100%,100%,100%,100%,100%,100%,100%,9465,9489,9465,0.0333,1.00,1.00,1,1.00,1.00,100%,100%,N/A,N/A,N/A,N/A,N/A,N/A,N/A,N/A,N/A,N/A,N/A,N/A,N/A,N/A,N/A,N/A,N/A,N/A,N/A,N/A,N/A,N/A,N/A,N/A,N/A
F09-RosenbrockRot,moderate-cond,unimodal|non-separable|bent-valley,jSO,0.726,0.0000e+00,0.0000e+00,100%,100%,100%,100%,100%,100%,100%,7065,7074,7065,0.0582,1.00,1.00,1,1.00,1.00,100%,100%,N/A,N/A,N/A,N/A,N/A,N/A,N/A,N/A,N/A,N/A,N/A,N/A,N/A,N/A,N/A,N/A,N/A,N/A,N/A,N/A,N/A,N/A,N/A,N/A,N/A
F09-RosenbrockRot,moderate-cond,unimodal|non-separable|bent-valley,L-SRTDE,0.815,1.9654e-01,0.0000e+00,95%,95%,95%,95%,95%,95%,95%,3758,3689,4416,0.1190,0.95,0.95,1,0.95,0.95,95%,95%,N/A,N/A,N/A,N/A,N/A,N/A,N/A,N/A,N/A,N/A,N/A,N/A,N/A,N/A,N/A,N/A,N/A,N/A,N/A,N/A,N/A,N/A,N/A,N/A,N/A
F09-RosenbrockRot,moderate-cond,unimodal|non-separable|bent-valley,IMODE,0.436,1.0438e-12,1.0445e-12,100%,100%,100%,100%,100%,100%,100%,10934,10923,10934,0.0143,1.00,1.00,1,1.00,1.00,100%,100%,N/A,N/A,N/A,N/A,N/A,N/A,N/A,N/A,N/A,N/A,N/A,N/A,N/A,N/A,N/A,N/A,N/A,N/A,N/A,N/A,N/A,N/A,N/A,N/A,N/A
F09-RosenbrockRot,moderate-cond,unimodal|non-separable|bent-valley,ELSHADE-SPACMA,0.461,0.0000e+00,0.0000e+00,100%,100%,100%,100%,100%,100%,100%,6932,6926,6932,0.0624,1.00,1.00,1,1.00,1.00,100%,100%,N/A,N/A,N/A,N/A,N/A,N/A,N/A,N/A,N/A,N/A,N/A,N/A,N/A,N/A,N/A,N/A,N/A,N/A,N/A,N/A,N/A,N/A,N/A,N/A,N/A
F09-RosenbrockRot,moderate-cond,unimodal|non-separable|bent-valley,APGSK-IMODE,0.393,5.9823e-02,4.1429e-02,80%,20%,0%,0%,0%,0%,0%,inf,inf,inf,0.0016,0.00,0.00,1,0.20,0.00,20%,0%,N/A,N/A,N/A,N/A,N/A,N/A,N/A,N/A,N/A,N/A,N/A,N/A,N/A,N/A,N/A,N/A,N/A,N/A,N/A,N/A,N/A,N/A,N/A,N/A,N/A
F09-RosenbrockRot,moderate-cond,unimodal|non-separable|bent-valley,SPS-L-SHADE-EIG,0.898,1.8161e-04,2.5031e-08,100%,100%,95%,90%,80%,55%,15%,11639,11597,13028,0.0098,0.90,0.90,1,1.00,0.90,100%,90%,N/A,N/A,N/A,N/A,N/A,N/A,N/A,N/A,N/A,N/A,N/A,N/A,N/A,N/A,N/A,N/A,N/A,N/A,N/A,N/A,N/A,N/A,N/A,N/A,N/A
F09-RosenbrockRot,moderate-cond,unimodal|non-separable|bent-valley,CoBiDE,0.661,2.0699e-03,9.5374e-04,100%,95%,60%,0%,0%,0%,0%,inf,inf,inf,0.0068,0.00,0.00,1,0.95,0.00,95%,0%,N/A,N/A,N/A,N/A,N/A,N/A,N/A,N/A,N/A,N/A,N/A,N/A,N/A,N/A,N/A,N/A,N/A,N/A,N/A,N/A,N/A,N/A,N/A,N/A,N/A
F09-RosenbrockRot,moderate-cond,unimodal|non-separable|bent-valley,LSHADE-cnEpSin,7.539,5.7554e-14,0.0000e+00,100%,100%,100%,100%,100%,100%,100%,9316,9428,9316,0.0391,1.00,1.00,1,1.00,1.00,100%,100%,N/A,N/A,N/A,N/A,N/A,N/A,N/A,N/A,N/A,N/A,N/A,N/A,N/A,N/A,N/A,N/A,N/A,N/A,N/A,N/A,N/A,N/A,N/A,N/A,N/A
F09-RosenbrockRot,moderate-cond,unimodal|non-separable|bent-valley,CMA-ES,10.550,7.8617e-01,0.0000e+00,80%,80%,80%,80%,80%,80%,80%,1663,1628,4788,0.1744,0.80,0.80,1,0.80,0.80,80%,80%,N/A,N/A,N/A,N/A,N/A,N/A,N/A,N/A,N/A,N/A,N/A,N/A,N/A,N/A,N/A,N/A,N/A,N/A,N/A,N/A,N/A,N/A,N/A,N/A,N/A
F09-RosenbrockRot,moderate-cond,unimodal|non-separable|bent-valley,IPOP-CMA-ES,1.679,3.5527e-15,0.0000e+00,100%,100%,100%,100%,100%,100%,100%,1893,1675,1893,0.2063,1.00,1.00,1,1.00,1.00,100%,100%,N/A,N/A,N/A,N/A,N/A,N/A,N/A,N/A,N/A,N/A,N/A,N/A,N/A,N/A,N/A,N/A,N/A,N/A,N/A,N/A,N/A,N/A,N/A,N/A,N/A
F09-RosenbrockRot,moderate-cond,unimodal|non-separable|bent-valley,BIPOP-CMA-ES,1.823,2.8422e-15,0.0000e+00,100%,100%,100%,100%,100%,100%,100%,1855,1675,1855,0.2075,1.00,1.00,1,1.00,1.00,100%,100%,N/A,N/A,N/A,N/A,N/A,N/A,N/A,N/A,N/A,N/A,N/A,N/A,N/A,N/A,N/A,N/A,N/A,N/A,N/A,N/A,N/A,N/A,N/A,N/A,N/A
F09-RosenbrockRot,moderate-cond,unimodal|non-separable|bent-valley,DE,0.675,1.6312e+00,6.5777e-01,15%,5%,5%,5%,0%,0%,0%,5873,5873,243373,0.0054,0.05,0.05,1,0.05,0.05,5%,5%,N/A,N/A,N/A,N/A,N/A,N/A,N/A,N/A,N/A,N/A,N/A,N/A,N/A,N/A,N/A,N/A,N/A,N/A,N/A,N/A,N/A,N/A,N/A,N/A,N/A
F09-RosenbrockRot,moderate-cond,unimodal|non-separable|bent-valley,L-SHADE,0.772,0.0000e+00,0.0000e+00,100%,100%,100%,100%,100%,100%,100%,8674,8597,8674,0.0386,1.00,1.00,1,1.00,1.00,100%,100%,N/A,N/A,N/A,N/A,N/A,N/A,N/A,N/A,N/A,N/A,N/A,N/A,N/A,N/A,N/A,N/A,N/A,N/A,N/A,N/A,N/A,N/A,N/A,N/A,N/A
F09-RosenbrockRot,moderate-cond,unimodal|non-separable|bent-valley,MC-ESO,4.136,7.8617e-01,0.0000e+00,80%,80%,80%,80%,80%,80%,80%,5773,5672,8898,0.0752,0.80,0.80,1,0.80,0.80,80%,80%,N/A,N/A,N/A,N/A,N/A,N/A,N/A,N/A,N/A,N/A,N/A,N/A,N/A,N/A,N/A,N/A,N/A,N/A,N/A,N/A,N/A,N/A,N/A,N/A,N/A
F17-SchafferF7,multimodal,multimodal|non-separable|global-structure|moderate-cond,LSHADE-SPACMA,0.487,0.0000e+00,0.0000e+00,100%,100%,100%,100%,100%,100%,100%,4231,4186,4231,0.1198,1.00,1.00,1,1.00,1.00,100%,100%,N/A,N/A,N/A,N/A,N/A,N/A,N/A,N/A,N/A,N/A,N/A,N/A,N/A,N/A,N/A,N/A,N/A,N/A,N/A,N/A,N/A,N/A,N/A,N/A,N/A
F17-SchafferF7,multimodal,multimodal|non-separable|global-structure|moderate-cond,MOS,1.102,7.3442e-04,1.9237e-06,100%,95%,95%,95%,75%,35%,15%,4212,3906,4870,0.1117,0.95,0.95,1,0.95,0.95,95%,95%,N/A,N/A,N/A,N/A,N/A,N/A,N/A,N/A,N/A,N/A,N/A,N/A,N/A,N/A,N/A,N/A,N/A,N/A,N/A,N/A,N/A,N/A,N/A,N/A,N/A
F17-SchafferF7,multimodal,multimodal|non-separable|global-structure|moderate-cond,EBOwithCMAR,0.802,1.2479e-05,2.3569e-06,100%,100%,100%,100%,75%,5%,0%,9809,9729,9809,0.0401,1.00,1.00,1,1.00,1.00,100%,100%,N/A,N/A,N/A,N/A,N/A,N/A,N/A,N/A,N/A,N/A,N/A,N/A,N/A,N/A,N/A,N/A,N/A,N/A,N/A,N/A,N/A,N/A,N/A,N/A,N/A
F17-SchafferF7,multimodal,multimodal|non-separable|global-structure|moderate-cond,jSO,0.772,1.1848e-06,4.2770e-10,100%,100%,100%,100%,95%,90%,45%,8884,8855,8884,0.0458,1.00,1.00,1,1.00,1.00,100%,100%,N/A,N/A,N/A,N/A,N/A,N/A,N/A,N/A,N/A,N/A,N/A,N/A,N/A,N/A,N/A,N/A,N/A,N/A,N/A,N/A,N/A,N/A,N/A,N/A,N/A
F17-SchafferF7,multimodal,multimodal|non-separable|global-structure|moderate-cond,L-SRTDE,0.747,2.1561e-06,3.5527e-15,100%,100%,100%,100%,95%,60%,60%,5030,5019,5030,0.1000,1.00,1.00,1,1.00,1.00,100%,100%,N/A,N/A,N/A,N/A,N/A,N/A,N/A,N/A,N/A,N/A,N/A,N/A,N/A,N/A,N/A,N/A,N/A,N/A,N/A,N/A,N/A,N/A,N/A,N/A,N/A
F17-SchafferF7,multimodal,multimodal|non-separable|global-structure|moderate-cond,IMODE,0.380,2.4049e-02,2.1104e-02,100%,15%,5%,0%,0%,0%,0%,inf,inf,inf,0.0025,0.00,0.00,1,0.15,0.00,15%,0%,N/A,N/A,N/A,N/A,N/A,N/A,N/A,N/A,N/A,N/A,N/A,N/A,N/A,N/A,N/A,N/A,N/A,N/A,N/A,N/A,N/A,N/A,N/A,N/A,N/A
F17-SchafferF7,multimodal,multimodal|non-separable|global-structure|moderate-cond,ELSHADE-SPACMA,0.449,9.0293e-08,0.0000e+00,100%,100%,100%,100%,100%,95%,95%,6563,6526,6563,0.0750,1.00,1.00,1,1.00,1.00,100%,100%,N/A,N/A,N/A,N/A,N/A,N/A,N/A,N/A,N/A,N/A,N/A,N/A,N/A,N/A,N/A,N/A,N/A,N/A,N/A,N/A,N/A,N/A,N/A,N/A,N/A
F17-SchafferF7,multimodal,multimodal|non-separable|global-structure|moderate-cond,APGSK-IMODE,0.340,1.3462e-03,1.2688e-03,100%,100%,35%,0%,0%,0%,0%,inf,inf,inf,0.0094,0.00,0.00,1,1.00,0.00,100%,0%,N/A,N/A,N/A,N/A,N/A,N/A,N/A,N/A,N/A,N/A,N/A,N/A,N/A,N/A,N/A,N/A,N/A,N/A,N/A,N/A,N/A,N/A,N/A,N/A,N/A
F17-SchafferF7,multimodal,multimodal|non-separable|global-structure|moderate-cond,SPS-L-SHADE-EIG,0.772,8.3988e-06,2.7874e-06,100%,100%,100%,100%,60%,20%,0%,11526,11585,11526,0.0217,1.00,1.00,1,1.00,1.00,100%,100%,N/A,N/A,N/A,N/A,N/A,N/A,N/A,N/A,N/A,N/A,N/A,N/A,N/A,N/A,N/A,N/A,N/A,N/A,N/A,N/A,N/A,N/A,N/A,N/A,N/A
F17-SchafferF7,multimodal,multimodal|non-separable|global-structure|moderate-cond,CoBiDE,0.611,5.8617e-03,5.4553e-03,100%,100%,0%,0%,0%,0%,0%,inf,inf,inf,0.0139,0.00,0.00,1,1.00,0.00,100%,0%,N/A,N/A,N/A,N/A,N/A,N/A,N/A,N/A,N/A,N/A,N/A,N/A,N/A,N/A,N/A,N/A,N/A,N/A,N/A,N/A,N/A,N/A,N/A,N/A,N/A
F17-SchafferF7,multimodal,multimodal|non-separable|global-structure|moderate-cond,LSHADE-cnEpSin,7.095,9.8142e-06,6.3807e-06,100%,100%,100%,100%,70%,0%,0%,11578,11597,11578,0.0263,1.00,1.00,1,1.00,1.00,100%,100%,N/A,N/A,N/A,N/A,N/A,N/A,N/A,N/A,N/A,N/A,N/A,N/A,N/A,N/A,N/A,N/A,N/A,N/A,N/A,N/A,N/A,N/A,N/A,N/A,N/A
F17-SchafferF7,multimodal,multimodal|non-separable|global-structure|moderate-cond,CMA-ES,2.207,2.0687e-01,2.7707e-03,80%,55%,40%,15%,15%,5%,5%,1063,1061,71897,0.0916,0.15,0.15,1,0.55,0.15,55%,15%,N/A,N/A,N/A,N/A,N/A,N/A,N/A,N/A,N/A,N/A,N/A,N/A,N/A,N/A,N/A,N/A,N/A,N/A,N/A,N/A,N/A,N/A,N/A,N/A,N/A
F17-SchafferF7,multimodal,multimodal|non-separable|global-structure|moderate-cond,IPOP-CMA-ES,1.556,1.8679e-07,5.4907e-12,100%,100%,100%,100%,100%,85%,85%,4946,4292,4946,0.1529,1.00,1.00,1,1.00,1.00,100%,100%,N/A,N/A,N/A,N/A,N/A,N/A,N/A,N/A,N/A,N/A,N/A,N/A,N/A,N/A,N/A,N/A,N/A,N/A,N/A,N/A,N/A,N/A,N/A,N/A,N/A
F17-SchafferF7,multimodal,multimodal|non-separable|global-structure|moderate-cond,BIPOP-CMA-ES,1.586,7.7377e-04,2.2601e-07,100%,95%,90%,75%,75%,35%,35%,6244,7516,10411,0.1227,0.75,0.75,1,0.95,0.75,95%,75%,N/A,N/A,N/A,N/A,N/A,N/A,N/A,N/A,N/A,N/A,N/A,N/A,N/A,N/A,N/A,N/A,N/A,N/A,N/A,N/A,N/A,N/A,N/A,N/A,N/A
F17-SchafferF7,multimodal,multimodal|non-separable|global-structure|moderate-cond,DE,0.547,7.7994e-12,1.4939e-12,100%,100%,100%,100%,100%,100%,95%,5265,5260,5265,0.0992,1.00,1.00,1,1.00,1.00,100%,100%,N/A,N/A,N/A,N/A,N/A,N/A,N/A,N/A,N/A,N/A,N/A,N/A,N/A,N/A,N/A,N/A,N/A,N/A,N/A,N/A,N/A,N/A,N/A,N/A,N/A
F17-SchafferF7,multimodal,multimodal|non-separable|global-structure|moderate-cond,L-SHADE,0.519,2.3731e-05,1.5603e-07,100%,100%,100%,95%,90%,35%,0%,10382,10466,11040,0.0303,0.95,0.95,1,1.00,0.95,100%,95%,N/A,N/A,N/A,N/A,N/A,N/A,N/A,N/A,N/A,N/A,N/A,N/A,N/A,N/A,N/A,N/A,N/A,N/A,N/A,N/A,N/A,N/A,N/A,N/A,N/A
F17-SchafferF7,multimodal,multimodal|non-separable|global-structure|moderate-cond,MC-ESO,2.204,2.7685e-02,1.1237e-02,95%,45%,35%,20%,5%,0%,0%,7826,7566,57826,0.0390,0.20,0.20,1,0.45,0.20,45%,20%,N/A,N/A,N/A,N/A,N/A,N/A,N/A,N/A,N/A,N/A,N/A,N/A,N/A,N/A,N/A,N/A,N/A,N/A,N/A,N/A,N/A,N/A,N/A,N/A,N/A
F02-EllipsoidalSep,separable,unimodal|separable|ill-conditioned,LSHADE-SPACMA,0.269,0.0000e+00,0.0000e+00,100%,100%,100%,100%,100%,100%,100%,3151,3146,3151,0.1454,1.00,1.00,1,1.00,1.00,100%,100%,N/A,N/A,N/A,N/A,N/A,N/A,N/A,N/A,N/A,N/A,N/A,N/A,N/A,N/A,N/A,N/A,N/A,N/A,N/A,N/A,N/A,N/A,N/A,N/A,N/A
F02-EllipsoidalSep,separable,unimodal|separable|ill-conditioned,MOS,1.224,0.0000e+00,0.0000e+00,100%,100%,100%,100%,100%,100%,100%,1778,1754,1778,0.2068,1.00,1.00,1,1.00,1.00,100%,100%,N/A,N/A,N/A,N/A,N/A,N/A,N/A,N/A,N/A,N/A,N/A,N/A,N/A,N/A,N/A,N/A,N/A,N/A,N/A,N/A,N/A,N/A,N/A,N/A,N/A
F02-EllipsoidalSep,separable,unimodal|separable|ill-conditioned,EBOwithCMAR,0.894,0.0000e+00,0.0000e+00,100%,100%,100%,100%,100%,100%,100%,5334,5335,5334,0.0891,1.00,1.00,1,1.00,1.00,100%,100%,N/A,N/A,N/A,N/A,N/A,N/A,N/A,N/A,N/A,N/A,N/A,N/A,N/A,N/A,N/A,N/A,N/A,N/A,N/A,N/A,N/A,N/A,N/A,N/A,N/A
F02-EllipsoidalSep,separable,unimodal|separable|ill-conditioned,jSO,0.754,0.0000e+00,0.0000e+00,100%,100%,100%,100%,100%,100%,100%,5713,5724,5713,0.0830,1.00,1.00,1,1.00,1.00,100%,100%,N/A,N/A,N/A,N/A,N/A,N/A,N/A,N/A,N/A,N/A,N/A,N/A,N/A,N/A,N/A,N/A,N/A,N/A,N/A,N/A,N/A,N/A,N/A,N/A,N/A
F02-EllipsoidalSep,separable,unimodal|separable|ill-conditioned,L-SRTDE,0.888,1.4211e-15,0.0000e+00,100%,100%,100%,100%,100%,100%,100%,3444,3450,3444,0.1366,1.00,1.00,1,1.00,1.00,100%,100%,N/A,N/A,N/A,N/A,N/A,N/A,N/A,N/A,N/A,N/A,N/A,N/A,N/A,N/A,N/A,N/A,N/A,N/A,N/A,N/A,N/A,N/A,N/A,N/A,N/A
F02-EllipsoidalSep,separable,unimodal|separable|ill-conditioned,IMODE,0.525,1.9895e-14,1.4211e-14,100%,100%,100%,100%,100%,100%,100%,9861,9861,9861,0.0288,1.00,1.00,1,1.00,1.00,100%,100%,N/A,N/A,N/A,N/A,N/A,N/A,N/A,N/A,N/A,N/A,N/A,N/A,N/A,N/A,N/A,N/A,N/A,N/A,N/A,N/A,N/A,N/A,N/A,N/A,N/A
F02-EllipsoidalSep,separable,unimodal|separable|ill-conditioned,ELSHADE-SPACMA,0.521,0.0000e+00,0.0000e+00,100%,100%,100%,100%,100%,100%,100%,4933,4934,4933,0.0984,1.00,1.00,1,1.00,1.00,100%,100%,N/A,N/A,N/A,N/A,N/A,N/A,N/A,N/A,N/A,N/A,N/A,N/A,N/A,N/A,N/A,N/A,N/A,N/A,N/A,N/A,N/A,N/A,N/A,N/A,N/A
F02-EllipsoidalSep,separable,unimodal|separable|ill-conditioned,APGSK-IMODE,0.489,3.2685e-14,1.4211e-14,100%,100%,100%,100%,100%,100%,100%,8124,8118,8124,0.0447,1.00,1.00,1,1.00,1.00,100%,100%,N/A,N/A,N/A,N/A,N/A,N/A,N/A,N/A,N/A,N/A,N/A,N/A,N/A,N/A,N/A,N/A,N/A,N/A,N/A,N/A,N/A,N/A,N/A,N/A,N/A
F02-EllipsoidalSep,separable,unimodal|separable|ill-conditioned,SPS-L-SHADE-EIG,0.920,0.0000e+00,0.0000e+00,100%,100%,100%,100%,100%,100%,100%,7675,7623,7675,0.0533,1.00,1.00,1,1.00,1.00,100%,100%,N/A,N/A,N/A,N/A,N/A,N/A,N/A,N/A,N/A,N/A,N/A,N/A,N/A,N/A,N/A,N/A,N/A,N/A,N/A,N/A,N/A,N/A,N/A,N/A,N/A
F02-EllipsoidalSep,separable,unimodal|separable|ill-conditioned,CoBiDE,0.730,1.1172e-08,9.4651e-09,100%,100%,100%,100%,100%,100%,0%,8313,8408,8313,0.0455,1.00,1.00,1,1.00,1.00,100%,100%,N/A,N/A,N/A,N/A,N/A,N/A,N/A,N/A,N/A,N/A,N/A,N/A,N/A,N/A,N/A,N/A,N/A,N/A,N/A,N/A,N/A,N/A,N/A,N/A,N/A
F02-EllipsoidalSep,separable,unimodal|separable|ill-conditioned,LSHADE-cnEpSin,8.131,0.0000e+00,0.0000e+00,100%,100%,100%,100%,100%,100%,100%,7593,7618,7593,0.0575,1.00,1.00,1,1.00,1.00,100%,100%,N/A,N/A,N/A,N/A,N/A,N/A,N/A,N/A,N/A,N/A,N/A,N/A,N/A,N/A,N/A,N/A,N/A,N/A,N/A,N/A,N/A,N/A,N/A,N/A,N/A
F02-EllipsoidalSep,separable,unimodal|separable|ill-conditioned,CMA-ES,3.035,2.8422e-15,0.0000e+00,100%,100%,100%,100%,100%,100%,100%,1184,1170,1184,0.2475,1.00,1.00,1,1.00,1.00,100%,100%,N/A,N/A,N/A,N/A,N/A,N/A,N/A,N/A,N/A,N/A,N/A,N/A,N/A,N/A,N/A,N/A,N/A,N/A,N/A,N/A,N/A,N/A,N/A,N/A,N/A
F02-EllipsoidalSep,separable,unimodal|separable|ill-conditioned,IPOP-CMA-ES,1.809,4.2633e-15,0.0000e+00,100%,100%,100%,100%,100%,100%,100%,1137,1117,1137,0.2531,1.00,1.00,1,1.00,1.00,100%,100%,N/A,N/A,N/A,N/A,N/A,N/A,N/A,N/A,N/A,N/A,N/A,N/A,N/A,N/A,N/A,N/A,N/A,N/A,N/A,N/A,N/A,N/A,N/A,N/A,N/A
F02-EllipsoidalSep,separable,unimodal|separable|ill-conditioned,BIPOP-CMA-ES,1.998,0.0000e+00,0.0000e+00,100%,100%,100%,100%,100%,100%,100%,1137,1117,1137,0.2531,1.00,1.00,1,1.00,1.00,100%,100%,N/A,N/A,N/A,N/A,N/A,N/A,N/A,N/A,N/A,N/A,N/A,N/A,N/A,N/A,N/A,N/A,N/A,N/A,N/A,N/A,N/A,N/A,N/A,N/A,N/A
F02-EllipsoidalSep,separable,unimodal|separable|ill-conditioned,DE,0.830,0.0000e+00,0.0000e+00,100%,100%,100%,100%,100%,100%,100%,2697,2723,2697,0.1617,1.00,1.00,1,1.00,1.00,100%,100%,N/A,N/A,N/A,N/A,N/A,N/A,N/A,N/A,N/A,N/A,N/A,N/A,N/A,N/A,N/A,N/A,N/A,N/A,N/A,N/A,N/A,N/A,N/A,N/A,N/A
F02-EllipsoidalSep,separable,unimodal|separable|ill-conditioned,L-SHADE,0.854,0.0000e+00,0.0000e+00,100%,100%,100%,100%,100%,100%,100%,7535,7546,7535,0.0547,1.00,1.00,1,1.00,1.00,100%,100%,N/A,N/A,N/A,N/A,N/A,N/A,N/A,N/A,N/A,N/A,N/A,N/A,N/A,N/A,N/A,N/A,N/A,N/A,N/A,N/A,N/A,N/A,N/A,N/A,N/A
F02-EllipsoidalSep,separable,unimodal|separable|ill-conditioned,MC-ESO,4.539,0.0000e+00,0.0000e+00,100%,100%,100%,100%,100%,100%,100%,1545,1477,1545,0.2228,1.00,1.00,1,1.00,1.00,100%,100%,N/A,N/A,N/A,N/A,N/A,N/A,N/A,N/A,N/A,N/A,N/A,N/A,N/A,N/A,N/A,N/A,N/A,N/A,N/A,N/A,N/A,N/A,N/A,N/A,N/A
F10-EllipsoidalRot,ill-cond,unimodal|non-separable|ill-conditioned,LSHADE-SPACMA,0.434,0.0000e+00,0.0000e+00,100%,100%,100%,100%,100%,100%,100%,3884,3832,3884,0.1223,1.00,1.00,1,1.00,1.00,100%,100%,N/A,N/A,N/A,N/A,N/A,N/A,N/A,N/A,N/A,N/A,N/A,N/A,N/A,N/A,N/A,N/A,N/A,N/A,N/A,N/A,N/A,N/A,N/A,N/A,N/A
F10-EllipsoidalRot,ill-cond,unimodal|non-separable|ill-conditioned,MOS,1.465,4.0843e-01,1.0658e-14,95%,95%,95%,95%,95%,95%,95%,3902,3511,4560,0.1219,0.95,0.95,1,0.95,0.95,95%,95%,N/A,N/A,N/A,N/A,N/A,N/A,N/A,N/A,N/A,N/A,N/A,N/A,N/A,N/A,N/A,N/A,N/A,N/A,N/A,N/A,N/A,N/A,N/A,N/A,N/A
F10-EllipsoidalRot,ill-cond,unimodal|non-separable|ill-conditioned,EBOwithCMAR,0.882,1.3074e-13,7.1054e-15,100%,100%,100%,100%,100%,100%,100%,6988,6950,6988,0.0591,1.00,1.00,1,1.00,1.00,100%,100%,N/A,N/A,N/A,N/A,N/A,N/A,N/A,N/A,N/A,N/A,N/A,N/A,N/A,N/A,N/A,N/A,N/A,N/A,N/A,N/A,N/A,N/A,N/A,N/A,N/A
F10-EllipsoidalRot,ill-cond,unimodal|non-separable|ill-conditioned,jSO,0.746,0.0000e+00,0.0000e+00,100%,100%,100%,100%,100%,100%,100%,6640,6670,6640,0.0662,1.00,1.00,1,1.00,1.00,100%,100%,N/A,N/A,N/A,N/A,N/A,N/A,N/A,N/A,N/A,N/A,N/A,N/A,N/A,N/A,N/A,N/A,N/A,N/A,N/A,N/A,N/A,N/A,N/A,N/A,N/A
F10-EllipsoidalRot,ill-cond,unimodal|non-separable|ill-conditioned,L-SRTDE,0.826,0.0000e+00,0.0000e+00,100%,100%,100%,100%,100%,100%,100%,3659,3634,3659,0.1294,1.00,1.00,1,1.00,1.00,100%,100%,N/A,N/A,N/A,N/A,N/A,N/A,N/A,N/A,N/A,N/A,N/A,N/A,N/A,N/A,N/A,N/A,N/A,N/A,N/A,N/A,N/A,N/A,N/A,N/A,N/A
F10-EllipsoidalRot,ill-cond,unimodal|non-separable|ill-conditioned,IMODE,0.390,1.4580e-05,3.3329e-06,100%,100%,100%,100%,65%,10%,0%,10975,10934,10975,0.0096,1.00,1.00,1,1.00,1.00,100%,100%,N/A,N/A,N/A,N/A,N/A,N/A,N/A,N/A,N/A,N/A,N/A,N/A,N/A,N/A,N/A,N/A,N/A,N/A,N/A,N/A,N/A,N/A,N/A,N/A,N/A
F10-EllipsoidalRot,ill-cond,unimodal|non-separable|ill-conditioned,ELSHADE-SPACMA,0.475,0.0000e+00,0.0000e+00,100%,100%,100%,100%,100%,100%,100%,5666,5702,5666,0.0832,1.00,1.00,1,1.00,1.00,100%,100%,N/A,N/A,N/A,N/A,N/A,N/A,N/A,N/A,N/A,N/A,N/A,N/A,N/A,N/A,N/A,N/A,N/A,N/A,N/A,N/A,N/A,N/A,N/A,N/A,N/A
F10-EllipsoidalRot,ill-cond,unimodal|non-separable|ill-conditioned,APGSK-IMODE,0.385,3.2625e-02,2.9282e-03,95%,75%,25%,0%,0%,0%,0%,inf,inf,inf,0.0028,0.00,0.00,1,0.75,0.00,75%,0%,N/A,N/A,N/A,N/A,N/A,N/A,N/A,N/A,N/A,N/A,N/A,N/A,N/A,N/A,N/A,N/A,N/A,N/A,N/A,N/A,N/A,N/A,N/A,N/A,N/A
F10-EllipsoidalRot,ill-cond,unimodal|non-separable|ill-conditioned,SPS-L-SHADE-EIG,0.874,0.0000e+00,0.0000e+00,100%,100%,100%,100%,100%,100%,100%,8599,8653,8599,0.0412,1.00,1.00,1,1.00,1.00,100%,100%,N/A,N/A,N/A,N/A,N/A,N/A,N/A,N/A,N/A,N/A,N/A,N/A,N/A,N/A,N/A,N/A,N/A,N/A,N/A,N/A,N/A,N/A,N/A,N/A,N/A
F10-EllipsoidalRot,ill-cond,unimodal|non-separable|ill-conditioned,CoBiDE,0.690,4.4430e-04,3.0871e-04,100%,100%,95%,25%,0%,0%,0%,12022,12033,49522,0.0109,0.25,0.25,1,1.00,0.25,100%,25%,N/A,N/A,N/A,N/A,N/A,N/A,N/A,N/A,N/A,N/A,N/A,N/A,N/A,N/A,N/A,N/A,N/A,N/A,N/A,N/A,N/A,N/A,N/A,N/A,N/A
F10-EllipsoidalRot,ill-cond,unimodal|non-separable|ill-conditioned,LSHADE-cnEpSin,7.932,1.2079e-13,1.4211e-14,100%,100%,100%,100%,100%,100%,100%,9815,9778,9815,0.0307,1.00,1.00,1,1.00,1.00,100%,100%,N/A,N/A,N/A,N/A,N/A,N/A,N/A,N/A,N/A,N/A,N/A,N/A,N/A,N/A,N/A,N/A,N/A,N/A,N/A,N/A,N/A,N/A,N/A,N/A,N/A
F10-EllipsoidalRot,ill-cond,unimodal|non-separable|ill-conditioned,CMA-ES,2.846,4.6185e-15,0.0000e+00,100%,100%,100%,100%,100%,100%,100%,1826,1623,1826,0.2080,1.00,1.00,1,1.00,1.00,100%,100%,N/A,N/A,N/A,N/A,N/A,N/A,N/A,N/A,N/A,N/A,N/A,N/A,N/A,N/A,N/A,N/A,N/A,N/A,N/A,N/A,N/A,N/A,N/A,N/A,N/A
F10-EllipsoidalRot,ill-cond,unimodal|non-separable|ill-conditioned,IPOP-CMA-ES,1.723,7.4607e-15,7.1054e-15,100%,100%,100%,100%,100%,100%,100%,1473,1270,1473,0.2309,1.00,1.00,1,1.00,1.00,100%,100%,N/A,N/A,N/A,N/A,N/A,N/A,N/A,N/A,N/A,N/A,N/A,N/A,N/A,N/A,N/A,N/A,N/A,N/A,N/A,N/A,N/A,N/A,N/A,N/A,N/A
F10-EllipsoidalRot,ill-cond,unimodal|non-separable|ill-conditioned,BIPOP-CMA-ES,2.133,3.1974e-15,0.0000e+00,100%,100%,100%,100%,100%,100%,100%,1473,1270,1473,0.2309,1.00,1.00,1,1.00,1.00,100%,100%,N/A,N/A,N/A,N/A,N/A,N/A,N/A,N/A,N/A,N/A,N/A,N/A,N/A,N/A,N/A,N/A,N/A,N/A,N/A,N/A,N/A,N/A,N/A,N/A,N/A
F10-EllipsoidalRot,ill-cond,unimodal|non-separable|ill-conditioned,DE,0.667,3.5846e-02,0.0000e+00,95%,95%,90%,85%,85%,85%,80%,4074,3897,6280,0.1046,0.85,0.85,1,0.95,0.85,95%,85%,N/A,N/A,N/A,N/A,N/A,N/A,N/A,N/A,N/A,N/A,N/A,N/A,N/A,N/A,N/A,N/A,N/A,N/A,N/A,N/A,N/A,N/A,N/A,N/A,N/A
F10-EllipsoidalRot,ill-cond,unimodal|non-separable|ill-conditioned,L-SHADE,0.824,4.9738e-15,0.0000e+00,100%,100%,100%,100%,100%,100%,100%,8680,8712,8680,0.0396,1.00,1.00,1,1.00,1.00,100%,100%,N/A,N/A,N/A,N/A,N/A,N/A,N/A,N/A,N/A,N/A,N/A,N/A,N/A,N/A,N/A,N/A,N/A,N/A,N/A,N/A,N/A,N/A,N/A,N/A,N/A
F10-EllipsoidalRot,ill-cond,unimodal|non-separable|ill-conditioned,MC-ESO,4.326,1.7764e-15,0.0000e+00,100%,100%,100%,100%,100%,100%,100%,3901,3834,3901,0.1302,1.00,1.00,1,1.00,1.00,100%,100%,N/A,N/A,N/A,N/A,N/A,N/A,N/A,N/A,N/A,N/A,N/A,N/A,N/A,N/A,N/A,N/A,N/A,N/A,N/A,N/A,N/A,N/A,N/A,N/A,N/A
F18-SchafferF7ill,multimodal,multimodal|non-separable|global-structure|ill-conditioned,LSHADE-SPACMA,0.481,1.1418e-03,0.0000e+00,100%,95%,95%,95%,90%,80%,80%,4795,4744,5453,0.0983,0.95,0.95,1,0.95,0.95,95%,95%,N/A,N/A,N/A,N/A,N/A,N/A,N/A,N/A,N/A,N/A,N/A,N/A,N/A,N/A,N/A,N/A,N/A,N/A,N/A,N/A,N/A,N/A,N/A,N/A,N/A
F18-SchafferF7ill,multimodal,multimodal|non-separable|global-structure|ill-conditioned,MOS,1.309,8.1201e-03,1.4619e-05,100%,80%,60%,55%,45%,30%,20%,5117,4799,15344,0.0698,0.55,0.55,1,0.80,0.55,80%,55%,N/A,N/A,N/A,N/A,N/A,N/A,N/A,N/A,N/A,N/A,N/A,N/A,N/A,N/A,N/A,N/A,N/A,N/A,N/A,N/A,N/A,N/A,N/A,N/A,N/A
F18-SchafferF7ill,multimodal,multimodal|non-separable|global-structure|ill-conditioned,EBOwithCMAR,0.856,9.8456e-05,6.2147e-05,100%,100%,100%,55%,10%,0%,0%,11443,11501,21670,0.0233,0.55,0.55,1,1.00,0.55,100%,55%,N/A,N/A,N/A,N/A,N/A,N/A,N/A,N/A,N/A,N/A,N/A,N/A,N/A,N/A,N/A,N/A,N/A,N/A,N/A,N/A,N/A,N/A,N/A,N/A,N/A
F18-SchafferF7ill,multimodal,multimodal|non-separable|global-structure|ill-conditioned,jSO,0.675,6.1140e-06,1.9639e-06,100%,100%,100%,100%,90%,25%,5%,9927,9868,9927,0.0322,1.00,1.00,1,1.00,1.00,100%,100%,N/A,N/A,N/A,N/A,N/A,N/A,N/A,N/A,N/A,N/A,N/A,N/A,N/A,N/A,N/A,N/A,N/A,N/A,N/A,N/A,N/A,N/A,N/A,N/A,N/A
F18-SchafferF7ill,multimodal,multimodal|non-separable|global-structure|ill-conditioned,L-SRTDE,0.820,2.7012e-06,1.7987e-06,100%,100%,100%,100%,95%,45%,45%,5589,5616,5589,0.0850,1.00,1.00,1,1.00,1.00,100%,100%,N/A,N/A,N/A,N/A,N/A,N/A,N/A,N/A,N/A,N/A,N/A,N/A,N/A,N/A,N/A,N/A,N/A,N/A,N/A,N/A,N/A,N/A,N/A,N/A,N/A
F18-SchafferF7ill,multimodal,multimodal|non-separable|global-structure|ill-conditioned,IMODE,0.386,1.4764e-01,1.5327e-01,20%,0%,0%,0%,0%,0%,0%,inf,inf,inf,0.0002,0.00,0.00,1,0.00,0.00,0%,0%,N/A,N/A,N/A,N/A,N/A,N/A,N/A,N/A,N/A,N/A,N/A,N/A,N/A,N/A,N/A,N/A,N/A,N/A,N/A,N/A,N/A,N/A,N/A,N/A,N/A
F18-SchafferF7ill,multimodal,multimodal|non-separable|global-structure|ill-conditioned,ELSHADE-SPACMA,0.423,2.7135e-07,3.5527e-15,100%,100%,100%,100%,100%,85%,85%,7401,7407,7401,0.0599,1.00,1.00,1,1.00,1.00,100%,100%,N/A,N/A,N/A,N/A,N/A,N/A,N/A,N/A,N/A,N/A,N/A,N/A,N/A,N/A,N/A,N/A,N/A,N/A,N/A,N/A,N/A,N/A,N/A,N/A,N/A
F18-SchafferF7ill,multimodal,multimodal|non-separable|global-structure|ill-conditioned,APGSK-IMODE,0.360,2.2823e-02,1.7717e-02,100%,30%,0%,0%,0%,0%,0%,inf,inf,inf,0.0025,0.00,0.00,1,0.30,0.00,30%,0%,N/A,N/A,N/A,N/A,N/A,N/A,N/A,N/A,N/A,N/A,N/A,N/A,N/A,N/A,N/A,N/A,N/A,N/A,N/A,N/A,N/A,N/A,N/A,N/A,N/A
F18-SchafferF7ill,multimodal,multimodal|non-separable|global-structure|ill-conditioned,SPS-L-SHADE-EIG,0.764,1.2646e-03,6.0169e-04,100%,100%,65%,10%,0%,0%,0%,12370,12370,124870,0.0105,0.10,0.10,1,1.00,0.10,100%,10%,N/A,N/A,N/A,N/A,N/A,N/A,N/A,N/A,N/A,N/A,N/A,N/A,N/A,N/A,N/A,N/A,N/A,N/A,N/A,N/A,N/A,N/A,N/A,N/A,N/A
F18-SchafferF7ill,multimodal,multimodal|non-separable|global-structure|ill-conditioned,CoBiDE,0.666,3.4437e-02,3.5219e-02,100%,0%,0%,0%,0%,0%,0%,inf,inf,inf,0.0048,0.00,0.00,1,0.00,0.00,0%,0%,N/A,N/A,N/A,N/A,N/A,N/A,N/A,N/A,N/A,N/A,N/A,N/A,N/A,N/A,N/A,N/A,N/A,N/A,N/A,N/A,N/A,N/A,N/A,N/A,N/A
F18-SchafferF7ill,multimodal,multimodal|non-separable|global-structure|ill-conditioned,LSHADE-cnEpSin,7.251,8.9407e-05,4.2479e-05,100%,100%,100%,75%,5%,0%,0%,12197,12186,16364,0.0127,0.75,0.75,1,1.00,0.75,100%,75%,N/A,N/A,N/A,N/A,N/A,N/A,N/A,N/A,N/A,N/A,N/A,N/A,N/A,N/A,N/A,N/A,N/A,N/A,N/A,N/A,N/A,N/A,N/A,N/A,N/A
F18-SchafferF7ill,multimodal,multimodal|non-separable|global-structure|ill-conditioned,CMA-ES,2.396,1.3517e-01,2.1722e-02,80%,25%,10%,5%,0%,0%,0%,1427,1427,238927,0.0515,0.05,0.05,1,0.25,0.05,25%,5%,N/A,N/A,N/A,N/A,N/A,N/A,N/A,N/A,N/A,N/A,N/A,N/A,N/A,N/A,N/A,N/A,N/A,N/A,N/A,N/A,N/A,N/A,N/A,N/A,N/A
F18-SchafferF7ill,multimodal,multimodal|non-separable|global-structure|ill-conditioned,IPOP-CMA-ES,1.871,6.7128e-03,5.1345e-06,100%,85%,75%,65%,55%,40%,35%,5289,4658,12020,0.0817,0.65,0.65,1,0.85,0.65,85%,65%,N/A,N/A,N/A,N/A,N/A,N/A,N/A,N/A,N/A,N/A,N/A,N/A,N/A,N/A,N/A,N/A,N/A,N/A,N/A,N/A,N/A,N/A,N/A,N/A,N/A
F18-SchafferF7ill,multimodal,multimodal|non-separable|global-structure|ill-conditioned,BIPOP-CMA-ES,2.027,2.1413e-02,5.9656e-06,95%,80%,70%,65%,50%,25%,25%,9066,9065,15797,0.0548,0.65,0.65,1,0.80,0.65,80%,65%,N/A,N/A,N/A,N/A,N/A,N/A,N/A,N/A,N/A,N/A,N/A,N/A,N/A,N/A,N/A,N/A,N/A,N/A,N/A,N/A,N/A,N/A,N/A,N/A,N/A
F18-SchafferF7ill,multimodal,multimodal|non-separable|global-structure|ill-conditioned,DE,0.629,7.4206e-04,7.6118e-09,100%,95%,95%,85%,85%,75%,5%,7285,7328,9490,0.0636,0.85,0.85,1,0.95,0.85,95%,85%,N/A,N/A,N/A,N/A,N/A,N/A,N/A,N/A,N/A,N/A,N/A,N/A,N/A,N/A,N/A,N/A,N/A,N/A,N/A,N/A,N/A,N/A,N/A,N/A,N/A
F18-SchafferF7ill,multimodal,multimodal|non-separable|global-structure|ill-conditioned,L-SHADE,0.716,5.3070e-05,7.7830e-06,100%,100%,100%,85%,60%,10%,0%,11174,11141,13380,0.0196,0.85,0.85,1,1.00,0.85,100%,85%,N/A,N/A,N/A,N/A,N/A,N/A,N/A,N/A,N/A,N/A,N/A,N/A,N/A,N/A,N/A,N/A,N/A,N/A,N/A,N/A,N/A,N/A,N/A,N/A,N/A
F18-SchafferF7ill,multimodal,multimodal|non-separable|global-structure|ill-conditioned,MC-ESO,4.055,1.1855e-01,9.7725e-02,50%,5%,0%,0%,0%,0%,0%,inf,inf,inf,0.0083,0.00,0.00,1,0.05,0.00,5%,0%,N/A,N/A,N/A,N/A,N/A,N/A,N/A,N/A,N/A,N/A,N/A,N/A,N/A,N/A,N/A,N/A,N/A,N/A,N/A,N/A,N/A,N/A,N/A,N/A,N/A
F03-RastriginSep,separable,multimodal|separable|global-structure,LSHADE-SPACMA,0.298,4.9748e-02,0.0000e+00,95%,95%,95%,95%,95%,95%,95%,7197,7005,7855,0.0557,0.95,0.95,1,0.95,0.95,95%,95%,N/A,N/A,N/A,N/A,N/A,N/A,N/A,N/A,N/A,N/A,N/A,N/A,N/A,N/A,N/A,N/A,N/A,N/A,N/A,N/A,N/A,N/A,N/A,N/A,N/A
F03-RastriginSep,separable,multimodal|separable|global-structure,MOS,1.371,4.7978e-02,0.0000e+00,90%,85%,85%,85%,85%,80%,75%,3543,2184,5749,0.1325,0.85,0.85,1,0.85,0.85,85%,85%,N/A,N/A,N/A,N/A,N/A,N/A,N/A,N/A,N/A,N/A,N/A,N/A,N/A,N/A,N/A,N/A,N/A,N/A,N/A,N/A,N/A,N/A,N/A,N/A,N/A
F03-RastriginSep,separable,multimodal|separable|global-structure,EBOwithCMAR,0.935,5.6843e-15,0.0000e+00,100%,100%,100%,100%,100%,100%,100%,9570,9497,9570,0.0313,1.00,1.00,1,1.00,1.00,100%,100%,N/A,N/A,N/A,N/A,N/A,N/A,N/A,N/A,N/A,N/A,N/A,N/A,N/A,N/A,N/A,N/A,N/A,N/A,N/A,N/A,N/A,N/A,N/A,N/A,N/A
F03-RastriginSep,separable,multimodal|separable|global-structure,jSO,0.819,9.9496e-02,8.7823e-12,90%,90%,90%,90%,90%,90%,75%,11538,11437,12927,0.0076,0.90,0.90,1,0.90,0.90,90%,90%,N/A,N/A,N/A,N/A,N/A,N/A,N/A,N/A,N/A,N/A,N/A,N/A,N/A,N/A,N/A,N/A,N/A,N/A,N/A,N/A,N/A,N/A,N/A,N/A,N/A
F03-RastriginSep,separable,multimodal|separable|global-structure,L-SRTDE,0.899,1.0014e+00,9.9496e-01,35%,35%,35%,35%,35%,35%,35%,8063,7822,31277,0.0160,0.35,0.35,1,0.35,0.35,35%,35%,N/A,N/A,N/A,N/A,N/A,N/A,N/A,N/A,N/A,N/A,N/A,N/A,N/A,N/A,N/A,N/A,N/A,N/A,N/A,N/A,N/A,N/A,N/A,N/A,N/A
F03-RastriginSep,separable,multimodal|separable|global-structure,IMODE,0.518,6.5370e-14,5.6843e-14,100%,100%,100%,100%,100%,100%,100%,10940,10864,10940,0.0156,1.00,1.00,1,1.00,1.00,100%,100%,N/A,N/A,N/A,N/A,N/A,N/A,N/A,N/A,N/A,N/A,N/A,N/A,N/A,N/A,N/A,N/A,N/A,N/A,N/A,N/A,N/A,N/A,N/A,N/A,N/A
F03-RastriginSep,separable,multimodal|separable|global-structure,ELSHADE-SPACMA,0.570,0.0000e+00,0.0000e+00,100%,100%,100%,100%,100%,100%,100%,8381,8356,8381,0.0424,1.00,1.00,1,1.00,1.00,100%,100%,N/A,N/A,N/A,N/A,N/A,N/A,N/A,N/A,N/A,N/A,N/A,N/A,N/A,N/A,N/A,N/A,N/A,N/A,N/A,N/A,N/A,N/A,N/A,N/A,N/A
F03-RastriginSep,separable,multimodal|separable|global-structure,APGSK-IMODE,0.445,1.8254e-07,5.1475e-08,100%,100%,100%,100%,100%,65%,0%,11302,11314,11302,0.0108,1.00,1.00,1,1.00,1.00,100%,100%,N/A,N/A,N/A,N/A,N/A,N/A,N/A,N/A,N/A,N/A,N/A,N/A,N/A,N/A,N/A,N/A,N/A,N/A,N/A,N/A,N/A,N/A,N/A,N/A,N/A
F03-RastriginSep,separable,multimodal|separable|global-structure,SPS-L-SHADE-EIG,0.884,0.0000e+00,0.0000e+00,100%,100%,100%,100%,100%,100%,100%,9441,9482,9441,0.0304,1.00,1.00,1,1.00,1.00,100%,100%,N/A,N/A,N/A,N/A,N/A,N/A,N/A,N/A,N/A,N/A,N/A,N/A,N/A,N/A,N/A,N/A,N/A,N/A,N/A,N/A,N/A,N/A,N/A,N/A,N/A
F03-RastriginSep,separable,multimodal|separable|global-structure,CoBiDE,0.810,5.0561e-02,1.9232e-02,90%,45%,25%,0%,0%,0%,0%,inf,inf,inf,0.0024,0.00,0.00,1,0.45,0.00,45%,0%,N/A,N/A,N/A,N/A,N/A,N/A,N/A,N/A,N/A,N/A,N/A,N/A,N/A,N/A,N/A,N/A,N/A,N/A,N/A,N/A,N/A,N/A,N/A,N/A,N/A
F03-RastriginSep,separable,multimodal|separable|global-structure,LSHADE-cnEpSin,7.770,1.8540e-08,3.4798e-09,100%,100%,100%,100%,100%,95%,25%,11695,11757,11695,0.0080,1.00,1.00,1,1.00,1.00,100%,100%,N/A,N/A,N/A,N/A,N/A,N/A,N/A,N/A,N/A,N/A,N/A,N/A,N/A,N/A,N/A,N/A,N/A,N/A,N/A,N/A,N/A,N/A,N/A,N/A,N/A
F03-RastriginSep,separable,multimodal|separable|global-structure,CMA-ES,10.952,5.4225e+00,4.9748e+00,0%,0%,0%,0%,0%,0%,0%,inf,inf,inf,0.0000,0.00,0.00,1,0.00,0.00,0%,0%,N/A,N/A,N/A,N/A,N/A,N/A,N/A,N/A,N/A,N/A,N/A,N/A,N/A,N/A,N/A,N/A,N/A,N/A,N/A,N/A,N/A,N/A,N/A,N/A,N/A
F03-RastriginSep,separable,multimodal|separable|global-structure,IPOP-CMA-ES,1.669,1.8272e+00,1.9899e+00,10%,10%,10%,10%,10%,10%,10%,5218,5218,117718,0.0102,0.10,0.10,1,0.10,0.10,10%,10%,N/A,N/A,N/A,N/A,N/A,N/A,N/A,N/A,N/A,N/A,N/A,N/A,N/A,N/A,N/A,N/A,N/A,N/A,N/A,N/A,N/A,N/A,N/A,N/A,N/A
F03-RastriginSep,separable,multimodal|separable|global-structure,BIPOP-CMA-ES,1.786,2.0330e+00,1.9899e+00,5%,5%,5%,5%,5%,5%,5%,6647,6647,244147,0.0033,0.05,0.05,1,0.05,0.05,5%,5%,N/A,N/A,N/A,N/A,N/A,N/A,N/A,N/A,N/A,N/A,N/A,N/A,N/A,N/A,N/A,N/A,N/A,N/A,N/A,N/A,N/A,N/A,N/A,N/A,N/A
F03-RastriginSep,separable,multimodal|separable|global-structure,DE,0.788,1.4926e-01,3.1264e-13,85%,85%,85%,80%,80%,80%,70%,9045,9336,12170,0.0271,0.80,0.80,1,0.85,0.80,85%,80%,N/A,N/A,N/A,N/A,N/A,N/A,N/A,N/A,N/A,N/A,N/A,N/A,N/A,N/A,N/A,N/A,N/A,N/A,N/A,N/A,N/A,N/A,N/A,N/A,N/A
F03-RastriginSep,separable,multimodal|separable|global-structure,L-SHADE,0.801,2.8422e-15,0.0000e+00,100%,100%,100%,100%,100%,100%,100%,10057,10058,10057,0.0233,1.00,1.00,1,1.00,1.00,100%,100%,N/A,N/A,N/A,N/A,N/A,N/A,N/A,N/A,N/A,N/A,N/A,N/A,N/A,N/A,N/A,N/A,N/A,N/A,N/A,N/A,N/A,N/A,N/A,N/A,N/A
F03-RastriginSep,separable,multimodal|separable|global-structure,MC-ESO,4.257,1.0247e+00,9.9496e-01,25%,20%,20%,20%,15%,15%,15%,11258,11522,61258,0.0023,0.20,0.20,1,0.20,0.20,20%,20%,N/A,N/A,N/A,N/A,N/A,N/A,N/A,N/A,N/A,N/A,N/A,N/A,N/A,N/A,N/A,N/A,N/A,N/A,N/A,N/A,N/A,N/A,N/A,N/A,N/A
F11-Discus,ill-cond,unimodal|non-separable|ill-conditioned,LSHADE-SPACMA,0.428,0.0000e+00,0.0000e+00,100%,100%,100%,100%,100%,100%,100%,3474,3512,3474,0.1356,1.00,1.00,1,1.00,1.00,100%,100%,N/A,N/A,N/A,N/A,N/A,N/A,N/A,N/A,N/A,N/A,N/A,N/A,N/A,N/A,N/A,N/A,N/A,N/A,N/A,N/A,N/A,N/A,N/A,N/A,N/A
F11-Discus,ill-cond,unimodal|non-separable|ill-conditioned,MOS,1.282,1.0734e-06,1.4211e-14,100%,100%,100%,100%,95%,95%,95%,3977,3508,3977,0.1311,1.00,1.00,1,1.00,1.00,100%,100%,N/A,N/A,N/A,N/A,N/A,N/A,N/A,N/A,N/A,N/A,N/A,N/A,N/A,N/A,N/A,N/A,N/A,N/A,N/A,N/A,N/A,N/A,N/A,N/A,N/A
F11-Discus,ill-cond,unimodal|non-separable|ill-conditioned,EBOwithCMAR,0.910,5.6843e-15,0.0000e+00,100%,100%,100%,100%,100%,100%,100%,6148,6156,6148,0.0728,1.00,1.00,1,1.00,1.00,100%,100%,N/A,N/A,N/A,N/A,N/A,N/A,N/A,N/A,N/A,N/A,N/A,N/A,N/A,N/A,N/A,N/A,N/A,N/A,N/A,N/A,N/A,N/A,N/A,N/A,N/A
F11-Discus,ill-cond,unimodal|non-separable|ill-conditioned,jSO,0.789,0.0000e+00,0.0000e+00,100%,100%,100%,100%,100%,100%,100%,5811,5792,5811,0.0818,1.00,1.00,1,1.00,1.00,100%,100%,N/A,N/A,N/A,N/A,N/A,N/A,N/A,N/A,N/A,N/A,N/A,N/A,N/A,N/A,N/A,N/A,N/A,N/A,N/A,N/A,N/A,N/A,N/A,N/A,N/A
F11-Discus,ill-cond,unimodal|non-separable|ill-conditioned,L-SRTDE,0.918,7.1054e-16,0.0000e+00,100%,100%,100%,100%,100%,100%,100%,3096,3058,3096,0.1474,1.00,1.00,1,1.00,1.00,100%,100%,N/A,N/A,N/A,N/A,N/A,N/A,N/A,N/A,N/A,N/A,N/A,N/A,N/A,N/A,N/A,N/A,N/A,N/A,N/A,N/A,N/A,N/A,N/A,N/A,N/A
F11-Discus,ill-cond,unimodal|non-separable|ill-conditioned,IMODE,0.410,9.2918e-06,2.4349e-06,100%,100%,100%,100%,75%,5%,0%,10898,10819,10898,0.0100,1.00,1.00,1,1.00,1.00,100%,100%,N/A,N/A,N/A,N/A,N/A,N/A,N/A,N/A,N/A,N/A,N/A,N/A,N/A,N/A,N/A,N/A,N/A,N/A,N/A,N/A,N/A,N/A,N/A,N/A,N/A
F11-Discus,ill-cond,unimodal|non-separable|ill-conditioned,ELSHADE-SPACMA,0.474,0.0000e+00,0.0000e+00,100%,100%,100%,100%,100%,100%,100%,5202,5191,5202,0.0924,1.00,1.00,1,1.00,1.00,100%,100%,N/A,N/A,N/A,N/A,N/A,N/A,N/A,N/A,N/A,N/A,N/A,N/A,N/A,N/A,N/A,N/A,N/A,N/A,N/A,N/A,N/A,N/A,N/A,N/A,N/A
F11-Discus,ill-cond,unimodal|non-separable|ill-conditioned,APGSK-IMODE,0.411,2.2415e-05,5.3363e-06,100%,100%,100%,95%,60%,0%,0%,11360,11223,12018,0.0136,0.95,0.95,1,1.00,0.95,100%,95%,N/A,N/A,N/A,N/A,N/A,N/A,N/A,N/A,N/A,N/A,N/A,N/A,N/A,N/A,N/A,N/A,N/A,N/A,N/A,N/A,N/A,N/A,N/A,N/A,N/A
F11-Discus,ill-cond,unimodal|non-separable|ill-conditioned,SPS-L-SHADE-EIG,0.811,0.0000e+00,0.0000e+00,100%,100%,100%,100%,100%,100%,100%,7283,7386,7283,0.0589,1.00,1.00,1,1.00,1.00,100%,100%,N/A,N/A,N/A,N/A,N/A,N/A,N/A,N/A,N/A,N/A,N/A,N/A,N/A,N/A,N/A,N/A,N/A,N/A,N/A,N/A,N/A,N/A,N/A,N/A,N/A
F11-Discus,ill-cond,unimodal|non-separable|ill-conditioned,CoBiDE,0.610,6.0273e-06,4.2719e-06,100%,100%,100%,100%,75%,0%,0%,10342,10466,10342,0.0319,1.00,1.00,1,1.00,1.00,100%,100%,N/A,N/A,N/A,N/A,N/A,N/A,N/A,N/A,N/A,N/A,N/A,N/A,N/A,N/A,N/A,N/A,N/A,N/A,N/A,N/A,N/A,N/A,N/A,N/A,N/A
F11-Discus,ill-cond,unimodal|non-separable|ill-conditioned,LSHADE-cnEpSin,7.740,1.4211e-15,0.0000e+00,100%,100%,100%,100%,100%,100%,100%,8332,8258,8332,0.0519,1.00,1.00,1,1.00,1.00,100%,100%,N/A,N/A,N/A,N/A,N/A,N/A,N/A,N/A,N/A,N/A,N/A,N/A,N/A,N/A,N/A,N/A,N/A,N/A,N/A,N/A,N/A,N/A,N/A,N/A,N/A
F11-Discus,ill-cond,unimodal|non-separable|ill-conditioned,CMA-ES,3.038,3.5527e-15,0.0000e+00,100%,100%,100%,100%,100%,100%,100%,1996,1440,1996,0.2094,1.00,1.00,1,1.00,1.00,100%,100%,N/A,N/A,N/A,N/A,N/A,N/A,N/A,N/A,N/A,N/A,N/A,N/A,N/A,N/A,N/A,N/A,N/A,N/A,N/A,N/A,N/A,N/A,N/A,N/A,N/A
F11-Discus,ill-cond,unimodal|non-separable|ill-conditioned,IPOP-CMA-ES,1.854,7.8160e-15,7.1054e-15,100%,100%,100%,100%,100%,100%,100%,1287,1156,1287,0.2435,1.00,1.00,1,1.00,1.00,100%,100%,N/A,N/A,N/A,N/A,N/A,N/A,N/A,N/A,N/A,N/A,N/A,N/A,N/A,N/A,N/A,N/A,N/A,N/A,N/A,N/A,N/A,N/A,N/A,N/A,N/A
F11-Discus,ill-cond,unimodal|non-separable|ill-conditioned,BIPOP-CMA-ES,1.913,3.5527e-15,0.0000e+00,100%,100%,100%,100%,100%,100%,100%,1287,1156,1287,0.2435,1.00,1.00,1,1.00,1.00,100%,100%,N/A,N/A,N/A,N/A,N/A,N/A,N/A,N/A,N/A,N/A,N/A,N/A,N/A,N/A,N/A,N/A,N/A,N/A,N/A,N/A,N/A,N/A,N/A,N/A,N/A
F11-Discus,ill-cond,unimodal|non-separable|ill-conditioned,DE,0.690,9.1293e-03,0.0000e+00,95%,95%,90%,80%,80%,80%,70%,3117,3124,6242,0.1222,0.80,0.80,1,0.95,0.80,95%,80%,N/A,N/A,N/A,N/A,N/A,N/A,N/A,N/A,N/A,N/A,N/A,N/A,N/A,N/A,N/A,N/A,N/A,N/A,N/A,N/A,N/A,N/A,N/A,N/A,N/A
F11-Discus,ill-cond,unimodal|non-separable|ill-conditioned,L-SHADE,0.777,2.8422e-15,0.0000e+00,100%,100%,100%,100%,100%,100%,100%,7640,7690,7640,0.0532,1.00,1.00,1,1.00,1.00,100%,100%,N/A,N/A,N/A,N/A,N/A,N/A,N/A,N/A,N/A,N/A,N/A,N/A,N/A,N/A,N/A,N/A,N/A,N/A,N/A,N/A,N/A,N/A,N/A,N/A,N/A
F11-Discus,ill-cond,unimodal|non-separable|ill-conditioned,MC-ESO,4.216,0.0000e+00,0.0000e+00,100%,100%,100%,100%,100%,100%,100%,3541,3416,3541,0.1386,1.00,1.00,1,1.00,1.00,100%,100%,N/A,N/A,N/A,N/A,N/A,N/A,N/A,N/A,N/A,N/A,N/A,N/A,N/A,N/A,N/A,N/A,N/A,N/A,N/A,N/A,N/A,N/A,N/A,N/A,N/A
F19-GriewankRosenbrock,multimodal,multimodal|non-separable|global-structure|bent-valley,LSHADE-SPACMA,0.409,1.0793e-01,8.6646e-02,55%,5%,5%,5%,5%,5%,5%,9708,9708,247208,0.0018,0.05,0.05,1,0.05,0.05,5%,5%,N/A,N/A,N/A,N/A,N/A,N/A,N/A,N/A,N/A,N/A,N/A,N/A,N/A,N/A,N/A,N/A,N/A,N/A,N/A,N/A,N/A,N/A,N/A,N/A,N/A
F19-GriewankRosenbrock,multimodal,multimodal|non-separable|global-structure|bent-valley,MOS,1.174,2.7745e-01,2.1181e-01,25%,10%,10%,10%,10%,10%,10%,6326,6326,118826,0.0083,0.10,0.10,1,0.10,0.10,10%,10%,N/A,N/A,N/A,N/A,N/A,N/A,N/A,N/A,N/A,N/A,N/A,N/A,N/A,N/A,N/A,N/A,N/A,N/A,N/A,N/A,N/A,N/A,N/A,N/A,N/A
F19-GriewankRosenbrock,multimodal,multimodal|non-separable|global-structure|bent-valley,EBOwithCMAR,0.705,1.0621e-01,9.6245e-02,55%,0%,0%,0%,0%,0%,0%,inf,inf,inf,0.0020,0.00,0.00,1,0.00,0.00,0%,0%,N/A,N/A,N/A,N/A,N/A,N/A,N/A,N/A,N/A,N/A,N/A,N/A,N/A,N/A,N/A,N/A,N/A,N/A,N/A,N/A,N/A,N/A,N/A,N/A,N/A
F19-GriewankRosenbrock,multimodal,multimodal|non-separable|global-structure|bent-valley,jSO,0.697,4.9020e-01,4.4050e-01,0%,0%,0%,0%,0%,0%,0%,inf,inf,inf,0.0000,0.00,0.00,1,0.00,0.00,0%,0%,N/A,N/A,N/A,N/A,N/A,N/A,N/A,N/A,N/A,N/A,N/A,N/A,N/A,N/A,N/A,N/A,N/A,N/A,N/A,N/A,N/A,N/A,N/A,N/A,N/A
F19-GriewankRosenbrock,multimodal,multimodal|non-separable|global-structure|bent-valley,L-SRTDE,0.809,3.1414e-01,2.8312e-01,10%,5%,0%,0%,0%,0%,0%,inf,inf,inf,0.0002,0.00,0.00,1,0.05,0.00,5%,0%,N/A,N/A,N/A,N/A,N/A,N/A,N/A,N/A,N/A,N/A,N/A,N/A,N/A,N/A,N/A,N/A,N/A,N/A,N/A,N/A,N/A,N/A,N/A,N/A,N/A
F19-GriewankRosenbrock,multimodal,multimodal|non-separable|global-structure|bent-valley,IMODE,0.406,7.4614e-02,4.7161e-02,85%,5%,5%,5%,5%,5%,5%,10854,10854,248239,0.0029,0.05,0.05,1,0.05,0.05,5%,5%,N/A,N/A,N/A,N/A,N/A,N/A,N/A,N/A,N/A,N/A,N/A,N/A,N/A,N/A,N/A,N/A,N/A,N/A,N/A,N/A,N/A,N/A,N/A,N/A,N/A
F19-GriewankRosenbrock,multimodal,multimodal|non-separable|global-structure|bent-valley,ELSHADE-SPACMA,0.362,2.1151e-01,1.7972e-01,20%,0%,0%,0%,0%,0%,0%,inf,inf,inf,0.0005,0.00,0.00,1,0.00,0.00,0%,0%,N/A,N/A,N/A,N/A,N/A,N/A,N/A,N/A,N/A,N/A,N/A,N/A,N/A,N/A,N/A,N/A,N/A,N/A,N/A,N/A,N/A,N/A,N/A,N/A,N/A
F19-GriewankRosenbrock,multimodal,multimodal|non-separable|global-structure|bent-valley,APGSK-IMODE,0.359,3.2833e-01,2.9328e-01,10%,0%,0%,0%,0%,0%,0%,inf,inf,inf,0.0000,0.00,0.00,1,0.00,0.00,0%,0%,N/A,N/A,N/A,N/A,N/A,N/A,N/A,N/A,N/A,N/A,N/A,N/A,N/A,N/A,N/A,N/A,N/A,N/A,N/A,N/A,N/A,N/A,N/A,N/A,N/A
F19-GriewankRosenbrock,multimodal,multimodal|non-separable|global-structure|bent-valley,SPS-L-SHADE-EIG,0.686,1.7062e-01,1.1442e-01,35%,0%,0%,0%,0%,0%,0%,inf,inf,inf,0.0004,0.00,0.00,1,0.00,0.00,0%,0%,N/A,N/A,N/A,N/A,N/A,N/A,N/A,N/A,N/A,N/A,N/A,N/A,N/A,N/A,N/A,N/A,N/A,N/A,N/A,N/A,N/A,N/A,N/A,N/A,N/A
F19-GriewankRosenbrock,multimodal,multimodal|non-separable|global-structure|bent-valley,CoBiDE,0.649,8.3848e-01,8.1143e-01,0%,0%,0%,0%,0%,0%,0%,inf,inf,inf,0.0000,0.00,0.00,1,0.00,0.00,0%,0%,N/A,N/A,N/A,N/A,N/A,N/A,N/A,N/A,N/A,N/A,N/A,N/A,N/A,N/A,N/A,N/A,N/A,N/A,N/A,N/A,N/A,N/A,N/A,N/A,N/A
F19-GriewankRosenbrock,multimodal,multimodal|non-separable|global-structure|bent-valley,LSHADE-cnEpSin,6.933,4.6072e-01,4.3423e-01,0%,0%,0%,0%,0%,0%,0%,inf,inf,inf,0.0000,0.00,0.00,1,0.00,0.00,0%,0%,N/A,N/A,N/A,N/A,N/A,N/A,N/A,N/A,N/A,N/A,N/A,N/A,N/A,N/A,N/A,N/A,N/A,N/A,N/A,N/A,N/A,N/A,N/A,N/A,N/A
F19-GriewankRosenbrock,multimodal,multimodal|non-separable|global-structure|bent-valley,CMA-ES,2.389,5.8901e-01,4.4375e-01,10%,0%,0%,0%,0%,0%,0%,inf,inf,inf,0.0027,0.00,0.00,1,0.00,0.00,0%,0%,N/A,N/A,N/A,N/A,N/A,N/A,N/A,N/A,N/A,N/A,N/A,N/A,N/A,N/A,N/A,N/A,N/A,N/A,N/A,N/A,N/A,N/A,N/A,N/A,N/A
F19-GriewankRosenbrock,multimodal,multimodal|non-separable|global-structure|bent-valley,IPOP-CMA-ES,2.085,4.7458e-01,3.8732e-01,10%,0%,0%,0%,0%,0%,0%,inf,inf,inf,0.0025,0.00,0.00,1,0.00,0.00,0%,0%,N/A,N/A,N/A,N/A,N/A,N/A,N/A,N/A,N/A,N/A,N/A,N/A,N/A,N/A,N/A,N/A,N/A,N/A,N/A,N/A,N/A,N/A,N/A,N/A,N/A
F19-GriewankRosenbrock,multimodal,multimodal|non-separable|global-structure|bent-valley,BIPOP-CMA-ES,2.072,4.8229e-01,4.0400e-01,20%,0%,0%,0%,0%,0%,0%,inf,inf,inf,0.0031,0.00,0.00,1,0.00,0.00,0%,0%,N/A,N/A,N/A,N/A,N/A,N/A,N/A,N/A,N/A,N/A,N/A,N/A,N/A,N/A,N/A,N/A,N/A,N/A,N/A,N/A,N/A,N/A,N/A,N/A,N/A
F19-GriewankRosenbrock,multimodal,multimodal|non-separable|global-structure|bent-valley,DE,0.580,4.9841e-01,4.9858e-01,0%,0%,0%,0%,0%,0%,0%,inf,inf,inf,0.0000,0.00,0.00,1,0.00,0.00,0%,0%,N/A,N/A,N/A,N/A,N/A,N/A,N/A,N/A,N/A,N/A,N/A,N/A,N/A,N/A,N/A,N/A,N/A,N/A,N/A,N/A,N/A,N/A,N/A,N/A,N/A
F19-GriewankRosenbrock,multimodal,multimodal|non-separable|global-structure|bent-valley,L-SHADE,0.600,2.9031e-01,2.8167e-01,10%,0%,0%,0%,0%,0%,0%,inf,inf,inf,0.0001,0.00,0.00,1,0.00,0.00,0%,0%,N/A,N/A,N/A,N/A,N/A,N/A,N/A,N/A,N/A,N/A,N/A,N/A,N/A,N/A,N/A,N/A,N/A,N/A,N/A,N/A,N/A,N/A,N/A,N/A,N/A
F19-GriewankRosenbrock,multimodal,multimodal|non-separable|global-structure|bent-valley,MC-ESO,3.385,7.0832e-02,6.0976e-02,80%,5%,5%,5%,5%,5%,5%,9316,9316,246816,0.0084,0.05,0.05,1,0.05,0.05,5%,5%,N/A,N/A,N/A,N/A,N/A,N/A,N/A,N/A,N/A,N/A,N/A,N/A,N/A,N/A,N/A,N/A,N/A,N/A,N/A,N/A,N/A,N/A,N/A,N/A,N/A
F04-BucheRastrigin,separable,multimodal|separable|global-structure|asymmetric,LSHADE-SPACMA,0.331,1.3929e+00,1.4924e+00,30%,30%,30%,30%,30%,30%,30%,8969,8948,38136,0.0106,0.30,0.30,1,0.30,0.30,30%,30%,N/A,N/A,N/A,N/A,N/A,N/A,N/A,N/A,N/A,N/A,N/A,N/A,N/A,N/A,N/A,N/A,N/A,N/A,N/A,N/A,N/A,N/A,N/A,N/A,N/A
F04-BucheRastrigin,separable,multimodal|separable|global-structure|asymmetric,MOS,1.300,1.4323e+00,1.4927e+00,15%,15%,15%,15%,15%,15%,15%,3097,2642,73930,0.0230,0.15,0.15,1,0.15,0.15,15%,15%,N/A,N/A,N/A,N/A,N/A,N/A,N/A,N/A,N/A,N/A,N/A,N/A,N/A,N/A,N/A,N/A,N/A,N/A,N/A,N/A,N/A,N/A,N/A,N/A,N/A
F04-BucheRastrigin,separable,multimodal|separable|global-structure|asymmetric,EBOwithCMAR,0.926,9.9496e-02,0.0000e+00,90%,90%,90%,90%,90%,90%,90%,9760,9698,11149,0.0237,0.90,0.90,1,0.90,0.90,90%,90%,N/A,N/A,N/A,N/A,N/A,N/A,N/A,N/A,N/A,N/A,N/A,N/A,N/A,N/A,N/A,N/A,N/A,N/A,N/A,N/A,N/A,N/A,N/A,N/A,N/A
F04-BucheRastrigin,separable,multimodal|separable|global-structure|asymmetric,jSO,0.811,5.9698e-01,4.9750e-01,50%,50%,50%,50%,40%,25%,5%,12121,12149,24621,0.0017,0.50,0.50,1,0.50,0.50,50%,50%,N/A,N/A,N/A,N/A,N/A,N/A,N/A,N/A,N/A,N/A,N/A,N/A,N/A,N/A,N/A,N/A,N/A,N/A,N/A,N/A,N/A,N/A,N/A,N/A,N/A
F04-BucheRastrigin,separable,multimodal|separable|global-structure|asymmetric,L-SRTDE,0.877,3.3501e+00,2.9849e+00,0%,0%,0%,0%,0%,0%,0%,inf,inf,inf,0.0000,0.00,0.00,1,0.00,0.00,0%,0%,N/A,N/A,N/A,N/A,N/A,N/A,N/A,N/A,N/A,N/A,N/A,N/A,N/A,N/A,N/A,N/A,N/A,N/A,N/A,N/A,N/A,N/A,N/A,N/A,N/A
F04-BucheRastrigin,separable,multimodal|separable|global-structure|asymmetric,IMODE,0.541,1.1369e-13,8.5265e-14,100%,100%,100%,100%,100%,100%,100%,10932,10928,10932,0.0135,1.00,1.00,1,1.00,1.00,100%,100%,N/A,N/A,N/A,N/A,N/A,N/A,N/A,N/A,N/A,N/A,N/A,N/A,N/A,N/A,N/A,N/A,N/A,N/A,N/A,N/A,N/A,N/A,N/A,N/A,N/A
F04-BucheRastrigin,separable,multimodal|separable|global-structure|asymmetric,ELSHADE-SPACMA,0.624,9.9496e-02,0.0000e+00,90%,90%,90%,90%,90%,90%,90%,9565,9552,10954,0.0257,0.90,0.90,1,0.90,0.90,90%,90%,N/A,N/A,N/A,N/A,N/A,N/A,N/A,N/A,N/A,N/A,N/A,N/A,N/A,N/A,N/A,N/A,N/A,N/A,N/A,N/A,N/A,N/A,N/A,N/A,N/A
F04-BucheRastrigin,separable,multimodal|separable|global-structure|asymmetric,APGSK-IMODE,0.504,9.9519e-02,1.1512e-05,90%,90%,90%,85%,35%,5%,0%,11950,12009,14156,0.0052,0.85,0.85,1,0.90,0.85,90%,85%,N/A,N/A,N/A,N/A,N/A,N/A,N/A,N/A,N/A,N/A,N/A,N/A,N/A,N/A,N/A,N/A,N/A,N/A,N/A,N/A,N/A,N/A,N/A,N/A,N/A
F04-BucheRastrigin,separable,multimodal|separable|global-structure|asymmetric,SPS-L-SHADE-EIG,0.941,0.0000e+00,0.0000e+00,100%,100%,100%,100%,100%,100%,100%,10047,9994,10047,0.0239,1.00,1.00,1,1.00,1.00,100%,100%,N/A,N/A,N/A,N/A,N/A,N/A,N/A,N/A,N/A,N/A,N/A,N/A,N/A,N/A,N/A,N/A,N/A,N/A,N/A,N/A,N/A,N/A,N/A,N/A,N/A
F04-BucheRastrigin,separable,multimodal|separable|global-structure|asymmetric,CoBiDE,0.838,4.0563e-01,3.0721e-01,40%,0%,0%,0%,0%,0%,0%,inf,inf,inf,0.0003,0.00,0.00,1,0.00,0.00,0%,0%,N/A,N/A,N/A,N/A,N/A,N/A,N/A,N/A,N/A,N/A,N/A,N/A,N/A,N/A,N/A,N/A,N/A,N/A,N/A,N/A,N/A,N/A,N/A,N/A,N/A
F04-BucheRastrigin,separable,multimodal|separable|global-structure|asymmetric,LSHADE-cnEpSin,7.787,4.9756e-02,1.6243e-06,95%,95%,95%,95%,70%,20%,0%,12216,12254,12874,0.0036,0.95,0.95,1,0.95,0.95,95%,95%,N/A,N/A,N/A,N/A,N/A,N/A,N/A,N/A,N/A,N/A,N/A,N/A,N/A,N/A,N/A,N/A,N/A,N/A,N/A,N/A,N/A,N/A,N/A,N/A,N/A
F04-BucheRastrigin,separable,multimodal|separable|global-structure|asymmetric,CMA-ES,10.208,8.7059e+00,7.9597e+00,0%,0%,0%,0%,0%,0%,0%,inf,inf,inf,0.0000,0.00,0.00,1,0.00,0.00,0%,0%,N/A,N/A,N/A,N/A,N/A,N/A,N/A,N/A,N/A,N/A,N/A,N/A,N/A,N/A,N/A,N/A,N/A,N/A,N/A,N/A,N/A,N/A,N/A,N/A,N/A
F04-BucheRastrigin,separable,multimodal|separable|global-structure|asymmetric,IPOP-CMA-ES,1.641,3.7771e+00,3.9798e+00,0%,0%,0%,0%,0%,0%,0%,inf,inf,inf,0.0000,0.00,0.00,1,0.00,0.00,0%,0%,N/A,N/A,N/A,N/A,N/A,N/A,N/A,N/A,N/A,N/A,N/A,N/A,N/A,N/A,N/A,N/A,N/A,N/A,N/A,N/A,N/A,N/A,N/A,N/A,N/A
F04-BucheRastrigin,separable,multimodal|separable|global-structure|asymmetric,BIPOP-CMA-ES,1.814,4.3728e+00,3.9798e+00,0%,0%,0%,0%,0%,0%,0%,inf,inf,inf,0.0000,0.00,0.00,1,0.00,0.00,0%,0%,N/A,N/A,N/A,N/A,N/A,N/A,N/A,N/A,N/A,N/A,N/A,N/A,N/A,N/A,N/A,N/A,N/A,N/A,N/A,N/A,N/A,N/A,N/A,N/A,N/A
F04-BucheRastrigin,separable,multimodal|separable|global-structure|asymmetric,DE,0.799,1.2437e+00,9.9496e-01,10%,10%,10%,10%,10%,10%,10%,8672,8672,121172,0.0037,0.10,0.10,1,0.10,0.10,10%,10%,N/A,N/A,N/A,N/A,N/A,N/A,N/A,N/A,N/A,N/A,N/A,N/A,N/A,N/A,N/A,N/A,N/A,N/A,N/A,N/A,N/A,N/A,N/A,N/A,N/A
F04-BucheRastrigin,separable,multimodal|separable|global-structure|asymmetric,L-SHADE,0.843,2.2737e-14,0.0000e+00,100%,100%,100%,100%,100%,100%,100%,10479,10439,10479,0.0193,1.00,1.00,1,1.00,1.00,100%,100%,N/A,N/A,N/A,N/A,N/A,N/A,N/A,N/A,N/A,N/A,N/A,N/A,N/A,N/A,N/A,N/A,N/A,N/A,N/A,N/A,N/A,N/A,N/A,N/A,N/A
F04-BucheRastrigin,separable,multimodal|separable|global-structure|asymmetric,MC-ESO,4.266,4.3083e+00,3.9799e+00,0%,0%,0%,0%,0%,0%,0%,inf,inf,inf,0.0000,0.00,0.00,1,0.00,0.00,0%,0%,N/A,N/A,N/A,N/A,N/A,N/A,N/A,N/A,N/A,N/A,N/A,N/A,N/A,N/A,N/A,N/A,N/A,N/A,N/A,N/A,N/A,N/A,N/A,N/A,N/A
F12-BentCigar,ill-cond,unimodal|non-separable|ill-conditioned|bent-valley,LSHADE-SPACMA,0.511,3.4106e-14,0.0000e+00,100%,100%,100%,100%,100%,100%,100%,6798,6650,6798,0.0710,1.00,1.00,1,1.00,1.00,100%,100%,N/A,N/A,N/A,N/A,N/A,N/A,N/A,N/A,N/A,N/A,N/A,N/A,N/A,N/A,N/A,N/A,N/A,N/A,N/A,N/A,N/A,N/A,N/A,N/A,N/A
F12-BentCigar,ill-cond,unimodal|non-separable|ill-conditioned|bent-valley,MOS,1.336,1.8462e-01,0.0000e+00,85%,85%,85%,85%,85%,75%,70%,8005,7768,10211,0.0468,0.85,0.85,1,0.85,0.85,85%,85%,N/A,N/A,N/A,N/A,N/A,N/A,N/A,N/A,N/A,N/A,N/A,N/A,N/A,N/A,N/A,N/A,N/A,N/A,N/A,N/A,N/A,N/A,N/A,N/A,N/A
F12-BentCigar,ill-cond,unimodal|non-separable|ill-conditioned|bent-valley,EBOwithCMAR,0.877,1.2158e-07,2.7931e-08,100%,100%,100%,100%,100%,75%,5%,9796,9770,9796,0.0255,1.00,1.00,1,1.00,1.00,100%,100%,N/A,N/A,N/A,N/A,N/A,N/A,N/A,N/A,N/A,N/A,N/A,N/A,N/A,N/A,N/A,N/A,N/A,N/A,N/A,N/A,N/A,N/A,N/A,N/A,N/A
F12-BentCigar,ill-cond,unimodal|non-separable|ill-conditioned|bent-valley,jSO,0.748,7.5324e-07,9.1433e-10,100%,100%,100%,100%,95%,90%,45%,9894,9930,9894,0.0272,1.00,1.00,1,1.00,1.00,100%,100%,N/A,N/A,N/A,N/A,N/A,N/A,N/A,N/A,N/A,N/A,N/A,N/A,N/A,N/A,N/A,N/A,N/A,N/A,N/A,N/A,N/A,N/A,N/A,N/A,N/A
F12-BentCigar,ill-cond,unimodal|non-separable|ill-conditioned|bent-valley,L-SRTDE,0.866,1.9123e-01,1.4421e-04,85%,70%,65%,40%,35%,35%,35%,5457,4890,24207,0.0453,0.40,0.40,1,0.70,0.40,70%,40%,N/A,N/A,N/A,N/A,N/A,N/A,N/A,N/A,N/A,N/A,N/A,N/A,N/A,N/A,N/A,N/A,N/A,N/A,N/A,N/A,N/A,N/A,N/A,N/A,N/A
F12-BentCigar,ill-cond,unimodal|non-separable|ill-conditioned|bent-valley,IMODE,0.429,2.1105e-06,2.6473e-06,100%,100%,100%,100%,100%,45%,5%,11178,11104,11178,0.0097,1.00,1.00,1,1.00,1.00,100%,100%,N/A,N/A,N/A,N/A,N/A,N/A,N/A,N/A,N/A,N/A,N/A,N/A,N/A,N/A,N/A,N/A,N/A,N/A,N/A,N/A,N/A,N/A,N/A,N/A,N/A
F12-BentCigar,ill-cond,unimodal|non-separable|ill-conditioned|bent-valley,ELSHADE-SPACMA,0.498,7.0994e-07,8.9813e-12,100%,100%,100%,100%,95%,90%,65%,9237,9079,9237,0.0359,1.00,1.00,1,1.00,1.00,100%,100%,N/A,N/A,N/A,N/A,N/A,N/A,N/A,N/A,N/A,N/A,N/A,N/A,N/A,N/A,N/A,N/A,N/A,N/A,N/A,N/A,N/A,N/A,N/A,N/A,N/A
F12-BentCigar,ill-cond,unimodal|non-separable|ill-conditioned|bent-valley,APGSK-IMODE,0.369,2.8675e-01,2.0226e-01,30%,0%,0%,0%,0%,0%,0%,inf,inf,inf,0.0003,0.00,0.00,1,0.00,0.00,0%,0%,N/A,N/A,N/A,N/A,N/A,N/A,N/A,N/A,N/A,N/A,N/A,N/A,N/A,N/A,N/A,N/A,N/A,N/A,N/A,N/A,N/A,N/A,N/A,N/A,N/A
F12-BentCigar,ill-cond,unimodal|non-separable|ill-conditioned|bent-valley,SPS-L-SHADE-EIG,0.839,3.5120e-02,3.3301e-03,85%,60%,25%,5%,0%,0%,0%,10887,10887,248387,0.0041,0.05,0.05,1,0.60,0.05,60%,5%,N/A,N/A,N/A,N/A,N/A,N/A,N/A,N/A,N/A,N/A,N/A,N/A,N/A,N/A,N/A,N/A,N/A,N/A,N/A,N/A,N/A,N/A,N/A,N/A,N/A
F12-BentCigar,ill-cond,unimodal|non-separable|ill-conditioned|bent-valley,CoBiDE,0.622,1.2623e+00,9.2924e-01,0%,0%,0%,0%,0%,0%,0%,inf,inf,inf,0.0000,0.00,0.00,1,0.00,0.00,0%,0%,N/A,N/A,N/A,N/A,N/A,N/A,N/A,N/A,N/A,N/A,N/A,N/A,N/A,N/A,N/A,N/A,N/A,N/A,N/A,N/A,N/A,N/A,N/A,N/A,N/A
F12-BentCigar,ill-cond,unimodal|non-separable|ill-conditioned|bent-valley,LSHADE-cnEpSin,7.713,3.9472e-06,5.2075e-07,100%,100%,100%,100%,95%,20%,5%,11719,11674,11719,0.0099,1.00,1.00,1,1.00,1.00,100%,100%,N/A,N/A,N/A,N/A,N/A,N/A,N/A,N/A,N/A,N/A,N/A,N/A,N/A,N/A,N/A,N/A,N/A,N/A,N/A,N/A,N/A,N/A,N/A,N/A,N/A
F12-BentCigar,ill-cond,unimodal|non-separable|ill-conditioned|bent-valley,CMA-ES,2.672,5.6843e-15,0.0000e+00,100%,100%,100%,100%,100%,100%,100%,3367,3348,3367,0.1451,1.00,1.00,1,1.00,1.00,100%,100%,N/A,N/A,N/A,N/A,N/A,N/A,N/A,N/A,N/A,N/A,N/A,N/A,N/A,N/A,N/A,N/A,N/A,N/A,N/A,N/A,N/A,N/A,N/A,N/A,N/A
F12-BentCigar,ill-cond,unimodal|non-separable|ill-conditioned|bent-valley,IPOP-CMA-ES,2.123,5.6843e-15,0.0000e+00,100%,100%,100%,100%,100%,100%,100%,3369,3018,3369,0.1518,1.00,1.00,1,1.00,1.00,100%,100%,N/A,N/A,N/A,N/A,N/A,N/A,N/A,N/A,N/A,N/A,N/A,N/A,N/A,N/A,N/A,N/A,N/A,N/A,N/A,N/A,N/A,N/A,N/A,N/A,N/A
F12-BentCigar,ill-cond,unimodal|non-separable|ill-conditioned|bent-valley,BIPOP-CMA-ES,2.580,0.0000e+00,0.0000e+00,100%,100%,100%,100%,100%,100%,100%,3369,3018,3369,0.1518,1.00,1.00,1,1.00,1.00,100%,100%,N/A,N/A,N/A,N/A,N/A,N/A,N/A,N/A,N/A,N/A,N/A,N/A,N/A,N/A,N/A,N/A,N/A,N/A,N/A,N/A,N/A,N/A,N/A,N/A,N/A
F12-BentCigar,ill-cond,unimodal|non-separable|ill-conditioned|bent-valley,DE,0.732,1.7070e+00,8.8183e-01,20%,15%,5%,0%,0%,0%,0%,inf,inf,inf,0.0057,0.00,0.00,1,0.15,0.00,15%,0%,N/A,N/A,N/A,N/A,N/A,N/A,N/A,N/A,N/A,N/A,N/A,N/A,N/A,N/A,N/A,N/A,N/A,N/A,N/A,N/A,N/A,N/A,N/A,N/A,N/A
F12-BentCigar,ill-cond,unimodal|non-separable|ill-conditioned|bent-valley,L-SHADE,0.827,3.2720e-05,1.4992e-06,100%,100%,100%,90%,75%,35%,0%,11096,11054,12485,0.0138,0.90,0.90,1,1.00,0.90,100%,90%,N/A,N/A,N/A,N/A,N/A,N/A,N/A,N/A,N/A,N/A,N/A,N/A,N/A,N/A,N/A,N/A,N/A,N/A,N/A,N/A,N/A,N/A,N/A,N/A,N/A
F12-BentCigar,ill-cond,unimodal|non-separable|ill-conditioned|bent-valley,MC-ESO,4.145,2.1408e+00,4.4893e-04,75%,60%,55%,50%,45%,35%,30%,8531,8140,21031,0.0286,0.50,0.50,1,0.60,0.50,60%,50%,N/A,N/A,N/A,N/A,N/A,N/A,N/A,N/A,N/A,N/A,N/A,N/A,N/A,N/A,N/A,N/A,N/A,N/A,N/A,N/A,N/A,N/A,N/A,N/A,N/A
F20-Schwefel,weak-structure,multimodal|separable|weak-structure|deceptive,LSHADE-SPACMA,0.480,8.0935e-02,0.0000e+00,75%,75%,75%,75%,75%,75%,70%,6933,6616,11100,0.0499,0.75,0.75,1,0.75,0.75,75%,75%,N/A,N/A,N/A,N/A,N/A,N/A,N/A,N/A,N/A,N/A,N/A,N/A,N/A,N/A,N/A,N/A,N/A,N/A,N/A,N/A,N/A,N/A,N/A,N/A,N/A
F20-Schwefel,weak-structure,multimodal|separable|weak-structure|deceptive,MOS,1.218,2.1545e-01,5.9920e-02,55%,45%,40%,40%,40%,40%,40%,2575,2612,21325,0.0674,0.40,0.40,1,0.45,0.40,45%,40%,N/A,N/A,N/A,N/A,N/A,N/A,N/A,N/A,N/A,N/A,N/A,N/A,N/A,N/A,N/A,N/A,N/A,N/A,N/A,N/A,N/A,N/A,N/A,N/A,N/A
F20-Schwefel,weak-structure,multimodal|separable|weak-structure|deceptive,EBOwithCMAR,0.863,1.1877e-02,1.1369e-13,95%,95%,95%,90%,90%,90%,90%,9959,9673,11348,0.0230,0.90,0.90,1,0.95,0.90,95%,90%,N/A,N/A,N/A,N/A,N/A,N/A,N/A,N/A,N/A,N/A,N/A,N/A,N/A,N/A,N/A,N/A,N/A,N/A,N/A,N/A,N/A,N/A,N/A,N/A,N/A
F20-Schwefel,weak-structure,multimodal|separable|weak-structure|deceptive,jSO,0.749,5.9221e-02,0.0000e+00,80%,80%,80%,80%,80%,80%,80%,10728,10772,13853,0.0131,0.80,0.80,1,0.80,0.80,80%,80%,N/A,N/A,N/A,N/A,N/A,N/A,N/A,N/A,N/A,N/A,N/A,N/A,N/A,N/A,N/A,N/A,N/A,N/A,N/A,N/A,N/A,N/A,N/A,N/A,N/A
F20-Schwefel,weak-structure,multimodal|separable|weak-structure|deceptive,L-SRTDE,0.879,2.4872e-01,2.3688e-01,35%,35%,35%,35%,35%,35%,35%,5370,5574,28585,0.0309,0.35,0.35,1,0.35,0.35,35%,35%,N/A,N/A,N/A,N/A,N/A,N/A,N/A,N/A,N/A,N/A,N/A,N/A,N/A,N/A,N/A,N/A,N/A,N/A,N/A,N/A,N/A,N/A,N/A,N/A,N/A
F20-Schwefel,weak-structure,multimodal|separable|weak-structure|deceptive,IMODE,0.446,9.5611e-02,5.0606e-03,70%,55%,45%,45%,40%,40%,40%,11377,10912,26637,0.0048,0.45,0.45,1,0.55,0.45,55%,45%,N/A,N/A,N/A,N/A,N/A,N/A,N/A,N/A,N/A,N/A,N/A,N/A,N/A,N/A,N/A,N/A,N/A,N/A,N/A,N/A,N/A,N/A,N/A,N/A,N/A
F20-Schwefel,weak-structure,multimodal|separable|weak-structure|deceptive,ELSHADE-SPACMA,0.458,1.1885e-02,0.0000e+00,95%,95%,95%,90%,90%,90%,80%,9148,8724,10536,0.0322,0.90,0.90,1,0.95,0.90,95%,90%,N/A,N/A,N/A,N/A,N/A,N/A,N/A,N/A,N/A,N/A,N/A,N/A,N/A,N/A,N/A,N/A,N/A,N/A,N/A,N/A,N/A,N/A,N/A,N/A,N/A
F20-Schwefel,weak-structure,multimodal|separable|weak-structure|deceptive,APGSK-IMODE,0.360,6.0292e-02,2.0210e-03,80%,70%,45%,20%,10%,0%,0%,11922,11926,61922,0.0029,0.20,0.20,1,0.70,0.20,70%,20%,N/A,N/A,N/A,N/A,N/A,N/A,N/A,N/A,N/A,N/A,N/A,N/A,N/A,N/A,N/A,N/A,N/A,N/A,N/A,N/A,N/A,N/A,N/A,N/A,N/A
F20-Schwefel,weak-structure,multimodal|separable|weak-structure|deceptive,SPS-L-SHADE-EIG,0.755,2.4798e-02,3.4897e-09,90%,85%,80%,80%,75%,55%,40%,11657,11717,14782,0.0099,0.80,0.80,1,0.85,0.80,85%,80%,N/A,N/A,N/A,N/A,N/A,N/A,N/A,N/A,N/A,N/A,N/A,N/A,N/A,N/A,N/A,N/A,N/A,N/A,N/A,N/A,N/A,N/A,N/A,N/A,N/A
F20-Schwefel,weak-structure,multimodal|separable|weak-structure|deceptive,CoBiDE,0.560,3.8653e-01,4.5331e-01,15%,0%,0%,0%,0%,0%,0%,inf,inf,inf,0.0002,0.00,0.00,1,0.00,0.00,0%,0%,N/A,N/A,N/A,N/A,N/A,N/A,N/A,N/A,N/A,N/A,N/A,N/A,N/A,N/A,N/A,N/A,N/A,N/A,N/A,N/A,N/A,N/A,N/A,N/A,N/A
F20-Schwefel,weak-structure,multimodal|separable|weak-structure|deceptive,LSHADE-cnEpSin,7.066,2.2436e-02,4.9532e-06,90%,80%,65%,60%,55%,35%,10%,11994,12114,20328,0.0039,0.60,0.60,1,0.80,0.60,80%,60%,N/A,N/A,N/A,N/A,N/A,N/A,N/A,N/A,N/A,N/A,N/A,N/A,N/A,N/A,N/A,N/A,N/A,N/A,N/A,N/A,N/A,N/A,N/A,N/A,N/A
F20-Schwefel,weak-structure,multimodal|separable|weak-structure|deceptive,CMA-ES,9.214,1.3661e+00,1.3226e+00,0%,0%,0%,0%,0%,0%,0%,inf,inf,inf,0.0000,0.00,0.00,1,0.00,0.00,0%,0%,N/A,N/A,N/A,N/A,N/A,N/A,N/A,N/A,N/A,N/A,N/A,N/A,N/A,N/A,N/A,N/A,N/A,N/A,N/A,N/A,N/A,N/A,N/A,N/A,N/A
F20-Schwefel,weak-structure,multimodal|separable|weak-structure|deceptive,IPOP-CMA-ES,1.342,4.9957e-01,4.5616e-01,20%,10%,10%,10%,5%,0%,0%,12218,12218,124718,0.0004,0.10,0.10,1,0.10,0.10,10%,10%,N/A,N/A,N/A,N/A,N/A,N/A,N/A,N/A,N/A,N/A,N/A,N/A,N/A,N/A,N/A,N/A,N/A,N/A,N/A,N/A,N/A,N/A,N/A,N/A,N/A
F20-Schwefel,weak-structure,multimodal|separable|weak-structure|deceptive,BIPOP-CMA-ES,1.243,6.3515e-01,4.8621e-01,5%,5%,5%,5%,5%,5%,5%,10197,10197,247697,0.0011,0.05,0.05,1,0.05,0.05,5%,5%,N/A,N/A,N/A,N/A,N/A,N/A,N/A,N/A,N/A,N/A,N/A,N/A,N/A,N/A,N/A,N/A,N/A,N/A,N/A,N/A,N/A,N/A,N/A,N/A,N/A
F20-Schwefel,weak-structure,multimodal|separable|weak-structure|deceptive,DE,0.549,1.1844e-01,0.0000e+00,60%,60%,60%,60%,60%,60%,60%,6160,5654,14493,0.0454,0.60,0.60,1,0.60,0.60,60%,60%,N/A,N/A,N/A,N/A,N/A,N/A,N/A,N/A,N/A,N/A,N/A,N/A,N/A,N/A,N/A,N/A,N/A,N/A,N/A,N/A,N/A,N/A,N/A,N/A,N/A
F20-Schwefel,weak-structure,multimodal|separable|weak-structure|deceptive,L-SHADE,0.471,1.2866e-02,4.9964e-07,95%,90%,85%,65%,60%,50%,30%,11293,11434,18023,0.0108,0.65,0.65,1,0.90,0.65,90%,65%,N/A,N/A,N/A,N/A,N/A,N/A,N/A,N/A,N/A,N/A,N/A,N/A,N/A,N/A,N/A,N/A,N/A,N/A,N/A,N/A,N/A,N/A,N/A,N/A,N/A
F20-Schwefel,weak-structure,multimodal|separable|weak-structure|deceptive,MC-ESO,2.059,1.1073e+00,1.1449e+00,0%,0%,0%,0%,0%,0%,0%,inf,inf,inf,0.0000,0.00,0.00,1,0.00,0.00,0%,0%,N/A,N/A,N/A,N/A,N/A,N/A,N/A,N/A,N/A,N/A,N/A,N/A,N/A,N/A,N/A,N/A,N/A,N/A,N/A,N/A,N/A,N/A,N/A,N/A,N/A
F05-LinearSlope,separable,unimodal|separable|linear|boundary-optimum,LSHADE-SPACMA,0.428,0.0000e+00,0.0000e+00,100%,100%,100%,100%,100%,100%,100%,3462,3473,3462,0.1368,1.00,1.00,1,1.00,1.00,100%,100%,N/A,N/A,N/A,N/A,N/A,N/A,N/A,N/A,N/A,N/A,N/A,N/A,N/A,N/A,N/A,N/A,N/A,N/A,N/A,N/A,N/A,N/A,N/A,N/A,N/A
F05-LinearSlope,separable,unimodal|separable|linear|boundary-optimum,MOS,1.376,0.0000e+00,0.0000e+00,100%,100%,100%,100%,100%,100%,100%,1513,1520,1513,0.2233,1.00,1.00,1,1.00,1.00,100%,100%,N/A,N/A,N/A,N/A,N/A,N/A,N/A,N/A,N/A,N/A,N/A,N/A,N/A,N/A,N/A,N/A,N/A,N/A,N/A,N/A,N/A,N/A,N/A,N/A,N/A
F05-LinearSlope,separable,unimodal|separable|linear|boundary-optimum,EBOwithCMAR,0.924,0.0000e+00,0.0000e+00,100%,100%,100%,100%,100%,100%,100%,5316,5303,5316,0.0942,1.00,1.00,1,1.00,1.00,100%,100%,N/A,N/A,N/A,N/A,N/A,N/A,N/A,N/A,N/A,N/A,N/A,N/A,N/A,N/A,N/A,N/A,N/A,N/A,N/A,N/A,N/A,N/A,N/A,N/A,N/A
F05-LinearSlope,separable,unimodal|separable|linear|boundary-optimum,jSO,0.757,0.0000e+00,0.0000e+00,100%,100%,100%,100%,100%,100%,100%,3760,3758,3760,0.1308,1.00,1.00,1,1.00,1.00,100%,100%,N/A,N/A,N/A,N/A,N/A,N/A,N/A,N/A,N/A,N/A,N/A,N/A,N/A,N/A,N/A,N/A,N/A,N/A,N/A,N/A,N/A,N/A,N/A,N/A,N/A
F05-LinearSlope,separable,unimodal|separable|linear|boundary-optimum,L-SRTDE,0.967,3.4792e-12,0.0000e+00,100%,100%,100%,100%,100%,100%,100%,5548,5569,5548,0.0898,1.00,1.00,1,1.00,1.00,100%,100%,N/A,N/A,N/A,N/A,N/A,N/A,N/A,N/A,N/A,N/A,N/A,N/A,N/A,N/A,N/A,N/A,N/A,N/A,N/A,N/A,N/A,N/A,N/A,N/A,N/A
F05-LinearSlope,separable,unimodal|separable|linear|boundary-optimum,IMODE,0.474,1.8652e-15,0.0000e+00,100%,100%,100%,100%,100%,100%,100%,10805,10746,10805,0.0211,1.00,1.00,1,1.00,1.00,100%,100%,N/A,N/A,N/A,N/A,N/A,N/A,N/A,N/A,N/A,N/A,N/A,N/A,N/A,N/A,N/A,N/A,N/A,N/A,N/A,N/A,N/A,N/A,N/A,N/A,N/A
F05-LinearSlope,separable,unimodal|separable|linear|boundary-optimum,ELSHADE-SPACMA,0.520,0.0000e+00,0.0000e+00,100%,100%,100%,100%,100%,100%,100%,4297,4289,4297,0.1155,1.00,1.00,1,1.00,1.00,100%,100%,N/A,N/A,N/A,N/A,N/A,N/A,N/A,N/A,N/A,N/A,N/A,N/A,N/A,N/A,N/A,N/A,N/A,N/A,N/A,N/A,N/A,N/A,N/A,N/A,N/A
F05-LinearSlope,separable,unimodal|separable|linear|boundary-optimum,APGSK-IMODE,0.466,0.0000e+00,0.0000e+00,100%,100%,100%,100%,100%,100%,100%,9681,9637,9681,0.0308,1.00,1.00,1,1.00,1.00,100%,100%,N/A,N/A,N/A,N/A,N/A,N/A,N/A,N/A,N/A,N/A,N/A,N/A,N/A,N/A,N/A,N/A,N/A,N/A,N/A,N/A,N/A,N/A,N/A,N/A,N/A
F05-LinearSlope,separable,unimodal|separable|linear|boundary-optimum,SPS-L-SHADE-EIG,0.923,0.0000e+00,0.0000e+00,100%,100%,100%,100%,100%,100%,100%,6014,6195,6014,0.0825,1.00,1.00,1,1.00,1.00,100%,100%,N/A,N/A,N/A,N/A,N/A,N/A,N/A,N/A,N/A,N/A,N/A,N/A,N/A,N/A,N/A,N/A,N/A,N/A,N/A,N/A,N/A,N/A,N/A,N/A,N/A
F05-LinearSlope,separable,unimodal|separable|linear|boundary-optimum,CoBiDE,0.770,2.2779e-06,2.0765e-06,100%,100%,100%,100%,100%,0%,0%,9639,9638,9639,0.0389,1.00,1.00,1,1.00,1.00,100%,100%,N/A,N/A,N/A,N/A,N/A,N/A,N/A,N/A,N/A,N/A,N/A,N/A,N/A,N/A,N/A,N/A,N/A,N/A,N/A,N/A,N/A,N/A,N/A,N/A,N/A
F05-LinearSlope,separable,unimodal|separable|linear|boundary-optimum,LSHADE-cnEpSin,7.362,0.0000e+00,0.0000e+00,100%,100%,100%,100%,100%,100%,100%,699,670,699,0.3102,1.00,1.00,1,1.00,1.00,100%,100%,N/A,N/A,N/A,N/A,N/A,N/A,N/A,N/A,N/A,N/A,N/A,N/A,N/A,N/A,N/A,N/A,N/A,N/A,N/A,N/A,N/A,N/A,N/A,N/A,N/A
F05-LinearSlope,separable,unimodal|separable|linear|boundary-optimum,CMA-ES,12.123,0.0000e+00,0.0000e+00,100%,100%,100%,100%,100%,100%,100%,562,560,562,0.3290,1.00,1.00,1,1.00,1.00,100%,100%,N/A,N/A,N/A,N/A,N/A,N/A,N/A,N/A,N/A,N/A,N/A,N/A,N/A,N/A,N/A,N/A,N/A,N/A,N/A,N/A,N/A,N/A,N/A,N/A,N/A
F05-LinearSlope,separable,unimodal|separable|linear|boundary-optimum,IPOP-CMA-ES,1.859,3.4639e-15,1.7764e-15,100%,100%,100%,100%,100%,100%,100%,535,532,535,0.3336,1.00,1.00,1,1.00,1.00,100%,100%,N/A,N/A,N/A,N/A,N/A,N/A,N/A,N/A,N/A,N/A,N/A,N/A,N/A,N/A,N/A,N/A,N/A,N/A,N/A,N/A,N/A,N/A,N/A,N/A,N/A
F05-LinearSlope,separable,unimodal|separable|linear|boundary-optimum,BIPOP-CMA-ES,2.076,3.6415e-15,2.6645e-15,100%,100%,100%,100%,100%,100%,100%,535,532,535,0.3336,1.00,1.00,1,1.00,1.00,100%,100%,N/A,N/A,N/A,N/A,N/A,N/A,N/A,N/A,N/A,N/A,N/A,N/A,N/A,N/A,N/A,N/A,N/A,N/A,N/A,N/A,N/A,N/A,N/A,N/A,N/A
F05-LinearSlope,separable,unimodal|separable|linear|boundary-optimum,DE,0.774,0.0000e+00,0.0000e+00,100%,100%,100%,100%,100%,100%,100%,1598,1612,1598,0.2334,1.00,1.00,1,1.00,1.00,100%,100%,N/A,N/A,N/A,N/A,N/A,N/A,N/A,N/A,N/A,N/A,N/A,N/A,N/A,N/A,N/A,N/A,N/A,N/A,N/A,N/A,N/A,N/A,N/A,N/A,N/A
F05-LinearSlope,separable,unimodal|separable|linear|boundary-optimum,L-SHADE,0.808,0.0000e+00,0.0000e+00,100%,100%,100%,100%,100%,100%,100%,3184,3168,3184,0.1477,1.00,1.00,1,1.00,1.00,100%,100%,N/A,N/A,N/A,N/A,N/A,N/A,N/A,N/A,N/A,N/A,N/A,N/A,N/A,N/A,N/A,N/A,N/A,N/A,N/A,N/A,N/A,N/A,N/A,N/A,N/A
F05-LinearSlope,separable,unimodal|separable|linear|boundary-optimum,MC-ESO,4.162,0.0000e+00,0.0000e+00,100%,100%,100%,100%,100%,100%,100%,1470,1416,1470,0.2374,1.00,1.00,1,1.00,1.00,100%,100%,N/A,N/A,N/A,N/A,N/A,N/A,N/A,N/A,N/A,N/A,N/A,N/A,N/A,N/A,N/A,N/A,N/A,N/A,N/A,N/A,N/A,N/A,N/A,N/A,N/A
F13-SharpRidge,ill-cond,unimodal|non-separable|ill-conditioned|sharp-ridge,LSHADE-SPACMA,0.358,4.0856e-15,3.5527e-15,100%,100%,100%,100%,100%,100%,100%,4412,4450,4412,0.1090,1.00,1.00,1,1.00,1.00,100%,100%,N/A,N/A,N/A,N/A,N/A,N/A,N/A,N/A,N/A,N/A,N/A,N/A,N/A,N/A,N/A,N/A,N/A,N/A,N/A,N/A,N/A,N/A,N/A,N/A,N/A
F13-SharpRidge,ill-cond,unimodal|non-separable|ill-conditioned|sharp-ridge,MOS,1.464,2.4555e-05,1.4870e-10,100%,100%,100%,95%,95%,95%,30%,4531,4296,5189,0.0987,0.95,0.95,1,1.00,0.95,100%,95%,N/A,N/A,N/A,N/A,N/A,N/A,N/A,N/A,N/A,N/A,N/A,N/A,N/A,N/A,N/A,N/A,N/A,N/A,N/A,N/A,N/A,N/A,N/A,N/A,N/A
F13-SharpRidge,ill-cond,unimodal|non-separable|ill-conditioned|sharp-ridge,EBOwithCMAR,0.896,2.2292e-07,5.1702e-08,100%,100%,100%,100%,100%,55%,0%,8775,8790,8775,0.0399,1.00,1.00,1,1.00,1.00,100%,100%,N/A,N/A,N/A,N/A,N/A,N/A,N/A,N/A,N/A,N/A,N/A,N/A,N/A,N/A,N/A,N/A,N/A,N/A,N/A,N/A,N/A,N/A,N/A,N/A,N/A
F13-SharpRidge,ill-cond,unimodal|non-separable|ill-conditioned|sharp-ridge,jSO,0.844,5.7202e-11,3.8956e-12,100%,100%,100%,100%,100%,100%,75%,8063,8096,8063,0.0471,1.00,1.00,1,1.00,1.00,100%,100%,N/A,N/A,N/A,N/A,N/A,N/A,N/A,N/A,N/A,N/A,N/A,N/A,N/A,N/A,N/A,N/A,N/A,N/A,N/A,N/A,N/A,N/A,N/A,N/A,N/A
F13-SharpRidge,ill-cond,unimodal|non-separable|ill-conditioned|sharp-ridge,L-SRTDE,0.905,5.5067e-15,7.1054e-15,100%,100%,100%,100%,100%,100%,100%,4797,4784,4797,0.1027,1.00,1.00,1,1.00,1.00,100%,100%,N/A,N/A,N/A,N/A,N/A,N/A,N/A,N/A,N/A,N/A,N/A,N/A,N/A,N/A,N/A,N/A,N/A,N/A,N/A,N/A,N/A,N/A,N/A,N/A,N/A
F13-SharpRidge,ill-cond,unimodal|non-separable|ill-conditioned|sharp-ridge,IMODE,0.401,6.3985e-04,6.1726e-04,100%,100%,100%,0%,0%,0%,0%,inf,inf,inf,0.0056,0.00,0.00,1,1.00,0.00,100%,0%,N/A,N/A,N/A,N/A,N/A,N/A,N/A,N/A,N/A,N/A,N/A,N/A,N/A,N/A,N/A,N/A,N/A,N/A,N/A,N/A,N/A,N/A,N/A,N/A,N/A
F13-SharpRidge,ill-cond,unimodal|non-separable|ill-conditioned|sharp-ridge,ELSHADE-SPACMA,0.347,6.3949e-15,7.1054e-15,100%,100%,100%,100%,100%,100%,100%,6925,6865,6925,0.0637,1.00,1.00,1,1.00,1.00,100%,100%,N/A,N/A,N/A,N/A,N/A,N/A,N/A,N/A,N/A,N/A,N/A,N/A,N/A,N/A,N/A,N/A,N/A,N/A,N/A,N/A,N/A,N/A,N/A,N/A,N/A
F13-SharpRidge,ill-cond,unimodal|non-separable|ill-conditioned|sharp-ridge,APGSK-IMODE,0.389,1.2027e-02,7.5709e-03,100%,60%,0%,0%,0%,0%,0%,inf,inf,inf,0.0023,0.00,0.00,1,0.60,0.00,60%,0%,N/A,N/A,N/A,N/A,N/A,N/A,N/A,N/A,N/A,N/A,N/A,N/A,N/A,N/A,N/A,N/A,N/A,N/A,N/A,N/A,N/A,N/A,N/A,N/A,N/A
F13-SharpRidge,ill-cond,unimodal|non-separable|ill-conditioned|sharp-ridge,SPS-L-SHADE-EIG,0.840,7.2869e-08,3.4878e-08,100%,100%,100%,100%,100%,80%,0%,10127,10126,10127,0.0250,1.00,1.00,1,1.00,1.00,100%,100%,N/A,N/A,N/A,N/A,N/A,N/A,N/A,N/A,N/A,N/A,N/A,N/A,N/A,N/A,N/A,N/A,N/A,N/A,N/A,N/A,N/A,N/A,N/A,N/A,N/A
F13-SharpRidge,ill-cond,unimodal|non-separable|ill-conditioned|sharp-ridge,CoBiDE,0.549,8.9157e-03,8.3509e-03,100%,65%,0%,0%,0%,0%,0%,inf,inf,inf,0.0051,0.00,0.00,1,0.65,0.00,65%,0%,N/A,N/A,N/A,N/A,N/A,N/A,N/A,N/A,N/A,N/A,N/A,N/A,N/A,N/A,N/A,N/A,N/A,N/A,N/A,N/A,N/A,N/A,N/A,N/A,N/A
F13-SharpRidge,ill-cond,unimodal|non-separable|ill-conditioned|sharp-ridge,LSHADE-cnEpSin,7.615,3.3587e-08,1.3058e-08,100%,100%,100%,100%,100%,90%,0%,10986,11002,10986,0.0191,1.00,1.00,1,1.00,1.00,100%,100%,N/A,N/A,N/A,N/A,N/A,N/A,N/A,N/A,N/A,N/A,N/A,N/A,N/A,N/A,N/A,N/A,N/A,N/A,N/A,N/A,N/A,N/A,N/A,N/A,N/A
F13-SharpRidge,ill-cond,unimodal|non-separable|ill-conditioned|sharp-ridge,CMA-ES,2.792,1.0695e-09,4.0443e-10,100%,100%,100%,100%,100%,100%,5%,1488,1532,1488,0.2010,1.00,1.00,1,1.00,1.00,100%,100%,N/A,N/A,N/A,N/A,N/A,N/A,N/A,N/A,N/A,N/A,N/A,N/A,N/A,N/A,N/A,N/A,N/A,N/A,N/A,N/A,N/A,N/A,N/A,N/A,N/A
F13-SharpRidge,ill-cond,unimodal|non-separable|ill-conditioned|sharp-ridge,IPOP-CMA-ES,2.394,9.4125e-10,7.5337e-10,100%,100%,100%,100%,100%,100%,0%,1576,1556,1576,0.1965,1.00,1.00,1,1.00,1.00,100%,100%,N/A,N/A,N/A,N/A,N/A,N/A,N/A,N/A,N/A,N/A,N/A,N/A,N/A,N/A,N/A,N/A,N/A,N/A,N/A,N/A,N/A,N/A,N/A,N/A,N/A
F13-SharpRidge,ill-cond,unimodal|non-separable|ill-conditioned|sharp-ridge,BIPOP-CMA-ES,2.415,8.3511e-10,5.7486e-10,100%,100%,100%,100%,100%,100%,0%,1576,1556,1576,0.1965,1.00,1.00,1,1.00,1.00,100%,100%,N/A,N/A,N/A,N/A,N/A,N/A,N/A,N/A,N/A,N/A,N/A,N/A,N/A,N/A,N/A,N/A,N/A,N/A,N/A,N/A,N/A,N/A,N/A,N/A,N/A
F13-SharpRidge,ill-cond,unimodal|non-separable|ill-conditioned|sharp-ridge,DE,0.636,1.8781e-04,3.4048e-09,100%,100%,90%,90%,80%,60%,40%,5658,5360,7046,0.0804,0.90,0.90,1,1.00,0.90,100%,90%,N/A,N/A,N/A,N/A,N/A,N/A,N/A,N/A,N/A,N/A,N/A,N/A,N/A,N/A,N/A,N/A,N/A,N/A,N/A,N/A,N/A,N/A,N/A,N/A,N/A
F13-SharpRidge,ill-cond,unimodal|non-separable|ill-conditioned|sharp-ridge,L-SHADE,0.768,5.1459e-09,9.1308e-10,100%,100%,100%,100%,100%,100%,5%,9740,9743,9740,0.0289,1.00,1.00,1,1.00,1.00,100%,100%,N/A,N/A,N/A,N/A,N/A,N/A,N/A,N/A,N/A,N/A,N/A,N/A,N/A,N/A,N/A,N/A,N/A,N/A,N/A,N/A,N/A,N/A,N/A,N/A,N/A
F13-SharpRidge,ill-cond,unimodal|non-separable|ill-conditioned|sharp-ridge,MC-ESO,4.079,3.2329e-02,2.1366e-04,85%,70%,55%,35%,25%,25%,25%,4174,3168,27388,0.0654,0.35,0.35,1,0.70,0.35,70%,35%,N/A,N/A,N/A,N/A,N/A,N/A,N/A,N/A,N/A,N/A,N/A,N/A,N/A,N/A,N/A,N/A,N/A,N/A,N/A,N/A,N/A,N/A,N/A,N/A,N/A
F21-Gallagher101,weak-structure,multimodal|non-separable|weak-structure,LSHADE-SPACMA,0.423,8.7168e-01,1.2453e+00,30%,30%,30%,30%,30%,30%,30%,2515,2417,31682,0.0515,0.30,0.30,1,0.30,0.30,30%,30%,N/A,N/A,N/A,N/A,N/A,N/A,N/A,N/A,N/A,N/A,N/A,N/A,N/A,N/A,N/A,N/A,N/A,N/A,N/A,N/A,N/A,N/A,N/A,N/A,N/A
F21-Gallagher101,weak-structure,multimodal|non-separable|weak-structure,MOS,1.211,4.9823e-01,0.0000e+00,60%,60%,60%,60%,60%,55%,55%,5285,6180,13618,0.0794,0.60,0.60,1,0.60,0.60,60%,60%,N/A,N/A,N/A,N/A,N/A,N/A,N/A,N/A,N/A,N/A,N/A,N/A,N/A,N/A,N/A,N/A,N/A,N/A,N/A,N/A,N/A,N/A,N/A,N/A,N/A
F21-Gallagher101,weak-structure,multimodal|non-separable|weak-structure,EBOwithCMAR,0.886,2.4905e-01,0.0000e+00,80%,80%,80%,80%,80%,80%,80%,7088,6894,10213,0.0510,0.80,0.80,1,0.80,0.80,80%,80%,N/A,N/A,N/A,N/A,N/A,N/A,N/A,N/A,N/A,N/A,N/A,N/A,N/A,N/A,N/A,N/A,N/A,N/A,N/A,N/A,N/A,N/A,N/A,N/A,N/A
F21-Gallagher101,weak-structure,multimodal|non-separable|weak-structure,jSO,0.764,2.4905e-01,0.0000e+00,80%,80%,80%,80%,80%,80%,80%,5113,5125,8238,0.0812,0.80,0.80,1,0.80,0.80,80%,80%,N/A,N/A,N/A,N/A,N/A,N/A,N/A,N/A,N/A,N/A,N/A,N/A,N/A,N/A,N/A,N/A,N/A,N/A,N/A,N/A,N/A,N/A,N/A,N/A,N/A
F21-Gallagher101,weak-structure,multimodal|non-separable|weak-structure,L-SRTDE,0.815,1.0706e+00,1.2453e+00,15%,15%,15%,15%,15%,15%,15%,1812,1821,72645,0.0312,0.15,0.15,1,0.15,0.15,15%,15%,N/A,N/A,N/A,N/A,N/A,N/A,N/A,N/A,N/A,N/A,N/A,N/A,N/A,N/A,N/A,N/A,N/A,N/A,N/A,N/A,N/A,N/A,N/A,N/A,N/A
F21-Gallagher101,weak-structure,multimodal|non-separable|weak-structure,IMODE,0.440,1.2453e-01,3.3928e-12,90%,90%,90%,90%,90%,90%,85%,10762,10798,12149,0.0205,0.90,0.90,1,0.90,0.90,90%,90%,N/A,N/A,N/A,N/A,N/A,N/A,N/A,N/A,N/A,N/A,N/A,N/A,N/A,N/A,N/A,N/A,N/A,N/A,N/A,N/A,N/A,N/A,N/A,N/A,N/A
F21-Gallagher101,weak-structure,multimodal|non-separable|weak-structure,ELSHADE-SPACMA,0.418,9.3394e-01,1.2453e+00,25%,25%,25%,25%,25%,25%,25%,3639,3674,41139,0.0321,0.25,0.25,1,0.25,0.25,25%,25%,N/A,N/A,N/A,N/A,N/A,N/A,N/A,N/A,N/A,N/A,N/A,N/A,N/A,N/A,N/A,N/A,N/A,N/A,N/A,N/A,N/A,N/A,N/A,N/A,N/A
F21-Gallagher101,weak-structure,multimodal|non-separable|weak-structure,APGSK-IMODE,0.340,1.2565e-01,3.5527e-15,90%,85%,80%,80%,80%,80%,80%,9338,9470,12463,0.0287,0.80,0.80,1,0.85,0.80,85%,80%,N/A,N/A,N/A,N/A,N/A,N/A,N/A,N/A,N/A,N/A,N/A,N/A,N/A,N/A,N/A,N/A,N/A,N/A,N/A,N/A,N/A,N/A,N/A,N/A,N/A
F21-Gallagher101,weak-structure,multimodal|non-separable|weak-structure,SPS-L-SHADE-EIG,0.727,4.6500e-02,0.0000e+00,95%,95%,95%,95%,95%,95%,95%,8181,8255,8839,0.0509,0.95,0.95,1,0.95,0.95,95%,95%,N/A,N/A,N/A,N/A,N/A,N/A,N/A,N/A,N/A,N/A,N/A,N/A,N/A,N/A,N/A,N/A,N/A,N/A,N/A,N/A,N/A,N/A,N/A,N/A,N/A
F21-Gallagher101,weak-structure,multimodal|non-separable|weak-structure,CoBiDE,0.595,5.6051e-12,3.9080e-14,100%,100%,100%,100%,100%,100%,100%,6494,6182,6494,0.0725,1.00,1.00,1,1.00,1.00,100%,100%,N/A,N/A,N/A,N/A,N/A,N/A,N/A,N/A,N/A,N/A,N/A,N/A,N/A,N/A,N/A,N/A,N/A,N/A,N/A,N/A,N/A,N/A,N/A,N/A,N/A
F21-Gallagher101,weak-structure,multimodal|non-separable|weak-structure,LSHADE-cnEpSin,7.079,4.2008e-01,0.0000e+00,65%,65%,65%,65%,65%,65%,65%,5197,5290,11928,0.0622,0.65,0.65,1,0.65,0.65,65%,65%,N/A,N/A,N/A,N/A,N/A,N/A,N/A,N/A,N/A,N/A,N/A,N/A,N/A,N/A,N/A,N/A,N/A,N/A,N/A,N/A,N/A,N/A,N/A,N/A,N/A
F21-Gallagher101,weak-structure,multimodal|non-separable|weak-structure,CMA-ES,9.593,1.9464e+00,1.2453e+00,10%,10%,10%,10%,10%,10%,10%,298,298,112798,0.0397,0.10,0.10,1,0.10,0.10,10%,10%,N/A,N/A,N/A,N/A,N/A,N/A,N/A,N/A,N/A,N/A,N/A,N/A,N/A,N/A,N/A,N/A,N/A,N/A,N/A,N/A,N/A,N/A,N/A,N/A,N/A
F21-Gallagher101,weak-structure,multimodal|non-separable|weak-structure,IPOP-CMA-ES,1.181,8.9782e-01,1.2453e+00,25%,25%,25%,25%,25%,25%,25%,2977,1791,40477,0.0492,0.25,0.25,1,0.25,0.25,25%,25%,N/A,N/A,N/A,N/A,N/A,N/A,N/A,N/A,N/A,N/A,N/A,N/A,N/A,N/A,N/A,N/A,N/A,N/A,N/A,N/A,N/A,N/A,N/A,N/A,N/A
F21-Gallagher101,weak-structure,multimodal|non-separable|weak-structure,BIPOP-CMA-ES,0.936,7.0076e-01,9.3000e-01,30%,30%,30%,30%,30%,30%,30%,2808,2426,31975,0.0567,0.30,0.30,1,0.30,0.30,30%,30%,N/A,N/A,N/A,N/A,N/A,N/A,N/A,N/A,N/A,N/A,N/A,N/A,N/A,N/A,N/A,N/A,N/A,N/A,N/A,N/A,N/A,N/A,N/A,N/A,N/A
F21-Gallagher101,weak-structure,multimodal|non-separable|weak-structure,DE,0.323,7.9221e-01,9.3000e-01,40%,40%,40%,40%,40%,40%,40%,1841,1827,20591,0.0820,0.40,0.40,1,0.40,0.40,40%,40%,N/A,N/A,N/A,N/A,N/A,N/A,N/A,N/A,N/A,N/A,N/A,N/A,N/A,N/A,N/A,N/A,N/A,N/A,N/A,N/A,N/A,N/A,N/A,N/A,N/A
F21-Gallagher101,weak-structure,multimodal|non-separable|weak-structure,L-SHADE,0.422,1.8679e-01,0.0000e+00,85%,85%,85%,85%,85%,85%,85%,5793,5851,7999,0.0737,0.85,0.85,1,0.85,0.85,85%,85%,N/A,N/A,N/A,N/A,N/A,N/A,N/A,N/A,N/A,N/A,N/A,N/A,N/A,N/A,N/A,N/A,N/A,N/A,N/A,N/A,N/A,N/A,N/A,N/A,N/A
F21-Gallagher101,weak-structure,multimodal|non-separable|weak-structure,MC-ESO,1.891,1.1675e+00,1.2453e+00,30%,30%,30%,30%,30%,30%,30%,2041,646,31208,0.0797,0.30,0.30,1,0.30,0.30,30%,30%,N/A,N/A,N/A,N/A,N/A,N/A,N/A,N/A,N/A,N/A,N/A,N/A,N/A,N/A,N/A,N/A,N/A,N/A,N/A,N/A,N/A,N/A,N/A,N/A,N/A
F06-AttractiveSector,moderate-cond,unimodal|non-separable|asymmetric|moderate-cond,LSHADE-SPACMA,0.544,0.0000e+00,0.0000e+00,100%,100%,100%,100%,100%,100%,100%,4160,4140,4160,0.1179,1.00,1.00,1,1.00,1.00,100%,100%,N/A,N/A,N/A,N/A,N/A,N/A,N/A,N/A,N/A,N/A,N/A,N/A,N/A,N/A,N/A,N/A,N/A,N/A,N/A,N/A,N/A,N/A,N/A,N/A,N/A
F06-AttractiveSector,moderate-cond,unimodal|non-separable|asymmetric|moderate-cond,MOS,1.227,1.5289e-11,3.5207e-12,100%,100%,100%,100%,100%,100%,100%,3697,3512,3697,0.1252,1.00,1.00,1,1.00,1.00,100%,100%,N/A,N/A,N/A,N/A,N/A,N/A,N/A,N/A,N/A,N/A,N/A,N/A,N/A,N/A,N/A,N/A,N/A,N/A,N/A,N/A,N/A,N/A,N/A,N/A,N/A
F06-AttractiveSector,moderate-cond,unimodal|non-separable|asymmetric|moderate-cond,EBOwithCMAR,0.975,2.8066e-14,1.0658e-14,100%,100%,100%,100%,100%,100%,100%,6746,6652,6746,0.0667,1.00,1.00,1,1.00,1.00,100%,100%,N/A,N/A,N/A,N/A,N/A,N/A,N/A,N/A,N/A,N/A,N/A,N/A,N/A,N/A,N/A,N/A,N/A,N/A,N/A,N/A,N/A,N/A,N/A,N/A,N/A
F06-AttractiveSector,moderate-cond,unimodal|non-separable|asymmetric|moderate-cond,jSO,0.722,3.5527e-16,0.0000e+00,100%,100%,100%,100%,100%,100%,100%,6185,6248,6185,0.0783,1.00,1.00,1,1.00,1.00,100%,100%,N/A,N/A,N/A,N/A,N/A,N/A,N/A,N/A,N/A,N/A,N/A,N/A,N/A,N/A,N/A,N/A,N/A,N/A,N/A,N/A,N/A,N/A,N/A,N/A,N/A
F06-AttractiveSector,moderate-cond,unimodal|non-separable|asymmetric|moderate-cond,L-SRTDE,0.850,1.4211e-15,0.0000e+00,100%,100%,100%,100%,100%,100%,100%,3639,3562,3639,0.1350,1.00,1.00,1,1.00,1.00,100%,100%,N/A,N/A,N/A,N/A,N/A,N/A,N/A,N/A,N/A,N/A,N/A,N/A,N/A,N/A,N/A,N/A,N/A,N/A,N/A,N/A,N/A,N/A,N/A,N/A,N/A
F06-AttractiveSector,moderate-cond,unimodal|non-separable|asymmetric|moderate-cond,IMODE,0.486,1.2224e-09,2.1899e-11,100%,100%,100%,100%,100%,100%,75%,11025,10925,11025,0.0148,1.00,1.00,1,1.00,1.00,100%,100%,N/A,N/A,N/A,N/A,N/A,N/A,N/A,N/A,N/A,N/A,N/A,N/A,N/A,N/A,N/A,N/A,N/A,N/A,N/A,N/A,N/A,N/A,N/A,N/A,N/A
F06-AttractiveSector,moderate-cond,unimodal|non-separable|asymmetric|moderate-cond,ELSHADE-SPACMA,0.583,3.5527e-16,0.0000e+00,100%,100%,100%,100%,100%,100%,100%,6005,5987,6005,0.0801,1.00,1.00,1,1.00,1.00,100%,100%,N/A,N/A,N/A,N/A,N/A,N/A,N/A,N/A,N/A,N/A,N/A,N/A,N/A,N/A,N/A,N/A,N/A,N/A,N/A,N/A,N/A,N/A,N/A,N/A,N/A
F06-AttractiveSector,moderate-cond,unimodal|non-separable|asymmetric|moderate-cond,APGSK-IMODE,0.446,5.8307e-06,2.0051e-06,100%,100%,100%,100%,90%,0%,0%,11142,11116,11142,0.0180,1.00,1.00,1,1.00,1.00,100%,100%,N/A,N/A,N/A,N/A,N/A,N/A,N/A,N/A,N/A,N/A,N/A,N/A,N/A,N/A,N/A,N/A,N/A,N/A,N/A,N/A,N/A,N/A,N/A,N/A,N/A
F06-AttractiveSector,moderate-cond,unimodal|non-separable|asymmetric|moderate-cond,SPS-L-SHADE-EIG,0.846,3.0422e-12,2.4158e-13,100%,100%,100%,100%,100%,100%,100%,9119,9073,9119,0.0396,1.00,1.00,1,1.00,1.00,100%,100%,N/A,N/A,N/A,N/A,N/A,N/A,N/A,N/A,N/A,N/A,N/A,N/A,N/A,N/A,N/A,N/A,N/A,N/A,N/A,N/A,N/A,N/A,N/A,N/A,N/A
F06-AttractiveSector,moderate-cond,unimodal|non-separable|asymmetric|moderate-cond,CoBiDE,0.773,3.2464e-04,2.6950e-04,100%,100%,100%,10%,0%,0%,0%,12168,12168,124668,0.0179,0.10,0.10,1,1.00,0.10,100%,10%,N/A,N/A,N/A,N/A,N/A,N/A,N/A,N/A,N/A,N/A,N/A,N/A,N/A,N/A,N/A,N/A,N/A,N/A,N/A,N/A,N/A,N/A,N/A,N/A,N/A
F06-AttractiveSector,moderate-cond,unimodal|non-separable|asymmetric|moderate-cond,LSHADE-cnEpSin,7.868,1.6950e-12,6.6436e-13,100%,100%,100%,100%,100%,100%,100%,9647,9648,9647,0.0457,1.00,1.00,1,1.00,1.00,100%,100%,N/A,N/A,N/A,N/A,N/A,N/A,N/A,N/A,N/A,N/A,N/A,N/A,N/A,N/A,N/A,N/A,N/A,N/A,N/A,N/A,N/A,N/A,N/A,N/A,N/A
F06-AttractiveSector,moderate-cond,unimodal|non-separable|asymmetric|moderate-cond,CMA-ES,3.879,3.5527e-16,0.0000e+00,100%,100%,100%,100%,100%,100%,100%,1073,1068,1073,0.2614,1.00,1.00,1,1.00,1.00,100%,100%,N/A,N/A,N/A,N/A,N/A,N/A,N/A,N/A,N/A,N/A,N/A,N/A,N/A,N/A,N/A,N/A,N/A,N/A,N/A,N/A,N/A,N/A,N/A,N/A,N/A
F06-AttractiveSector,moderate-cond,unimodal|non-separable|asymmetric|moderate-cond,IPOP-CMA-ES,1.927,6.0751e-14,5.6843e-14,100%,100%,100%,100%,100%,100%,100%,1111,1076,1111,0.2570,1.00,1.00,1,1.00,1.00,100%,100%,N/A,N/A,N/A,N/A,N/A,N/A,N/A,N/A,N/A,N/A,N/A,N/A,N/A,N/A,N/A,N/A,N/A,N/A,N/A,N/A,N/A,N/A,N/A,N/A,N/A
F06-AttractiveSector,moderate-cond,unimodal|non-separable|asymmetric|moderate-cond,BIPOP-CMA-ES,2.239,7.4607e-14,5.3291e-14,100%,100%,100%,100%,100%,100%,100%,1111,1076,1111,0.2570,1.00,1.00,1,1.00,1.00,100%,100%,N/A,N/A,N/A,N/A,N/A,N/A,N/A,N/A,N/A,N/A,N/A,N/A,N/A,N/A,N/A,N/A,N/A,N/A,N/A,N/A,N/A,N/A,N/A,N/A,N/A
F06-AttractiveSector,moderate-cond,unimodal|non-separable|asymmetric|moderate-cond,DE,0.798,2.1384e-03,4.9392e-09,100%,90%,90%,90%,80%,55%,45%,5741,4905,7130,0.0834,0.90,0.90,1,0.90,0.90,90%,90%,N/A,N/A,N/A,N/A,N/A,N/A,N/A,N/A,N/A,N/A,N/A,N/A,N/A,N/A,N/A,N/A,N/A,N/A,N/A,N/A,N/A,N/A,N/A,N/A,N/A
F06-AttractiveSector,moderate-cond,unimodal|non-separable|asymmetric|moderate-cond,L-SHADE,0.874,4.6185e-15,3.5527e-15,100%,100%,100%,100%,100%,100%,100%,7354,7288,7354,0.0600,1.00,1.00,1,1.00,1.00,100%,100%,N/A,N/A,N/A,N/A,N/A,N/A,N/A,N/A,N/A,N/A,N/A,N/A,N/A,N/A,N/A,N/A,N/A,N/A,N/A,N/A,N/A,N/A,N/A,N/A,N/A
F06-AttractiveSector,moderate-cond,unimodal|non-separable|asymmetric|moderate-cond,MC-ESO,4.441,1.3177e-12,5.8265e-13,100%,100%,100%,100%,100%,100%,100%,4993,4960,4993,0.1201,1.00,1.00,1,1.00,1.00,100%,100%,N/A,N/A,N/A,N/A,N/A,N/A,N/A,N/A,N/A,N/A,N/A,N/A,N/A,N/A,N/A,N/A,N/A,N/A,N/A,N/A,N/A,N/A,N/A,N/A,N/A
F14-DiffPowers,ill-cond,unimodal|non-separable|ill-conditioned,LSHADE-SPACMA,0.337,0.0000e+00,0.0000e+00,100%,100%,100%,100%,100%,100%,100%,2704,2664,2704,0.1675,1.00,1.00,1,1.00,1.00,100%,100%,N/A,N/A,N/A,N/A,N/A,N/A,N/A,N/A,N/A,N/A,N/A,N/A,N/A,N/A,N/A,N/A,N/A,N/A,N/A,N/A,N/A,N/A,N/A,N/A,N/A
F14-DiffPowers,ill-cond,unimodal|non-separable|ill-conditioned,MOS,1.295,1.7231e-13,1.5632e-13,100%,100%,100%,100%,100%,100%,100%,1947,1914,1947,0.2034,1.00,1.00,1,1.00,1.00,100%,100%,N/A,N/A,N/A,N/A,N/A,N/A,N/A,N/A,N/A,N/A,N/A,N/A,N/A,N/A,N/A,N/A,N/A,N/A,N/A,N/A,N/A,N/A,N/A,N/A,N/A
F14-DiffPowers,ill-cond,unimodal|non-separable|ill-conditioned,EBOwithCMAR,0.820,2.8422e-14,7.1054e-15,100%,100%,100%,100%,100%,100%,100%,4596,4658,4596,0.1173,1.00,1.00,1,1.00,1.00,100%,100%,N/A,N/A,N/A,N/A,N/A,N/A,N/A,N/A,N/A,N/A,N/A,N/A,N/A,N/A,N/A,N/A,N/A,N/A,N/A,N/A,N/A,N/A,N/A,N/A,N/A
F14-DiffPowers,ill-cond,unimodal|non-separable|ill-conditioned,jSO,0.659,0.0000e+00,0.0000e+00,100%,100%,100%,100%,100%,100%,100%,4646,4631,4646,0.1171,1.00,1.00,1,1.00,1.00,100%,100%,N/A,N/A,N/A,N/A,N/A,N/A,N/A,N/A,N/A,N/A,N/A,N/A,N/A,N/A,N/A,N/A,N/A,N/A,N/A,N/A,N/A,N/A,N/A,N/A,N/A
F14-DiffPowers,ill-cond,unimodal|non-separable|ill-conditioned,L-SRTDE,0.817,1.0658e-15,0.0000e+00,100%,100%,100%,100%,100%,100%,100%,2520,2530,2520,0.1780,1.00,1.00,1,1.00,1.00,100%,100%,N/A,N/A,N/A,N/A,N/A,N/A,N/A,N/A,N/A,N/A,N/A,N/A,N/A,N/A,N/A,N/A,N/A,N/A,N/A,N/A,N/A,N/A,N/A,N/A,N/A
F14-DiffPowers,ill-cond,unimodal|non-separable|ill-conditioned,IMODE,0.415,1.4040e-06,1.1738e-06,100%,100%,100%,100%,100%,15%,0%,10625,10700,10625,0.0424,1.00,1.00,1,1.00,1.00,100%,100%,N/A,N/A,N/A,N/A,N/A,N/A,N/A,N/A,N/A,N/A,N/A,N/A,N/A,N/A,N/A,N/A,N/A,N/A,N/A,N/A,N/A,N/A,N/A,N/A,N/A
F14-DiffPowers,ill-cond,unimodal|non-separable|ill-conditioned,ELSHADE-SPACMA,0.415,0.0000e+00,0.0000e+00,100%,100%,100%,100%,100%,100%,100%,4175,4177,4175,0.1224,1.00,1.00,1,1.00,1.00,100%,100%,N/A,N/A,N/A,N/A,N/A,N/A,N/A,N/A,N/A,N/A,N/A,N/A,N/A,N/A,N/A,N/A,N/A,N/A,N/A,N/A,N/A,N/A,N/A,N/A,N/A
F14-DiffPowers,ill-cond,unimodal|non-separable|ill-conditioned,APGSK-IMODE,0.339,1.7938e-07,9.9703e-08,100%,100%,100%,100%,100%,50%,0%,8745,8763,8745,0.0569,1.00,1.00,1,1.00,1.00,100%,100%,N/A,N/A,N/A,N/A,N/A,N/A,N/A,N/A,N/A,N/A,N/A,N/A,N/A,N/A,N/A,N/A,N/A,N/A,N/A,N/A,N/A,N/A,N/A,N/A,N/A
F14-DiffPowers,ill-cond,unimodal|non-separable|ill-conditioned,SPS-L-SHADE-EIG,0.875,1.4105e-11,4.5830e-12,100%,100%,100%,100%,100%,100%,100%,6514,6558,6514,0.0831,1.00,1.00,1,1.00,1.00,100%,100%,N/A,N/A,N/A,N/A,N/A,N/A,N/A,N/A,N/A,N/A,N/A,N/A,N/A,N/A,N/A,N/A,N/A,N/A,N/A,N/A,N/A,N/A,N/A,N/A,N/A
F14-DiffPowers,ill-cond,unimodal|non-separable|ill-conditioned,CoBiDE,0.567,3.0721e-07,2.8248e-07,100%,100%,100%,100%,100%,5%,0%,7042,7135,7042,0.0751,1.00,1.00,1,1.00,1.00,100%,100%,N/A,N/A,N/A,N/A,N/A,N/A,N/A,N/A,N/A,N/A,N/A,N/A,N/A,N/A,N/A,N/A,N/A,N/A,N/A,N/A,N/A,N/A,N/A,N/A,N/A
F14-DiffPowers,ill-cond,unimodal|non-separable|ill-conditioned,LSHADE-cnEpSin,7.901,1.4921e-14,7.1054e-15,100%,100%,100%,100%,100%,100%,100%,5335,5410,5335,0.1039,1.00,1.00,1,1.00,1.00,100%,100%,N/A,N/A,N/A,N/A,N/A,N/A,N/A,N/A,N/A,N/A,N/A,N/A,N/A,N/A,N/A,N/A,N/A,N/A,N/A,N/A,N/A,N/A,N/A,N/A,N/A
F14-DiffPowers,ill-cond,unimodal|non-separable|ill-conditioned,CMA-ES,2.524,4.9667e-12,8.2423e-13,100%,100%,100%,100%,100%,100%,100%,667,684,667,0.3165,1.00,1.00,1,1.00,1.00,100%,100%,N/A,N/A,N/A,N/A,N/A,N/A,N/A,N/A,N/A,N/A,N/A,N/A,N/A,N/A,N/A,N/A,N/A,N/A,N/A,N/A,N/A,N/A,N/A,N/A,N/A
F14-DiffPowers,ill-cond,unimodal|non-separable|ill-conditioned,IPOP-CMA-ES,2.166,1.4087e-12,2.6645e-13,100%,100%,100%,100%,100%,100%,100%,724,710,724,0.3067,1.00,1.00,1,1.00,1.00,100%,100%,N/A,N/A,N/A,N/A,N/A,N/A,N/A,N/A,N/A,N/A,N/A,N/A,N/A,N/A,N/A,N/A,N/A,N/A,N/A,N/A,N/A,N/A,N/A,N/A,N/A
F14-DiffPowers,ill-cond,unimodal|non-separable|ill-conditioned,BIPOP-CMA-ES,2.348,3.9861e-13,2.2737e-13,100%,100%,100%,100%,100%,100%,100%,724,710,724,0.3067,1.00,1.00,1,1.00,1.00,100%,100%,N/A,N/A,N/A,N/A,N/A,N/A,N/A,N/A,N/A,N/A,N/A,N/A,N/A,N/A,N/A,N/A,N/A,N/A,N/A,N/A,N/A,N/A,N/A,N/A,N/A
F14-DiffPowers,ill-cond,unimodal|non-separable|ill-conditioned,DE,0.729,4.3322e-09,0.0000e+00,100%,100%,100%,100%,100%,100%,95%,2189,2178,2189,0.1892,1.00,1.00,1,1.00,1.00,100%,100%,N/A,N/A,N/A,N/A,N/A,N/A,N/A,N/A,N/A,N/A,N/A,N/A,N/A,N/A,N/A,N/A,N/A,N/A,N/A,N/A,N/A,N/A,N/A,N/A,N/A
F14-DiffPowers,ill-cond,unimodal|non-separable|ill-conditioned,L-SHADE,0.751,2.1672e-14,0.0000e+00,100%,100%,100%,100%,100%,100%,100%,6079,6196,6079,0.0892,1.00,1.00,1,1.00,1.00,100%,100%,N/A,N/A,N/A,N/A,N/A,N/A,N/A,N/A,N/A,N/A,N/A,N/A,N/A,N/A,N/A,N/A,N/A,N/A,N/A,N/A,N/A,N/A,N/A,N/A,N/A
F14-DiffPowers,ill-cond,unimodal|non-separable|ill-conditioned,MC-ESO,4.444,7.4508e-09,2.6778e-09,100%,100%,100%,100%,100%,100%,35%,2734,2720,2734,0.1885,1.00,1.00,1,1.00,1.00,100%,100%,N/A,N/A,N/A,N/A,N/A,N/A,N/A,N/A,N/A,N/A,N/A,N/A,N/A,N/A,N/A,N/A,N/A,N/A,N/A,N/A,N/A,N/A,N/A,N/A,N/A
F22-Gallagher21,weak-structure,multimodal|non-separable|weak-structure,LSHADE-SPACMA,0.436,3.4593e-02,0.0000e+00,95%,95%,95%,95%,95%,95%,95%,3239,2890,3897,0.1409,0.95,0.95,1,0.95,0.95,95%,95%,N/A,N/A,N/A,N/A,N/A,N/A,N/A,N/A,N/A,N/A,N/A,N/A,N/A,N/A,N/A,N/A,N/A,N/A,N/A,N/A,N/A,N/A,N/A,N/A,N/A
F22-Gallagher21,weak-structure,multimodal|non-separable|weak-structure,MOS,1.193,2.7334e-01,6.6953e-06,70%,70%,70%,65%,50%,35%,35%,6884,6613,13615,0.0631,0.65,0.65,1,0.70,0.65,70%,65%,N/A,N/A,N/A,N/A,N/A,N/A,N/A,N/A,N/A,N/A,N/A,N/A,N/A,N/A,N/A,N/A,N/A,N/A,N/A,N/A,N/A,N/A,N/A,N/A,N/A
F22-Gallagher21,weak-structure,multimodal|non-separable|weak-structure,EBOwithCMAR,0.922,0.0000e+00,0.0000e+00,100%,100%,100%,100%,100%,100%,100%,6355,6413,6355,0.0774,1.00,1.00,1,1.00,1.00,100%,100%,N/A,N/A,N/A,N/A,N/A,N/A,N/A,N/A,N/A,N/A,N/A,N/A,N/A,N/A,N/A,N/A,N/A,N/A,N/A,N/A,N/A,N/A,N/A,N/A,N/A
F22-Gallagher21,weak-structure,multimodal|non-separable|weak-structure,jSO,0.727,1.0378e-01,0.0000e+00,85%,85%,85%,85%,85%,85%,85%,5635,5626,7841,0.0791,0.85,0.85,1,0.85,0.85,85%,85%,N/A,N/A,N/A,N/A,N/A,N/A,N/A,N/A,N/A,N/A,N/A,N/A,N/A,N/A,N/A,N/A,N/A,N/A,N/A,N/A,N/A,N/A,N/A,N/A,N/A
F22-Gallagher21,weak-structure,multimodal|non-separable|weak-structure,L-SRTDE,0.855,6.2763e-01,3.4593e-01,50%,50%,50%,50%,50%,50%,50%,1909,1732,14409,0.1023,0.50,0.50,1,0.50,0.50,50%,50%,N/A,N/A,N/A,N/A,N/A,N/A,N/A,N/A,N/A,N/A,N/A,N/A,N/A,N/A,N/A,N/A,N/A,N/A,N/A,N/A,N/A,N/A,N/A,N/A,N/A
F22-Gallagher21,weak-structure,multimodal|non-separable|weak-structure,IMODE,0.434,3.8675e-08,8.7295e-09,100%,100%,100%,100%,100%,90%,10%,10898,10814,10898,0.0321,1.00,1.00,1,1.00,1.00,100%,100%,N/A,N/A,N/A,N/A,N/A,N/A,N/A,N/A,N/A,N/A,N/A,N/A,N/A,N/A,N/A,N/A,N/A,N/A,N/A,N/A,N/A,N/A,N/A,N/A,N/A
F22-Gallagher21,weak-structure,multimodal|non-separable|weak-structure,ELSHADE-SPACMA,0.430,3.4593e-02,0.0000e+00,95%,95%,95%,95%,95%,95%,95%,4877,4327,5535,0.1011,0.95,0.95,1,0.95,0.95,95%,95%,N/A,N/A,N/A,N/A,N/A,N/A,N/A,N/A,N/A,N/A,N/A,N/A,N/A,N/A,N/A,N/A,N/A,N/A,N/A,N/A,N/A,N/A,N/A,N/A,N/A
F22-Gallagher21,weak-structure,multimodal|non-separable|weak-structure,APGSK-IMODE,0.379,6.9853e-09,3.9222e-12,100%,100%,100%,100%,100%,100%,65%,10358,10326,10358,0.0369,1.00,1.00,1,1.00,1.00,100%,100%,N/A,N/A,N/A,N/A,N/A,N/A,N/A,N/A,N/A,N/A,N/A,N/A,N/A,N/A,N/A,N/A,N/A,N/A,N/A,N/A,N/A,N/A,N/A,N/A,N/A
F22-Gallagher21,weak-structure,multimodal|non-separable|weak-structure,SPS-L-SHADE-EIG,0.730,1.6354e-08,0.0000e+00,100%,100%,100%,100%,100%,95%,95%,9206,9260,9206,0.0462,1.00,1.00,1,1.00,1.00,100%,100%,N/A,N/A,N/A,N/A,N/A,N/A,N/A,N/A,N/A,N/A,N/A,N/A,N/A,N/A,N/A,N/A,N/A,N/A,N/A,N/A,N/A,N/A,N/A,N/A,N/A
F22-Gallagher21,weak-structure,multimodal|non-separable|weak-structure,CoBiDE,0.615,6.9186e-02,2.8081e-11,90%,90%,90%,90%,90%,90%,70%,7535,7705,8924,0.0517,0.90,0.90,1,0.90,0.90,90%,90%,N/A,N/A,N/A,N/A,N/A,N/A,N/A,N/A,N/A,N/A,N/A,N/A,N/A,N/A,N/A,N/A,N/A,N/A,N/A,N/A,N/A,N/A,N/A,N/A,N/A
F22-Gallagher21,weak-structure,multimodal|non-separable|weak-structure,LSHADE-cnEpSin,7.180,6.9186e-02,0.0000e+00,90%,90%,90%,90%,90%,90%,90%,7626,7969,9015,0.0577,0.90,0.90,1,0.90,0.90,90%,90%,N/A,N/A,N/A,N/A,N/A,N/A,N/A,N/A,N/A,N/A,N/A,N/A,N/A,N/A,N/A,N/A,N/A,N/A,N/A,N/A,N/A,N/A,N/A,N/A,N/A
F22-Gallagher21,weak-structure,multimodal|non-separable|weak-structure,CMA-ES,10.617,4.6511e+00,1.9550e+00,15%,15%,15%,15%,15%,15%,15%,1126,402,71959,0.0445,0.15,0.15,1,0.15,0.15,15%,15%,N/A,N/A,N/A,N/A,N/A,N/A,N/A,N/A,N/A,N/A,N/A,N/A,N/A,N/A,N/A,N/A,N/A,N/A,N/A,N/A,N/A,N/A,N/A,N/A,N/A
F22-Gallagher21,weak-structure,multimodal|non-separable|weak-structure,IPOP-CMA-ES,1.338,6.5808e-01,3.4606e-01,50%,50%,50%,45%,45%,45%,45%,2447,1781,17724,0.1026,0.45,0.45,1,0.50,0.45,50%,45%,N/A,N/A,N/A,N/A,N/A,N/A,N/A,N/A,N/A,N/A,N/A,N/A,N/A,N/A,N/A,N/A,N/A,N/A,N/A,N/A,N/A,N/A,N/A,N/A,N/A
F22-Gallagher21,weak-structure,multimodal|non-separable|weak-structure,BIPOP-CMA-ES,1.281,5.5023e-01,3.4740e-07,55%,55%,55%,55%,55%,50%,50%,4652,3465,14879,0.0969,0.55,0.55,1,0.55,0.55,55%,55%,N/A,N/A,N/A,N/A,N/A,N/A,N/A,N/A,N/A,N/A,N/A,N/A,N/A,N/A,N/A,N/A,N/A,N/A,N/A,N/A,N/A,N/A,N/A,N/A,N/A
F22-Gallagher21,weak-structure,multimodal|non-separable|weak-structure,DE,0.483,3.7608e-01,1.4325e-02,55%,45%,40%,30%,30%,25%,15%,2474,2462,31641,0.0583,0.30,0.30,1,0.30,0.30,30%,30%,N/A,N/A,N/A,N/A,N/A,N/A,N/A,N/A,N/A,N/A,N/A,N/A,N/A,N/A,N/A,N/A,N/A,N/A,N/A,N/A,N/A,N/A,N/A,N/A,N/A
F22-Gallagher21,weak-structure,multimodal|non-separable|weak-structure,L-SHADE,0.608,1.0378e-01,0.0000e+00,85%,85%,85%,85%,85%,85%,85%,6986,6908,9192,0.0583,0.85,0.85,1,0.85,0.85,85%,85%,N/A,N/A,N/A,N/A,N/A,N/A,N/A,N/A,N/A,N/A,N/A,N/A,N/A,N/A,N/A,N/A,N/A,N/A,N/A,N/A,N/A,N/A,N/A,N/A,N/A
F22-Gallagher21,weak-structure,multimodal|non-separable|weak-structure,MC-ESO,3.227,4.6724e-01,1.7621e-12,60%,55%,55%,55%,55%,55%,55%,1736,1331,11964,0.1323,0.55,0.55,1,0.55,0.55,55%,55%,N/A,N/A,N/A,N/A,N/A,N/A,N/A,N/A,N/A,N/A,N/A,N/A,N/A,N/A,N/A,N/A,N/A,N/A,N/A,N/A,N/A,N/A,N/A,N/A,N/A
F07-StepEllipsoidal,moderate-cond,unimodal|non-separable|plateau|moderate-cond,LSHADE-SPACMA,0.480,0.0000e+00,0.0000e+00,100%,100%,100%,100%,100%,100%,100%,2142,2129,2142,0.1941,1.00,1.00,1,1.00,1.00,100%,100%,N/A,N/A,N/A,N/A,N/A,N/A,N/A,N/A,N/A,N/A,N/A,N/A,N/A,N/A,N/A,N/A,N/A,N/A,N/A,N/A,N/A,N/A,N/A,N/A,N/A
F07-StepEllipsoidal,moderate-cond,unimodal|non-separable|plateau|moderate-cond,MOS,1.218,0.0000e+00,0.0000e+00,100%,100%,100%,100%,100%,100%,100%,1323,1322,1323,0.2460,1.00,1.00,1,1.00,1.00,100%,100%,N/A,N/A,N/A,N/A,N/A,N/A,N/A,N/A,N/A,N/A,N/A,N/A,N/A,N/A,N/A,N/A,N/A,N/A,N/A,N/A,N/A,N/A,N/A,N/A,N/A
F07-StepEllipsoidal,moderate-cond,unimodal|non-separable|plateau|moderate-cond,EBOwithCMAR,0.838,0.0000e+00,0.0000e+00,100%,100%,100%,100%,100%,100%,100%,4652,4712,4652,0.1113,1.00,1.00,1,1.00,1.00,100%,100%,N/A,N/A,N/A,N/A,N/A,N/A,N/A,N/A,N/A,N/A,N/A,N/A,N/A,N/A,N/A,N/A,N/A,N/A,N/A,N/A,N/A,N/A,N/A,N/A,N/A
F07-StepEllipsoidal,moderate-cond,unimodal|non-separable|plateau|moderate-cond,jSO,0.713,0.0000e+00,0.0000e+00,100%,100%,100%,100%,100%,100%,100%,4234,4248,4234,0.1238,1.00,1.00,1,1.00,1.00,100%,100%,N/A,N/A,N/A,N/A,N/A,N/A,N/A,N/A,N/A,N/A,N/A,N/A,N/A,N/A,N/A,N/A,N/A,N/A,N/A,N/A,N/A,N/A,N/A,N/A,N/A
F07-StepEllipsoidal,moderate-cond,unimodal|non-separable|plateau|moderate-cond,L-SRTDE,0.917,0.0000e+00,0.0000e+00,100%,100%,100%,100%,100%,100%,100%,1943,1946,1943,0.2052,1.00,1.00,1,1.00,1.00,100%,100%,N/A,N/A,N/A,N/A,N/A,N/A,N/A,N/A,N/A,N/A,N/A,N/A,N/A,N/A,N/A,N/A,N/A,N/A,N/A,N/A,N/A,N/A,N/A,N/A,N/A
F07-StepEllipsoidal,moderate-cond,unimodal|non-separable|plateau|moderate-cond,IMODE,0.475,3.6497e-04,0.0000e+00,100%,100%,95%,95%,95%,95%,95%,11548,11642,12205,0.0132,0.95,0.95,1,1.00,0.95,100%,95%,N/A,N/A,N/A,N/A,N/A,N/A,N/A,N/A,N/A,N/A,N/A,N/A,N/A,N/A,N/A,N/A,N/A,N/A,N/A,N/A,N/A,N/A,N/A,N/A,N/A
F07-StepEllipsoidal,moderate-cond,unimodal|non-separable|plateau|moderate-cond,ELSHADE-SPACMA,0.556,0.0000e+00,0.0000e+00,100%,100%,100%,100%,100%,100%,100%,3294,3292,3294,0.1486,1.00,1.00,1,1.00,1.00,100%,100%,N/A,N/A,N/A,N/A,N/A,N/A,N/A,N/A,N/A,N/A,N/A,N/A,N/A,N/A,N/A,N/A,N/A,N/A,N/A,N/A,N/A,N/A,N/A,N/A,N/A
F07-StepEllipsoidal,moderate-cond,unimodal|non-separable|plateau|moderate-cond,APGSK-IMODE,0.494,0.0000e+00,0.0000e+00,100%,100%,100%,100%,100%,100%,100%,8676,8712,8676,0.0453,1.00,1.00,1,1.00,1.00,100%,100%,N/A,N/A,N/A,N/A,N/A,N/A,N/A,N/A,N/A,N/A,N/A,N/A,N/A,N/A,N/A,N/A,N/A,N/A,N/A,N/A,N/A,N/A,N/A,N/A,N/A
F07-StepEllipsoidal,moderate-cond,unimodal|non-separable|plateau|moderate-cond,SPS-L-SHADE-EIG,0.981,0.0000e+00,0.0000e+00,100%,100%,100%,100%,100%,100%,100%,6613,6686,6613,0.0791,1.00,1.00,1,1.00,1.00,100%,100%,N/A,N/A,N/A,N/A,N/A,N/A,N/A,N/A,N/A,N/A,N/A,N/A,N/A,N/A,N/A,N/A,N/A,N/A,N/A,N/A,N/A,N/A,N/A,N/A,N/A
F07-StepEllipsoidal,moderate-cond,unimodal|non-separable|plateau|moderate-cond,CoBiDE,0.831,0.0000e+00,0.0000e+00,100%,100%,100%,100%,100%,100%,100%,7337,7767,7337,0.0676,1.00,1.00,1,1.00,1.00,100%,100%,N/A,N/A,N/A,N/A,N/A,N/A,N/A,N/A,N/A,N/A,N/A,N/A,N/A,N/A,N/A,N/A,N/A,N/A,N/A,N/A,N/A,N/A,N/A,N/A,N/A
F07-StepEllipsoidal,moderate-cond,unimodal|non-separable|plateau|moderate-cond,LSHADE-cnEpSin,7.677,0.0000e+00,0.0000e+00,100%,100%,100%,100%,100%,100%,100%,5036,4958,5036,0.1075,1.00,1.00,1,1.00,1.00,100%,100%,N/A,N/A,N/A,N/A,N/A,N/A,N/A,N/A,N/A,N/A,N/A,N/A,N/A,N/A,N/A,N/A,N/A,N/A,N/A,N/A,N/A,N/A,N/A,N/A,N/A
F07-StepEllipsoidal,moderate-cond,unimodal|non-separable|plateau|moderate-cond,CMA-ES,11.836,1.3886e+00,5.0475e-01,20%,20%,15%,15%,15%,15%,15%,544,541,71378,0.0556,0.15,0.15,1,0.20,0.15,20%,15%,N/A,N/A,N/A,N/A,N/A,N/A,N/A,N/A,N/A,N/A,N/A,N/A,N/A,N/A,N/A,N/A,N/A,N/A,N/A,N/A,N/A,N/A,N/A,N/A,N/A
F07-StepEllipsoidal,moderate-cond,unimodal|non-separable|plateau|moderate-cond,IPOP-CMA-ES,1.228,0.0000e+00,0.0000e+00,100%,100%,100%,100%,100%,100%,100%,1265,1137,1265,0.2663,1.00,1.00,1,1.00,1.00,100%,100%,N/A,N/A,N/A,N/A,N/A,N/A,N/A,N/A,N/A,N/A,N/A,N/A,N/A,N/A,N/A,N/A,N/A,N/A,N/A,N/A,N/A,N/A,N/A,N/A,N/A
F07-StepEllipsoidal,moderate-cond,unimodal|non-separable|plateau|moderate-cond,BIPOP-CMA-ES,1.231,0.0000e+00,0.0000e+00,100%,100%,100%,100%,100%,100%,100%,1697,1922,1697,0.2413,1.00,1.00,1,1.00,1.00,100%,100%,N/A,N/A,N/A,N/A,N/A,N/A,N/A,N/A,N/A,N/A,N/A,N/A,N/A,N/A,N/A,N/A,N/A,N/A,N/A,N/A,N/A,N/A,N/A,N/A,N/A
F07-StepEllipsoidal,moderate-cond,unimodal|non-separable|plateau|moderate-cond,DE,0.736,0.0000e+00,0.0000e+00,100%,100%,100%,100%,100%,100%,100%,1940,1924,1940,0.2061,1.00,1.00,1,1.00,1.00,100%,100%,N/A,N/A,N/A,N/A,N/A,N/A,N/A,N/A,N/A,N/A,N/A,N/A,N/A,N/A,N/A,N/A,N/A,N/A,N/A,N/A,N/A,N/A,N/A,N/A,N/A
F07-StepEllipsoidal,moderate-cond,unimodal|non-separable|plateau|moderate-cond,L-SHADE,0.719,0.0000e+00,0.0000e+00,100%,100%,100%,100%,100%,100%,100%,5591,5642,5591,0.0916,1.00,1.00,1,1.00,1.00,100%,100%,N/A,N/A,N/A,N/A,N/A,N/A,N/A,N/A,N/A,N/A,N/A,N/A,N/A,N/A,N/A,N/A,N/A,N/A,N/A,N/A,N/A,N/A,N/A,N/A,N/A
F07-StepEllipsoidal,moderate-cond,unimodal|non-separable|plateau|moderate-cond,MC-ESO,4.165,1.7410e-01,0.0000e+00,60%,55%,55%,55%,55%,55%,55%,7200,6539,17427,0.0457,0.55,0.55,1,0.55,0.55,55%,55%,N/A,N/A,N/A,N/A,N/A,N/A,N/A,N/A,N/A,N/A,N/A,N/A,N/A,N/A,N/A,N/A,N/A,N/A,N/A,N/A,N/A,N/A,N/A,N/A,N/A
F15-RastriginRot,multimodal,multimodal|non-separable|global-structure,LSHADE-SPACMA,0.526,4.5081e-01,1.6523e-03,65%,55%,45%,40%,35%,30%,30%,9640,9101,28390,0.0124,0.40,0.40,1,0.55,0.40,55%,40%,N/A,N/A,N/A,N/A,N/A,N/A,N/A,N/A,N/A,N/A,N/A,N/A,N/A,N/A,N/A,N/A,N/A,N/A,N/A,N/A,N/A,N/A,N/A,N/A,N/A
F15-RastriginRot,multimodal,multimodal|non-separable|global-structure,MOS,1.163,2.6366e+00,1.9899e+00,5%,5%,5%,5%,5%,5%,5%,5845,5845,243345,0.0042,0.05,0.05,1,0.05,0.05,5%,5%,N/A,N/A,N/A,N/A,N/A,N/A,N/A,N/A,N/A,N/A,N/A,N/A,N/A,N/A,N/A,N/A,N/A,N/A,N/A,N/A,N/A,N/A,N/A,N/A,N/A
F15-RastriginRot,multimodal,multimodal|non-separable|global-structure,EBOwithCMAR,0.979,4.7038e-01,1.6046e-01,45%,30%,30%,30%,30%,30%,30%,10014,9880,39180,0.0071,0.30,0.30,1,0.30,0.30,30%,30%,N/A,N/A,N/A,N/A,N/A,N/A,N/A,N/A,N/A,N/A,N/A,N/A,N/A,N/A,N/A,N/A,N/A,N/A,N/A,N/A,N/A,N/A,N/A,N/A,N/A
F15-RastriginRot,multimodal,multimodal|non-separable|global-structure,jSO,0.726,6.0957e-01,9.9496e-01,40%,40%,35%,30%,30%,10%,5%,12022,12096,41188,0.0013,0.30,0.30,1,0.40,0.30,40%,30%,N/A,N/A,N/A,N/A,N/A,N/A,N/A,N/A,N/A,N/A,N/A,N/A,N/A,N/A,N/A,N/A,N/A,N/A,N/A,N/A,N/A,N/A,N/A,N/A,N/A
F15-RastriginRot,multimodal,multimodal|non-separable|global-structure,L-SRTDE,0.899,7.4622e-01,1.3000e-10,60%,60%,60%,60%,60%,60%,50%,8465,8421,16798,0.0245,0.60,0.60,1,0.60,0.60,60%,60%,N/A,N/A,N/A,N/A,N/A,N/A,N/A,N/A,N/A,N/A,N/A,N/A,N/A,N/A,N/A,N/A,N/A,N/A,N/A,N/A,N/A,N/A,N/A,N/A,N/A
F15-RastriginRot,multimodal,multimodal|non-separable|global-structure,IMODE,0.472,1.9720e+00,1.9899e+00,10%,10%,10%,10%,10%,10%,10%,11000,11000,123377,0.0013,0.10,0.10,1,0.10,0.10,10%,10%,N/A,N/A,N/A,N/A,N/A,N/A,N/A,N/A,N/A,N/A,N/A,N/A,N/A,N/A,N/A,N/A,N/A,N/A,N/A,N/A,N/A,N/A,N/A,N/A,N/A
F15-RastriginRot,multimodal,multimodal|non-separable|global-structure,ELSHADE-SPACMA,0.485,4.0827e-01,1.3593e-06,65%,60%,60%,55%,55%,50%,50%,10348,10159,20575,0.0113,0.55,0.55,1,0.60,0.55,60%,55%,N/A,N/A,N/A,N/A,N/A,N/A,N/A,N/A,N/A,N/A,N/A,N/A,N/A,N/A,N/A,N/A,N/A,N/A,N/A,N/A,N/A,N/A,N/A,N/A,N/A
F15-RastriginRot,multimodal,multimodal|non-separable|global-structure,APGSK-IMODE,0.417,2.2941e+00,2.5676e+00,5%,0%,0%,0%,0%,0%,0%,inf,inf,inf,0.0000,0.00,0.00,1,0.00,0.00,0%,0%,N/A,N/A,N/A,N/A,N/A,N/A,N/A,N/A,N/A,N/A,N/A,N/A,N/A,N/A,N/A,N/A,N/A,N/A,N/A,N/A,N/A,N/A,N/A,N/A,N/A
F15-RastriginRot,multimodal,multimodal|non-separable|global-structure,SPS-L-SHADE-EIG,0.762,1.0113e+00,1.0012e+00,25%,15%,10%,10%,10%,0%,0%,12375,12375,124875,0.0006,0.10,0.10,1,0.15,0.10,15%,10%,N/A,N/A,N/A,N/A,N/A,N/A,N/A,N/A,N/A,N/A,N/A,N/A,N/A,N/A,N/A,N/A,N/A,N/A,N/A,N/A,N/A,N/A,N/A,N/A,N/A
F15-RastriginRot,multimodal,multimodal|non-separable|global-structure,CoBiDE,0.696,4.5464e+00,4.5695e+00,0%,0%,0%,0%,0%,0%,0%,inf,inf,inf,0.0000,0.00,0.00,1,0.00,0.00,0%,0%,N/A,N/A,N/A,N/A,N/A,N/A,N/A,N/A,N/A,N/A,N/A,N/A,N/A,N/A,N/A,N/A,N/A,N/A,N/A,N/A,N/A,N/A,N/A,N/A,N/A
F15-RastriginRot,multimodal,multimodal|non-separable|global-structure,LSHADE-cnEpSin,7.607,1.5440e+00,1.3740e+00,10%,5%,5%,5%,5%,0%,0%,12329,12329,249829,0.0001,0.05,0.05,1,0.05,0.05,5%,5%,N/A,N/A,N/A,N/A,N/A,N/A,N/A,N/A,N/A,N/A,N/A,N/A,N/A,N/A,N/A,N/A,N/A,N/A,N/A,N/A,N/A,N/A,N/A,N/A,N/A
F15-RastriginRot,multimodal,multimodal|non-separable|global-structure,CMA-ES,10.694,7.8602e+00,6.4672e+00,0%,0%,0%,0%,0%,0%,0%,inf,inf,inf,0.0000,0.00,0.00,1,0.00,0.00,0%,0%,N/A,N/A,N/A,N/A,N/A,N/A,N/A,N/A,N/A,N/A,N/A,N/A,N/A,N/A,N/A,N/A,N/A,N/A,N/A,N/A,N/A,N/A,N/A,N/A,N/A
F15-RastriginRot,multimodal,multimodal|non-separable|global-structure,IPOP-CMA-ES,1.626,1.8358e+00,1.9899e+00,15%,15%,15%,10%,10%,10%,10%,7198,7198,119698,0.0058,0.10,0.10,1,0.15,0.10,15%,10%,N/A,N/A,N/A,N/A,N/A,N/A,N/A,N/A,N/A,N/A,N/A,N/A,N/A,N/A,N/A,N/A,N/A,N/A,N/A,N/A,N/A,N/A,N/A,N/A,N/A
F15-RastriginRot,multimodal,multimodal|non-separable|global-structure,BIPOP-CMA-ES,1.811,1.7909e+00,1.9899e+00,5%,5%,5%,5%,5%,5%,0%,10745,10745,248245,0.0007,0.05,0.05,1,0.05,0.05,5%,5%,N/A,N/A,N/A,N/A,N/A,N/A,N/A,N/A,N/A,N/A,N/A,N/A,N/A,N/A,N/A,N/A,N/A,N/A,N/A,N/A,N/A,N/A,N/A,N/A,N/A
F15-RastriginRot,multimodal,multimodal|non-separable|global-structure,DE,0.657,1.8831e+00,1.9899e+00,10%,10%,10%,10%,10%,10%,10%,7978,7978,120478,0.0047,0.10,0.10,1,0.10,0.10,10%,10%,N/A,N/A,N/A,N/A,N/A,N/A,N/A,N/A,N/A,N/A,N/A,N/A,N/A,N/A,N/A,N/A,N/A,N/A,N/A,N/A,N/A,N/A,N/A,N/A,N/A
F15-RastriginRot,multimodal,multimodal|non-separable|global-structure,L-SHADE,0.724,1.1684e+00,1.0476e+00,10%,10%,0%,0%,0%,0%,0%,inf,inf,inf,0.0002,0.00,0.00,1,0.10,0.00,10%,0%,N/A,N/A,N/A,N/A,N/A,N/A,N/A,N/A,N/A,N/A,N/A,N/A,N/A,N/A,N/A,N/A,N/A,N/A,N/A,N/A,N/A,N/A,N/A,N/A,N/A
F15-RastriginRot,multimodal,multimodal|non-separable|global-structure,MC-ESO,4.046,1.6971e+00,1.4975e+00,20%,15%,15%,15%,15%,15%,10%,9898,10847,80732,0.0044,0.15,0.15,1,0.15,0.15,15%,15%,N/A,N/A,N/A,N/A,N/A,N/A,N/A,N/A,N/A,N/A,N/A,N/A,N/A,N/A,N/A,N/A,N/A,N/A,N/A,N/A,N/A,N/A,N/A,N/A,N/A
F23-Katsuura,weak-structure,multimodal|non-separable|weak-structure|rugged,LSHADE-SPACMA,0.426,5.6502e-01,4.8518e-01,10%,0%,0%,0%,0%,0%,0%,inf,inf,inf,0.0001,0.00,0.00,1,0.00,0.00,0%,0%,N/A,N/A,N/A,N/A,N/A,N/A,N/A,N/A,N/A,N/A,N/A,N/A,N/A,N/A,N/A,N/A,N/A,N/A,N/A,N/A,N/A,N/A,N/A,N/A,N/A
F23-Katsuura,weak-structure,multimodal|non-separable|weak-structure|rugged,MOS,1.221,8.7052e-01,8.8956e-01,5%,5%,5%,5%,5%,5%,5%,5675,5675,243175,0.0040,0.00,0.00,1,0.00,0.00,0%,0%,N/A,N/A,N/A,N/A,N/A,N/A,N/A,N/A,N/A,N/A,N/A,N/A,N/A,N/A,N/A,N/A,N/A,N/A,N/A,N/A,N/A,N/A,N/A,N/A,N/A
F23-Katsuura,weak-structure,multimodal|non-separable|weak-structure|rugged,EBOwithCMAR,0.718,1.4908e-01,2.4534e-02,55%,50%,30%,10%,0%,0%,0%,11761,11761,124261,0.0019,0.00,0.00,1,0.00,0.00,0%,0%,N/A,N/A,N/A,N/A,N/A,N/A,N/A,N/A,N/A,N/A,N/A,N/A,N/A,N/A,N/A,N/A,N/A,N/A,N/A,N/A,N/A,N/A,N/A,N/A,N/A
F23-Katsuura,weak-structure,multimodal|non-separable|weak-structure|rugged,jSO,0.689,9.8792e-01,1.0298e+00,0%,0%,0%,0%,0%,0%,0%,inf,inf,inf,0.0000,0.00,0.00,1,0.00,0.00,0%,0%,N/A,N/A,N/A,N/A,N/A,N/A,N/A,N/A,N/A,N/A,N/A,N/A,N/A,N/A,N/A,N/A,N/A,N/A,N/A,N/A,N/A,N/A,N/A,N/A,N/A
F23-Katsuura,weak-structure,multimodal|non-separable|weak-structure|rugged,L-SRTDE,0.805,1.0904e+00,1.1157e+00,0%,0%,0%,0%,0%,0%,0%,inf,inf,inf,0.0000,0.00,0.00,1,0.00,0.00,0%,0%,N/A,N/A,N/A,N/A,N/A,N/A,N/A,N/A,N/A,N/A,N/A,N/A,N/A,N/A,N/A,N/A,N/A,N/A,N/A,N/A,N/A,N/A,N/A,N/A,N/A
F23-Katsuura,weak-structure,multimodal|non-separable|weak-structure|rugged,IMODE,0.335,2.2968e-01,2.0401e-01,25%,5%,0%,0%,0%,0%,0%,inf,inf,inf,0.0002,0.00,0.00,1,0.00,0.00,0%,0%,N/A,N/A,N/A,N/A,N/A,N/A,N/A,N/A,N/A,N/A,N/A,N/A,N/A,N/A,N/A,N/A,N/A,N/A,N/A,N/A,N/A,N/A,N/A,N/A,N/A
F23-Katsuura,weak-structure,multimodal|non-separable|weak-structure|rugged,ELSHADE-SPACMA,0.313,8.1255e-01,6.7350e-01,0%,0%,0%,0%,0%,0%,0%,inf,inf,inf,0.0000,0.00,0.00,1,0.00,0.00,0%,0%,N/A,N/A,N/A,N/A,N/A,N/A,N/A,N/A,N/A,N/A,N/A,N/A,N/A,N/A,N/A,N/A,N/A,N/A,N/A,N/A,N/A,N/A,N/A,N/A,N/A
F23-Katsuura,weak-structure,multimodal|non-separable|weak-structure|rugged,APGSK-IMODE,0.379,9.9945e-01,1.0095e+00,0%,0%,0%,0%,0%,0%,0%,inf,inf,inf,0.0000,0.00,0.00,1,0.00,0.00,0%,0%,N/A,N/A,N/A,N/A,N/A,N/A,N/A,N/A,N/A,N/A,N/A,N/A,N/A,N/A,N/A,N/A,N/A,N/A,N/A,N/A,N/A,N/A,N/A,N/A,N/A
F23-Katsuura,weak-structure,multimodal|non-separable|weak-structure|rugged,SPS-L-SHADE-EIG,0.742,6.8771e-01,6.2674e-01,0%,0%,0%,0%,0%,0%,0%,inf,inf,inf,0.0000,0.00,0.00,1,0.00,0.00,0%,0%,N/A,N/A,N/A,N/A,N/A,N/A,N/A,N/A,N/A,N/A,N/A,N/A,N/A,N/A,N/A,N/A,N/A,N/A,N/A,N/A,N/A,N/A,N/A,N/A,N/A
F23-Katsuura,weak-structure,multimodal|non-separable|weak-structure|rugged,CoBiDE,0.645,1.0161e+00,1.0175e+00,0%,0%,0%,0%,0%,0%,0%,inf,inf,inf,0.0000,0.00,0.00,1,0.00,0.00,0%,0%,N/A,N/A,N/A,N/A,N/A,N/A,N/A,N/A,N/A,N/A,N/A,N/A,N/A,N/A,N/A,N/A,N/A,N/A,N/A,N/A,N/A,N/A,N/A,N/A,N/A
F23-Katsuura,weak-structure,multimodal|non-separable|weak-structure|rugged,LSHADE-cnEpSin,6.815,7.6861e-01,7.7512e-01,5%,0%,0%,0%,0%,0%,0%,inf,inf,inf,0.0000,0.00,0.00,1,0.00,0.00,0%,0%,N/A,N/A,N/A,N/A,N/A,N/A,N/A,N/A,N/A,N/A,N/A,N/A,N/A,N/A,N/A,N/A,N/A,N/A,N/A,N/A,N/A,N/A,N/A,N/A,N/A
F23-Katsuura,weak-structure,multimodal|non-separable|weak-structure|rugged,CMA-ES,2.064,5.3654e-01,5.7187e-01,20%,20%,20%,20%,20%,20%,0%,4099,4059,54099,0.0220,0.00,0.00,1,0.00,0.00,0%,0%,N/A,N/A,N/A,N/A,N/A,N/A,N/A,N/A,N/A,N/A,N/A,N/A,N/A,N/A,N/A,N/A,N/A,N/A,N/A,N/A,N/A,N/A,N/A,N/A,N/A
F23-Katsuura,weak-structure,multimodal|non-separable|weak-structure|rugged,IPOP-CMA-ES,2.039,4.1229e-01,3.2815e-01,20%,20%,20%,15%,10%,10%,0%,9423,10013,80257,0.0051,0.00,0.00,1,0.00,0.00,0%,0%,N/A,N/A,N/A,N/A,N/A,N/A,N/A,N/A,N/A,N/A,N/A,N/A,N/A,N/A,N/A,N/A,N/A,N/A,N/A,N/A,N/A,N/A,N/A,N/A,N/A
F23-Katsuura,weak-structure,multimodal|non-separable|weak-structure|rugged,BIPOP-CMA-ES,1.701,2.3959e-01,1.5778e-01,45%,45%,45%,45%,45%,45%,0%,6456,5845,21734,0.0289,0.00,0.00,1,0.00,0.00,0%,0%,N/A,N/A,N/A,N/A,N/A,N/A,N/A,N/A,N/A,N/A,N/A,N/A,N/A,N/A,N/A,N/A,N/A,N/A,N/A,N/A,N/A,N/A,N/A,N/A,N/A
F23-Katsuura,weak-structure,multimodal|non-separable|weak-structure|rugged,DE,0.460,3.9377e-01,3.8935e-01,0%,0%,0%,0%,0%,0%,0%,inf,inf,inf,0.0000,0.00,0.00,1,0.00,0.00,0%,0%,N/A,N/A,N/A,N/A,N/A,N/A,N/A,N/A,N/A,N/A,N/A,N/A,N/A,N/A,N/A,N/A,N/A,N/A,N/A,N/A,N/A,N/A,N/A,N/A,N/A
F23-Katsuura,weak-structure,multimodal|non-separable|weak-structure|rugged,L-SHADE,0.479,7.1607e-01,6.9606e-01,0%,0%,0%,0%,0%,0%,0%,inf,inf,inf,0.0000,0.00,0.00,1,0.00,0.00,0%,0%,N/A,N/A,N/A,N/A,N/A,N/A,N/A,N/A,N/A,N/A,N/A,N/A,N/A,N/A,N/A,N/A,N/A,N/A,N/A,N/A,N/A,N/A,N/A,N/A,N/A
F23-Katsuura,weak-structure,multimodal|non-separable|weak-structure|rugged,MC-ESO,1.987,7.1974e-02,3.3344e-06,65%,60%,60%,60%,55%,10%,0%,5099,4276,13433,0.0624,0.00,0.00,1,0.00,0.00,0%,0%,N/A,N/A,N/A,N/A,N/A,N/A,N/A,N/A,N/A,N/A,N/A,N/A,N/A,N/A,N/A,N/A,N/A,N/A,N/A,N/A,N/A,N/A,N/A,N/A,N/A
F08-Rosenbrock,moderate-cond,unimodal|non-separable|bent-valley,LSHADE-SPACMA,0.437,0.0000e+00,0.0000e+00,100%,100%,100%,100%,100%,100%,100%,5389,5354,5389,0.0898,1.00,1.00,1,1.00,1.00,100%,100%,N/A,N/A,N/A,N/A,N/A,N/A,N/A,N/A,N/A,N/A,N/A,N/A,N/A,N/A,N/A,N/A,N/A,N/A,N/A,N/A,N/A,N/A,N/A,N/A,N/A
F08-Rosenbrock,moderate-cond,unimodal|non-separable|bent-valley,MOS,1.218,3.9656e-02,1.4211e-14,95%,90%,90%,90%,90%,90%,85%,5560,5328,6949,0.0790,0.90,0.90,1,0.90,0.90,90%,90%,N/A,N/A,N/A,N/A,N/A,N/A,N/A,N/A,N/A,N/A,N/A,N/A,N/A,N/A,N/A,N/A,N/A,N/A,N/A,N/A,N/A,N/A,N/A,N/A,N/A
F08-Rosenbrock,moderate-cond,unimodal|non-separable|bent-valley,EBOwithCMAR,0.960,7.1054e-15,0.0000e+00,100%,100%,100%,100%,100%,100%,100%,9254,9308,9254,0.0354,1.00,1.00,1,1.00,1.00,100%,100%,N/A,N/A,N/A,N/A,N/A,N/A,N/A,N/A,N/A,N/A,N/A,N/A,N/A,N/A,N/A,N/A,N/A,N/A,N/A,N/A,N/A,N/A,N/A,N/A,N/A
F08-Rosenbrock,moderate-cond,unimodal|non-separable|bent-valley,jSO,0.780,0.0000e+00,0.0000e+00,100%,100%,100%,100%,100%,100%,100%,6972,7018,6972,0.0593,1.00,1.00,1,1.00,1.00,100%,100%,N/A,N/A,N/A,N/A,N/A,N/A,N/A,N/A,N/A,N/A,N/A,N/A,N/A,N/A,N/A,N/A,N/A,N/A,N/A,N/A,N/A,N/A,N/A,N/A,N/A
F08-Rosenbrock,moderate-cond,unimodal|non-separable|bent-valley,L-SRTDE,0.954,0.0000e+00,0.0000e+00,100%,100%,100%,100%,100%,100%,100%,3938,3746,3938,0.1206,1.00,1.00,1,1.00,1.00,100%,100%,N/A,N/A,N/A,N/A,N/A,N/A,N/A,N/A,N/A,N/A,N/A,N/A,N/A,N/A,N/A,N/A,N/A,N/A,N/A,N/A,N/A,N/A,N/A,N/A,N/A
F08-Rosenbrock,moderate-cond,unimodal|non-separable|bent-valley,IMODE,0.517,3.1282e-11,3.5811e-11,100%,100%,100%,100%,100%,100%,100%,10909,10879,10909,0.0176,1.00,1.00,1,1.00,1.00,100%,100%,N/A,N/A,N/A,N/A,N/A,N/A,N/A,N/A,N/A,N/A,N/A,N/A,N/A,N/A,N/A,N/A,N/A,N/A,N/A,N/A,N/A,N/A,N/A,N/A,N/A
F08-Rosenbrock,moderate-cond,unimodal|non-separable|bent-valley,ELSHADE-SPACMA,0.594,0.0000e+00,0.0000e+00,100%,100%,100%,100%,100%,100%,100%,7149,7282,7149,0.0593,1.00,1.00,1,1.00,1.00,100%,100%,N/A,N/A,N/A,N/A,N/A,N/A,N/A,N/A,N/A,N/A,N/A,N/A,N/A,N/A,N/A,N/A,N/A,N/A,N/A,N/A,N/A,N/A,N/A,N/A,N/A
F08-Rosenbrock,moderate-cond,unimodal|non-separable|bent-valley,APGSK-IMODE,0.524,6.0002e-03,4.2405e-04,100%,80%,60%,25%,10%,0%,0%,11881,12070,49381,0.0054,0.25,0.25,1,0.80,0.25,80%,25%,N/A,N/A,N/A,N/A,N/A,N/A,N/A,N/A,N/A,N/A,N/A,N/A,N/A,N/A,N/A,N/A,N/A,N/A,N/A,N/A,N/A,N/A,N/A,N/A,N/A
F08-Rosenbrock,moderate-cond,unimodal|non-separable|bent-valley,SPS-L-SHADE-EIG,1.034,3.2460e-06,4.7989e-09,100%,100%,100%,100%,90%,65%,15%,11490,11460,11490,0.0108,1.00,1.00,1,1.00,1.00,100%,100%,N/A,N/A,N/A,N/A,N/A,N/A,N/A,N/A,N/A,N/A,N/A,N/A,N/A,N/A,N/A,N/A,N/A,N/A,N/A,N/A,N/A,N/A,N/A,N/A,N/A
F08-Rosenbrock,moderate-cond,unimodal|non-separable|bent-valley,CoBiDE,0.656,1.6171e-03,3.9324e-04,100%,95%,65%,15%,0%,0%,0%,12181,12188,83014,0.0079,0.15,0.15,1,0.95,0.15,95%,15%,N/A,N/A,N/A,N/A,N/A,N/A,N/A,N/A,N/A,N/A,N/A,N/A,N/A,N/A,N/A,N/A,N/A,N/A,N/A,N/A,N/A,N/A,N/A,N/A,N/A
F08-Rosenbrock,moderate-cond,unimodal|non-separable|bent-valley,LSHADE-cnEpSin,7.735,1.4211e-15,0.0000e+00,100%,100%,100%,100%,100%,100%,100%,9229,9210,9229,0.0407,1.00,1.00,1,1.00,1.00,100%,100%,N/A,N/A,N/A,N/A,N/A,N/A,N/A,N/A,N/A,N/A,N/A,N/A,N/A,N/A,N/A,N/A,N/A,N/A,N/A,N/A,N/A,N/A,N/A,N/A,N/A
F08-Rosenbrock,moderate-cond,unimodal|non-separable|bent-valley,CMA-ES,10.581,7.8617e-01,0.0000e+00,80%,80%,80%,80%,80%,80%,80%,1550,1509,4675,0.1781,0.80,0.80,1,0.80,0.80,80%,80%,N/A,N/A,N/A,N/A,N/A,N/A,N/A,N/A,N/A,N/A,N/A,N/A,N/A,N/A,N/A,N/A,N/A,N/A,N/A,N/A,N/A,N/A,N/A,N/A,N/A
F08-Rosenbrock,moderate-cond,unimodal|non-separable|bent-valley,IPOP-CMA-ES,1.790,2.8422e-15,0.0000e+00,100%,100%,100%,100%,100%,100%,100%,2340,1688,2340,0.1938,1.00,1.00,1,1.00,1.00,100%,100%,N/A,N/A,N/A,N/A,N/A,N/A,N/A,N/A,N/A,N/A,N/A,N/A,N/A,N/A,N/A,N/A,N/A,N/A,N/A,N/A,N/A,N/A,N/A,N/A,N/A
F08-Rosenbrock,moderate-cond,unimodal|non-separable|bent-valley,BIPOP-CMA-ES,1.928,0.0000e+00,0.0000e+00,100%,100%,100%,100%,100%,100%,100%,1997,1688,1997,0.2014,1.00,1.00,1,1.00,1.00,100%,100%,N/A,N/A,N/A,N/A,N/A,N/A,N/A,N/A,N/A,N/A,N/A,N/A,N/A,N/A,N/A,N/A,N/A,N/A,N/A,N/A,N/A,N/A,N/A,N/A,N/A
F08-Rosenbrock,moderate-cond,unimodal|non-separable|bent-valley,DE,0.695,8.3740e-01,7.8592e-01,20%,20%,10%,10%,10%,10%,10%,4028,4028,116528,0.0164,0.10,0.10,1,0.20,0.10,20%,10%,N/A,N/A,N/A,N/A,N/A,N/A,N/A,N/A,N/A,N/A,N/A,N/A,N/A,N/A,N/A,N/A,N/A,N/A,N/A,N/A,N/A,N/A,N/A,N/A,N/A
F08-Rosenbrock,moderate-cond,unimodal|non-separable|bent-valley,L-SHADE,0.809,0.0000e+00,0.0000e+00,100%,100%,100%,100%,100%,100%,100%,8480,8525,8480,0.0415,1.00,1.00,1,1.00,1.00,100%,100%,N/A,N/A,N/A,N/A,N/A,N/A,N/A,N/A,N/A,N/A,N/A,N/A,N/A,N/A,N/A,N/A,N/A,N/A,N/A,N/A,N/A,N/A,N/A,N/A,N/A
F08-Rosenbrock,moderate-cond,unimodal|non-separable|bent-valley,MC-ESO,4.368,3.9308e-01,0.0000e+00,90%,90%,90%,90%,90%,90%,90%,4851,4714,6240,0.1023,0.90,0.90,1,0.90,0.90,90%,90%,N/A,N/A,N/A,N/A,N/A,N/A,N/A,N/A,N/A,N/A,N/A,N/A,N/A,N/A,N/A,N/A,N/A,N/A,N/A,N/A,N/A,N/A,N/A,N/A,N/A
F16-Weierstrass,multimodal,multimodal|non-separable|global-structure|rugged,LSHADE-SPACMA,0.541,1.6525e-01,1.3817e-01,35%,15%,10%,5%,5%,5%,0%,9563,9563,247063,0.0020,0.00,0.00,1,0.00,0.00,0%,0%,N/A,N/A,N/A,N/A,N/A,N/A,N/A,N/A,N/A,N/A,N/A,N/A,N/A,N/A,N/A,N/A,N/A,N/A,N/A,N/A,N/A,N/A,N/A,N/A,N/A
F16-Weierstrass,multimodal,multimodal|non-separable|global-structure|rugged,MOS,1.310,3.8454e-01,1.0172e-01,50%,35%,35%,30%,30%,30%,30%,4218,4102,33385,0.0387,0.00,0.00,1,0.00,0.00,0%,0%,N/A,N/A,N/A,N/A,N/A,N/A,N/A,N/A,N/A,N/A,N/A,N/A,N/A,N/A,N/A,N/A,N/A,N/A,N/A,N/A,N/A,N/A,N/A,N/A,N/A
F16-Weierstrass,multimodal,multimodal|non-separable|global-structure|rugged,EBOwithCMAR,0.988,1.7581e-01,1.0111e-01,45%,0%,0%,0%,0%,0%,0%,inf,inf,inf,0.0009,0.00,0.00,1,0.00,0.00,0%,0%,N/A,N/A,N/A,N/A,N/A,N/A,N/A,N/A,N/A,N/A,N/A,N/A,N/A,N/A,N/A,N/A,N/A,N/A,N/A,N/A,N/A,N/A,N/A,N/A,N/A
F16-Weierstrass,multimodal,multimodal|non-separable|global-structure|rugged,jSO,0.859,3.3674e-01,2.0016e-01,25%,5%,0%,0%,0%,0%,0%,inf,inf,inf,0.0002,0.00,0.00,1,0.00,0.00,0%,0%,N/A,N/A,N/A,N/A,N/A,N/A,N/A,N/A,N/A,N/A,N/A,N/A,N/A,N/A,N/A,N/A,N/A,N/A,N/A,N/A,N/A,N/A,N/A,N/A,N/A
F16-Weierstrass,multimodal,multimodal|non-separable|global-structure|rugged,L-SRTDE,0.999,3.1605e-01,1.8720e-01,40%,35%,25%,25%,15%,10%,10%,10182,10336,47682,0.0054,0.00,0.00,1,0.00,0.00,0%,0%,N/A,N/A,N/A,N/A,N/A,N/A,N/A,N/A,N/A,N/A,N/A,N/A,N/A,N/A,N/A,N/A,N/A,N/A,N/A,N/A,N/A,N/A,N/A,N/A,N/A
F16-Weierstrass,multimodal,multimodal|non-separable|global-structure|rugged,IMODE,0.459,1.6641e-01,1.0481e-01,45%,5%,0%,0%,0%,0%,0%,inf,inf,inf,0.0005,0.00,0.00,1,0.05,0.00,5%,0%,N/A,N/A,N/A,N/A,N/A,N/A,N/A,N/A,N/A,N/A,N/A,N/A,N/A,N/A,N/A,N/A,N/A,N/A,N/A,N/A,N/A,N/A,N/A,N/A,N/A
F16-Weierstrass,multimodal,multimodal|non-separable|global-structure|rugged,ELSHADE-SPACMA,0.473,2.3706e-01,1.4989e-01,40%,25%,20%,20%,10%,10%,5%,11186,11319,61186,0.0024,0.00,0.00,1,0.00,0.00,0%,0%,N/A,N/A,N/A,N/A,N/A,N/A,N/A,N/A,N/A,N/A,N/A,N/A,N/A,N/A,N/A,N/A,N/A,N/A,N/A,N/A,N/A,N/A,N/A,N/A,N/A
F16-Weierstrass,multimodal,multimodal|non-separable|global-structure|rugged,APGSK-IMODE,0.433,6.7184e-01,6.1704e-01,0%,0%,0%,0%,0%,0%,0%,inf,inf,inf,0.0000,0.00,0.00,1,0.00,0.00,0%,0%,N/A,N/A,N/A,N/A,N/A,N/A,N/A,N/A,N/A,N/A,N/A,N/A,N/A,N/A,N/A,N/A,N/A,N/A,N/A,N/A,N/A,N/A,N/A,N/A,N/A
F16-Weierstrass,multimodal,multimodal|non-separable|global-structure|rugged,SPS-L-SHADE-EIG,0.903,5.7144e-02,2.3451e-02,75%,35%,5%,0%,0%,0%,0%,inf,inf,inf,0.0022,0.00,0.00,1,0.00,0.00,0%,0%,N/A,N/A,N/A,N/A,N/A,N/A,N/A,N/A,N/A,N/A,N/A,N/A,N/A,N/A,N/A,N/A,N/A,N/A,N/A,N/A,N/A,N/A,N/A,N/A,N/A
F16-Weierstrass,multimodal,multimodal|non-separable|global-structure|rugged,CoBiDE,0.706,1.4835e+00,1.4991e+00,0%,0%,0%,0%,0%,0%,0%,inf,inf,inf,0.0000,0.00,0.00,1,0.00,0.00,0%,0%,N/A,N/A,N/A,N/A,N/A,N/A,N/A,N/A,N/A,N/A,N/A,N/A,N/A,N/A,N/A,N/A,N/A,N/A,N/A,N/A,N/A,N/A,N/A,N/A,N/A
F16-Weierstrass,multimodal,multimodal|non-separable|global-structure|rugged,LSHADE-cnEpSin,7.721,5.0234e-01,3.4400e-01,25%,20%,5%,5%,0%,0%,0%,12486,12486,249986,0.0002,0.00,0.00,1,0.00,0.00,0%,0%,N/A,N/A,N/A,N/A,N/A,N/A,N/A,N/A,N/A,N/A,N/A,N/A,N/A,N/A,N/A,N/A,N/A,N/A,N/A,N/A,N/A,N/A,N/A,N/A,N/A
F16-Weierstrass,multimodal,multimodal|non-separable|global-structure|rugged,CMA-ES,3.725,9.0301e-01,3.2215e-01,35%,10%,10%,10%,10%,10%,10%,948,948,113448,0.0370,0.00,0.00,1,0.00,0.00,0%,0%,N/A,N/A,N/A,N/A,N/A,N/A,N/A,N/A,N/A,N/A,N/A,N/A,N/A,N/A,N/A,N/A,N/A,N/A,N/A,N/A,N/A,N/A,N/A,N/A,N/A
F16-Weierstrass,multimodal,multimodal|non-separable|global-structure|rugged,IPOP-CMA-ES,2.045,3.5787e-02,0.0000e+00,90%,80%,65%,65%,65%,65%,65%,6500,7793,13230,0.0769,0.00,0.00,1,0.00,0.00,0%,0%,N/A,N/A,N/A,N/A,N/A,N/A,N/A,N/A,N/A,N/A,N/A,N/A,N/A,N/A,N/A,N/A,N/A,N/A,N/A,N/A,N/A,N/A,N/A,N/A,N/A
F16-Weierstrass,multimodal,multimodal|non-separable|global-structure|rugged,BIPOP-CMA-ES,2.027,2.3324e-02,3.7161e-12,95%,75%,75%,70%,70%,65%,55%,7203,5716,12560,0.0766,0.00,0.00,1,0.00,0.00,0%,0%,N/A,N/A,N/A,N/A,N/A,N/A,N/A,N/A,N/A,N/A,N/A,N/A,N/A,N/A,N/A,N/A,N/A,N/A,N/A,N/A,N/A,N/A,N/A,N/A,N/A
F16-Weierstrass,multimodal,multimodal|non-separable|global-structure|rugged,DE,0.681,5.4604e-01,1.4287e-01,40%,20%,10%,10%,10%,10%,10%,8063,8063,120563,0.0080,0.00,0.00,1,0.00,0.00,0%,0%,N/A,N/A,N/A,N/A,N/A,N/A,N/A,N/A,N/A,N/A,N/A,N/A,N/A,N/A,N/A,N/A,N/A,N/A,N/A,N/A,N/A,N/A,N/A,N/A,N/A
F16-Weierstrass,multimodal,multimodal|non-separable|global-structure|rugged,L-SHADE,0.807,1.8247e-01,9.3382e-02,50%,0%,0%,0%,0%,0%,0%,inf,inf,inf,0.0008,0.00,0.00,1,0.00,0.00,0%,0%,N/A,N/A,N/A,N/A,N/A,N/A,N/A,N/A,N/A,N/A,N/A,N/A,N/A,N/A,N/A,N/A,N/A,N/A,N/A,N/A,N/A,N/A,N/A,N/A,N/A
F16-Weierstrass,multimodal,multimodal|non-separable|global-structure|rugged,MC-ESO,4.111,4.7302e-02,1.5893e-02,90%,40%,30%,30%,20%,15%,5%,7064,7187,36231,0.0430,0.00,0.00,1,0.00,0.00,0%,0%,N/A,N/A,N/A,N/A,N/A,N/A,N/A,N/A,N/A,N/A,N/A,N/A,N/A,N/A,N/A,N/A,N/A,N/A,N/A,N/A,N/A,N/A,N/A,N/A,N/A
F24-LunacekRastrigin,weak-structure,multimodal|non-separable|weak-structure|deceptive,LSHADE-SPACMA,0.492,6.2683e+00,6.0798e+00,0%,0%,0%,0%,0%,0%,0%,inf,inf,inf,0.0000,0.00,0.00,1,0.00,0.00,0%,0%,N/A,N/A,N/A,N/A,N/A,N/A,N/A,N/A,N/A,N/A,N/A,N/A,N/A,N/A,N/A,N/A,N/A,N/A,N/A,N/A,N/A,N/A,N/A,N/A,N/A
F24-LunacekRastrigin,weak-structure,multimodal|non-separable|weak-structure|deceptive,MOS,1.278,7.6605e+00,7.8769e+00,0%,0%,0%,0%,0%,0%,0%,inf,inf,inf,0.0000,0.00,0.00,1,0.00,0.00,0%,0%,N/A,N/A,N/A,N/A,N/A,N/A,N/A,N/A,N/A,N/A,N/A,N/A,N/A,N/A,N/A,N/A,N/A,N/A,N/A,N/A,N/A,N/A,N/A,N/A,N/A
F24-LunacekRastrigin,weak-structure,multimodal|non-separable|weak-structure|deceptive,EBOwithCMAR,0.830,5.9248e+00,5.8199e+00,0%,0%,0%,0%,0%,0%,0%,inf,inf,inf,0.0000,0.00,0.00,1,0.00,0.00,0%,0%,N/A,N/A,N/A,N/A,N/A,N/A,N/A,N/A,N/A,N/A,N/A,N/A,N/A,N/A,N/A,N/A,N/A,N/A,N/A,N/A,N/A,N/A,N/A,N/A,N/A
F24-LunacekRastrigin,weak-structure,multimodal|non-separable|weak-structure|deceptive,jSO,0.684,9.6583e+00,9.3222e+00,0%,0%,0%,0%,0%,0%,0%,inf,inf,inf,0.0000,0.00,0.00,1,0.00,0.00,0%,0%,N/A,N/A,N/A,N/A,N/A,N/A,N/A,N/A,N/A,N/A,N/A,N/A,N/A,N/A,N/A,N/A,N/A,N/A,N/A,N/A,N/A,N/A,N/A,N/A,N/A
F24-LunacekRastrigin,weak-structure,multimodal|non-separable|weak-structure|deceptive,L-SRTDE,0.756,8.2740e+00,8.0281e+00,0%,0%,0%,0%,0%,0%,0%,inf,inf,inf,0.0000,0.00,0.00,1,0.00,0.00,0%,0%,N/A,N/A,N/A,N/A,N/A,N/A,N/A,N/A,N/A,N/A,N/A,N/A,N/A,N/A,N/A,N/A,N/A,N/A,N/A,N/A,N/A,N/A,N/A,N/A,N/A
F24-LunacekRastrigin,weak-structure,multimodal|non-separable|weak-structure|deceptive,IMODE,0.335,6.3127e+00,6.1074e+00,0%,0%,0%,0%,0%,0%,0%,inf,inf,inf,0.0000,0.00,0.00,1,0.00,0.00,0%,0%,N/A,N/A,N/A,N/A,N/A,N/A,N/A,N/A,N/A,N/A,N/A,N/A,N/A,N/A,N/A,N/A,N/A,N/A,N/A,N/A,N/A,N/A,N/A,N/A,N/A
F24-LunacekRastrigin,weak-structure,multimodal|non-separable|weak-structure|deceptive,ELSHADE-SPACMA,0.345,6.9548e+00,6.4818e+00,0%,0%,0%,0%,0%,0%,0%,inf,inf,inf,0.0000,0.00,0.00,1,0.00,0.00,0%,0%,N/A,N/A,N/A,N/A,N/A,N/A,N/A,N/A,N/A,N/A,N/A,N/A,N/A,N/A,N/A,N/A,N/A,N/A,N/A,N/A,N/A,N/A,N/A,N/A,N/A
F24-LunacekRastrigin,weak-structure,multimodal|non-separable|weak-structure|deceptive,APGSK-IMODE,0.308,9.5670e+00,9.8263e+00,0%,0%,0%,0%,0%,0%,0%,inf,inf,inf,0.0000,0.00,0.00,1,0.00,0.00,0%,0%,N/A,N/A,N/A,N/A,N/A,N/A,N/A,N/A,N/A,N/A,N/A,N/A,N/A,N/A,N/A,N/A,N/A,N/A,N/A,N/A,N/A,N/A,N/A,N/A,N/A
F24-LunacekRastrigin,weak-structure,multimodal|non-separable|weak-structure|deceptive,SPS-L-SHADE-EIG,0.685,6.0676e+00,6.6725e+00,0%,0%,0%,0%,0%,0%,0%,inf,inf,inf,0.0000,0.00,0.00,1,0.00,0.00,0%,0%,N/A,N/A,N/A,N/A,N/A,N/A,N/A,N/A,N/A,N/A,N/A,N/A,N/A,N/A,N/A,N/A,N/A,N/A,N/A,N/A,N/A,N/A,N/A,N/A,N/A
F24-LunacekRastrigin,weak-structure,multimodal|non-separable|weak-structure|deceptive,CoBiDE,0.572,1.2211e+01,1.1780e+01,0%,0%,0%,0%,0%,0%,0%,inf,inf,inf,0.0000,0.00,0.00,1,0.00,0.00,0%,0%,N/A,N/A,N/A,N/A,N/A,N/A,N/A,N/A,N/A,N/A,N/A,N/A,N/A,N/A,N/A,N/A,N/A,N/A,N/A,N/A,N/A,N/A,N/A,N/A,N/A
F24-LunacekRastrigin,weak-structure,multimodal|non-separable|weak-structure|deceptive,LSHADE-cnEpSin,7.363,9.1518e+00,9.1819e+00,0%,0%,0%,0%,0%,0%,0%,inf,inf,inf,0.0000,0.00,0.00,1,0.00,0.00,0%,0%,N/A,N/A,N/A,N/A,N/A,N/A,N/A,N/A,N/A,N/A,N/A,N/A,N/A,N/A,N/A,N/A,N/A,N/A,N/A,N/A,N/A,N/A,N/A,N/A,N/A
F24-LunacekRastrigin,weak-structure,multimodal|non-separable|weak-structure|deceptive,CMA-ES,3.896,1.0826e+01,9.8139e+00,0%,0%,0%,0%,0%,0%,0%,inf,inf,inf,0.0000,0.00,0.00,1,0.00,0.00,0%,0%,N/A,N/A,N/A,N/A,N/A,N/A,N/A,N/A,N/A,N/A,N/A,N/A,N/A,N/A,N/A,N/A,N/A,N/A,N/A,N/A,N/A,N/A,N/A,N/A,N/A
F24-LunacekRastrigin,weak-structure,multimodal|non-separable|weak-structure|deceptive,IPOP-CMA-ES,1.320,5.7822e+00,5.9331e+00,0%,0%,0%,0%,0%,0%,0%,inf,inf,inf,0.0000,0.00,0.00,1,0.00,0.00,0%,0%,N/A,N/A,N/A,N/A,N/A,N/A,N/A,N/A,N/A,N/A,N/A,N/A,N/A,N/A,N/A,N/A,N/A,N/A,N/A,N/A,N/A,N/A,N/A,N/A,N/A
F24-LunacekRastrigin,weak-structure,multimodal|non-separable|weak-structure|deceptive,BIPOP-CMA-ES,1.543,6.2143e+00,6.7546e+00,0%,0%,0%,0%,0%,0%,0%,inf,inf,inf,0.0000,0.00,0.00,1,0.00,0.00,0%,0%,N/A,N/A,N/A,N/A,N/A,N/A,N/A,N/A,N/A,N/A,N/A,N/A,N/A,N/A,N/A,N/A,N/A,N/A,N/A,N/A,N/A,N/A,N/A,N/A,N/A
F24-LunacekRastrigin,weak-structure,multimodal|non-separable|weak-structure|deceptive,DE,0.607,8.1698e+00,7.8276e+00,0%,0%,0%,0%,0%,0%,0%,inf,inf,inf,0.0000,0.00,0.00,1,0.00,0.00,0%,0%,N/A,N/A,N/A,N/A,N/A,N/A,N/A,N/A,N/A,N/A,N/A,N/A,N/A,N/A,N/A,N/A,N/A,N/A,N/A,N/A,N/A,N/A,N/A,N/A,N/A
F24-LunacekRastrigin,weak-structure,multimodal|non-separable|weak-structure|deceptive,L-SHADE,0.729,7.4013e+00,6.9791e+00,0%,0%,0%,0%,0%,0%,0%,inf,inf,inf,0.0000,0.00,0.00,1,0.00,0.00,0%,0%,N/A,N/A,N/A,N/A,N/A,N/A,N/A,N/A,N/A,N/A,N/A,N/A,N/A,N/A,N/A,N/A,N/A,N/A,N/A,N/A,N/A,N/A,N/A,N/A,N/A
F24-LunacekRastrigin,weak-structure,multimodal|non-separable|weak-structure|deceptive,MC-ESO,2.771,5.9453e+00,6.1008e+00,0%,0%,0%,0%,0%,0%,0%,inf,inf,inf,0.0000,0.00,0.00,1,0.00,0.00,0%,0%,N/A,N/A,N/A,N/A,N/A,N/A,N/A,N/A,N/A,N/A,N/A,N/A,N/A,N/A,N/A,N/A,N/A,N/A,N/A,N/A,N/A,N/A,N/A,N/A,N/A
