function,category,tags,method,mean_time_s,mean_best_f,median_best_f,sr_1e-1,sr_1e-2,sr_1e-3,sr_1e-4,sr_1e-5,sr_1e-7,sr_1e-10,evals_succ_mean,evals_succ_med,ert,ecdf_auc,mean_optima_found,mean_optima_rate,n_optima,pr_1e-2,pr_1e-4,mmo_sr_1e-2,mmo_sr_1e-4,cec_k,cec_pr_1e-1,cec_pr_1e-2,cec_pr_1e-3,cec_pr_1e-4,cec_pr_1e-5,cec_sr_1e-1,cec_sr_1e-2,cec_sr_1e-3,cec_sr_1e-4,cec_sr_1e-5,cec_pr_mean,cec_sr_mean,n_reported,cec_pre_1e-1,cec_pre_1e-2,cec_pre_1e-3,cec_pre_1e-4,cec_pre_1e-5,cec_f1_1e-1,cec_f1_1e-2,cec_f1_1e-3,cec_f1_1e-4,cec_f1_1e-5,cec_f1_mean
F01-Sphere,separable,unimodal|separable|well-conditioned|smooth,EA4eig,0.598,0.0000e+00,0.0000e+00,100%,100%,100%,100%,100%,100%,100%,4269,4362,4269,0.1229,1.00,1.00,1,1.00,1.00,100%,100%,N/A,N/A,N/A,N/A,N/A,N/A,N/A,N/A,N/A,N/A,N/A,N/A,N/A,N/A,N/A,N/A,N/A,N/A,N/A,N/A,N/A,N/A,N/A,N/A,N/A
F01-Sphere,separable,unimodal|separable|well-conditioned|smooth,EA4eig-jSO-IDEbd,2.188,0.0000e+00,0.0000e+00,100%,100%,100%,100%,100%,100%,100%,3772,3725,3772,0.1324,1.00,1.00,1,1.00,1.00,100%,100%,N/A,N/A,N/A,N/A,N/A,N/A,N/A,N/A,N/A,N/A,N/A,N/A,N/A,N/A,N/A,N/A,N/A,N/A,N/A,N/A,N/A,N/A,N/A,N/A,N/A
F01-Sphere,separable,unimodal|separable|well-conditioned|smooth,EA4eig-Simpl,0.950,0.0000e+00,0.0000e+00,100%,100%,100%,100%,100%,100%,100%,3331,3362,3331,0.1470,1.00,1.00,1,1.00,1.00,100%,100%,N/A,N/A,N/A,N/A,N/A,N/A,N/A,N/A,N/A,N/A,N/A,N/A,N/A,N/A,N/A,N/A,N/A,N/A,N/A,N/A,N/A,N/A,N/A,N/A,N/A
F01-Sphere,separable,unimodal|separable|well-conditioned|smooth,AMALGAM-SO,1.171,0.0000e+00,0.0000e+00,100%,100%,100%,100%,100%,100%,100%,347,344,347,0.3839,1.00,1.00,1,1.00,1.00,100%,100%,N/A,N/A,N/A,N/A,N/A,N/A,N/A,N/A,N/A,N/A,N/A,N/A,N/A,N/A,N/A,N/A,N/A,N/A,N/A,N/A,N/A,N/A,N/A,N/A,N/A
F01-Sphere,separable,unimodal|separable|well-conditioned|smooth,AMALGAM-SO-DE,1.140,0.0000e+00,0.0000e+00,100%,100%,100%,100%,100%,100%,100%,336,328,336,0.3877,1.00,1.00,1,1.00,1.00,100%,100%,N/A,N/A,N/A,N/A,N/A,N/A,N/A,N/A,N/A,N/A,N/A,N/A,N/A,N/A,N/A,N/A,N/A,N/A,N/A,N/A,N/A,N/A,N/A,N/A,N/A
F01-Sphere,separable,unimodal|separable|well-conditioned|smooth,HSES,0.118,0.0000e+00,0.0000e+00,100%,100%,100%,100%,100%,100%,100%,3331,3337,3331,0.1444,1.00,1.00,1,1.00,1.00,100%,100%,N/A,N/A,N/A,N/A,N/A,N/A,N/A,N/A,N/A,N/A,N/A,N/A,N/A,N/A,N/A,N/A,N/A,N/A,N/A,N/A,N/A,N/A,N/A,N/A,N/A
F01-Sphere,separable,unimodal|separable|well-conditioned|smooth,ICMAES-ILS,1.992,0.0000e+00,0.0000e+00,100%,100%,100%,100%,100%,100%,100%,446,442,446,0.3540,1.00,1.00,1,1.00,1.00,100%,100%,N/A,N/A,N/A,N/A,N/A,N/A,N/A,N/A,N/A,N/A,N/A,N/A,N/A,N/A,N/A,N/A,N/A,N/A,N/A,N/A,N/A,N/A,N/A,N/A,N/A
F01-Sphere,separable,unimodal|separable|well-conditioned|smooth,UMOEA-II,3.286,0.0000e+00,0.0000e+00,100%,100%,100%,100%,100%,100%,100%,4514,4582,4514,0.1141,1.00,1.00,1,1.00,1.00,100%,100%,N/A,N/A,N/A,N/A,N/A,N/A,N/A,N/A,N/A,N/A,N/A,N/A,N/A,N/A,N/A,N/A,N/A,N/A,N/A,N/A,N/A,N/A,N/A,N/A,N/A
F01-Sphere,separable,unimodal|separable|well-conditioned|smooth,HMHH,1.194,0.0000e+00,0.0000e+00,100%,100%,100%,100%,100%,100%,100%,2885,2913,2885,0.1756,1.00,1.00,1,1.00,1.00,100%,100%,N/A,N/A,N/A,N/A,N/A,N/A,N/A,N/A,N/A,N/A,N/A,N/A,N/A,N/A,N/A,N/A,N/A,N/A,N/A,N/A,N/A,N/A,N/A,N/A,N/A
F01-Sphere,separable,unimodal|separable|well-conditioned|smooth,HMHH-random,1.187,0.0000e+00,0.0000e+00,100%,100%,100%,100%,100%,100%,100%,2415,2468,2415,0.1847,1.00,1.00,1,1.00,1.00,100%,100%,N/A,N/A,N/A,N/A,N/A,N/A,N/A,N/A,N/A,N/A,N/A,N/A,N/A,N/A,N/A,N/A,N/A,N/A,N/A,N/A,N/A,N/A,N/A,N/A,N/A
F01-Sphere,separable,unimodal|separable|well-conditioned|smooth,PS-CMA-ES,0.601,3.8285e-11,3.2074e-11,100%,100%,100%,100%,100%,100%,100%,5276,5306,5276,0.0972,1.00,1.00,1,1.00,1.00,100%,100%,N/A,N/A,N/A,N/A,N/A,N/A,N/A,N/A,N/A,N/A,N/A,N/A,N/A,N/A,N/A,N/A,N/A,N/A,N/A,N/A,N/A,N/A,N/A,N/A,N/A
F01-Sphere,separable,unimodal|separable|well-conditioned|smooth,DEPSO,0.743,0.0000e+00,0.0000e+00,100%,100%,100%,100%,100%,100%,100%,1771,1761,1771,0.2093,1.00,1.00,1,1.00,1.00,100%,100%,N/A,N/A,N/A,N/A,N/A,N/A,N/A,N/A,N/A,N/A,N/A,N/A,N/A,N/A,N/A,N/A,N/A,N/A,N/A,N/A,N/A,N/A,N/A,N/A,N/A
F01-Sphere,separable,unimodal|separable|well-conditioned|smooth,PSO,0.143,8.5265e-15,0.0000e+00,100%,100%,100%,100%,100%,100%,100%,1566,1510,1566,0.2301,1.00,1.00,1,1.00,1.00,100%,100%,N/A,N/A,N/A,N/A,N/A,N/A,N/A,N/A,N/A,N/A,N/A,N/A,N/A,N/A,N/A,N/A,N/A,N/A,N/A,N/A,N/A,N/A,N/A,N/A,N/A
F01-Sphere,separable,unimodal|separable|well-conditioned|smooth,SaVOA,0.391,1.0658e-14,7.1054e-15,100%,100%,100%,100%,100%,100%,100%,2528,2528,2528,0.1771,1.00,1.00,1,1.00,1.00,100%,100%,N/A,N/A,N/A,N/A,N/A,N/A,N/A,N/A,N/A,N/A,N/A,N/A,N/A,N/A,N/A,N/A,N/A,N/A,N/A,N/A,N/A,N/A,N/A,N/A,N/A
F01-Sphere,separable,unimodal|separable|well-conditioned|smooth,NM-Restart,0.707,0.0000e+00,0.0000e+00,100%,100%,100%,100%,100%,100%,100%,402,350,402,0.3679,1.00,1.00,1,1.00,1.00,100%,100%,N/A,N/A,N/A,N/A,N/A,N/A,N/A,N/A,N/A,N/A,N/A,N/A,N/A,N/A,N/A,N/A,N/A,N/A,N/A,N/A,N/A,N/A,N/A,N/A,N/A
F01-Sphere,separable,unimodal|separable|well-conditioned|smooth,MC-ESO,4.844,0.0000e+00,0.0000e+00,100%,100%,100%,100%,100%,100%,100%,1867,1912,1867,0.2330,1.00,1.00,1,1.00,1.00,100%,100%,N/A,N/A,N/A,N/A,N/A,N/A,N/A,N/A,N/A,N/A,N/A,N/A,N/A,N/A,N/A,N/A,N/A,N/A,N/A,N/A,N/A,N/A,N/A,N/A,N/A
F09-RosenbrockRot,moderate-cond,unimodal|non-separable|bent-valley,EA4eig,1.042,6.3326e-09,9.3024e-11,100%,100%,100%,100%,100%,100%,50%,9949,9920,9949,0.0254,1.00,1.00,1,1.00,1.00,100%,100%,N/A,N/A,N/A,N/A,N/A,N/A,N/A,N/A,N/A,N/A,N/A,N/A,N/A,N/A,N/A,N/A,N/A,N/A,N/A,N/A,N/A,N/A,N/A,N/A,N/A
F09-RosenbrockRot,moderate-cond,unimodal|non-separable|bent-valley,EA4eig-jSO-IDEbd,1.162,3.5987e-06,8.9589e-10,100%,100%,100%,100%,95%,80%,40%,9265,8968,9265,0.0324,1.00,1.00,1,1.00,1.00,100%,100%,N/A,N/A,N/A,N/A,N/A,N/A,N/A,N/A,N/A,N/A,N/A,N/A,N/A,N/A,N/A,N/A,N/A,N/A,N/A,N/A,N/A,N/A,N/A,N/A,N/A
F09-RosenbrockRot,moderate-cond,unimodal|non-separable|bent-valley,EA4eig-Simpl,0.951,2.2338e-01,1.2416e-01,50%,25%,20%,20%,15%,15%,5%,7134,6762,57134,0.0150,0.20,0.20,1,0.25,0.20,25%,20%,N/A,N/A,N/A,N/A,N/A,N/A,N/A,N/A,N/A,N/A,N/A,N/A,N/A,N/A,N/A,N/A,N/A,N/A,N/A,N/A,N/A,N/A,N/A,N/A,N/A
F09-RosenbrockRot,moderate-cond,unimodal|non-separable|bent-valley,AMALGAM-SO,1.165,0.0000e+00,0.0000e+00,100%,100%,100%,100%,100%,100%,100%,2605,2120,2605,0.1780,1.00,1.00,1,1.00,1.00,100%,100%,N/A,N/A,N/A,N/A,N/A,N/A,N/A,N/A,N/A,N/A,N/A,N/A,N/A,N/A,N/A,N/A,N/A,N/A,N/A,N/A,N/A,N/A,N/A,N/A,N/A
F09-RosenbrockRot,moderate-cond,unimodal|non-separable|bent-valley,AMALGAM-SO-DE,1.156,0.0000e+00,0.0000e+00,100%,100%,100%,100%,100%,100%,100%,2790,2068,2790,0.1785,1.00,1.00,1,1.00,1.00,100%,100%,N/A,N/A,N/A,N/A,N/A,N/A,N/A,N/A,N/A,N/A,N/A,N/A,N/A,N/A,N/A,N/A,N/A,N/A,N/A,N/A,N/A,N/A,N/A,N/A,N/A
F09-RosenbrockRot,moderate-cond,unimodal|non-separable|bent-valley,HSES,0.064,2.9576e+00,3.0304e+00,0%,0%,0%,0%,0%,0%,0%,inf,inf,inf,0.0000,0.00,0.00,1,0.00,0.00,0%,0%,N/A,N/A,N/A,N/A,N/A,N/A,N/A,N/A,N/A,N/A,N/A,N/A,N/A,N/A,N/A,N/A,N/A,N/A,N/A,N/A,N/A,N/A,N/A,N/A,N/A
F09-RosenbrockRot,moderate-cond,unimodal|non-separable|bent-valley,ICMAES-ILS,2.115,0.0000e+00,0.0000e+00,100%,100%,100%,100%,100%,100%,100%,4098,4016,4098,0.1273,1.00,1.00,1,1.00,1.00,100%,100%,N/A,N/A,N/A,N/A,N/A,N/A,N/A,N/A,N/A,N/A,N/A,N/A,N/A,N/A,N/A,N/A,N/A,N/A,N/A,N/A,N/A,N/A,N/A,N/A,N/A
F09-RosenbrockRot,moderate-cond,unimodal|non-separable|bent-valley,UMOEA-II,4.132,4.8260e-11,1.8275e-11,100%,100%,100%,100%,100%,100%,80%,9107,9224,9107,0.0343,1.00,1.00,1,1.00,1.00,100%,100%,N/A,N/A,N/A,N/A,N/A,N/A,N/A,N/A,N/A,N/A,N/A,N/A,N/A,N/A,N/A,N/A,N/A,N/A,N/A,N/A,N/A,N/A,N/A,N/A,N/A
F09-RosenbrockRot,moderate-cond,unimodal|non-separable|bent-valley,HMHH,1.246,7.3280e-05,2.3697e-08,100%,100%,95%,85%,85%,60%,45%,9772,9180,11978,0.0268,0.85,0.85,1,1.00,0.85,100%,85%,N/A,N/A,N/A,N/A,N/A,N/A,N/A,N/A,N/A,N/A,N/A,N/A,N/A,N/A,N/A,N/A,N/A,N/A,N/A,N/A,N/A,N/A,N/A,N/A,N/A
F09-RosenbrockRot,moderate-cond,unimodal|non-separable|bent-valley,HMHH-random,1.097,5.6590e-04,2.4547e-06,100%,100%,85%,65%,60%,15%,5%,11009,10991,17740,0.0166,0.65,0.65,1,1.00,0.65,100%,65%,N/A,N/A,N/A,N/A,N/A,N/A,N/A,N/A,N/A,N/A,N/A,N/A,N/A,N/A,N/A,N/A,N/A,N/A,N/A,N/A,N/A,N/A,N/A,N/A,N/A
F09-RosenbrockRot,moderate-cond,unimodal|non-separable|bent-valley,PS-CMA-ES,0.521,2.2299e-01,2.0100e-01,30%,0%,0%,0%,0%,0%,0%,inf,inf,inf,0.0008,0.00,0.00,1,0.00,0.00,0%,0%,N/A,N/A,N/A,N/A,N/A,N/A,N/A,N/A,N/A,N/A,N/A,N/A,N/A,N/A,N/A,N/A,N/A,N/A,N/A,N/A,N/A,N/A,N/A,N/A,N/A
F09-RosenbrockRot,moderate-cond,unimodal|non-separable|bent-valley,DEPSO,0.702,8.7129e-01,3.6032e-01,5%,0%,0%,0%,0%,0%,0%,inf,inf,inf,0.0011,0.00,0.00,1,0.00,0.00,0%,0%,N/A,N/A,N/A,N/A,N/A,N/A,N/A,N/A,N/A,N/A,N/A,N/A,N/A,N/A,N/A,N/A,N/A,N/A,N/A,N/A,N/A,N/A,N/A,N/A,N/A
F09-RosenbrockRot,moderate-cond,unimodal|non-separable|bent-valley,PSO,0.078,7.1062e+00,1.6954e-01,10%,0%,0%,0%,0%,0%,0%,inf,inf,inf,0.0018,0.00,0.00,1,0.00,0.00,0%,0%,N/A,N/A,N/A,N/A,N/A,N/A,N/A,N/A,N/A,N/A,N/A,N/A,N/A,N/A,N/A,N/A,N/A,N/A,N/A,N/A,N/A,N/A,N/A,N/A,N/A
F09-RosenbrockRot,moderate-cond,unimodal|non-separable|bent-valley,SaVOA,0.323,2.1717e+00,4.5753e-01,20%,0%,0%,0%,0%,0%,0%,inf,inf,inf,0.0015,0.00,0.00,1,0.00,0.00,0%,0%,N/A,N/A,N/A,N/A,N/A,N/A,N/A,N/A,N/A,N/A,N/A,N/A,N/A,N/A,N/A,N/A,N/A,N/A,N/A,N/A,N/A,N/A,N/A,N/A,N/A
F09-RosenbrockRot,moderate-cond,unimodal|non-separable|bent-valley,NM-Restart,0.634,0.0000e+00,0.0000e+00,100%,100%,100%,100%,100%,100%,100%,1290,1086,1290,0.2548,1.00,1.00,1,1.00,1.00,100%,100%,N/A,N/A,N/A,N/A,N/A,N/A,N/A,N/A,N/A,N/A,N/A,N/A,N/A,N/A,N/A,N/A,N/A,N/A,N/A,N/A,N/A,N/A,N/A,N/A,N/A
F09-RosenbrockRot,moderate-cond,unimodal|non-separable|bent-valley,MC-ESO,4.725,7.8617e-01,0.0000e+00,80%,80%,80%,80%,80%,80%,80%,5773,5672,8898,0.0752,0.80,0.80,1,0.80,0.80,80%,80%,N/A,N/A,N/A,N/A,N/A,N/A,N/A,N/A,N/A,N/A,N/A,N/A,N/A,N/A,N/A,N/A,N/A,N/A,N/A,N/A,N/A,N/A,N/A,N/A,N/A
F17-SchafferF7,multimodal,multimodal|non-separable|global-structure|moderate-cond,EA4eig,1.039,5.5982e-06,4.1455e-07,100%,100%,100%,100%,75%,45%,25%,8942,9307,8942,0.0526,1.00,1.00,1,1.00,1.00,100%,100%,N/A,N/A,N/A,N/A,N/A,N/A,N/A,N/A,N/A,N/A,N/A,N/A,N/A,N/A,N/A,N/A,N/A,N/A,N/A,N/A,N/A,N/A,N/A,N/A,N/A
F17-SchafferF7,multimodal,multimodal|non-separable|global-structure|moderate-cond,EA4eig-jSO-IDEbd,1.159,2.2468e-05,1.8829e-05,100%,100%,100%,100%,30%,0%,0%,9739,9636,9739,0.0374,1.00,1.00,1,1.00,1.00,100%,100%,N/A,N/A,N/A,N/A,N/A,N/A,N/A,N/A,N/A,N/A,N/A,N/A,N/A,N/A,N/A,N/A,N/A,N/A,N/A,N/A,N/A,N/A,N/A,N/A,N/A
F17-SchafferF7,multimodal,multimodal|non-separable|global-structure|moderate-cond,EA4eig-Simpl,0.945,7.8915e-06,5.9861e-09,100%,100%,100%,100%,90%,65%,30%,7491,7446,7491,0.0576,1.00,1.00,1,1.00,1.00,100%,100%,N/A,N/A,N/A,N/A,N/A,N/A,N/A,N/A,N/A,N/A,N/A,N/A,N/A,N/A,N/A,N/A,N/A,N/A,N/A,N/A,N/A,N/A,N/A,N/A,N/A
F17-SchafferF7,multimodal,multimodal|non-separable|global-structure|moderate-cond,AMALGAM-SO,1.148,1.0422e-06,1.7468e-09,100%,100%,100%,100%,95%,90%,0%,4563,4065,4563,0.1303,1.00,1.00,1,1.00,1.00,100%,100%,N/A,N/A,N/A,N/A,N/A,N/A,N/A,N/A,N/A,N/A,N/A,N/A,N/A,N/A,N/A,N/A,N/A,N/A,N/A,N/A,N/A,N/A,N/A,N/A,N/A
F17-SchafferF7,multimodal,multimodal|non-separable|global-structure|moderate-cond,AMALGAM-SO-DE,1.157,8.4797e-05,1.2658e-09,100%,100%,95%,95%,95%,95%,0%,4106,3922,4764,0.1193,0.95,0.95,1,1.00,0.95,100%,95%,N/A,N/A,N/A,N/A,N/A,N/A,N/A,N/A,N/A,N/A,N/A,N/A,N/A,N/A,N/A,N/A,N/A,N/A,N/A,N/A,N/A,N/A,N/A,N/A,N/A
F17-SchafferF7,multimodal,multimodal|non-separable|global-structure|moderate-cond,HSES,0.080,4.4610e-05,1.2641e-05,100%,100%,100%,95%,25%,0%,0%,10062,10076,10720,0.0440,0.95,0.95,1,1.00,0.95,100%,95%,N/A,N/A,N/A,N/A,N/A,N/A,N/A,N/A,N/A,N/A,N/A,N/A,N/A,N/A,N/A,N/A,N/A,N/A,N/A,N/A,N/A,N/A,N/A,N/A,N/A
F17-SchafferF7,multimodal,multimodal|non-separable|global-structure|moderate-cond,ICMAES-ILS,2.312,1.9282e-06,3.3719e-07,100%,100%,100%,100%,95%,45%,40%,5532,6420,5532,0.1332,1.00,1.00,1,1.00,1.00,100%,100%,N/A,N/A,N/A,N/A,N/A,N/A,N/A,N/A,N/A,N/A,N/A,N/A,N/A,N/A,N/A,N/A,N/A,N/A,N/A,N/A,N/A,N/A,N/A,N/A,N/A
F17-SchafferF7,multimodal,multimodal|non-separable|global-structure|moderate-cond,UMOEA-II,3.529,1.7998e-03,2.1551e-04,100%,100%,70%,20%,0%,0%,0%,10629,10380,60629,0.0231,0.20,0.20,1,1.00,0.20,100%,20%,N/A,N/A,N/A,N/A,N/A,N/A,N/A,N/A,N/A,N/A,N/A,N/A,N/A,N/A,N/A,N/A,N/A,N/A,N/A,N/A,N/A,N/A,N/A,N/A,N/A
F17-SchafferF7,multimodal,multimodal|non-separable|global-structure|moderate-cond,HMHH,1.071,1.3641e-08,1.1233e-09,100%,100%,100%,100%,100%,95%,20%,6786,6645,6786,0.0743,1.00,1.00,1,1.00,1.00,100%,100%,N/A,N/A,N/A,N/A,N/A,N/A,N/A,N/A,N/A,N/A,N/A,N/A,N/A,N/A,N/A,N/A,N/A,N/A,N/A,N/A,N/A,N/A,N/A,N/A,N/A
F17-SchafferF7,multimodal,multimodal|non-separable|global-structure|moderate-cond,HMHH-random,1.094,1.8834e-04,2.8493e-07,100%,100%,95%,95%,85%,20%,0%,7923,8032,8581,0.0616,0.95,0.95,1,1.00,0.95,100%,95%,N/A,N/A,N/A,N/A,N/A,N/A,N/A,N/A,N/A,N/A,N/A,N/A,N/A,N/A,N/A,N/A,N/A,N/A,N/A,N/A,N/A,N/A,N/A,N/A,N/A
F17-SchafferF7,multimodal,multimodal|non-separable|global-structure|moderate-cond,PS-CMA-ES,0.524,1.0561e-03,8.4666e-04,100%,100%,60%,0%,0%,0%,0%,inf,inf,inf,0.0230,0.00,0.00,1,1.00,0.00,100%,0%,N/A,N/A,N/A,N/A,N/A,N/A,N/A,N/A,N/A,N/A,N/A,N/A,N/A,N/A,N/A,N/A,N/A,N/A,N/A,N/A,N/A,N/A,N/A,N/A,N/A
F17-SchafferF7,multimodal,multimodal|non-separable|global-structure|moderate-cond,DEPSO,0.678,1.2079e-02,2.3304e-03,100%,75%,40%,20%,0%,0%,0%,10350,10545,60350,0.0424,0.20,0.20,1,0.75,0.20,75%,20%,N/A,N/A,N/A,N/A,N/A,N/A,N/A,N/A,N/A,N/A,N/A,N/A,N/A,N/A,N/A,N/A,N/A,N/A,N/A,N/A,N/A,N/A,N/A,N/A,N/A
F17-SchafferF7,multimodal,multimodal|non-separable|global-structure|moderate-cond,PSO,0.086,1.2149e-01,4.4808e-03,65%,55%,35%,20%,5%,5%,0%,5906,5972,55906,0.0473,0.20,0.20,1,0.55,0.20,55%,20%,N/A,N/A,N/A,N/A,N/A,N/A,N/A,N/A,N/A,N/A,N/A,N/A,N/A,N/A,N/A,N/A,N/A,N/A,N/A,N/A,N/A,N/A,N/A,N/A,N/A
F17-SchafferF7,multimodal,multimodal|non-separable|global-structure|moderate-cond,SaVOA,0.349,2.8475e-01,1.5538e-01,45%,15%,5%,0%,0%,0%,0%,inf,inf,inf,0.0109,0.00,0.00,1,0.15,0.00,15%,0%,N/A,N/A,N/A,N/A,N/A,N/A,N/A,N/A,N/A,N/A,N/A,N/A,N/A,N/A,N/A,N/A,N/A,N/A,N/A,N/A,N/A,N/A,N/A,N/A,N/A
F17-SchafferF7,multimodal,multimodal|non-separable|global-structure|moderate-cond,NM-Restart,0.622,4.7652e+00,4.9065e+00,0%,0%,0%,0%,0%,0%,0%,inf,inf,inf,0.0000,0.00,0.00,1,0.00,0.00,0%,0%,N/A,N/A,N/A,N/A,N/A,N/A,N/A,N/A,N/A,N/A,N/A,N/A,N/A,N/A,N/A,N/A,N/A,N/A,N/A,N/A,N/A,N/A,N/A,N/A,N/A
F17-SchafferF7,multimodal,multimodal|non-separable|global-structure|moderate-cond,MC-ESO,4.595,2.7685e-02,1.1237e-02,95%,45%,35%,20%,5%,0%,0%,7826,7566,57826,0.0390,0.20,0.20,1,0.45,0.20,45%,20%,N/A,N/A,N/A,N/A,N/A,N/A,N/A,N/A,N/A,N/A,N/A,N/A,N/A,N/A,N/A,N/A,N/A,N/A,N/A,N/A,N/A,N/A,N/A,N/A,N/A
F02-EllipsoidalSep,separable,unimodal|separable|ill-conditioned,EA4eig,0.679,0.0000e+00,0.0000e+00,100%,100%,100%,100%,100%,100%,100%,6519,6711,6519,0.0709,1.00,1.00,1,1.00,1.00,100%,100%,N/A,N/A,N/A,N/A,N/A,N/A,N/A,N/A,N/A,N/A,N/A,N/A,N/A,N/A,N/A,N/A,N/A,N/A,N/A,N/A,N/A,N/A,N/A,N/A,N/A
F02-EllipsoidalSep,separable,unimodal|separable|ill-conditioned,EA4eig-jSO-IDEbd,2.189,0.0000e+00,0.0000e+00,100%,100%,100%,100%,100%,100%,100%,5891,5822,5891,0.0800,1.00,1.00,1,1.00,1.00,100%,100%,N/A,N/A,N/A,N/A,N/A,N/A,N/A,N/A,N/A,N/A,N/A,N/A,N/A,N/A,N/A,N/A,N/A,N/A,N/A,N/A,N/A,N/A,N/A,N/A,N/A
F02-EllipsoidalSep,separable,unimodal|separable|ill-conditioned,EA4eig-Simpl,0.995,0.0000e+00,0.0000e+00,100%,100%,100%,100%,100%,100%,100%,5103,5144,5103,0.0968,1.00,1.00,1,1.00,1.00,100%,100%,N/A,N/A,N/A,N/A,N/A,N/A,N/A,N/A,N/A,N/A,N/A,N/A,N/A,N/A,N/A,N/A,N/A,N/A,N/A,N/A,N/A,N/A,N/A,N/A,N/A
F02-EllipsoidalSep,separable,unimodal|separable|ill-conditioned,AMALGAM-SO,1.170,0.0000e+00,0.0000e+00,100%,100%,100%,100%,100%,100%,100%,1739,1627,1739,0.2110,1.00,1.00,1,1.00,1.00,100%,100%,N/A,N/A,N/A,N/A,N/A,N/A,N/A,N/A,N/A,N/A,N/A,N/A,N/A,N/A,N/A,N/A,N/A,N/A,N/A,N/A,N/A,N/A,N/A,N/A,N/A
F02-EllipsoidalSep,separable,unimodal|separable|ill-conditioned,AMALGAM-SO-DE,1.178,0.0000e+00,0.0000e+00,100%,100%,100%,100%,100%,100%,100%,1592,1583,1592,0.2180,1.00,1.00,1,1.00,1.00,100%,100%,N/A,N/A,N/A,N/A,N/A,N/A,N/A,N/A,N/A,N/A,N/A,N/A,N/A,N/A,N/A,N/A,N/A,N/A,N/A,N/A,N/A,N/A,N/A,N/A,N/A
F02-EllipsoidalSep,separable,unimodal|separable|ill-conditioned,HSES,0.137,5.2580e-14,5.6843e-14,100%,100%,100%,100%,100%,100%,100%,5727,5684,5727,0.0809,1.00,1.00,1,1.00,1.00,100%,100%,N/A,N/A,N/A,N/A,N/A,N/A,N/A,N/A,N/A,N/A,N/A,N/A,N/A,N/A,N/A,N/A,N/A,N/A,N/A,N/A,N/A,N/A,N/A,N/A,N/A
F02-EllipsoidalSep,separable,unimodal|separable|ill-conditioned,ICMAES-ILS,2.252,0.0000e+00,0.0000e+00,100%,100%,100%,100%,100%,100%,100%,2421,2422,2421,0.1929,1.00,1.00,1,1.00,1.00,100%,100%,N/A,N/A,N/A,N/A,N/A,N/A,N/A,N/A,N/A,N/A,N/A,N/A,N/A,N/A,N/A,N/A,N/A,N/A,N/A,N/A,N/A,N/A,N/A,N/A,N/A
F02-EllipsoidalSep,separable,unimodal|separable|ill-conditioned,UMOEA-II,3.739,1.6779e-10,5.7526e-11,100%,100%,100%,100%,100%,100%,65%,7282,7257,7282,0.0557,1.00,1.00,1,1.00,1.00,100%,100%,N/A,N/A,N/A,N/A,N/A,N/A,N/A,N/A,N/A,N/A,N/A,N/A,N/A,N/A,N/A,N/A,N/A,N/A,N/A,N/A,N/A,N/A,N/A,N/A,N/A
F02-EllipsoidalSep,separable,unimodal|separable|ill-conditioned,HMHH,1.553,4.5333e-13,0.0000e+00,100%,100%,100%,100%,100%,100%,100%,6007,5812,6007,0.0782,1.00,1.00,1,1.00,1.00,100%,100%,N/A,N/A,N/A,N/A,N/A,N/A,N/A,N/A,N/A,N/A,N/A,N/A,N/A,N/A,N/A,N/A,N/A,N/A,N/A,N/A,N/A,N/A,N/A,N/A,N/A
F02-EllipsoidalSep,separable,unimodal|separable|ill-conditioned,HMHH-random,1.170,6.2599e-12,2.5153e-12,100%,100%,100%,100%,100%,100%,100%,5450,5417,5450,0.0906,1.00,1.00,1,1.00,1.00,100%,100%,N/A,N/A,N/A,N/A,N/A,N/A,N/A,N/A,N/A,N/A,N/A,N/A,N/A,N/A,N/A,N/A,N/A,N/A,N/A,N/A,N/A,N/A,N/A,N/A,N/A
F02-EllipsoidalSep,separable,unimodal|separable|ill-conditioned,PS-CMA-ES,0.635,4.1538e+00,3.9066e+00,0%,0%,0%,0%,0%,0%,0%,inf,inf,inf,0.0000,0.00,0.00,1,0.00,0.00,0%,0%,N/A,N/A,N/A,N/A,N/A,N/A,N/A,N/A,N/A,N/A,N/A,N/A,N/A,N/A,N/A,N/A,N/A,N/A,N/A,N/A,N/A,N/A,N/A,N/A,N/A
F02-EllipsoidalSep,separable,unimodal|separable|ill-conditioned,DEPSO,0.770,0.0000e+00,0.0000e+00,100%,100%,100%,100%,100%,100%,100%,3797,3816,3797,0.1255,1.00,1.00,1,1.00,1.00,100%,100%,N/A,N/A,N/A,N/A,N/A,N/A,N/A,N/A,N/A,N/A,N/A,N/A,N/A,N/A,N/A,N/A,N/A,N/A,N/A,N/A,N/A,N/A,N/A,N/A,N/A
F02-EllipsoidalSep,separable,unimodal|separable|ill-conditioned,PSO,0.149,3.5076e+01,0.0000e+00,85%,85%,80%,80%,80%,80%,80%,3640,3490,6765,0.1066,0.80,0.80,1,0.85,0.80,85%,80%,N/A,N/A,N/A,N/A,N/A,N/A,N/A,N/A,N/A,N/A,N/A,N/A,N/A,N/A,N/A,N/A,N/A,N/A,N/A,N/A,N/A,N/A,N/A,N/A,N/A
F02-EllipsoidalSep,separable,unimodal|separable|ill-conditioned,SaVOA,0.400,7.2282e+00,3.2172e-07,70%,65%,65%,60%,55%,45%,35%,8885,9169,17218,0.0249,0.60,0.60,1,0.65,0.60,65%,60%,N/A,N/A,N/A,N/A,N/A,N/A,N/A,N/A,N/A,N/A,N/A,N/A,N/A,N/A,N/A,N/A,N/A,N/A,N/A,N/A,N/A,N/A,N/A,N/A,N/A
F02-EllipsoidalSep,separable,unimodal|separable|ill-conditioned,NM-Restart,0.746,5.0740e-01,0.0000e+00,95%,95%,95%,95%,95%,95%,95%,3615,3380,4273,0.1432,0.95,0.95,1,0.95,0.95,95%,95%,N/A,N/A,N/A,N/A,N/A,N/A,N/A,N/A,N/A,N/A,N/A,N/A,N/A,N/A,N/A,N/A,N/A,N/A,N/A,N/A,N/A,N/A,N/A,N/A,N/A
F02-EllipsoidalSep,separable,unimodal|separable|ill-conditioned,MC-ESO,4.861,0.0000e+00,0.0000e+00,100%,100%,100%,100%,100%,100%,100%,1545,1477,1545,0.2228,1.00,1.00,1,1.00,1.00,100%,100%,N/A,N/A,N/A,N/A,N/A,N/A,N/A,N/A,N/A,N/A,N/A,N/A,N/A,N/A,N/A,N/A,N/A,N/A,N/A,N/A,N/A,N/A,N/A,N/A,N/A
F10-EllipsoidalRot,ill-cond,unimodal|non-separable|ill-conditioned,EA4eig,1.071,9.3294e-10,3.5676e-11,100%,100%,100%,100%,100%,100%,65%,8656,9171,8656,0.0433,1.00,1.00,1,1.00,1.00,100%,100%,N/A,N/A,N/A,N/A,N/A,N/A,N/A,N/A,N/A,N/A,N/A,N/A,N/A,N/A,N/A,N/A,N/A,N/A,N/A,N/A,N/A,N/A,N/A,N/A,N/A
F10-EllipsoidalRot,ill-cond,unimodal|non-separable|ill-conditioned,EA4eig-jSO-IDEbd,1.149,5.8861e-10,1.3074e-12,100%,100%,100%,100%,100%,100%,80%,7912,7889,7912,0.0475,1.00,1.00,1,1.00,1.00,100%,100%,N/A,N/A,N/A,N/A,N/A,N/A,N/A,N/A,N/A,N/A,N/A,N/A,N/A,N/A,N/A,N/A,N/A,N/A,N/A,N/A,N/A,N/A,N/A,N/A,N/A
F10-EllipsoidalRot,ill-cond,unimodal|non-separable|ill-conditioned,EA4eig-Simpl,0.942,1.0286e-08,9.1404e-11,100%,100%,100%,100%,100%,100%,55%,6452,6478,6452,0.0666,1.00,1.00,1,1.00,1.00,100%,100%,N/A,N/A,N/A,N/A,N/A,N/A,N/A,N/A,N/A,N/A,N/A,N/A,N/A,N/A,N/A,N/A,N/A,N/A,N/A,N/A,N/A,N/A,N/A,N/A,N/A
F10-EllipsoidalRot,ill-cond,unimodal|non-separable|ill-conditioned,AMALGAM-SO,1.205,0.0000e+00,0.0000e+00,100%,100%,100%,100%,100%,100%,100%,2257,2218,2257,0.1809,1.00,1.00,1,1.00,1.00,100%,100%,N/A,N/A,N/A,N/A,N/A,N/A,N/A,N/A,N/A,N/A,N/A,N/A,N/A,N/A,N/A,N/A,N/A,N/A,N/A,N/A,N/A,N/A,N/A,N/A,N/A
F10-EllipsoidalRot,ill-cond,unimodal|non-separable|ill-conditioned,AMALGAM-SO-DE,1.184,0.0000e+00,0.0000e+00,100%,100%,100%,100%,100%,100%,100%,2036,2027,2036,0.1919,1.00,1.00,1,1.00,1.00,100%,100%,N/A,N/A,N/A,N/A,N/A,N/A,N/A,N/A,N/A,N/A,N/A,N/A,N/A,N/A,N/A,N/A,N/A,N/A,N/A,N/A,N/A,N/A,N/A,N/A,N/A
F10-EllipsoidalRot,ill-cond,unimodal|non-separable|ill-conditioned,HSES,0.094,1.1271e+03,1.1161e+03,0%,0%,0%,0%,0%,0%,0%,inf,inf,inf,0.0000,0.00,0.00,1,0.00,0.00,0%,0%,N/A,N/A,N/A,N/A,N/A,N/A,N/A,N/A,N/A,N/A,N/A,N/A,N/A,N/A,N/A,N/A,N/A,N/A,N/A,N/A,N/A,N/A,N/A,N/A,N/A
F10-EllipsoidalRot,ill-cond,unimodal|non-separable|ill-conditioned,ICMAES-ILS,2.248,0.0000e+00,0.0000e+00,100%,100%,100%,100%,100%,100%,100%,3448,3771,3448,0.1403,1.00,1.00,1,1.00,1.00,100%,100%,N/A,N/A,N/A,N/A,N/A,N/A,N/A,N/A,N/A,N/A,N/A,N/A,N/A,N/A,N/A,N/A,N/A,N/A,N/A,N/A,N/A,N/A,N/A,N/A,N/A
F10-EllipsoidalRot,ill-cond,unimodal|non-separable|ill-conditioned,UMOEA-II,3.699,1.5894e-07,1.9222e-08,100%,100%,100%,100%,100%,75%,0%,8360,8394,8360,0.0395,1.00,1.00,1,1.00,1.00,100%,100%,N/A,N/A,N/A,N/A,N/A,N/A,N/A,N/A,N/A,N/A,N/A,N/A,N/A,N/A,N/A,N/A,N/A,N/A,N/A,N/A,N/A,N/A,N/A,N/A,N/A
F10-EllipsoidalRot,ill-cond,unimodal|non-separable|ill-conditioned,HMHH,0.938,6.7853e-11,0.0000e+00,100%,100%,100%,100%,100%,100%,95%,6717,6603,6717,0.0655,1.00,1.00,1,1.00,1.00,100%,100%,N/A,N/A,N/A,N/A,N/A,N/A,N/A,N/A,N/A,N/A,N/A,N/A,N/A,N/A,N/A,N/A,N/A,N/A,N/A,N/A,N/A,N/A,N/A,N/A,N/A
F10-EllipsoidalRot,ill-cond,unimodal|non-separable|ill-conditioned,HMHH-random,1.141,1.4900e-09,7.4582e-11,100%,100%,100%,100%,100%,100%,60%,9072,8894,9072,0.0331,1.00,1.00,1,1.00,1.00,100%,100%,N/A,N/A,N/A,N/A,N/A,N/A,N/A,N/A,N/A,N/A,N/A,N/A,N/A,N/A,N/A,N/A,N/A,N/A,N/A,N/A,N/A,N/A,N/A,N/A,N/A
F10-EllipsoidalRot,ill-cond,unimodal|non-separable|ill-conditioned,PS-CMA-ES,0.545,4.4305e+00,2.4029e+00,0%,0%,0%,0%,0%,0%,0%,inf,inf,inf,0.0000,0.00,0.00,1,0.00,0.00,0%,0%,N/A,N/A,N/A,N/A,N/A,N/A,N/A,N/A,N/A,N/A,N/A,N/A,N/A,N/A,N/A,N/A,N/A,N/A,N/A,N/A,N/A,N/A,N/A,N/A,N/A
F10-EllipsoidalRot,ill-cond,unimodal|non-separable|ill-conditioned,DEPSO,0.698,1.0076e+02,3.2208e+01,0%,0%,0%,0%,0%,0%,0%,inf,inf,inf,0.0000,0.00,0.00,1,0.00,0.00,0%,0%,N/A,N/A,N/A,N/A,N/A,N/A,N/A,N/A,N/A,N/A,N/A,N/A,N/A,N/A,N/A,N/A,N/A,N/A,N/A,N/A,N/A,N/A,N/A,N/A,N/A
F10-EllipsoidalRot,ill-cond,unimodal|non-separable|ill-conditioned,PSO,0.093,5.6439e+01,1.9341e+01,0%,0%,0%,0%,0%,0%,0%,inf,inf,inf,0.0000,0.00,0.00,1,0.00,0.00,0%,0%,N/A,N/A,N/A,N/A,N/A,N/A,N/A,N/A,N/A,N/A,N/A,N/A,N/A,N/A,N/A,N/A,N/A,N/A,N/A,N/A,N/A,N/A,N/A,N/A,N/A
F10-EllipsoidalRot,ill-cond,unimodal|non-separable|ill-conditioned,SaVOA,0.335,8.6406e+01,1.5670e+01,0%,0%,0%,0%,0%,0%,0%,inf,inf,inf,0.0000,0.00,0.00,1,0.00,0.00,0%,0%,N/A,N/A,N/A,N/A,N/A,N/A,N/A,N/A,N/A,N/A,N/A,N/A,N/A,N/A,N/A,N/A,N/A,N/A,N/A,N/A,N/A,N/A,N/A,N/A,N/A
F10-EllipsoidalRot,ill-cond,unimodal|non-separable|ill-conditioned,NM-Restart,0.626,2.5472e+02,0.0000e+00,90%,90%,90%,90%,90%,90%,90%,2695,2036,4084,0.1606,0.90,0.90,1,0.90,0.90,90%,90%,N/A,N/A,N/A,N/A,N/A,N/A,N/A,N/A,N/A,N/A,N/A,N/A,N/A,N/A,N/A,N/A,N/A,N/A,N/A,N/A,N/A,N/A,N/A,N/A,N/A
F10-EllipsoidalRot,ill-cond,unimodal|non-separable|ill-conditioned,MC-ESO,4.746,1.7764e-15,0.0000e+00,100%,100%,100%,100%,100%,100%,100%,3901,3834,3901,0.1302,1.00,1.00,1,1.00,1.00,100%,100%,N/A,N/A,N/A,N/A,N/A,N/A,N/A,N/A,N/A,N/A,N/A,N/A,N/A,N/A,N/A,N/A,N/A,N/A,N/A,N/A,N/A,N/A,N/A,N/A,N/A
F18-SchafferF7ill,multimodal,multimodal|non-separable|global-structure|ill-conditioned,EA4eig,1.055,2.7011e-04,1.0747e-04,100%,100%,90%,45%,45%,20%,10%,9067,8403,24345,0.0253,0.45,0.45,1,1.00,0.45,100%,45%,N/A,N/A,N/A,N/A,N/A,N/A,N/A,N/A,N/A,N/A,N/A,N/A,N/A,N/A,N/A,N/A,N/A,N/A,N/A,N/A,N/A,N/A,N/A,N/A,N/A
F18-SchafferF7ill,multimodal,multimodal|non-separable|global-structure|ill-conditioned,EA4eig-jSO-IDEbd,1.131,3.8978e-04,9.6697e-05,100%,100%,95%,50%,5%,0%,0%,11953,12146,24453,0.0196,0.50,0.50,1,1.00,0.50,100%,50%,N/A,N/A,N/A,N/A,N/A,N/A,N/A,N/A,N/A,N/A,N/A,N/A,N/A,N/A,N/A,N/A,N/A,N/A,N/A,N/A,N/A,N/A,N/A,N/A,N/A
F18-SchafferF7ill,multimodal,multimodal|non-separable|global-structure|ill-conditioned,EA4eig-Simpl,0.934,2.0009e-04,5.1859e-05,100%,100%,100%,65%,30%,15%,0%,9117,9012,15848,0.0340,0.65,0.65,1,1.00,0.65,100%,65%,N/A,N/A,N/A,N/A,N/A,N/A,N/A,N/A,N/A,N/A,N/A,N/A,N/A,N/A,N/A,N/A,N/A,N/A,N/A,N/A,N/A,N/A,N/A,N/A,N/A
F18-SchafferF7ill,multimodal,multimodal|non-separable|global-structure|ill-conditioned,AMALGAM-SO,1.116,8.2685e-04,2.6388e-09,100%,100%,80%,75%,75%,65%,0%,5613,4753,9780,0.0786,0.75,0.75,1,1.00,0.75,100%,75%,N/A,N/A,N/A,N/A,N/A,N/A,N/A,N/A,N/A,N/A,N/A,N/A,N/A,N/A,N/A,N/A,N/A,N/A,N/A,N/A,N/A,N/A,N/A,N/A,N/A
F18-SchafferF7ill,multimodal,multimodal|non-separable|global-structure|ill-conditioned,AMALGAM-SO-DE,1.214,1.8720e-04,1.1287e-08,100%,100%,95%,95%,80%,70%,0%,6718,5042,7376,0.0791,0.95,0.95,1,1.00,0.95,100%,95%,N/A,N/A,N/A,N/A,N/A,N/A,N/A,N/A,N/A,N/A,N/A,N/A,N/A,N/A,N/A,N/A,N/A,N/A,N/A,N/A,N/A,N/A,N/A,N/A,N/A
F18-SchafferF7ill,multimodal,multimodal|non-separable|global-structure|ill-conditioned,HSES,0.083,1.4562e-02,1.2307e-02,100%,35%,5%,5%,0%,0%,0%,12399,12399,249899,0.0155,0.05,0.05,1,0.35,0.05,35%,5%,N/A,N/A,N/A,N/A,N/A,N/A,N/A,N/A,N/A,N/A,N/A,N/A,N/A,N/A,N/A,N/A,N/A,N/A,N/A,N/A,N/A,N/A,N/A,N/A,N/A
F18-SchafferF7ill,multimodal,multimodal|non-separable|global-structure|ill-conditioned,ICMAES-ILS,2.383,2.5803e-03,1.3006e-04,100%,90%,60%,50%,35%,10%,10%,6679,7136,19179,0.0672,0.50,0.50,1,0.90,0.50,90%,50%,N/A,N/A,N/A,N/A,N/A,N/A,N/A,N/A,N/A,N/A,N/A,N/A,N/A,N/A,N/A,N/A,N/A,N/A,N/A,N/A,N/A,N/A,N/A,N/A,N/A
F18-SchafferF7ill,multimodal,multimodal|non-separable|global-structure|ill-conditioned,UMOEA-II,3.595,4.4449e-03,2.3304e-03,100%,90%,20%,5%,0%,0%,0%,11375,11375,248875,0.0135,0.05,0.05,1,0.90,0.05,90%,5%,N/A,N/A,N/A,N/A,N/A,N/A,N/A,N/A,N/A,N/A,N/A,N/A,N/A,N/A,N/A,N/A,N/A,N/A,N/A,N/A,N/A,N/A,N/A,N/A,N/A
F18-SchafferF7ill,multimodal,multimodal|non-separable|global-structure|ill-conditioned,HMHH,1.061,1.4676e-02,1.0763e-08,95%,85%,85%,85%,85%,75%,15%,7544,7487,9750,0.0522,0.85,0.85,1,0.85,0.85,85%,85%,N/A,N/A,N/A,N/A,N/A,N/A,N/A,N/A,N/A,N/A,N/A,N/A,N/A,N/A,N/A,N/A,N/A,N/A,N/A,N/A,N/A,N/A,N/A,N/A,N/A
F18-SchafferF7ill,multimodal,multimodal|non-separable|global-structure|ill-conditioned,HMHH-random,1.080,3.3219e-03,2.8645e-06,100%,85%,75%,70%,60%,0%,0%,9650,9835,15007,0.0361,0.70,0.70,1,0.85,0.70,85%,70%,N/A,N/A,N/A,N/A,N/A,N/A,N/A,N/A,N/A,N/A,N/A,N/A,N/A,N/A,N/A,N/A,N/A,N/A,N/A,N/A,N/A,N/A,N/A,N/A,N/A
F18-SchafferF7ill,multimodal,multimodal|non-separable|global-structure|ill-conditioned,PS-CMA-ES,0.550,1.2687e-02,9.3574e-03,100%,50%,0%,0%,0%,0%,0%,inf,inf,inf,0.0093,0.00,0.00,1,0.50,0.00,50%,0%,N/A,N/A,N/A,N/A,N/A,N/A,N/A,N/A,N/A,N/A,N/A,N/A,N/A,N/A,N/A,N/A,N/A,N/A,N/A,N/A,N/A,N/A,N/A,N/A,N/A
F18-SchafferF7ill,multimodal,multimodal|non-separable|global-structure|ill-conditioned,DEPSO,0.664,1.4145e-01,1.3388e-01,35%,5%,0%,0%,0%,0%,0%,inf,inf,inf,0.0058,0.00,0.00,1,0.05,0.00,5%,0%,N/A,N/A,N/A,N/A,N/A,N/A,N/A,N/A,N/A,N/A,N/A,N/A,N/A,N/A,N/A,N/A,N/A,N/A,N/A,N/A,N/A,N/A,N/A,N/A,N/A
F18-SchafferF7ill,multimodal,multimodal|non-separable|global-structure|ill-conditioned,PSO,0.091,2.4086e-01,8.0393e-02,55%,5%,0%,0%,0%,0%,0%,inf,inf,inf,0.0125,0.00,0.00,1,0.05,0.00,5%,0%,N/A,N/A,N/A,N/A,N/A,N/A,N/A,N/A,N/A,N/A,N/A,N/A,N/A,N/A,N/A,N/A,N/A,N/A,N/A,N/A,N/A,N/A,N/A,N/A,N/A
F18-SchafferF7ill,multimodal,multimodal|non-separable|global-structure|ill-conditioned,SaVOA,0.324,1.4346e+00,1.1940e+00,10%,0%,0%,0%,0%,0%,0%,inf,inf,inf,0.0013,0.00,0.00,1,0.00,0.00,0%,0%,N/A,N/A,N/A,N/A,N/A,N/A,N/A,N/A,N/A,N/A,N/A,N/A,N/A,N/A,N/A,N/A,N/A,N/A,N/A,N/A,N/A,N/A,N/A,N/A,N/A
F18-SchafferF7ill,multimodal,multimodal|non-separable|global-structure|ill-conditioned,NM-Restart,0.515,3.9740e+01,2.7024e+01,0%,0%,0%,0%,0%,0%,0%,inf,inf,inf,0.0000,0.00,0.00,1,0.00,0.00,0%,0%,N/A,N/A,N/A,N/A,N/A,N/A,N/A,N/A,N/A,N/A,N/A,N/A,N/A,N/A,N/A,N/A,N/A,N/A,N/A,N/A,N/A,N/A,N/A,N/A,N/A
F18-SchafferF7ill,multimodal,multimodal|non-separable|global-structure|ill-conditioned,MC-ESO,4.517,1.1855e-01,9.7725e-02,50%,5%,0%,0%,0%,0%,0%,inf,inf,inf,0.0083,0.00,0.00,1,0.05,0.00,5%,0%,N/A,N/A,N/A,N/A,N/A,N/A,N/A,N/A,N/A,N/A,N/A,N/A,N/A,N/A,N/A,N/A,N/A,N/A,N/A,N/A,N/A,N/A,N/A,N/A,N/A
F03-RastriginSep,separable,multimodal|separable|global-structure,EA4eig,0.902,4.9748e-02,7.4266e-11,95%,95%,95%,95%,95%,90%,55%,11080,11194,11738,0.0122,0.95,0.95,1,0.95,0.95,95%,95%,N/A,N/A,N/A,N/A,N/A,N/A,N/A,N/A,N/A,N/A,N/A,N/A,N/A,N/A,N/A,N/A,N/A,N/A,N/A,N/A,N/A,N/A,N/A,N/A,N/A
F03-RastriginSep,separable,multimodal|separable|global-structure,EA4eig-jSO-IDEbd,2.224,1.8799e-03,1.5269e-06,100%,95%,70%,65%,60%,35%,5%,10934,10889,17665,0.0121,0.65,0.65,1,0.95,0.65,95%,65%,N/A,N/A,N/A,N/A,N/A,N/A,N/A,N/A,N/A,N/A,N/A,N/A,N/A,N/A,N/A,N/A,N/A,N/A,N/A,N/A,N/A,N/A,N/A,N/A,N/A
F03-RastriginSep,separable,multimodal|separable|global-structure,EA4eig-Simpl,0.974,4.9748e-02,0.0000e+00,95%,95%,95%,95%,95%,95%,95%,7704,7625,8362,0.0481,0.95,0.95,1,0.95,0.95,95%,95%,N/A,N/A,N/A,N/A,N/A,N/A,N/A,N/A,N/A,N/A,N/A,N/A,N/A,N/A,N/A,N/A,N/A,N/A,N/A,N/A,N/A,N/A,N/A,N/A,N/A
F03-RastriginSep,separable,multimodal|separable|global-structure,AMALGAM-SO,1.317,6.4890e-01,7.0062e-02,50%,50%,50%,50%,50%,40%,40%,6063,6754,18563,0.0610,0.50,0.50,1,0.50,0.50,50%,50%,N/A,N/A,N/A,N/A,N/A,N/A,N/A,N/A,N/A,N/A,N/A,N/A,N/A,N/A,N/A,N/A,N/A,N/A,N/A,N/A,N/A,N/A,N/A,N/A,N/A
F03-RastriginSep,separable,multimodal|separable|global-structure,AMALGAM-SO-DE,1.412,1.1556e+00,9.9496e-01,35%,25%,25%,20%,20%,20%,20%,6903,7068,56903,0.0139,0.20,0.20,1,0.25,0.20,25%,20%,N/A,N/A,N/A,N/A,N/A,N/A,N/A,N/A,N/A,N/A,N/A,N/A,N/A,N/A,N/A,N/A,N/A,N/A,N/A,N/A,N/A,N/A,N/A,N/A,N/A
F03-RastriginSep,separable,multimodal|separable|global-structure,HSES,0.146,1.9297e+00,1.9907e+00,0%,0%,0%,0%,0%,0%,0%,inf,inf,inf,0.0000,0.00,0.00,1,0.00,0.00,0%,0%,N/A,N/A,N/A,N/A,N/A,N/A,N/A,N/A,N/A,N/A,N/A,N/A,N/A,N/A,N/A,N/A,N/A,N/A,N/A,N/A,N/A,N/A,N/A,N/A,N/A
F03-RastriginSep,separable,multimodal|separable|global-structure,ICMAES-ILS,1.663,2.0398e+00,1.9899e+00,0%,0%,0%,0%,0%,0%,0%,inf,inf,inf,0.0000,0.00,0.00,1,0.00,0.00,0%,0%,N/A,N/A,N/A,N/A,N/A,N/A,N/A,N/A,N/A,N/A,N/A,N/A,N/A,N/A,N/A,N/A,N/A,N/A,N/A,N/A,N/A,N/A,N/A,N/A,N/A
F03-RastriginSep,separable,multimodal|separable|global-structure,UMOEA-II,4.326,3.0127e-13,1.9895e-13,100%,100%,100%,100%,100%,100%,100%,9391,9427,9391,0.0353,1.00,1.00,1,1.00,1.00,100%,100%,N/A,N/A,N/A,N/A,N/A,N/A,N/A,N/A,N/A,N/A,N/A,N/A,N/A,N/A,N/A,N/A,N/A,N/A,N/A,N/A,N/A,N/A,N/A,N/A,N/A
F03-RastriginSep,separable,multimodal|separable|global-structure,HMHH,1.728,1.9128e-06,0.0000e+00,100%,100%,100%,100%,90%,85%,80%,6498,6030,6498,0.0682,1.00,1.00,1,1.00,1.00,100%,100%,N/A,N/A,N/A,N/A,N/A,N/A,N/A,N/A,N/A,N/A,N/A,N/A,N/A,N/A,N/A,N/A,N/A,N/A,N/A,N/A,N/A,N/A,N/A,N/A,N/A
F03-RastriginSep,separable,multimodal|separable|global-structure,HMHH-random,1.229,4.9749e-02,9.5579e-10,95%,95%,95%,95%,90%,85%,30%,7582,7262,8240,0.0490,0.95,0.95,1,0.95,0.95,95%,95%,N/A,N/A,N/A,N/A,N/A,N/A,N/A,N/A,N/A,N/A,N/A,N/A,N/A,N/A,N/A,N/A,N/A,N/A,N/A,N/A,N/A,N/A,N/A,N/A,N/A
F03-RastriginSep,separable,multimodal|separable|global-structure,PS-CMA-ES,0.638,1.3489e+00,1.0163e+00,20%,15%,15%,10%,0%,0%,0%,11744,11744,124244,0.0019,0.10,0.10,1,0.15,0.10,15%,10%,N/A,N/A,N/A,N/A,N/A,N/A,N/A,N/A,N/A,N/A,N/A,N/A,N/A,N/A,N/A,N/A,N/A,N/A,N/A,N/A,N/A,N/A,N/A,N/A,N/A
F03-RastriginSep,separable,multimodal|separable|global-structure,DEPSO,0.780,0.0000e+00,0.0000e+00,100%,100%,100%,100%,100%,100%,100%,5400,5331,5400,0.0870,1.00,1.00,1,1.00,1.00,100%,100%,N/A,N/A,N/A,N/A,N/A,N/A,N/A,N/A,N/A,N/A,N/A,N/A,N/A,N/A,N/A,N/A,N/A,N/A,N/A,N/A,N/A,N/A,N/A,N/A,N/A
F03-RastriginSep,separable,multimodal|separable|global-structure,PSO,0.164,1.4436e+00,9.9496e-01,20%,20%,20%,15%,15%,15%,10%,5749,3963,76582,0.0127,0.15,0.15,1,0.20,0.15,20%,15%,N/A,N/A,N/A,N/A,N/A,N/A,N/A,N/A,N/A,N/A,N/A,N/A,N/A,N/A,N/A,N/A,N/A,N/A,N/A,N/A,N/A,N/A,N/A,N/A,N/A
F03-RastriginSep,separable,multimodal|separable|global-structure,SaVOA,0.410,9.8501e+00,7.4622e+00,0%,0%,0%,0%,0%,0%,0%,inf,inf,inf,0.0000,0.00,0.00,1,0.00,0.00,0%,0%,N/A,N/A,N/A,N/A,N/A,N/A,N/A,N/A,N/A,N/A,N/A,N/A,N/A,N/A,N/A,N/A,N/A,N/A,N/A,N/A,N/A,N/A,N/A,N/A,N/A
F03-RastriginSep,separable,multimodal|separable|global-structure,NM-Restart,0.635,1.0401e+02,7.8600e+01,0%,0%,0%,0%,0%,0%,0%,inf,inf,inf,0.0000,0.00,0.00,1,0.00,0.00,0%,0%,N/A,N/A,N/A,N/A,N/A,N/A,N/A,N/A,N/A,N/A,N/A,N/A,N/A,N/A,N/A,N/A,N/A,N/A,N/A,N/A,N/A,N/A,N/A,N/A,N/A
F03-RastriginSep,separable,multimodal|separable|global-structure,MC-ESO,4.767,1.0247e+00,9.9496e-01,25%,20%,20%,20%,15%,15%,15%,11258,11522,61258,0.0023,0.20,0.20,1,0.20,0.20,20%,20%,N/A,N/A,N/A,N/A,N/A,N/A,N/A,N/A,N/A,N/A,N/A,N/A,N/A,N/A,N/A,N/A,N/A,N/A,N/A,N/A,N/A,N/A,N/A,N/A,N/A
F11-Discus,ill-cond,unimodal|non-separable|ill-conditioned,EA4eig,1.105,3.0927e-11,7.8870e-13,100%,100%,100%,100%,100%,100%,95%,7892,8095,7892,0.0529,1.00,1.00,1,1.00,1.00,100%,100%,N/A,N/A,N/A,N/A,N/A,N/A,N/A,N/A,N/A,N/A,N/A,N/A,N/A,N/A,N/A,N/A,N/A,N/A,N/A,N/A,N/A,N/A,N/A,N/A,N/A
F11-Discus,ill-cond,unimodal|non-separable|ill-conditioned,EA4eig-jSO-IDEbd,1.155,1.0673e-10,3.2685e-13,100%,100%,100%,100%,100%,100%,95%,6894,6972,6894,0.0656,1.00,1.00,1,1.00,1.00,100%,100%,N/A,N/A,N/A,N/A,N/A,N/A,N/A,N/A,N/A,N/A,N/A,N/A,N/A,N/A,N/A,N/A,N/A,N/A,N/A,N/A,N/A,N/A,N/A,N/A,N/A
F11-Discus,ill-cond,unimodal|non-separable|ill-conditioned,EA4eig-Simpl,0.928,1.5077e-09,3.8156e-12,100%,100%,100%,100%,100%,100%,85%,5908,5933,5908,0.0814,1.00,1.00,1,1.00,1.00,100%,100%,N/A,N/A,N/A,N/A,N/A,N/A,N/A,N/A,N/A,N/A,N/A,N/A,N/A,N/A,N/A,N/A,N/A,N/A,N/A,N/A,N/A,N/A,N/A,N/A,N/A
F11-Discus,ill-cond,unimodal|non-separable|ill-conditioned,AMALGAM-SO,1.223,0.0000e+00,0.0000e+00,100%,100%,100%,100%,100%,100%,100%,2749,2664,2749,0.1604,1.00,1.00,1,1.00,1.00,100%,100%,N/A,N/A,N/A,N/A,N/A,N/A,N/A,N/A,N/A,N/A,N/A,N/A,N/A,N/A,N/A,N/A,N/A,N/A,N/A,N/A,N/A,N/A,N/A,N/A,N/A
F11-Discus,ill-cond,unimodal|non-separable|ill-conditioned,AMALGAM-SO-DE,1.249,0.0000e+00,0.0000e+00,100%,100%,100%,100%,100%,100%,100%,2532,2490,2532,0.1696,1.00,1.00,1,1.00,1.00,100%,100%,N/A,N/A,N/A,N/A,N/A,N/A,N/A,N/A,N/A,N/A,N/A,N/A,N/A,N/A,N/A,N/A,N/A,N/A,N/A,N/A,N/A,N/A,N/A,N/A,N/A
F11-Discus,ill-cond,unimodal|non-separable|ill-conditioned,HSES,0.084,7.5088e+00,6.9619e+00,0%,0%,0%,0%,0%,0%,0%,inf,inf,inf,0.0000,0.00,0.00,1,0.00,0.00,0%,0%,N/A,N/A,N/A,N/A,N/A,N/A,N/A,N/A,N/A,N/A,N/A,N/A,N/A,N/A,N/A,N/A,N/A,N/A,N/A,N/A,N/A,N/A,N/A,N/A,N/A
F11-Discus,ill-cond,unimodal|non-separable|ill-conditioned,ICMAES-ILS,2.034,8.5947e-01,0.0000e+00,90%,90%,90%,90%,90%,90%,90%,2329,1189,3718,0.1720,0.90,0.90,1,0.90,0.90,90%,90%,N/A,N/A,N/A,N/A,N/A,N/A,N/A,N/A,N/A,N/A,N/A,N/A,N/A,N/A,N/A,N/A,N/A,N/A,N/A,N/A,N/A,N/A,N/A,N/A,N/A
F11-Discus,ill-cond,unimodal|non-separable|ill-conditioned,UMOEA-II,3.616,6.0524e-08,6.3217e-11,100%,100%,100%,100%,100%,90%,60%,7206,7076,7206,0.0562,1.00,1.00,1,1.00,1.00,100%,100%,N/A,N/A,N/A,N/A,N/A,N/A,N/A,N/A,N/A,N/A,N/A,N/A,N/A,N/A,N/A,N/A,N/A,N/A,N/A,N/A,N/A,N/A,N/A,N/A,N/A
F11-Discus,ill-cond,unimodal|non-separable|ill-conditioned,HMHH,1.157,4.7517e-01,0.0000e+00,95%,95%,95%,95%,95%,95%,80%,7558,7193,8216,0.0519,0.95,0.95,1,0.95,0.95,95%,95%,N/A,N/A,N/A,N/A,N/A,N/A,N/A,N/A,N/A,N/A,N/A,N/A,N/A,N/A,N/A,N/A,N/A,N/A,N/A,N/A,N/A,N/A,N/A,N/A,N/A
F11-Discus,ill-cond,unimodal|non-separable|ill-conditioned,HMHH-random,1.118,2.1008e-10,3.7247e-11,100%,100%,100%,100%,100%,100%,70%,8696,8589,8696,0.0374,1.00,1.00,1,1.00,1.00,100%,100%,N/A,N/A,N/A,N/A,N/A,N/A,N/A,N/A,N/A,N/A,N/A,N/A,N/A,N/A,N/A,N/A,N/A,N/A,N/A,N/A,N/A,N/A,N/A,N/A,N/A
F11-Discus,ill-cond,unimodal|non-separable|ill-conditioned,PS-CMA-ES,0.556,5.5942e+00,5.5236e+00,0%,0%,0%,0%,0%,0%,0%,inf,inf,inf,0.0000,0.00,0.00,1,0.00,0.00,0%,0%,N/A,N/A,N/A,N/A,N/A,N/A,N/A,N/A,N/A,N/A,N/A,N/A,N/A,N/A,N/A,N/A,N/A,N/A,N/A,N/A,N/A,N/A,N/A,N/A,N/A
F11-Discus,ill-cond,unimodal|non-separable|ill-conditioned,DEPSO,0.680,5.6849e+00,3.9229e+00,0%,0%,0%,0%,0%,0%,0%,inf,inf,inf,0.0000,0.00,0.00,1,0.00,0.00,0%,0%,N/A,N/A,N/A,N/A,N/A,N/A,N/A,N/A,N/A,N/A,N/A,N/A,N/A,N/A,N/A,N/A,N/A,N/A,N/A,N/A,N/A,N/A,N/A,N/A,N/A
F11-Discus,ill-cond,unimodal|non-separable|ill-conditioned,PSO,0.088,8.9190e+00,7.3938e+00,0%,0%,0%,0%,0%,0%,0%,inf,inf,inf,0.0000,0.00,0.00,1,0.00,0.00,0%,0%,N/A,N/A,N/A,N/A,N/A,N/A,N/A,N/A,N/A,N/A,N/A,N/A,N/A,N/A,N/A,N/A,N/A,N/A,N/A,N/A,N/A,N/A,N/A,N/A,N/A
F11-Discus,ill-cond,unimodal|non-separable|ill-conditioned,SaVOA,0.311,5.6111e+00,4.1078e+00,0%,0%,0%,0%,0%,0%,0%,inf,inf,inf,0.0000,0.00,0.00,1,0.00,0.00,0%,0%,N/A,N/A,N/A,N/A,N/A,N/A,N/A,N/A,N/A,N/A,N/A,N/A,N/A,N/A,N/A,N/A,N/A,N/A,N/A,N/A,N/A,N/A,N/A,N/A,N/A
F11-Discus,ill-cond,unimodal|non-separable|ill-conditioned,NM-Restart,0.647,1.7521e+00,0.0000e+00,95%,95%,95%,95%,95%,95%,95%,3836,3254,4494,0.1349,0.95,0.95,1,0.95,0.95,95%,95%,N/A,N/A,N/A,N/A,N/A,N/A,N/A,N/A,N/A,N/A,N/A,N/A,N/A,N/A,N/A,N/A,N/A,N/A,N/A,N/A,N/A,N/A,N/A,N/A,N/A
F11-Discus,ill-cond,unimodal|non-separable|ill-conditioned,MC-ESO,4.828,0.0000e+00,0.0000e+00,100%,100%,100%,100%,100%,100%,100%,3541,3416,3541,0.1386,1.00,1.00,1,1.00,1.00,100%,100%,N/A,N/A,N/A,N/A,N/A,N/A,N/A,N/A,N/A,N/A,N/A,N/A,N/A,N/A,N/A,N/A,N/A,N/A,N/A,N/A,N/A,N/A,N/A,N/A,N/A
F19-GriewankRosenbrock,multimodal,multimodal|non-separable|global-structure|bent-valley,EA4eig,0.957,2.4322e-01,2.4407e-01,20%,0%,0%,0%,0%,0%,0%,inf,inf,inf,0.0012,0.00,0.00,1,0.00,0.00,0%,0%,N/A,N/A,N/A,N/A,N/A,N/A,N/A,N/A,N/A,N/A,N/A,N/A,N/A,N/A,N/A,N/A,N/A,N/A,N/A,N/A,N/A,N/A,N/A,N/A,N/A
F19-GriewankRosenbrock,multimodal,multimodal|non-separable|global-structure|bent-valley,EA4eig-jSO-IDEbd,1.083,3.7593e-01,3.6918e-01,0%,0%,0%,0%,0%,0%,0%,inf,inf,inf,0.0000,0.00,0.00,1,0.00,0.00,0%,0%,N/A,N/A,N/A,N/A,N/A,N/A,N/A,N/A,N/A,N/A,N/A,N/A,N/A,N/A,N/A,N/A,N/A,N/A,N/A,N/A,N/A,N/A,N/A,N/A,N/A
F19-GriewankRosenbrock,multimodal,multimodal|non-separable|global-structure|bent-valley,EA4eig-Simpl,0.926,3.9280e-01,3.5518e-01,5%,5%,0%,0%,0%,0%,0%,inf,inf,inf,0.0001,0.00,0.00,1,0.05,0.00,5%,0%,N/A,N/A,N/A,N/A,N/A,N/A,N/A,N/A,N/A,N/A,N/A,N/A,N/A,N/A,N/A,N/A,N/A,N/A,N/A,N/A,N/A,N/A,N/A,N/A,N/A
F19-GriewankRosenbrock,multimodal,multimodal|non-separable|global-structure|bent-valley,AMALGAM-SO,1.655,2.9319e-01,2.8711e-01,15%,0%,0%,0%,0%,0%,0%,inf,inf,inf,0.0047,0.00,0.00,1,0.00,0.00,0%,0%,N/A,N/A,N/A,N/A,N/A,N/A,N/A,N/A,N/A,N/A,N/A,N/A,N/A,N/A,N/A,N/A,N/A,N/A,N/A,N/A,N/A,N/A,N/A,N/A,N/A
F19-GriewankRosenbrock,multimodal,multimodal|non-separable|global-structure|bent-valley,AMALGAM-SO-DE,1.776,3.3621e-01,3.4249e-01,10%,0%,0%,0%,0%,0%,0%,inf,inf,inf,0.0005,0.00,0.00,1,0.00,0.00,0%,0%,N/A,N/A,N/A,N/A,N/A,N/A,N/A,N/A,N/A,N/A,N/A,N/A,N/A,N/A,N/A,N/A,N/A,N/A,N/A,N/A,N/A,N/A,N/A,N/A,N/A
F19-GriewankRosenbrock,multimodal,multimodal|non-separable|global-structure|bent-valley,HSES,0.074,1.9913e-01,1.8158e-01,15%,0%,0%,0%,0%,0%,0%,inf,inf,inf,0.0003,0.00,0.00,1,0.00,0.00,0%,0%,N/A,N/A,N/A,N/A,N/A,N/A,N/A,N/A,N/A,N/A,N/A,N/A,N/A,N/A,N/A,N/A,N/A,N/A,N/A,N/A,N/A,N/A,N/A,N/A,N/A
F19-GriewankRosenbrock,multimodal,multimodal|non-separable|global-structure|bent-valley,ICMAES-ILS,1.587,4.1628e-01,3.3846e-01,25%,10%,0%,0%,0%,0%,0%,inf,inf,inf,0.0028,0.00,0.00,1,0.05,0.00,5%,0%,N/A,N/A,N/A,N/A,N/A,N/A,N/A,N/A,N/A,N/A,N/A,N/A,N/A,N/A,N/A,N/A,N/A,N/A,N/A,N/A,N/A,N/A,N/A,N/A,N/A
F19-GriewankRosenbrock,multimodal,multimodal|non-separable|global-structure|bent-valley,UMOEA-II,3.866,1.7333e-01,1.4173e-01,30%,0%,0%,0%,0%,0%,0%,inf,inf,inf,0.0011,0.00,0.00,1,0.00,0.00,0%,0%,N/A,N/A,N/A,N/A,N/A,N/A,N/A,N/A,N/A,N/A,N/A,N/A,N/A,N/A,N/A,N/A,N/A,N/A,N/A,N/A,N/A,N/A,N/A,N/A,N/A
F19-GriewankRosenbrock,multimodal,multimodal|non-separable|global-structure|bent-valley,HMHH,1.452,2.1441e-01,2.0473e-01,20%,0%,0%,0%,0%,0%,0%,inf,inf,inf,0.0012,0.00,0.00,1,0.00,0.00,0%,0%,N/A,N/A,N/A,N/A,N/A,N/A,N/A,N/A,N/A,N/A,N/A,N/A,N/A,N/A,N/A,N/A,N/A,N/A,N/A,N/A,N/A,N/A,N/A,N/A,N/A
F19-GriewankRosenbrock,multimodal,multimodal|non-separable|global-structure|bent-valley,HMHH-random,1.069,1.4484e-01,1.1547e-01,40%,0%,0%,0%,0%,0%,0%,inf,inf,inf,0.0023,0.00,0.00,1,0.00,0.00,0%,0%,N/A,N/A,N/A,N/A,N/A,N/A,N/A,N/A,N/A,N/A,N/A,N/A,N/A,N/A,N/A,N/A,N/A,N/A,N/A,N/A,N/A,N/A,N/A,N/A,N/A
F19-GriewankRosenbrock,multimodal,multimodal|non-separable|global-structure|bent-valley,PS-CMA-ES,0.508,4.7181e-01,4.6704e-01,0%,0%,0%,0%,0%,0%,0%,inf,inf,inf,0.0000,0.00,0.00,1,0.00,0.00,0%,0%,N/A,N/A,N/A,N/A,N/A,N/A,N/A,N/A,N/A,N/A,N/A,N/A,N/A,N/A,N/A,N/A,N/A,N/A,N/A,N/A,N/A,N/A,N/A,N/A,N/A
F19-GriewankRosenbrock,multimodal,multimodal|non-separable|global-structure|bent-valley,DEPSO,0.685,4.6644e-01,4.0729e-01,0%,0%,0%,0%,0%,0%,0%,inf,inf,inf,0.0000,0.00,0.00,1,0.00,0.00,0%,0%,N/A,N/A,N/A,N/A,N/A,N/A,N/A,N/A,N/A,N/A,N/A,N/A,N/A,N/A,N/A,N/A,N/A,N/A,N/A,N/A,N/A,N/A,N/A,N/A,N/A
F19-GriewankRosenbrock,multimodal,multimodal|non-separable|global-structure|bent-valley,PSO,0.073,4.1206e-01,3.4620e-01,10%,0%,0%,0%,0%,0%,0%,inf,inf,inf,0.0006,0.00,0.00,1,0.00,0.00,0%,0%,N/A,N/A,N/A,N/A,N/A,N/A,N/A,N/A,N/A,N/A,N/A,N/A,N/A,N/A,N/A,N/A,N/A,N/A,N/A,N/A,N/A,N/A,N/A,N/A,N/A
F19-GriewankRosenbrock,multimodal,multimodal|non-separable|global-structure|bent-valley,SaVOA,0.328,6.0016e-01,5.5240e-01,10%,0%,0%,0%,0%,0%,0%,inf,inf,inf,0.0014,0.00,0.00,1,0.00,0.00,0%,0%,N/A,N/A,N/A,N/A,N/A,N/A,N/A,N/A,N/A,N/A,N/A,N/A,N/A,N/A,N/A,N/A,N/A,N/A,N/A,N/A,N/A,N/A,N/A,N/A,N/A
F19-GriewankRosenbrock,multimodal,multimodal|non-separable|global-structure|bent-valley,NM-Restart,0.613,4.0507e+00,2.6095e+00,0%,0%,0%,0%,0%,0%,0%,inf,inf,inf,0.0000,0.00,0.00,1,0.00,0.00,0%,0%,N/A,N/A,N/A,N/A,N/A,N/A,N/A,N/A,N/A,N/A,N/A,N/A,N/A,N/A,N/A,N/A,N/A,N/A,N/A,N/A,N/A,N/A,N/A,N/A,N/A
F19-GriewankRosenbrock,multimodal,multimodal|non-separable|global-structure|bent-valley,MC-ESO,4.047,7.0832e-02,6.0976e-02,80%,5%,5%,5%,5%,5%,5%,9316,9316,246816,0.0084,0.05,0.05,1,0.05,0.05,5%,5%,N/A,N/A,N/A,N/A,N/A,N/A,N/A,N/A,N/A,N/A,N/A,N/A,N/A,N/A,N/A,N/A,N/A,N/A,N/A,N/A,N/A,N/A,N/A,N/A,N/A
F04-BucheRastrigin,separable,multimodal|separable|global-structure|asymmetric,EA4eig,0.942,4.9818e-02,4.6831e-06,95%,95%,90%,85%,70%,0%,0%,12137,12168,14343,0.0037,0.85,0.85,1,0.95,0.85,95%,85%,N/A,N/A,N/A,N/A,N/A,N/A,N/A,N/A,N/A,N/A,N/A,N/A,N/A,N/A,N/A,N/A,N/A,N/A,N/A,N/A,N/A,N/A,N/A,N/A,N/A
F04-BucheRastrigin,separable,multimodal|separable|global-structure|asymmetric,EA4eig-jSO-IDEbd,2.196,3.6132e-01,3.6351e-02,55%,30%,5%,0%,0%,0%,0%,inf,inf,inf,0.0009,0.00,0.00,1,0.30,0.00,30%,0%,N/A,N/A,N/A,N/A,N/A,N/A,N/A,N/A,N/A,N/A,N/A,N/A,N/A,N/A,N/A,N/A,N/A,N/A,N/A,N/A,N/A,N/A,N/A,N/A,N/A
F04-BucheRastrigin,separable,multimodal|separable|global-structure|asymmetric,EA4eig-Simpl,1.027,5.0057e-01,4.5971e-04,65%,55%,55%,45%,35%,15%,0%,9438,9597,24715,0.0137,0.45,0.45,1,0.55,0.45,55%,45%,N/A,N/A,N/A,N/A,N/A,N/A,N/A,N/A,N/A,N/A,N/A,N/A,N/A,N/A,N/A,N/A,N/A,N/A,N/A,N/A,N/A,N/A,N/A,N/A,N/A
F04-BucheRastrigin,separable,multimodal|separable|global-structure|asymmetric,AMALGAM-SO,1.370,2.3911e+00,2.7634e+00,30%,30%,30%,25%,20%,15%,15%,8043,7492,45543,0.0146,0.25,0.25,1,0.30,0.25,30%,25%,N/A,N/A,N/A,N/A,N/A,N/A,N/A,N/A,N/A,N/A,N/A,N/A,N/A,N/A,N/A,N/A,N/A,N/A,N/A,N/A,N/A,N/A,N/A,N/A,N/A
F04-BucheRastrigin,separable,multimodal|separable|global-structure|asymmetric,AMALGAM-SO-DE,1.410,2.5758e+00,2.6655e+00,20%,10%,10%,5%,0%,0%,0%,11733,11733,249233,0.0009,0.05,0.05,1,0.10,0.05,10%,5%,N/A,N/A,N/A,N/A,N/A,N/A,N/A,N/A,N/A,N/A,N/A,N/A,N/A,N/A,N/A,N/A,N/A,N/A,N/A,N/A,N/A,N/A,N/A,N/A,N/A
F04-BucheRastrigin,separable,multimodal|separable|global-structure|asymmetric,HSES,0.141,4.8670e+00,4.6912e+00,0%,0%,0%,0%,0%,0%,0%,inf,inf,inf,0.0000,0.00,0.00,1,0.00,0.00,0%,0%,N/A,N/A,N/A,N/A,N/A,N/A,N/A,N/A,N/A,N/A,N/A,N/A,N/A,N/A,N/A,N/A,N/A,N/A,N/A,N/A,N/A,N/A,N/A,N/A,N/A
F04-BucheRastrigin,separable,multimodal|separable|global-structure|asymmetric,ICMAES-ILS,1.297,3.4395e+00,2.9849e+00,0%,0%,0%,0%,0%,0%,0%,inf,inf,inf,0.0000,0.00,0.00,1,0.00,0.00,0%,0%,N/A,N/A,N/A,N/A,N/A,N/A,N/A,N/A,N/A,N/A,N/A,N/A,N/A,N/A,N/A,N/A,N/A,N/A,N/A,N/A,N/A,N/A,N/A,N/A,N/A
F04-BucheRastrigin,separable,multimodal|separable|global-structure|asymmetric,UMOEA-II,3.940,2.6631e-12,1.5064e-12,100%,100%,100%,100%,100%,100%,100%,9594,9550,9594,0.0303,1.00,1.00,1,1.00,1.00,100%,100%,N/A,N/A,N/A,N/A,N/A,N/A,N/A,N/A,N/A,N/A,N/A,N/A,N/A,N/A,N/A,N/A,N/A,N/A,N/A,N/A,N/A,N/A,N/A,N/A,N/A
F04-BucheRastrigin,separable,multimodal|separable|global-structure|asymmetric,HMHH,1.755,1.9899e-01,7.2760e-12,80%,80%,80%,80%,65%,65%,60%,7521,7528,10646,0.0403,0.80,0.80,1,0.80,0.80,80%,80%,N/A,N/A,N/A,N/A,N/A,N/A,N/A,N/A,N/A,N/A,N/A,N/A,N/A,N/A,N/A,N/A,N/A,N/A,N/A,N/A,N/A,N/A,N/A,N/A,N/A
F04-BucheRastrigin,separable,multimodal|separable|global-structure|asymmetric,HMHH-random,1.180,2.4876e-01,1.4078e-05,75%,75%,75%,70%,50%,25%,0%,10135,10241,15492,0.0187,0.70,0.70,1,0.75,0.70,75%,70%,N/A,N/A,N/A,N/A,N/A,N/A,N/A,N/A,N/A,N/A,N/A,N/A,N/A,N/A,N/A,N/A,N/A,N/A,N/A,N/A,N/A,N/A,N/A,N/A,N/A
F04-BucheRastrigin,separable,multimodal|separable|global-structure|asymmetric,PS-CMA-ES,0.659,3.7488e+00,2.9878e+00,0%,0%,0%,0%,0%,0%,0%,inf,inf,inf,0.0000,0.00,0.00,1,0.00,0.00,0%,0%,N/A,N/A,N/A,N/A,N/A,N/A,N/A,N/A,N/A,N/A,N/A,N/A,N/A,N/A,N/A,N/A,N/A,N/A,N/A,N/A,N/A,N/A,N/A,N/A,N/A
F04-BucheRastrigin,separable,multimodal|separable|global-structure|asymmetric,DEPSO,0.777,1.4924e-01,0.0000e+00,90%,90%,90%,90%,90%,90%,90%,6532,6654,7921,0.0600,0.90,0.90,1,0.90,0.90,90%,90%,N/A,N/A,N/A,N/A,N/A,N/A,N/A,N/A,N/A,N/A,N/A,N/A,N/A,N/A,N/A,N/A,N/A,N/A,N/A,N/A,N/A,N/A,N/A,N/A,N/A
F04-BucheRastrigin,separable,multimodal|separable|global-structure|asymmetric,PSO,0.150,2.5869e+00,1.9899e+00,5%,5%,5%,5%,5%,5%,5%,6879,6879,244379,0.0031,0.05,0.05,1,0.05,0.05,5%,5%,N/A,N/A,N/A,N/A,N/A,N/A,N/A,N/A,N/A,N/A,N/A,N/A,N/A,N/A,N/A,N/A,N/A,N/A,N/A,N/A,N/A,N/A,N/A,N/A,N/A
F04-BucheRastrigin,separable,multimodal|separable|global-structure|asymmetric,SaVOA,0.449,1.3929e+01,1.4427e+01,0%,0%,0%,0%,0%,0%,0%,inf,inf,inf,0.0000,0.00,0.00,1,0.00,0.00,0%,0%,N/A,N/A,N/A,N/A,N/A,N/A,N/A,N/A,N/A,N/A,N/A,N/A,N/A,N/A,N/A,N/A,N/A,N/A,N/A,N/A,N/A,N/A,N/A,N/A,N/A
F04-BucheRastrigin,separable,multimodal|separable|global-structure|asymmetric,NM-Restart,0.618,1.0231e+02,8.5723e+01,0%,0%,0%,0%,0%,0%,0%,inf,inf,inf,0.0000,0.00,0.00,1,0.00,0.00,0%,0%,N/A,N/A,N/A,N/A,N/A,N/A,N/A,N/A,N/A,N/A,N/A,N/A,N/A,N/A,N/A,N/A,N/A,N/A,N/A,N/A,N/A,N/A,N/A,N/A,N/A
F04-BucheRastrigin,separable,multimodal|separable|global-structure|asymmetric,MC-ESO,4.717,4.3083e+00,3.9799e+00,0%,0%,0%,0%,0%,0%,0%,inf,inf,inf,0.0000,0.00,0.00,1,0.00,0.00,0%,0%,N/A,N/A,N/A,N/A,N/A,N/A,N/A,N/A,N/A,N/A,N/A,N/A,N/A,N/A,N/A,N/A,N/A,N/A,N/A,N/A,N/A,N/A,N/A,N/A,N/A
F12-BentCigar,ill-cond,unimodal|non-separable|ill-conditioned|bent-valley,EA4eig,0.994,1.2913e-02,6.1157e-04,90%,80%,55%,35%,20%,20%,5%,9652,9213,32867,0.0149,0.35,0.35,1,0.80,0.35,80%,35%,N/A,N/A,N/A,N/A,N/A,N/A,N/A,N/A,N/A,N/A,N/A,N/A,N/A,N/A,N/A,N/A,N/A,N/A,N/A,N/A,N/A,N/A,N/A,N/A,N/A
F12-BentCigar,ill-cond,unimodal|non-separable|ill-conditioned|bent-valley,EA4eig-jSO-IDEbd,1.180,7.0015e-02,2.5864e-04,95%,95%,55%,20%,5%,0%,0%,11784,11984,61784,0.0100,0.20,0.20,1,0.95,0.20,95%,20%,N/A,N/A,N/A,N/A,N/A,N/A,N/A,N/A,N/A,N/A,N/A,N/A,N/A,N/A,N/A,N/A,N/A,N/A,N/A,N/A,N/A,N/A,N/A,N/A,N/A
F12-BentCigar,ill-cond,unimodal|non-separable|ill-conditioned|bent-valley,EA4eig-Simpl,0.934,2.3330e-01,1.1737e-01,45%,5%,0%,0%,0%,0%,0%,inf,inf,inf,0.0044,0.00,0.00,1,0.05,0.00,5%,0%,N/A,N/A,N/A,N/A,N/A,N/A,N/A,N/A,N/A,N/A,N/A,N/A,N/A,N/A,N/A,N/A,N/A,N/A,N/A,N/A,N/A,N/A,N/A,N/A,N/A
F12-BentCigar,ill-cond,unimodal|non-separable|ill-conditioned|bent-valley,AMALGAM-SO,1.347,1.1937e-13,0.0000e+00,100%,100%,100%,100%,100%,100%,100%,4402,4500,4402,0.1182,1.00,1.00,1,1.00,1.00,100%,100%,N/A,N/A,N/A,N/A,N/A,N/A,N/A,N/A,N/A,N/A,N/A,N/A,N/A,N/A,N/A,N/A,N/A,N/A,N/A,N/A,N/A,N/A,N/A,N/A,N/A
F12-BentCigar,ill-cond,unimodal|non-separable|ill-conditioned|bent-valley,AMALGAM-SO-DE,1.327,3.4106e-14,0.0000e+00,100%,100%,100%,100%,100%,100%,100%,3941,4223,3941,0.1325,1.00,1.00,1,1.00,1.00,100%,100%,N/A,N/A,N/A,N/A,N/A,N/A,N/A,N/A,N/A,N/A,N/A,N/A,N/A,N/A,N/A,N/A,N/A,N/A,N/A,N/A,N/A,N/A,N/A,N/A,N/A
F12-BentCigar,ill-cond,unimodal|non-separable|ill-conditioned|bent-valley,HSES,0.070,2.1189e-01,1.1060e-01,50%,15%,5%,0%,0%,0%,0%,inf,inf,inf,0.0064,0.00,0.00,1,0.15,0.00,15%,0%,N/A,N/A,N/A,N/A,N/A,N/A,N/A,N/A,N/A,N/A,N/A,N/A,N/A,N/A,N/A,N/A,N/A,N/A,N/A,N/A,N/A,N/A,N/A,N/A,N/A
F12-BentCigar,ill-cond,unimodal|non-separable|ill-conditioned|bent-valley,ICMAES-ILS,2.534,0.0000e+00,0.0000e+00,100%,100%,100%,100%,100%,100%,100%,5851,5725,5851,0.0871,1.00,1.00,1,1.00,1.00,100%,100%,N/A,N/A,N/A,N/A,N/A,N/A,N/A,N/A,N/A,N/A,N/A,N/A,N/A,N/A,N/A,N/A,N/A,N/A,N/A,N/A,N/A,N/A,N/A,N/A,N/A
F12-BentCigar,ill-cond,unimodal|non-separable|ill-conditioned|bent-valley,UMOEA-II,3.970,4.1723e-06,3.2944e-06,100%,100%,100%,100%,85%,0%,0%,9994,9954,9994,0.0192,1.00,1.00,1,1.00,1.00,100%,100%,N/A,N/A,N/A,N/A,N/A,N/A,N/A,N/A,N/A,N/A,N/A,N/A,N/A,N/A,N/A,N/A,N/A,N/A,N/A,N/A,N/A,N/A,N/A,N/A,N/A
F12-BentCigar,ill-cond,unimodal|non-separable|ill-conditioned|bent-valley,HMHH,0.915,1.8077e-01,3.9273e-05,80%,75%,65%,60%,25%,0%,0%,10884,11208,19218,0.0171,0.60,0.60,1,0.75,0.60,75%,60%,N/A,N/A,N/A,N/A,N/A,N/A,N/A,N/A,N/A,N/A,N/A,N/A,N/A,N/A,N/A,N/A,N/A,N/A,N/A,N/A,N/A,N/A,N/A,N/A,N/A
F12-BentCigar,ill-cond,unimodal|non-separable|ill-conditioned|bent-valley,HMHH-random,1.046,3.8245e-01,2.4218e-03,65%,65%,25%,20%,0%,0%,0%,11768,11688,61768,0.0095,0.20,0.20,1,0.65,0.20,65%,20%,N/A,N/A,N/A,N/A,N/A,N/A,N/A,N/A,N/A,N/A,N/A,N/A,N/A,N/A,N/A,N/A,N/A,N/A,N/A,N/A,N/A,N/A,N/A,N/A,N/A
F12-BentCigar,ill-cond,unimodal|non-separable|ill-conditioned|bent-valley,PS-CMA-ES,0.539,1.2115e-01,3.1615e-02,65%,25%,5%,0%,0%,0%,0%,inf,inf,inf,0.0032,0.00,0.00,1,0.25,0.00,25%,0%,N/A,N/A,N/A,N/A,N/A,N/A,N/A,N/A,N/A,N/A,N/A,N/A,N/A,N/A,N/A,N/A,N/A,N/A,N/A,N/A,N/A,N/A,N/A,N/A,N/A
F12-BentCigar,ill-cond,unimodal|non-separable|ill-conditioned|bent-valley,DEPSO,0.670,1.8363e+01,1.8068e+01,10%,5%,0%,0%,0%,0%,0%,inf,inf,inf,0.0025,0.00,0.00,1,0.05,0.00,5%,0%,N/A,N/A,N/A,N/A,N/A,N/A,N/A,N/A,N/A,N/A,N/A,N/A,N/A,N/A,N/A,N/A,N/A,N/A,N/A,N/A,N/A,N/A,N/A,N/A,N/A
F12-BentCigar,ill-cond,unimodal|non-separable|ill-conditioned|bent-valley,PSO,0.076,9.7666e+02,5.0411e+00,10%,0%,0%,0%,0%,0%,0%,inf,inf,inf,0.0020,0.00,0.00,1,0.00,0.00,0%,0%,N/A,N/A,N/A,N/A,N/A,N/A,N/A,N/A,N/A,N/A,N/A,N/A,N/A,N/A,N/A,N/A,N/A,N/A,N/A,N/A,N/A,N/A,N/A,N/A,N/A
F12-BentCigar,ill-cond,unimodal|non-separable|ill-conditioned|bent-valley,SaVOA,0.307,2.7527e+01,2.6461e+01,0%,0%,0%,0%,0%,0%,0%,inf,inf,inf,0.0000,0.00,0.00,1,0.00,0.00,0%,0%,N/A,N/A,N/A,N/A,N/A,N/A,N/A,N/A,N/A,N/A,N/A,N/A,N/A,N/A,N/A,N/A,N/A,N/A,N/A,N/A,N/A,N/A,N/A,N/A,N/A
F12-BentCigar,ill-cond,unimodal|non-separable|ill-conditioned|bent-valley,NM-Restart,0.588,9.6659e+02,0.0000e+00,90%,90%,90%,90%,90%,90%,90%,2184,2284,3573,0.1751,0.90,0.90,1,0.90,0.90,90%,90%,N/A,N/A,N/A,N/A,N/A,N/A,N/A,N/A,N/A,N/A,N/A,N/A,N/A,N/A,N/A,N/A,N/A,N/A,N/A,N/A,N/A,N/A,N/A,N/A,N/A
F12-BentCigar,ill-cond,unimodal|non-separable|ill-conditioned|bent-valley,MC-ESO,4.713,2.1408e+00,4.4893e-04,75%,60%,55%,50%,45%,35%,30%,8531,8140,21031,0.0286,0.50,0.50,1,0.60,0.50,60%,50%,N/A,N/A,N/A,N/A,N/A,N/A,N/A,N/A,N/A,N/A,N/A,N/A,N/A,N/A,N/A,N/A,N/A,N/A,N/A,N/A,N/A,N/A,N/A,N/A,N/A
F20-Schwefel,weak-structure,multimodal|separable|weak-structure|deceptive,EA4eig,1.045,9.2867e-02,1.0397e-05,70%,70%,70%,65%,50%,40%,20%,11525,11493,18256,0.0065,0.65,0.65,1,0.70,0.65,70%,65%,N/A,N/A,N/A,N/A,N/A,N/A,N/A,N/A,N/A,N/A,N/A,N/A,N/A,N/A,N/A,N/A,N/A,N/A,N/A,N/A,N/A,N/A,N/A,N/A,N/A
F20-Schwefel,weak-structure,multimodal|separable|weak-structure|deceptive,EA4eig-jSO-IDEbd,1.080,1.5139e-01,3.8744e-04,60%,55%,55%,50%,35%,25%,5%,11553,11636,24053,0.0062,0.50,0.50,1,0.55,0.50,55%,50%,N/A,N/A,N/A,N/A,N/A,N/A,N/A,N/A,N/A,N/A,N/A,N/A,N/A,N/A,N/A,N/A,N/A,N/A,N/A,N/A,N/A,N/A,N/A,N/A,N/A
F20-Schwefel,weak-structure,multimodal|separable|weak-structure|deceptive,EA4eig-Simpl,0.970,1.0660e-01,5.6843e-14,60%,60%,60%,60%,60%,60%,60%,8105,7874,16438,0.0275,0.60,0.60,1,0.60,0.60,60%,60%,N/A,N/A,N/A,N/A,N/A,N/A,N/A,N/A,N/A,N/A,N/A,N/A,N/A,N/A,N/A,N/A,N/A,N/A,N/A,N/A,N/A,N/A,N/A,N/A,N/A
F20-Schwefel,weak-structure,multimodal|separable|weak-structure|deceptive,AMALGAM-SO,1.426,4.7084e-01,4.7375e-01,10%,10%,10%,10%,10%,10%,10%,5307,5307,117807,0.0092,0.10,0.10,1,0.10,0.10,10%,10%,N/A,N/A,N/A,N/A,N/A,N/A,N/A,N/A,N/A,N/A,N/A,N/A,N/A,N/A,N/A,N/A,N/A,N/A,N/A,N/A,N/A,N/A,N/A,N/A,N/A
F20-Schwefel,weak-structure,multimodal|separable|weak-structure|deceptive,AMALGAM-SO-DE,1.427,5.8373e-01,5.2557e-01,10%,10%,10%,10%,10%,5%,5%,7408,7408,119908,0.0074,0.10,0.10,1,0.10,0.10,10%,10%,N/A,N/A,N/A,N/A,N/A,N/A,N/A,N/A,N/A,N/A,N/A,N/A,N/A,N/A,N/A,N/A,N/A,N/A,N/A,N/A,N/A,N/A,N/A,N/A,N/A
F20-Schwefel,weak-structure,multimodal|separable|weak-structure|deceptive,HSES,0.096,4.8445e-01,4.3428e-01,20%,15%,15%,15%,15%,15%,0%,8583,8706,79417,0.0065,0.15,0.15,1,0.15,0.15,15%,15%,N/A,N/A,N/A,N/A,N/A,N/A,N/A,N/A,N/A,N/A,N/A,N/A,N/A,N/A,N/A,N/A,N/A,N/A,N/A,N/A,N/A,N/A,N/A,N/A,N/A
F20-Schwefel,weak-structure,multimodal|separable|weak-structure|deceptive,ICMAES-ILS,0.967,4.7968e-01,4.7375e-01,5%,5%,5%,5%,5%,5%,5%,11633,11633,249133,0.0004,0.05,0.05,1,0.05,0.05,5%,5%,N/A,N/A,N/A,N/A,N/A,N/A,N/A,N/A,N/A,N/A,N/A,N/A,N/A,N/A,N/A,N/A,N/A,N/A,N/A,N/A,N/A,N/A,N/A,N/A,N/A
F20-Schwefel,weak-structure,multimodal|separable|weak-structure|deceptive,UMOEA-II,3.458,3.5533e-02,1.1369e-13,85%,85%,85%,85%,75%,75%,75%,9989,9729,12195,0.0215,0.85,0.85,1,0.85,0.85,85%,85%,N/A,N/A,N/A,N/A,N/A,N/A,N/A,N/A,N/A,N/A,N/A,N/A,N/A,N/A,N/A,N/A,N/A,N/A,N/A,N/A,N/A,N/A,N/A,N/A,N/A
F20-Schwefel,weak-structure,multimodal|separable|weak-structure|deceptive,HMHH,1.634,5.4441e-01,5.3309e-01,10%,10%,10%,10%,10%,10%,10%,6840,6840,119340,0.0066,0.10,0.10,1,0.10,0.10,10%,10%,N/A,N/A,N/A,N/A,N/A,N/A,N/A,N/A,N/A,N/A,N/A,N/A,N/A,N/A,N/A,N/A,N/A,N/A,N/A,N/A,N/A,N/A,N/A,N/A,N/A
F20-Schwefel,weak-structure,multimodal|separable|weak-structure|deceptive,HMHH-random,1.088,6.0362e-01,5.9221e-01,5%,5%,5%,5%,5%,5%,0%,8670,8670,246170,0.0016,0.05,0.05,1,0.05,0.05,5%,5%,N/A,N/A,N/A,N/A,N/A,N/A,N/A,N/A,N/A,N/A,N/A,N/A,N/A,N/A,N/A,N/A,N/A,N/A,N/A,N/A,N/A,N/A,N/A,N/A,N/A
F20-Schwefel,weak-structure,multimodal|separable|weak-structure|deceptive,PS-CMA-ES,0.514,7.6807e-01,8.4883e-01,0%,0%,0%,0%,0%,0%,0%,inf,inf,inf,0.0000,0.00,0.00,1,0.00,0.00,0%,0%,N/A,N/A,N/A,N/A,N/A,N/A,N/A,N/A,N/A,N/A,N/A,N/A,N/A,N/A,N/A,N/A,N/A,N/A,N/A,N/A,N/A,N/A,N/A,N/A,N/A
F20-Schwefel,weak-structure,multimodal|separable|weak-structure|deceptive,DEPSO,0.689,2.0164e-01,2.3688e-01,40%,40%,35%,35%,30%,30%,25%,7077,7752,30291,0.0243,0.35,0.35,1,0.40,0.35,40%,35%,N/A,N/A,N/A,N/A,N/A,N/A,N/A,N/A,N/A,N/A,N/A,N/A,N/A,N/A,N/A,N/A,N/A,N/A,N/A,N/A,N/A,N/A,N/A,N/A,N/A
F20-Schwefel,weak-structure,multimodal|separable|weak-structure|deceptive,PSO,0.102,5.0219e-01,4.7375e-01,5%,5%,5%,5%,5%,5%,5%,7523,7523,245023,0.0026,0.05,0.05,1,0.05,0.05,5%,5%,N/A,N/A,N/A,N/A,N/A,N/A,N/A,N/A,N/A,N/A,N/A,N/A,N/A,N/A,N/A,N/A,N/A,N/A,N/A,N/A,N/A,N/A,N/A,N/A,N/A
F20-Schwefel,weak-structure,multimodal|separable|weak-structure|deceptive,SaVOA,0.341,1.0327e+00,9.8283e-01,0%,0%,0%,0%,0%,0%,0%,inf,inf,inf,0.0000,0.00,0.00,1,0.00,0.00,0%,0%,N/A,N/A,N/A,N/A,N/A,N/A,N/A,N/A,N/A,N/A,N/A,N/A,N/A,N/A,N/A,N/A,N/A,N/A,N/A,N/A,N/A,N/A,N/A,N/A,N/A
F20-Schwefel,weak-structure,multimodal|separable|weak-structure|deceptive,NM-Restart,0.634,6.8844e-01,7.0210e-01,0%,0%,0%,0%,0%,0%,0%,inf,inf,inf,0.0000,0.00,0.00,1,0.00,0.00,0%,0%,N/A,N/A,N/A,N/A,N/A,N/A,N/A,N/A,N/A,N/A,N/A,N/A,N/A,N/A,N/A,N/A,N/A,N/A,N/A,N/A,N/A,N/A,N/A,N/A,N/A
F20-Schwefel,weak-structure,multimodal|separable|weak-structure|deceptive,MC-ESO,4.500,1.1073e+00,1.1449e+00,0%,0%,0%,0%,0%,0%,0%,inf,inf,inf,0.0000,0.00,0.00,1,0.00,0.00,0%,0%,N/A,N/A,N/A,N/A,N/A,N/A,N/A,N/A,N/A,N/A,N/A,N/A,N/A,N/A,N/A,N/A,N/A,N/A,N/A,N/A,N/A,N/A,N/A,N/A,N/A
F05-LinearSlope,separable,unimodal|separable|linear|boundary-optimum,EA4eig,1.565,7.2900e-10,2.6248e-10,100%,100%,100%,100%,100%,100%,35%,8497,9002,8497,0.0483,1.00,1.00,1,1.00,1.00,100%,100%,N/A,N/A,N/A,N/A,N/A,N/A,N/A,N/A,N/A,N/A,N/A,N/A,N/A,N/A,N/A,N/A,N/A,N/A,N/A,N/A,N/A,N/A,N/A,N/A,N/A
F05-LinearSlope,separable,unimodal|separable|linear|boundary-optimum,EA4eig-jSO-IDEbd,1.733,5.3932e-09,4.6255e-11,100%,100%,100%,100%,100%,100%,65%,7946,7979,7946,0.0509,1.00,1.00,1,1.00,1.00,100%,100%,N/A,N/A,N/A,N/A,N/A,N/A,N/A,N/A,N/A,N/A,N/A,N/A,N/A,N/A,N/A,N/A,N/A,N/A,N/A,N/A,N/A,N/A,N/A,N/A,N/A
F05-LinearSlope,separable,unimodal|separable|linear|boundary-optimum,EA4eig-Simpl,1.043,8.0501e-08,2.4429e-09,100%,100%,100%,100%,100%,80%,20%,7809,7864,7809,0.0479,1.00,1.00,1,1.00,1.00,100%,100%,N/A,N/A,N/A,N/A,N/A,N/A,N/A,N/A,N/A,N/A,N/A,N/A,N/A,N/A,N/A,N/A,N/A,N/A,N/A,N/A,N/A,N/A,N/A,N/A,N/A
F05-LinearSlope,separable,unimodal|separable|linear|boundary-optimum,AMALGAM-SO,2.038,0.0000e+00,0.0000e+00,100%,100%,100%,100%,100%,100%,100%,221,133,221,0.4542,1.00,1.00,1,1.00,1.00,100%,100%,N/A,N/A,N/A,N/A,N/A,N/A,N/A,N/A,N/A,N/A,N/A,N/A,N/A,N/A,N/A,N/A,N/A,N/A,N/A,N/A,N/A,N/A,N/A,N/A,N/A
F05-LinearSlope,separable,unimodal|separable|linear|boundary-optimum,AMALGAM-SO-DE,2.066,0.0000e+00,0.0000e+00,100%,100%,100%,100%,100%,100%,100%,170,122,170,0.4752,1.00,1.00,1,1.00,1.00,100%,100%,N/A,N/A,N/A,N/A,N/A,N/A,N/A,N/A,N/A,N/A,N/A,N/A,N/A,N/A,N/A,N/A,N/A,N/A,N/A,N/A,N/A,N/A,N/A,N/A,N/A
F05-LinearSlope,separable,unimodal|separable|linear|boundary-optimum,HSES,0.124,4.0519e-05,4.0368e-05,100%,100%,100%,100%,0%,0%,0%,11736,11781,11736,0.0256,1.00,1.00,1,1.00,1.00,100%,100%,N/A,N/A,N/A,N/A,N/A,N/A,N/A,N/A,N/A,N/A,N/A,N/A,N/A,N/A,N/A,N/A,N/A,N/A,N/A,N/A,N/A,N/A,N/A,N/A,N/A
F05-LinearSlope,separable,unimodal|separable|linear|boundary-optimum,ICMAES-ILS,0.955,0.0000e+00,0.0000e+00,100%,100%,100%,100%,100%,100%,100%,565,557,565,0.3288,1.00,1.00,1,1.00,1.00,100%,100%,N/A,N/A,N/A,N/A,N/A,N/A,N/A,N/A,N/A,N/A,N/A,N/A,N/A,N/A,N/A,N/A,N/A,N/A,N/A,N/A,N/A,N/A,N/A,N/A,N/A
F05-LinearSlope,separable,unimodal|separable|linear|boundary-optimum,UMOEA-II,3.392,0.0000e+00,0.0000e+00,100%,100%,100%,100%,100%,100%,100%,4509,4507,4509,0.1106,1.00,1.00,1,1.00,1.00,100%,100%,N/A,N/A,N/A,N/A,N/A,N/A,N/A,N/A,N/A,N/A,N/A,N/A,N/A,N/A,N/A,N/A,N/A,N/A,N/A,N/A,N/A,N/A,N/A,N/A,N/A
F05-LinearSlope,separable,unimodal|separable|linear|boundary-optimum,HMHH,1.160,0.0000e+00,0.0000e+00,100%,100%,100%,100%,100%,100%,100%,386,377,386,0.3701,1.00,1.00,1,1.00,1.00,100%,100%,N/A,N/A,N/A,N/A,N/A,N/A,N/A,N/A,N/A,N/A,N/A,N/A,N/A,N/A,N/A,N/A,N/A,N/A,N/A,N/A,N/A,N/A,N/A,N/A,N/A
F05-LinearSlope,separable,unimodal|separable|linear|boundary-optimum,HMHH-random,1.170,0.0000e+00,0.0000e+00,100%,100%,100%,100%,100%,100%,100%,386,377,386,0.3701,1.00,1.00,1,1.00,1.00,100%,100%,N/A,N/A,N/A,N/A,N/A,N/A,N/A,N/A,N/A,N/A,N/A,N/A,N/A,N/A,N/A,N/A,N/A,N/A,N/A,N/A,N/A,N/A,N/A,N/A,N/A
F05-LinearSlope,separable,unimodal|separable|linear|boundary-optimum,PS-CMA-ES,0.618,0.0000e+00,0.0000e+00,100%,100%,100%,100%,100%,100%,100%,949,961,949,0.2777,1.00,1.00,1,1.00,1.00,100%,100%,N/A,N/A,N/A,N/A,N/A,N/A,N/A,N/A,N/A,N/A,N/A,N/A,N/A,N/A,N/A,N/A,N/A,N/A,N/A,N/A,N/A,N/A,N/A,N/A,N/A
F05-LinearSlope,separable,unimodal|separable|linear|boundary-optimum,DEPSO,0.737,0.0000e+00,0.0000e+00,100%,100%,100%,100%,100%,100%,100%,190,187,190,0.4467,1.00,1.00,1,1.00,1.00,100%,100%,N/A,N/A,N/A,N/A,N/A,N/A,N/A,N/A,N/A,N/A,N/A,N/A,N/A,N/A,N/A,N/A,N/A,N/A,N/A,N/A,N/A,N/A,N/A,N/A,N/A
F05-LinearSlope,separable,unimodal|separable|linear|boundary-optimum,PSO,0.129,1.0000e+00,0.0000e+00,90%,90%,90%,90%,90%,90%,90%,253,246,1642,0.3740,0.90,0.90,1,0.90,0.90,90%,90%,N/A,N/A,N/A,N/A,N/A,N/A,N/A,N/A,N/A,N/A,N/A,N/A,N/A,N/A,N/A,N/A,N/A,N/A,N/A,N/A,N/A,N/A,N/A,N/A,N/A
F05-LinearSlope,separable,unimodal|separable|linear|boundary-optimum,SaVOA,0.414,0.0000e+00,0.0000e+00,100%,100%,100%,100%,100%,100%,100%,177,163,177,0.4570,1.00,1.00,1,1.00,1.00,100%,100%,N/A,N/A,N/A,N/A,N/A,N/A,N/A,N/A,N/A,N/A,N/A,N/A,N/A,N/A,N/A,N/A,N/A,N/A,N/A,N/A,N/A,N/A,N/A,N/A,N/A
F05-LinearSlope,separable,unimodal|separable|linear|boundary-optimum,NM-Restart,0.769,0.0000e+00,0.0000e+00,100%,100%,100%,100%,100%,100%,100%,134,92,134,0.5040,1.00,1.00,1,1.00,1.00,100%,100%,N/A,N/A,N/A,N/A,N/A,N/A,N/A,N/A,N/A,N/A,N/A,N/A,N/A,N/A,N/A,N/A,N/A,N/A,N/A,N/A,N/A,N/A,N/A,N/A,N/A
F05-LinearSlope,separable,unimodal|separable|linear|boundary-optimum,MC-ESO,4.739,0.0000e+00,0.0000e+00,100%,100%,100%,100%,100%,100%,100%,1470,1416,1470,0.2374,1.00,1.00,1,1.00,1.00,100%,100%,N/A,N/A,N/A,N/A,N/A,N/A,N/A,N/A,N/A,N/A,N/A,N/A,N/A,N/A,N/A,N/A,N/A,N/A,N/A,N/A,N/A,N/A,N/A,N/A,N/A
F13-SharpRidge,ill-cond,unimodal|non-separable|ill-conditioned|sharp-ridge,EA4eig,1.039,1.8182e-06,9.6835e-07,100%,100%,100%,100%,95%,10%,5%,10628,11023,10628,0.0247,1.00,1.00,1,1.00,1.00,100%,100%,N/A,N/A,N/A,N/A,N/A,N/A,N/A,N/A,N/A,N/A,N/A,N/A,N/A,N/A,N/A,N/A,N/A,N/A,N/A,N/A,N/A,N/A,N/A,N/A,N/A
F13-SharpRidge,ill-cond,unimodal|non-separable|ill-conditioned|sharp-ridge,EA4eig-jSO-IDEbd,1.166,2.5374e-06,1.1289e-06,100%,100%,100%,100%,100%,20%,0%,9644,9642,9644,0.0307,1.00,1.00,1,1.00,1.00,100%,100%,N/A,N/A,N/A,N/A,N/A,N/A,N/A,N/A,N/A,N/A,N/A,N/A,N/A,N/A,N/A,N/A,N/A,N/A,N/A,N/A,N/A,N/A,N/A,N/A,N/A
F13-SharpRidge,ill-cond,unimodal|non-separable|ill-conditioned|sharp-ridge,EA4eig-Simpl,0.928,1.9786e-05,3.6044e-06,100%,100%,100%,95%,70%,25%,0%,8010,7688,8668,0.0437,0.95,0.95,1,1.00,0.95,100%,95%,N/A,N/A,N/A,N/A,N/A,N/A,N/A,N/A,N/A,N/A,N/A,N/A,N/A,N/A,N/A,N/A,N/A,N/A,N/A,N/A,N/A,N/A,N/A,N/A,N/A
F13-SharpRidge,ill-cond,unimodal|non-separable|ill-conditioned|sharp-ridge,AMALGAM-SO,1.253,3.6145e-11,2.3121e-11,100%,100%,100%,100%,100%,100%,95%,3749,4179,3749,0.1323,1.00,1.00,1,1.00,1.00,100%,100%,N/A,N/A,N/A,N/A,N/A,N/A,N/A,N/A,N/A,N/A,N/A,N/A,N/A,N/A,N/A,N/A,N/A,N/A,N/A,N/A,N/A,N/A,N/A,N/A,N/A
F13-SharpRidge,ill-cond,unimodal|non-separable|ill-conditioned|sharp-ridge,AMALGAM-SO-DE,1.232,5.4458e-11,2.4949e-11,100%,100%,100%,100%,100%,100%,95%,3667,3944,3667,0.1422,1.00,1.00,1,1.00,1.00,100%,100%,N/A,N/A,N/A,N/A,N/A,N/A,N/A,N/A,N/A,N/A,N/A,N/A,N/A,N/A,N/A,N/A,N/A,N/A,N/A,N/A,N/A,N/A,N/A,N/A,N/A
F13-SharpRidge,ill-cond,unimodal|non-separable|ill-conditioned|sharp-ridge,HSES,0.070,1.8266e+00,1.4313e+00,0%,0%,0%,0%,0%,0%,0%,inf,inf,inf,0.0000,0.00,0.00,1,0.00,0.00,0%,0%,N/A,N/A,N/A,N/A,N/A,N/A,N/A,N/A,N/A,N/A,N/A,N/A,N/A,N/A,N/A,N/A,N/A,N/A,N/A,N/A,N/A,N/A,N/A,N/A,N/A
F13-SharpRidge,ill-cond,unimodal|non-separable|ill-conditioned|sharp-ridge,ICMAES-ILS,2.511,6.2352e-10,5.1059e-10,100%,100%,100%,100%,100%,100%,15%,4087,4110,4087,0.1460,1.00,1.00,1,1.00,1.00,100%,100%,N/A,N/A,N/A,N/A,N/A,N/A,N/A,N/A,N/A,N/A,N/A,N/A,N/A,N/A,N/A,N/A,N/A,N/A,N/A,N/A,N/A,N/A,N/A,N/A,N/A
F13-SharpRidge,ill-cond,unimodal|non-separable|ill-conditioned|sharp-ridge,UMOEA-II,3.395,1.9269e-05,6.4517e-06,100%,100%,100%,95%,55%,0%,0%,9558,9547,10216,0.0262,0.95,0.95,1,1.00,0.95,100%,95%,N/A,N/A,N/A,N/A,N/A,N/A,N/A,N/A,N/A,N/A,N/A,N/A,N/A,N/A,N/A,N/A,N/A,N/A,N/A,N/A,N/A,N/A,N/A,N/A,N/A
F13-SharpRidge,ill-cond,unimodal|non-separable|ill-conditioned|sharp-ridge,HMHH,0.777,2.2656e-11,2.0291e-11,100%,100%,100%,100%,100%,100%,100%,6733,6533,6733,0.0653,1.00,1.00,1,1.00,1.00,100%,100%,N/A,N/A,N/A,N/A,N/A,N/A,N/A,N/A,N/A,N/A,N/A,N/A,N/A,N/A,N/A,N/A,N/A,N/A,N/A,N/A,N/A,N/A,N/A,N/A,N/A
F13-SharpRidge,ill-cond,unimodal|non-separable|ill-conditioned|sharp-ridge,HMHH-random,1.103,7.3509e-06,4.9939e-06,100%,100%,100%,100%,80%,0%,0%,10292,10338,10292,0.0282,1.00,1.00,1,1.00,1.00,100%,100%,N/A,N/A,N/A,N/A,N/A,N/A,N/A,N/A,N/A,N/A,N/A,N/A,N/A,N/A,N/A,N/A,N/A,N/A,N/A,N/A,N/A,N/A,N/A,N/A,N/A
F13-SharpRidge,ill-cond,unimodal|non-separable|ill-conditioned|sharp-ridge,PS-CMA-ES,0.531,9.7184e-02,3.6130e-02,80%,5%,0%,0%,0%,0%,0%,inf,inf,inf,0.0024,0.00,0.00,1,0.05,0.00,5%,0%,N/A,N/A,N/A,N/A,N/A,N/A,N/A,N/A,N/A,N/A,N/A,N/A,N/A,N/A,N/A,N/A,N/A,N/A,N/A,N/A,N/A,N/A,N/A,N/A,N/A
F13-SharpRidge,ill-cond,unimodal|non-separable|ill-conditioned|sharp-ridge,DEPSO,0.696,5.8662e+00,3.7259e+00,10%,5%,5%,0%,0%,0%,0%,inf,inf,inf,0.0034,0.00,0.00,1,0.05,0.00,5%,0%,N/A,N/A,N/A,N/A,N/A,N/A,N/A,N/A,N/A,N/A,N/A,N/A,N/A,N/A,N/A,N/A,N/A,N/A,N/A,N/A,N/A,N/A,N/A,N/A,N/A
F13-SharpRidge,ill-cond,unimodal|non-separable|ill-conditioned|sharp-ridge,PSO,0.077,1.0168e+01,7.6835e+00,10%,5%,0%,0%,0%,0%,0%,inf,inf,inf,0.0031,0.00,0.00,1,0.05,0.00,5%,0%,N/A,N/A,N/A,N/A,N/A,N/A,N/A,N/A,N/A,N/A,N/A,N/A,N/A,N/A,N/A,N/A,N/A,N/A,N/A,N/A,N/A,N/A,N/A,N/A,N/A
F13-SharpRidge,ill-cond,unimodal|non-separable|ill-conditioned|sharp-ridge,SaVOA,0.329,2.9060e+01,2.5171e+01,5%,0%,0%,0%,0%,0%,0%,inf,inf,inf,0.0014,0.00,0.00,1,0.00,0.00,0%,0%,N/A,N/A,N/A,N/A,N/A,N/A,N/A,N/A,N/A,N/A,N/A,N/A,N/A,N/A,N/A,N/A,N/A,N/A,N/A,N/A,N/A,N/A,N/A,N/A,N/A
F13-SharpRidge,ill-cond,unimodal|non-separable|ill-conditioned|sharp-ridge,NM-Restart,0.494,6.6212e+01,2.5190e+00,35%,35%,35%,30%,30%,30%,25%,3844,3391,33010,0.0456,0.30,0.30,1,0.35,0.30,35%,30%,N/A,N/A,N/A,N/A,N/A,N/A,N/A,N/A,N/A,N/A,N/A,N/A,N/A,N/A,N/A,N/A,N/A,N/A,N/A,N/A,N/A,N/A,N/A,N/A,N/A
F13-SharpRidge,ill-cond,unimodal|non-separable|ill-conditioned|sharp-ridge,MC-ESO,4.693,3.2329e-02,2.1366e-04,85%,70%,55%,35%,25%,25%,25%,4174,3168,27388,0.0654,0.35,0.35,1,0.70,0.35,70%,35%,N/A,N/A,N/A,N/A,N/A,N/A,N/A,N/A,N/A,N/A,N/A,N/A,N/A,N/A,N/A,N/A,N/A,N/A,N/A,N/A,N/A,N/A,N/A,N/A,N/A
F21-Gallagher101,weak-structure,multimodal|non-separable|weak-structure,EA4eig,1.097,6.2263e-02,0.0000e+00,95%,95%,95%,95%,95%,95%,95%,5009,5210,5667,0.0962,0.95,0.95,1,0.95,0.95,95%,95%,N/A,N/A,N/A,N/A,N/A,N/A,N/A,N/A,N/A,N/A,N/A,N/A,N/A,N/A,N/A,N/A,N/A,N/A,N/A,N/A,N/A,N/A,N/A,N/A,N/A
F21-Gallagher101,weak-structure,multimodal|non-separable|weak-structure,EA4eig-jSO-IDEbd,1.228,1.8679e-01,0.0000e+00,85%,85%,85%,85%,85%,85%,85%,5018,4894,7224,0.0862,0.85,0.85,1,0.85,0.85,85%,85%,N/A,N/A,N/A,N/A,N/A,N/A,N/A,N/A,N/A,N/A,N/A,N/A,N/A,N/A,N/A,N/A,N/A,N/A,N/A,N/A,N/A,N/A,N/A,N/A,N/A
F21-Gallagher101,weak-structure,multimodal|non-separable|weak-structure,EA4eig-Simpl,1.000,1.2453e-01,0.0000e+00,90%,90%,90%,90%,90%,90%,90%,4321,4213,5710,0.1072,0.90,0.90,1,0.90,0.90,90%,90%,N/A,N/A,N/A,N/A,N/A,N/A,N/A,N/A,N/A,N/A,N/A,N/A,N/A,N/A,N/A,N/A,N/A,N/A,N/A,N/A,N/A,N/A,N/A,N/A,N/A
F21-Gallagher101,weak-structure,multimodal|non-separable|weak-structure,AMALGAM-SO,1.489,9.2990e-01,1.2453e+00,20%,20%,15%,5%,5%,5%,5%,1534,1534,239034,0.0115,0.05,0.05,1,0.20,0.05,20%,5%,N/A,N/A,N/A,N/A,N/A,N/A,N/A,N/A,N/A,N/A,N/A,N/A,N/A,N/A,N/A,N/A,N/A,N/A,N/A,N/A,N/A,N/A,N/A,N/A,N/A
F21-Gallagher101,weak-structure,multimodal|non-separable|weak-structure,AMALGAM-SO-DE,1.473,6.2213e-01,7.7520e-01,45%,45%,45%,40%,35%,35%,30%,6265,5588,25015,0.0473,0.40,0.40,1,0.45,0.40,45%,40%,N/A,N/A,N/A,N/A,N/A,N/A,N/A,N/A,N/A,N/A,N/A,N/A,N/A,N/A,N/A,N/A,N/A,N/A,N/A,N/A,N/A,N/A,N/A,N/A,N/A
F21-Gallagher101,weak-structure,multimodal|non-separable|weak-structure,HSES,0.114,1.2359e+00,1.2453e+00,0%,0%,0%,0%,0%,0%,0%,inf,inf,inf,0.0000,0.00,0.00,1,0.00,0.00,0%,0%,N/A,N/A,N/A,N/A,N/A,N/A,N/A,N/A,N/A,N/A,N/A,N/A,N/A,N/A,N/A,N/A,N/A,N/A,N/A,N/A,N/A,N/A,N/A,N/A,N/A
F21-Gallagher101,weak-structure,multimodal|non-separable|weak-structure,ICMAES-ILS,1.072,2.0214e-01,3.9080e-14,85%,85%,85%,85%,85%,80%,70%,3453,2307,5659,0.1428,0.85,0.85,1,0.85,0.85,85%,85%,N/A,N/A,N/A,N/A,N/A,N/A,N/A,N/A,N/A,N/A,N/A,N/A,N/A,N/A,N/A,N/A,N/A,N/A,N/A,N/A,N/A,N/A,N/A,N/A,N/A
F21-Gallagher101,weak-structure,multimodal|non-separable|weak-structure,UMOEA-II,2.984,1.2453e-01,0.0000e+00,90%,90%,90%,90%,90%,90%,90%,6680,6581,8069,0.0662,0.90,0.90,1,0.90,0.90,90%,90%,N/A,N/A,N/A,N/A,N/A,N/A,N/A,N/A,N/A,N/A,N/A,N/A,N/A,N/A,N/A,N/A,N/A,N/A,N/A,N/A,N/A,N/A,N/A,N/A,N/A
F21-Gallagher101,weak-structure,multimodal|non-separable|weak-structure,HMHH,1.496,8.2487e-01,1.2453e+00,40%,40%,40%,40%,40%,40%,40%,2454,2554,21204,0.0725,0.40,0.40,1,0.40,0.40,40%,40%,N/A,N/A,N/A,N/A,N/A,N/A,N/A,N/A,N/A,N/A,N/A,N/A,N/A,N/A,N/A,N/A,N/A,N/A,N/A,N/A,N/A,N/A,N/A,N/A,N/A
F21-Gallagher101,weak-structure,multimodal|non-separable|weak-structure,HMHH-random,1.140,8.1505e-01,1.2453e+00,40%,40%,40%,40%,40%,40%,40%,2176,2314,20926,0.0763,0.40,0.40,1,0.40,0.40,40%,40%,N/A,N/A,N/A,N/A,N/A,N/A,N/A,N/A,N/A,N/A,N/A,N/A,N/A,N/A,N/A,N/A,N/A,N/A,N/A,N/A,N/A,N/A,N/A,N/A,N/A
F21-Gallagher101,weak-structure,multimodal|non-separable|weak-structure,PS-CMA-ES,0.559,3.6128e-01,3.5527e-15,60%,60%,60%,60%,60%,60%,60%,4723,5010,13056,0.0644,0.60,0.60,1,0.60,0.60,60%,60%,N/A,N/A,N/A,N/A,N/A,N/A,N/A,N/A,N/A,N/A,N/A,N/A,N/A,N/A,N/A,N/A,N/A,N/A,N/A,N/A,N/A,N/A,N/A,N/A,N/A
F21-Gallagher101,weak-structure,multimodal|non-separable|weak-structure,DEPSO,0.719,1.1700e+00,1.2453e+00,25%,25%,25%,25%,25%,25%,20%,3353,2381,40853,0.0396,0.25,0.25,1,0.25,0.25,25%,25%,N/A,N/A,N/A,N/A,N/A,N/A,N/A,N/A,N/A,N/A,N/A,N/A,N/A,N/A,N/A,N/A,N/A,N/A,N/A,N/A,N/A,N/A,N/A,N/A,N/A
F21-Gallagher101,weak-structure,multimodal|non-separable|weak-structure,PSO,0.120,1.7733e+00,1.2453e+00,15%,15%,15%,15%,15%,15%,15%,944,936,71777,0.0432,0.15,0.15,1,0.15,0.15,15%,15%,N/A,N/A,N/A,N/A,N/A,N/A,N/A,N/A,N/A,N/A,N/A,N/A,N/A,N/A,N/A,N/A,N/A,N/A,N/A,N/A,N/A,N/A,N/A,N/A,N/A
F21-Gallagher101,weak-structure,multimodal|non-separable|weak-structure,SaVOA,0.357,8.3592e-01,4.4371e-01,45%,45%,45%,45%,45%,45%,45%,5685,5348,20963,0.0434,0.45,0.45,1,0.45,0.45,45%,45%,N/A,N/A,N/A,N/A,N/A,N/A,N/A,N/A,N/A,N/A,N/A,N/A,N/A,N/A,N/A,N/A,N/A,N/A,N/A,N/A,N/A,N/A,N/A,N/A,N/A
F21-Gallagher101,weak-structure,multimodal|non-separable|weak-structure,NM-Restart,0.665,7.0101e-01,3.4593e-01,50%,50%,50%,50%,50%,50%,50%,5345,5964,17845,0.0583,0.50,0.50,1,0.50,0.50,50%,50%,N/A,N/A,N/A,N/A,N/A,N/A,N/A,N/A,N/A,N/A,N/A,N/A,N/A,N/A,N/A,N/A,N/A,N/A,N/A,N/A,N/A,N/A,N/A,N/A,N/A
F21-Gallagher101,weak-structure,multimodal|non-separable|weak-structure,MC-ESO,4.694,1.1675e+00,1.2453e+00,30%,30%,30%,30%,30%,30%,30%,2041,646,31208,0.0797,0.30,0.30,1,0.30,0.30,30%,30%,N/A,N/A,N/A,N/A,N/A,N/A,N/A,N/A,N/A,N/A,N/A,N/A,N/A,N/A,N/A,N/A,N/A,N/A,N/A,N/A,N/A,N/A,N/A,N/A,N/A
F06-AttractiveSector,moderate-cond,unimodal|non-separable|asymmetric|moderate-cond,EA4eig,2.004,7.6529e-10,4.1107e-10,100%,100%,100%,100%,100%,100%,15%,8576,8908,8576,0.0452,1.00,1.00,1,1.00,1.00,100%,100%,N/A,N/A,N/A,N/A,N/A,N/A,N/A,N/A,N/A,N/A,N/A,N/A,N/A,N/A,N/A,N/A,N/A,N/A,N/A,N/A,N/A,N/A,N/A,N/A,N/A
F06-AttractiveSector,moderate-cond,unimodal|non-separable|asymmetric|moderate-cond,EA4eig-jSO-IDEbd,1.214,8.0204e-09,1.1339e-10,100%,100%,100%,100%,100%,95%,50%,7563,7572,7563,0.0553,1.00,1.00,1,1.00,1.00,100%,100%,N/A,N/A,N/A,N/A,N/A,N/A,N/A,N/A,N/A,N/A,N/A,N/A,N/A,N/A,N/A,N/A,N/A,N/A,N/A,N/A,N/A,N/A,N/A,N/A,N/A
F06-AttractiveSector,moderate-cond,unimodal|non-separable|asymmetric|moderate-cond,EA4eig-Simpl,0.989,3.0090e-06,1.2865e-06,100%,100%,100%,100%,95%,10%,0%,6776,6678,6776,0.0586,1.00,1.00,1,1.00,1.00,100%,100%,N/A,N/A,N/A,N/A,N/A,N/A,N/A,N/A,N/A,N/A,N/A,N/A,N/A,N/A,N/A,N/A,N/A,N/A,N/A,N/A,N/A,N/A,N/A,N/A,N/A
F06-AttractiveSector,moderate-cond,unimodal|non-separable|asymmetric|moderate-cond,AMALGAM-SO,1.253,5.3291e-15,7.1054e-15,100%,100%,100%,100%,100%,100%,100%,877,904,877,0.2830,1.00,1.00,1,1.00,1.00,100%,100%,N/A,N/A,N/A,N/A,N/A,N/A,N/A,N/A,N/A,N/A,N/A,N/A,N/A,N/A,N/A,N/A,N/A,N/A,N/A,N/A,N/A,N/A,N/A,N/A,N/A
F06-AttractiveSector,moderate-cond,unimodal|non-separable|asymmetric|moderate-cond,AMALGAM-SO-DE,1.249,6.0396e-15,7.1054e-15,100%,100%,100%,100%,100%,100%,100%,831,785,831,0.2886,1.00,1.00,1,1.00,1.00,100%,100%,N/A,N/A,N/A,N/A,N/A,N/A,N/A,N/A,N/A,N/A,N/A,N/A,N/A,N/A,N/A,N/A,N/A,N/A,N/A,N/A,N/A,N/A,N/A,N/A,N/A
F06-AttractiveSector,moderate-cond,unimodal|non-separable|asymmetric|moderate-cond,HSES,0.126,1.5771e+00,1.3177e+00,0%,0%,0%,0%,0%,0%,0%,inf,inf,inf,0.0000,0.00,0.00,1,0.00,0.00,0%,0%,N/A,N/A,N/A,N/A,N/A,N/A,N/A,N/A,N/A,N/A,N/A,N/A,N/A,N/A,N/A,N/A,N/A,N/A,N/A,N/A,N/A,N/A,N/A,N/A,N/A
F06-AttractiveSector,moderate-cond,unimodal|non-separable|asymmetric|moderate-cond,ICMAES-ILS,2.452,4.6185e-15,7.1054e-15,100%,100%,100%,100%,100%,100%,100%,1313,1080,1313,0.2255,1.00,1.00,1,1.00,1.00,100%,100%,N/A,N/A,N/A,N/A,N/A,N/A,N/A,N/A,N/A,N/A,N/A,N/A,N/A,N/A,N/A,N/A,N/A,N/A,N/A,N/A,N/A,N/A,N/A,N/A,N/A
F06-AttractiveSector,moderate-cond,unimodal|non-separable|asymmetric|moderate-cond,UMOEA-II,4.845,6.6668e-07,3.1111e-09,100%,100%,100%,100%,95%,85%,30%,8180,8235,8180,0.0467,1.00,1.00,1,1.00,1.00,100%,100%,N/A,N/A,N/A,N/A,N/A,N/A,N/A,N/A,N/A,N/A,N/A,N/A,N/A,N/A,N/A,N/A,N/A,N/A,N/A,N/A,N/A,N/A,N/A,N/A,N/A
F06-AttractiveSector,moderate-cond,unimodal|non-separable|asymmetric|moderate-cond,HMHH,1.476,6.6928e-05,1.1091e-08,100%,100%,100%,90%,85%,75%,0%,7574,7496,8963,0.0547,0.90,0.90,1,1.00,0.90,100%,90%,N/A,N/A,N/A,N/A,N/A,N/A,N/A,N/A,N/A,N/A,N/A,N/A,N/A,N/A,N/A,N/A,N/A,N/A,N/A,N/A,N/A,N/A,N/A,N/A,N/A
F06-AttractiveSector,moderate-cond,unimodal|non-separable|asymmetric|moderate-cond,HMHH-random,1.163,8.5077e-08,7.9521e-08,100%,100%,100%,100%,100%,60%,0%,8217,8439,8217,0.0555,1.00,1.00,1,1.00,1.00,100%,100%,N/A,N/A,N/A,N/A,N/A,N/A,N/A,N/A,N/A,N/A,N/A,N/A,N/A,N/A,N/A,N/A,N/A,N/A,N/A,N/A,N/A,N/A,N/A,N/A,N/A
F06-AttractiveSector,moderate-cond,unimodal|non-separable|asymmetric|moderate-cond,PS-CMA-ES,0.631,3.1009e-04,2.7009e-04,100%,100%,100%,20%,0%,0%,0%,12276,12309,62276,0.0189,0.20,0.20,1,1.00,0.20,100%,20%,N/A,N/A,N/A,N/A,N/A,N/A,N/A,N/A,N/A,N/A,N/A,N/A,N/A,N/A,N/A,N/A,N/A,N/A,N/A,N/A,N/A,N/A,N/A,N/A,N/A
F06-AttractiveSector,moderate-cond,unimodal|non-separable|asymmetric|moderate-cond,DEPSO,0.778,3.5085e-07,7.4176e-08,100%,100%,100%,100%,100%,60%,0%,6914,6932,6914,0.0732,1.00,1.00,1,1.00,1.00,100%,100%,N/A,N/A,N/A,N/A,N/A,N/A,N/A,N/A,N/A,N/A,N/A,N/A,N/A,N/A,N/A,N/A,N/A,N/A,N/A,N/A,N/A,N/A,N/A,N/A,N/A
F06-AttractiveSector,moderate-cond,unimodal|non-separable|asymmetric|moderate-cond,PSO,0.144,2.0169e-04,2.1316e-13,100%,100%,95%,95%,95%,90%,80%,4348,3842,5006,0.1184,0.95,0.95,1,1.00,0.95,100%,95%,N/A,N/A,N/A,N/A,N/A,N/A,N/A,N/A,N/A,N/A,N/A,N/A,N/A,N/A,N/A,N/A,N/A,N/A,N/A,N/A,N/A,N/A,N/A,N/A,N/A
F06-AttractiveSector,moderate-cond,unimodal|non-separable|asymmetric|moderate-cond,SaVOA,0.410,6.6036e-01,2.1316e-14,90%,90%,90%,90%,90%,80%,75%,5747,5097,7136,0.0837,0.90,0.90,1,0.90,0.90,90%,90%,N/A,N/A,N/A,N/A,N/A,N/A,N/A,N/A,N/A,N/A,N/A,N/A,N/A,N/A,N/A,N/A,N/A,N/A,N/A,N/A,N/A,N/A,N/A,N/A,N/A
F06-AttractiveSector,moderate-cond,unimodal|non-separable|asymmetric|moderate-cond,NM-Restart,0.799,7.6057e-06,3.0721e-08,100%,100%,100%,95%,90%,60%,10%,4990,4499,5648,0.0962,0.95,0.95,1,1.00,0.95,100%,95%,N/A,N/A,N/A,N/A,N/A,N/A,N/A,N/A,N/A,N/A,N/A,N/A,N/A,N/A,N/A,N/A,N/A,N/A,N/A,N/A,N/A,N/A,N/A,N/A,N/A
F06-AttractiveSector,moderate-cond,unimodal|non-separable|asymmetric|moderate-cond,MC-ESO,4.802,1.3177e-12,5.8265e-13,100%,100%,100%,100%,100%,100%,100%,4993,4960,4993,0.1201,1.00,1.00,1,1.00,1.00,100%,100%,N/A,N/A,N/A,N/A,N/A,N/A,N/A,N/A,N/A,N/A,N/A,N/A,N/A,N/A,N/A,N/A,N/A,N/A,N/A,N/A,N/A,N/A,N/A,N/A,N/A
F14-DiffPowers,ill-cond,unimodal|non-separable|ill-conditioned,EA4eig,1.054,7.0091e-12,2.8422e-13,100%,100%,100%,100%,100%,100%,100%,5018,5634,5018,0.1104,1.00,1.00,1,1.00,1.00,100%,100%,N/A,N/A,N/A,N/A,N/A,N/A,N/A,N/A,N/A,N/A,N/A,N/A,N/A,N/A,N/A,N/A,N/A,N/A,N/A,N/A,N/A,N/A,N/A,N/A,N/A
F14-DiffPowers,ill-cond,unimodal|non-separable|ill-conditioned,EA4eig-jSO-IDEbd,1.159,2.2360e-11,2.2737e-13,100%,100%,100%,100%,100%,100%,90%,4712,4813,4712,0.1126,1.00,1.00,1,1.00,1.00,100%,100%,N/A,N/A,N/A,N/A,N/A,N/A,N/A,N/A,N/A,N/A,N/A,N/A,N/A,N/A,N/A,N/A,N/A,N/A,N/A,N/A,N/A,N/A,N/A,N/A,N/A
F14-DiffPowers,ill-cond,unimodal|non-separable|ill-conditioned,EA4eig-Simpl,0.947,5.3474e-09,8.1688e-11,100%,100%,100%,100%,100%,100%,50%,4156,4143,4156,0.1224,1.00,1.00,1,1.00,1.00,100%,100%,N/A,N/A,N/A,N/A,N/A,N/A,N/A,N/A,N/A,N/A,N/A,N/A,N/A,N/A,N/A,N/A,N/A,N/A,N/A,N/A,N/A,N/A,N/A,N/A,N/A
F14-DiffPowers,ill-cond,unimodal|non-separable|ill-conditioned,AMALGAM-SO,1.359,3.6593e-13,3.4106e-13,100%,100%,100%,100%,100%,100%,100%,904,909,904,0.2894,1.00,1.00,1,1.00,1.00,100%,100%,N/A,N/A,N/A,N/A,N/A,N/A,N/A,N/A,N/A,N/A,N/A,N/A,N/A,N/A,N/A,N/A,N/A,N/A,N/A,N/A,N/A,N/A,N/A,N/A,N/A
F14-DiffPowers,ill-cond,unimodal|non-separable|ill-conditioned,AMALGAM-SO-DE,1.300,2.8813e-13,2.7001e-13,100%,100%,100%,100%,100%,100%,100%,940,968,940,0.2912,1.00,1.00,1,1.00,1.00,100%,100%,N/A,N/A,N/A,N/A,N/A,N/A,N/A,N/A,N/A,N/A,N/A,N/A,N/A,N/A,N/A,N/A,N/A,N/A,N/A,N/A,N/A,N/A,N/A,N/A,N/A
F14-DiffPowers,ill-cond,unimodal|non-separable|ill-conditioned,HSES,0.074,6.1333e-05,3.2497e-05,100%,100%,100%,80%,25%,0%,0%,6031,6173,9156,0.0878,0.80,0.80,1,1.00,0.80,100%,80%,N/A,N/A,N/A,N/A,N/A,N/A,N/A,N/A,N/A,N/A,N/A,N/A,N/A,N/A,N/A,N/A,N/A,N/A,N/A,N/A,N/A,N/A,N/A,N/A,N/A
F14-DiffPowers,ill-cond,unimodal|non-separable|ill-conditioned,ICMAES-ILS,2.633,2.7907e-12,1.0658e-12,100%,100%,100%,100%,100%,100%,100%,719,732,719,0.2866,1.00,1.00,1,1.00,1.00,100%,100%,N/A,N/A,N/A,N/A,N/A,N/A,N/A,N/A,N/A,N/A,N/A,N/A,N/A,N/A,N/A,N/A,N/A,N/A,N/A,N/A,N/A,N/A,N/A,N/A,N/A
F14-DiffPowers,ill-cond,unimodal|non-separable|ill-conditioned,UMOEA-II,3.474,1.1451e-09,3.7548e-10,100%,100%,100%,100%,100%,100%,25%,6515,6520,6515,0.0827,1.00,1.00,1,1.00,1.00,100%,100%,N/A,N/A,N/A,N/A,N/A,N/A,N/A,N/A,N/A,N/A,N/A,N/A,N/A,N/A,N/A,N/A,N/A,N/A,N/A,N/A,N/A,N/A,N/A,N/A,N/A
F14-DiffPowers,ill-cond,unimodal|non-separable|ill-conditioned,HMHH,1.056,4.1713e-11,8.7041e-13,100%,100%,100%,100%,100%,100%,95%,4605,4325,4605,0.1325,1.00,1.00,1,1.00,1.00,100%,100%,N/A,N/A,N/A,N/A,N/A,N/A,N/A,N/A,N/A,N/A,N/A,N/A,N/A,N/A,N/A,N/A,N/A,N/A,N/A,N/A,N/A,N/A,N/A,N/A,N/A
F14-DiffPowers,ill-cond,unimodal|non-separable|ill-conditioned,HMHH-random,1.121,1.9848e-09,1.7323e-09,100%,100%,100%,100%,100%,100%,10%,5080,5128,5080,0.1187,1.00,1.00,1,1.00,1.00,100%,100%,N/A,N/A,N/A,N/A,N/A,N/A,N/A,N/A,N/A,N/A,N/A,N/A,N/A,N/A,N/A,N/A,N/A,N/A,N/A,N/A,N/A,N/A,N/A,N/A,N/A
F14-DiffPowers,ill-cond,unimodal|non-separable|ill-conditioned,PS-CMA-ES,0.534,5.8184e-05,5.2081e-05,100%,100%,100%,95%,5%,0%,0%,10609,10657,11266,0.0602,0.95,0.95,1,1.00,0.95,100%,95%,N/A,N/A,N/A,N/A,N/A,N/A,N/A,N/A,N/A,N/A,N/A,N/A,N/A,N/A,N/A,N/A,N/A,N/A,N/A,N/A,N/A,N/A,N/A,N/A,N/A
F14-DiffPowers,ill-cond,unimodal|non-separable|ill-conditioned,DEPSO,0.722,5.4081e-05,4.1422e-05,100%,100%,100%,85%,0%,0%,0%,7335,7113,9541,0.1125,0.85,0.85,1,1.00,0.85,100%,85%,N/A,N/A,N/A,N/A,N/A,N/A,N/A,N/A,N/A,N/A,N/A,N/A,N/A,N/A,N/A,N/A,N/A,N/A,N/A,N/A,N/A,N/A,N/A,N/A,N/A
F14-DiffPowers,ill-cond,unimodal|non-separable|ill-conditioned,PSO,0.084,6.1832e-05,5.1432e-05,100%,100%,100%,80%,5%,0%,0%,6205,6174,9330,0.1307,0.80,0.80,1,1.00,0.80,100%,80%,N/A,N/A,N/A,N/A,N/A,N/A,N/A,N/A,N/A,N/A,N/A,N/A,N/A,N/A,N/A,N/A,N/A,N/A,N/A,N/A,N/A,N/A,N/A,N/A,N/A
F14-DiffPowers,ill-cond,unimodal|non-separable|ill-conditioned,SaVOA,0.330,1.9706e-05,1.7561e-05,100%,100%,100%,100%,20%,0%,0%,5164,5154,5164,0.1156,1.00,1.00,1,1.00,1.00,100%,100%,N/A,N/A,N/A,N/A,N/A,N/A,N/A,N/A,N/A,N/A,N/A,N/A,N/A,N/A,N/A,N/A,N/A,N/A,N/A,N/A,N/A,N/A,N/A,N/A,N/A
F14-DiffPowers,ill-cond,unimodal|non-separable|ill-conditioned,NM-Restart,0.699,9.2371e-15,7.1054e-15,100%,100%,100%,100%,100%,100%,100%,782,644,782,0.3021,1.00,1.00,1,1.00,1.00,100%,100%,N/A,N/A,N/A,N/A,N/A,N/A,N/A,N/A,N/A,N/A,N/A,N/A,N/A,N/A,N/A,N/A,N/A,N/A,N/A,N/A,N/A,N/A,N/A,N/A,N/A
F14-DiffPowers,ill-cond,unimodal|non-separable|ill-conditioned,MC-ESO,4.719,7.4508e-09,2.6778e-09,100%,100%,100%,100%,100%,100%,35%,2734,2720,2734,0.1885,1.00,1.00,1,1.00,1.00,100%,100%,N/A,N/A,N/A,N/A,N/A,N/A,N/A,N/A,N/A,N/A,N/A,N/A,N/A,N/A,N/A,N/A,N/A,N/A,N/A,N/A,N/A,N/A,N/A,N/A,N/A
F22-Gallagher21,weak-structure,multimodal|non-separable|weak-structure,EA4eig,1.079,3.4593e-02,0.0000e+00,95%,95%,95%,95%,95%,95%,95%,5782,6099,6440,0.0927,0.95,0.95,1,0.95,0.95,95%,95%,N/A,N/A,N/A,N/A,N/A,N/A,N/A,N/A,N/A,N/A,N/A,N/A,N/A,N/A,N/A,N/A,N/A,N/A,N/A,N/A,N/A,N/A,N/A,N/A,N/A
F22-Gallagher21,weak-structure,multimodal|non-separable|weak-structure,EA4eig-jSO-IDEbd,1.179,0.0000e+00,0.0000e+00,100%,100%,100%,100%,100%,100%,100%,5266,5310,5266,0.1044,1.00,1.00,1,1.00,1.00,100%,100%,N/A,N/A,N/A,N/A,N/A,N/A,N/A,N/A,N/A,N/A,N/A,N/A,N/A,N/A,N/A,N/A,N/A,N/A,N/A,N/A,N/A,N/A,N/A,N/A,N/A
F22-Gallagher21,weak-structure,multimodal|non-separable|weak-structure,EA4eig-Simpl,0.972,3.0751e-07,0.0000e+00,100%,100%,100%,100%,100%,95%,95%,4987,4928,4987,0.1113,1.00,1.00,1,1.00,1.00,100%,100%,N/A,N/A,N/A,N/A,N/A,N/A,N/A,N/A,N/A,N/A,N/A,N/A,N/A,N/A,N/A,N/A,N/A,N/A,N/A,N/A,N/A,N/A,N/A,N/A,N/A
F22-Gallagher21,weak-structure,multimodal|non-separable|weak-structure,AMALGAM-SO,1.432,1.8535e-04,0.0000e+00,100%,100%,95%,95%,95%,95%,95%,1836,1906,2494,0.2173,0.95,0.95,1,1.00,0.95,100%,95%,N/A,N/A,N/A,N/A,N/A,N/A,N/A,N/A,N/A,N/A,N/A,N/A,N/A,N/A,N/A,N/A,N/A,N/A,N/A,N/A,N/A,N/A,N/A,N/A,N/A
F22-Gallagher21,weak-structure,multimodal|non-separable|weak-structure,AMALGAM-SO-DE,1.358,0.0000e+00,0.0000e+00,100%,100%,100%,100%,100%,100%,100%,1998,2147,1998,0.2113,1.00,1.00,1,1.00,1.00,100%,100%,N/A,N/A,N/A,N/A,N/A,N/A,N/A,N/A,N/A,N/A,N/A,N/A,N/A,N/A,N/A,N/A,N/A,N/A,N/A,N/A,N/A,N/A,N/A,N/A,N/A
F22-Gallagher21,weak-structure,multimodal|non-separable|weak-structure,HSES,0.083,1.0118e-01,3.4404e-03,95%,70%,25%,10%,0%,0%,0%,10936,10936,123436,0.0336,0.10,0.10,1,0.25,0.10,25%,10%,N/A,N/A,N/A,N/A,N/A,N/A,N/A,N/A,N/A,N/A,N/A,N/A,N/A,N/A,N/A,N/A,N/A,N/A,N/A,N/A,N/A,N/A,N/A,N/A,N/A
F22-Gallagher21,weak-structure,multimodal|non-separable|weak-structure,ICMAES-ILS,0.904,1.0383e-01,9.6622e-10,85%,85%,85%,80%,70%,60%,50%,4970,4652,8095,0.1118,0.80,0.80,1,0.80,0.80,80%,80%,N/A,N/A,N/A,N/A,N/A,N/A,N/A,N/A,N/A,N/A,N/A,N/A,N/A,N/A,N/A,N/A,N/A,N/A,N/A,N/A,N/A,N/A,N/A,N/A,N/A
F22-Gallagher21,weak-structure,multimodal|non-separable|weak-structure,UMOEA-II,3.111,6.9186e-02,0.0000e+00,90%,90%,90%,90%,90%,90%,85%,7715,7736,9104,0.0538,0.90,0.90,1,0.90,0.90,90%,90%,N/A,N/A,N/A,N/A,N/A,N/A,N/A,N/A,N/A,N/A,N/A,N/A,N/A,N/A,N/A,N/A,N/A,N/A,N/A,N/A,N/A,N/A,N/A,N/A,N/A
F22-Gallagher21,weak-structure,multimodal|non-separable|weak-structure,HMHH,1.453,6.6593e-01,3.7333e-01,50%,35%,30%,25%,10%,5%,5%,9179,10499,46679,0.0278,0.20,0.20,1,0.25,0.20,25%,20%,N/A,N/A,N/A,N/A,N/A,N/A,N/A,N/A,N/A,N/A,N/A,N/A,N/A,N/A,N/A,N/A,N/A,N/A,N/A,N/A,N/A,N/A,N/A,N/A,N/A
F22-Gallagher21,weak-structure,multimodal|non-separable|weak-structure,HMHH-random,1.114,4.3765e-01,8.3059e-09,55%,55%,55%,55%,55%,55%,25%,6054,4715,16281,0.0533,0.55,0.55,1,0.55,0.55,55%,55%,N/A,N/A,N/A,N/A,N/A,N/A,N/A,N/A,N/A,N/A,N/A,N/A,N/A,N/A,N/A,N/A,N/A,N/A,N/A,N/A,N/A,N/A,N/A,N/A,N/A
F22-Gallagher21,weak-structure,multimodal|non-separable|weak-structure,PS-CMA-ES,0.521,3.4593e-02,2.6489e-11,95%,95%,95%,95%,95%,95%,65%,7338,7706,7996,0.0604,0.95,0.95,1,0.95,0.95,95%,95%,N/A,N/A,N/A,N/A,N/A,N/A,N/A,N/A,N/A,N/A,N/A,N/A,N/A,N/A,N/A,N/A,N/A,N/A,N/A,N/A,N/A,N/A,N/A,N/A,N/A
F22-Gallagher21,weak-structure,multimodal|non-separable|weak-structure,DEPSO,0.677,8.1961e-01,3.6375e-01,50%,45%,35%,35%,30%,10%,0%,6860,5519,30074,0.0331,0.35,0.35,1,0.35,0.35,35%,35%,N/A,N/A,N/A,N/A,N/A,N/A,N/A,N/A,N/A,N/A,N/A,N/A,N/A,N/A,N/A,N/A,N/A,N/A,N/A,N/A,N/A,N/A,N/A,N/A,N/A
F22-Gallagher21,weak-structure,multimodal|non-separable|weak-structure,PSO,0.091,2.2259e+00,5.9032e-07,60%,60%,60%,60%,60%,35%,10%,3947,3603,12280,0.0878,0.60,0.60,1,0.60,0.60,60%,60%,N/A,N/A,N/A,N/A,N/A,N/A,N/A,N/A,N/A,N/A,N/A,N/A,N/A,N/A,N/A,N/A,N/A,N/A,N/A,N/A,N/A,N/A,N/A,N/A,N/A
F22-Gallagher21,weak-structure,multimodal|non-separable|weak-structure,SaVOA,0.336,7.8521e-01,2.6558e-02,55%,50%,45%,40%,35%,35%,15%,7767,8595,26517,0.0258,0.40,0.40,1,0.45,0.40,45%,40%,N/A,N/A,N/A,N/A,N/A,N/A,N/A,N/A,N/A,N/A,N/A,N/A,N/A,N/A,N/A,N/A,N/A,N/A,N/A,N/A,N/A,N/A,N/A,N/A,N/A
F22-Gallagher21,weak-structure,multimodal|non-separable|weak-structure,NM-Restart,0.620,3.4593e-02,0.0000e+00,95%,95%,95%,95%,95%,95%,95%,4152,4421,4810,0.1370,0.95,0.95,1,0.95,0.95,95%,95%,N/A,N/A,N/A,N/A,N/A,N/A,N/A,N/A,N/A,N/A,N/A,N/A,N/A,N/A,N/A,N/A,N/A,N/A,N/A,N/A,N/A,N/A,N/A,N/A,N/A
F22-Gallagher21,weak-structure,multimodal|non-separable|weak-structure,MC-ESO,3.972,4.6724e-01,1.7621e-12,60%,55%,55%,55%,55%,55%,55%,1736,1331,11964,0.1323,0.55,0.55,1,0.55,0.55,55%,55%,N/A,N/A,N/A,N/A,N/A,N/A,N/A,N/A,N/A,N/A,N/A,N/A,N/A,N/A,N/A,N/A,N/A,N/A,N/A,N/A,N/A,N/A,N/A,N/A,N/A
F07-StepEllipsoidal,moderate-cond,unimodal|non-separable|plateau|moderate-cond,EA4eig,2.048,0.0000e+00,0.0000e+00,100%,100%,100%,100%,100%,100%,100%,4153,4634,4153,0.1343,1.00,1.00,1,1.00,1.00,100%,100%,N/A,N/A,N/A,N/A,N/A,N/A,N/A,N/A,N/A,N/A,N/A,N/A,N/A,N/A,N/A,N/A,N/A,N/A,N/A,N/A,N/A,N/A,N/A,N/A,N/A
F07-StepEllipsoidal,moderate-cond,unimodal|non-separable|plateau|moderate-cond,EA4eig-jSO-IDEbd,1.155,0.0000e+00,0.0000e+00,100%,100%,100%,100%,100%,100%,100%,4591,4711,4591,0.1173,1.00,1.00,1,1.00,1.00,100%,100%,N/A,N/A,N/A,N/A,N/A,N/A,N/A,N/A,N/A,N/A,N/A,N/A,N/A,N/A,N/A,N/A,N/A,N/A,N/A,N/A,N/A,N/A,N/A,N/A,N/A
F07-StepEllipsoidal,moderate-cond,unimodal|non-separable|plateau|moderate-cond,EA4eig-Simpl,0.995,0.0000e+00,0.0000e+00,100%,100%,100%,100%,100%,100%,100%,4045,4038,4045,0.1299,1.00,1.00,1,1.00,1.00,100%,100%,N/A,N/A,N/A,N/A,N/A,N/A,N/A,N/A,N/A,N/A,N/A,N/A,N/A,N/A,N/A,N/A,N/A,N/A,N/A,N/A,N/A,N/A,N/A,N/A,N/A
F07-StepEllipsoidal,moderate-cond,unimodal|non-separable|plateau|moderate-cond,AMALGAM-SO,1.553,0.0000e+00,0.0000e+00,100%,100%,100%,100%,100%,100%,100%,2291,2315,2291,0.1956,1.00,1.00,1,1.00,1.00,100%,100%,N/A,N/A,N/A,N/A,N/A,N/A,N/A,N/A,N/A,N/A,N/A,N/A,N/A,N/A,N/A,N/A,N/A,N/A,N/A,N/A,N/A,N/A,N/A,N/A,N/A
F07-StepEllipsoidal,moderate-cond,unimodal|non-separable|plateau|moderate-cond,AMALGAM-SO-DE,1.442,0.0000e+00,0.0000e+00,100%,100%,100%,100%,100%,100%,100%,1758,1706,1758,0.2370,1.00,1.00,1,1.00,1.00,100%,100%,N/A,N/A,N/A,N/A,N/A,N/A,N/A,N/A,N/A,N/A,N/A,N/A,N/A,N/A,N/A,N/A,N/A,N/A,N/A,N/A,N/A,N/A,N/A,N/A,N/A
F07-StepEllipsoidal,moderate-cond,unimodal|non-separable|plateau|moderate-cond,HSES,0.130,6.4388e-01,4.5841e-01,0%,0%,0%,0%,0%,0%,0%,inf,inf,inf,0.0000,0.00,0.00,1,0.00,0.00,0%,0%,N/A,N/A,N/A,N/A,N/A,N/A,N/A,N/A,N/A,N/A,N/A,N/A,N/A,N/A,N/A,N/A,N/A,N/A,N/A,N/A,N/A,N/A,N/A,N/A,N/A
F07-StepEllipsoidal,moderate-cond,unimodal|non-separable|plateau|moderate-cond,ICMAES-ILS,1.627,0.0000e+00,0.0000e+00,100%,100%,100%,100%,100%,100%,100%,2322,1997,2322,0.2316,1.00,1.00,1,1.00,1.00,100%,100%,N/A,N/A,N/A,N/A,N/A,N/A,N/A,N/A,N/A,N/A,N/A,N/A,N/A,N/A,N/A,N/A,N/A,N/A,N/A,N/A,N/A,N/A,N/A,N/A,N/A
F07-StepEllipsoidal,moderate-cond,unimodal|non-separable|plateau|moderate-cond,UMOEA-II,3.102,0.0000e+00,0.0000e+00,100%,100%,100%,100%,100%,100%,100%,5705,5861,5705,0.0905,1.00,1.00,1,1.00,1.00,100%,100%,N/A,N/A,N/A,N/A,N/A,N/A,N/A,N/A,N/A,N/A,N/A,N/A,N/A,N/A,N/A,N/A,N/A,N/A,N/A,N/A,N/A,N/A,N/A,N/A,N/A
F07-StepEllipsoidal,moderate-cond,unimodal|non-separable|plateau|moderate-cond,HMHH,1.154,7.2993e-04,0.0000e+00,100%,100%,90%,90%,90%,90%,90%,3662,3213,5051,0.1326,0.90,0.90,1,1.00,0.90,100%,90%,N/A,N/A,N/A,N/A,N/A,N/A,N/A,N/A,N/A,N/A,N/A,N/A,N/A,N/A,N/A,N/A,N/A,N/A,N/A,N/A,N/A,N/A,N/A,N/A,N/A
F07-StepEllipsoidal,moderate-cond,unimodal|non-separable|plateau|moderate-cond,HMHH-random,1.134,0.0000e+00,0.0000e+00,100%,100%,100%,100%,100%,100%,100%,4046,3779,4046,0.1295,1.00,1.00,1,1.00,1.00,100%,100%,N/A,N/A,N/A,N/A,N/A,N/A,N/A,N/A,N/A,N/A,N/A,N/A,N/A,N/A,N/A,N/A,N/A,N/A,N/A,N/A,N/A,N/A,N/A,N/A,N/A
F07-StepEllipsoidal,moderate-cond,unimodal|non-separable|plateau|moderate-cond,PS-CMA-ES,0.648,3.0544e-03,0.0000e+00,100%,95%,65%,65%,65%,65%,65%,7731,7996,14462,0.0453,0.65,0.65,1,0.95,0.65,95%,65%,N/A,N/A,N/A,N/A,N/A,N/A,N/A,N/A,N/A,N/A,N/A,N/A,N/A,N/A,N/A,N/A,N/A,N/A,N/A,N/A,N/A,N/A,N/A,N/A,N/A
F07-StepEllipsoidal,moderate-cond,unimodal|non-separable|plateau|moderate-cond,DEPSO,0.743,2.5896e-03,0.0000e+00,100%,95%,70%,70%,70%,70%,70%,6436,6930,11793,0.0737,0.70,0.70,1,0.95,0.70,95%,70%,N/A,N/A,N/A,N/A,N/A,N/A,N/A,N/A,N/A,N/A,N/A,N/A,N/A,N/A,N/A,N/A,N/A,N/A,N/A,N/A,N/A,N/A,N/A,N/A,N/A
F07-StepEllipsoidal,moderate-cond,unimodal|non-separable|plateau|moderate-cond,PSO,0.112,6.6233e-01,4.5841e-01,30%,30%,15%,15%,15%,15%,15%,1871,2084,72704,0.0417,0.15,0.15,1,0.30,0.15,30%,15%,N/A,N/A,N/A,N/A,N/A,N/A,N/A,N/A,N/A,N/A,N/A,N/A,N/A,N/A,N/A,N/A,N/A,N/A,N/A,N/A,N/A,N/A,N/A,N/A,N/A
F07-StepEllipsoidal,moderate-cond,unimodal|non-separable|plateau|moderate-cond,SaVOA,0.391,1.1115e+00,7.2948e-01,25%,25%,0%,0%,0%,0%,0%,inf,inf,inf,0.0129,0.00,0.00,1,0.25,0.00,25%,0%,N/A,N/A,N/A,N/A,N/A,N/A,N/A,N/A,N/A,N/A,N/A,N/A,N/A,N/A,N/A,N/A,N/A,N/A,N/A,N/A,N/A,N/A,N/A,N/A,N/A
F07-StepEllipsoidal,moderate-cond,unimodal|non-separable|plateau|moderate-cond,NM-Restart,0.536,2.9427e+01,2.8280e+01,0%,0%,0%,0%,0%,0%,0%,inf,inf,inf,0.0000,0.00,0.00,1,0.00,0.00,0%,0%,N/A,N/A,N/A,N/A,N/A,N/A,N/A,N/A,N/A,N/A,N/A,N/A,N/A,N/A,N/A,N/A,N/A,N/A,N/A,N/A,N/A,N/A,N/A,N/A,N/A
F07-StepEllipsoidal,moderate-cond,unimodal|non-separable|plateau|moderate-cond,MC-ESO,4.803,1.7410e-01,0.0000e+00,60%,55%,55%,55%,55%,55%,55%,7200,6539,17427,0.0457,0.55,0.55,1,0.55,0.55,55%,55%,N/A,N/A,N/A,N/A,N/A,N/A,N/A,N/A,N/A,N/A,N/A,N/A,N/A,N/A,N/A,N/A,N/A,N/A,N/A,N/A,N/A,N/A,N/A,N/A,N/A
F15-RastriginRot,multimodal,multimodal|non-separable|global-structure,EA4eig,1.097,4.7332e-01,3.6231e-05,60%,60%,55%,55%,45%,35%,35%,10792,11138,21020,0.0093,0.55,0.55,1,0.60,0.55,60%,55%,N/A,N/A,N/A,N/A,N/A,N/A,N/A,N/A,N/A,N/A,N/A,N/A,N/A,N/A,N/A,N/A,N/A,N/A,N/A,N/A,N/A,N/A,N/A,N/A,N/A
F15-RastriginRot,multimodal,multimodal|non-separable|global-structure,EA4eig-jSO-IDEbd,1.170,1.1928e+00,1.0293e+00,15%,0%,0%,0%,0%,0%,0%,inf,inf,inf,0.0001,0.00,0.00,1,0.00,0.00,0%,0%,N/A,N/A,N/A,N/A,N/A,N/A,N/A,N/A,N/A,N/A,N/A,N/A,N/A,N/A,N/A,N/A,N/A,N/A,N/A,N/A,N/A,N/A,N/A,N/A,N/A
F15-RastriginRot,multimodal,multimodal|non-separable|global-structure,EA4eig-Simpl,1.000,1.2130e+00,9.9511e-01,25%,25%,25%,25%,25%,20%,20%,9047,8956,46547,0.0082,0.25,0.25,1,0.25,0.25,25%,25%,N/A,N/A,N/A,N/A,N/A,N/A,N/A,N/A,N/A,N/A,N/A,N/A,N/A,N/A,N/A,N/A,N/A,N/A,N/A,N/A,N/A,N/A,N/A,N/A,N/A
F15-RastriginRot,multimodal,multimodal|non-separable|global-structure,AMALGAM-SO,1.384,1.4243e+00,9.9496e-01,25%,25%,20%,20%,20%,20%,10%,9370,10330,59370,0.0066,0.20,0.20,1,0.25,0.20,25%,20%,N/A,N/A,N/A,N/A,N/A,N/A,N/A,N/A,N/A,N/A,N/A,N/A,N/A,N/A,N/A,N/A,N/A,N/A,N/A,N/A,N/A,N/A,N/A,N/A,N/A
F15-RastriginRot,multimodal,multimodal|non-separable|global-structure,AMALGAM-SO-DE,1.385,2.3010e+00,1.9899e+00,15%,15%,10%,10%,10%,10%,0%,10948,10948,123448,0.0014,0.10,0.10,1,0.15,0.10,15%,10%,N/A,N/A,N/A,N/A,N/A,N/A,N/A,N/A,N/A,N/A,N/A,N/A,N/A,N/A,N/A,N/A,N/A,N/A,N/A,N/A,N/A,N/A,N/A,N/A,N/A
F15-RastriginRot,multimodal,multimodal|non-separable|global-structure,HSES,0.095,4.9881e-01,6.3244e-05,65%,65%,65%,50%,50%,5%,0%,10852,10646,23352,0.0096,0.50,0.50,1,0.65,0.50,65%,50%,N/A,N/A,N/A,N/A,N/A,N/A,N/A,N/A,N/A,N/A,N/A,N/A,N/A,N/A,N/A,N/A,N/A,N/A,N/A,N/A,N/A,N/A,N/A,N/A,N/A
F15-RastriginRot,multimodal,multimodal|non-separable|global-structure,ICMAES-ILS,1.950,2.0966e+00,1.9899e+00,15%,15%,15%,15%,15%,15%,15%,8409,9385,79243,0.0064,0.15,0.15,1,0.15,0.15,15%,15%,N/A,N/A,N/A,N/A,N/A,N/A,N/A,N/A,N/A,N/A,N/A,N/A,N/A,N/A,N/A,N/A,N/A,N/A,N/A,N/A,N/A,N/A,N/A,N/A,N/A
F15-RastriginRot,multimodal,multimodal|non-separable|global-structure,UMOEA-II,3.748,1.1088e+00,9.9496e-01,25%,20%,20%,20%,20%,20%,20%,9707,9651,59707,0.0054,0.20,0.20,1,0.20,0.20,20%,20%,N/A,N/A,N/A,N/A,N/A,N/A,N/A,N/A,N/A,N/A,N/A,N/A,N/A,N/A,N/A,N/A,N/A,N/A,N/A,N/A,N/A,N/A,N/A,N/A,N/A
F15-RastriginRot,multimodal,multimodal|non-separable|global-structure,HMHH,1.683,4.7759e+00,3.9798e+00,0%,0%,0%,0%,0%,0%,0%,inf,inf,inf,0.0000,0.00,0.00,1,0.00,0.00,0%,0%,N/A,N/A,N/A,N/A,N/A,N/A,N/A,N/A,N/A,N/A,N/A,N/A,N/A,N/A,N/A,N/A,N/A,N/A,N/A,N/A,N/A,N/A,N/A,N/A,N/A
F15-RastriginRot,multimodal,multimodal|non-separable|global-structure,HMHH-random,1.127,2.0397e+00,1.9899e+00,10%,10%,10%,10%,10%,10%,5%,7394,7394,119894,0.0057,0.10,0.10,1,0.10,0.10,10%,10%,N/A,N/A,N/A,N/A,N/A,N/A,N/A,N/A,N/A,N/A,N/A,N/A,N/A,N/A,N/A,N/A,N/A,N/A,N/A,N/A,N/A,N/A,N/A,N/A,N/A
F15-RastriginRot,multimodal,multimodal|non-separable|global-structure,PS-CMA-ES,0.567,1.5195e+00,1.1184e+00,0%,0%,0%,0%,0%,0%,0%,inf,inf,inf,0.0000,0.00,0.00,1,0.00,0.00,0%,0%,N/A,N/A,N/A,N/A,N/A,N/A,N/A,N/A,N/A,N/A,N/A,N/A,N/A,N/A,N/A,N/A,N/A,N/A,N/A,N/A,N/A,N/A,N/A,N/A,N/A
F15-RastriginRot,multimodal,multimodal|non-separable|global-structure,DEPSO,0.701,2.9230e+00,2.3217e+00,10%,10%,5%,5%,0%,0%,0%,11991,11991,249491,0.0017,0.05,0.05,1,0.10,0.05,10%,5%,N/A,N/A,N/A,N/A,N/A,N/A,N/A,N/A,N/A,N/A,N/A,N/A,N/A,N/A,N/A,N/A,N/A,N/A,N/A,N/A,N/A,N/A,N/A,N/A,N/A
F15-RastriginRot,multimodal,multimodal|non-separable|global-structure,PSO,0.094,1.0933e+01,1.0165e+01,0%,0%,0%,0%,0%,0%,0%,inf,inf,inf,0.0000,0.00,0.00,1,0.00,0.00,0%,0%,N/A,N/A,N/A,N/A,N/A,N/A,N/A,N/A,N/A,N/A,N/A,N/A,N/A,N/A,N/A,N/A,N/A,N/A,N/A,N/A,N/A,N/A,N/A,N/A,N/A
F15-RastriginRot,multimodal,multimodal|non-separable|global-structure,SaVOA,0.350,1.3566e+01,9.9496e+00,0%,0%,0%,0%,0%,0%,0%,inf,inf,inf,0.0000,0.00,0.00,1,0.00,0.00,0%,0%,N/A,N/A,N/A,N/A,N/A,N/A,N/A,N/A,N/A,N/A,N/A,N/A,N/A,N/A,N/A,N/A,N/A,N/A,N/A,N/A,N/A,N/A,N/A,N/A,N/A
F15-RastriginRot,multimodal,multimodal|non-separable|global-structure,NM-Restart,0.567,9.5031e+01,4.0093e+01,0%,0%,0%,0%,0%,0%,0%,inf,inf,inf,0.0000,0.00,0.00,1,0.00,0.00,0%,0%,N/A,N/A,N/A,N/A,N/A,N/A,N/A,N/A,N/A,N/A,N/A,N/A,N/A,N/A,N/A,N/A,N/A,N/A,N/A,N/A,N/A,N/A,N/A,N/A,N/A
F15-RastriginRot,multimodal,multimodal|non-separable|global-structure,MC-ESO,4.672,1.6971e+00,1.4975e+00,20%,15%,15%,15%,15%,15%,10%,9898,10847,80732,0.0044,0.15,0.15,1,0.15,0.15,15%,15%,N/A,N/A,N/A,N/A,N/A,N/A,N/A,N/A,N/A,N/A,N/A,N/A,N/A,N/A,N/A,N/A,N/A,N/A,N/A,N/A,N/A,N/A,N/A,N/A,N/A
F23-Katsuura,weak-structure,multimodal|non-separable|weak-structure|rugged,EA4eig,0.951,8.3141e-01,8.2206e-01,0%,0%,0%,0%,0%,0%,0%,inf,inf,inf,0.0000,0.00,0.00,1,0.00,0.00,0%,0%,N/A,N/A,N/A,N/A,N/A,N/A,N/A,N/A,N/A,N/A,N/A,N/A,N/A,N/A,N/A,N/A,N/A,N/A,N/A,N/A,N/A,N/A,N/A,N/A,N/A
F23-Katsuura,weak-structure,multimodal|non-separable|weak-structure|rugged,EA4eig-jSO-IDEbd,1.189,9.7667e-01,9.4655e-01,0%,0%,0%,0%,0%,0%,0%,inf,inf,inf,0.0000,0.00,0.00,1,0.00,0.00,0%,0%,N/A,N/A,N/A,N/A,N/A,N/A,N/A,N/A,N/A,N/A,N/A,N/A,N/A,N/A,N/A,N/A,N/A,N/A,N/A,N/A,N/A,N/A,N/A,N/A,N/A
F23-Katsuura,weak-structure,multimodal|non-separable|weak-structure|rugged,EA4eig-Simpl,1.007,8.8143e-01,9.3237e-01,0%,0%,0%,0%,0%,0%,0%,inf,inf,inf,0.0000,0.00,0.00,1,0.00,0.00,0%,0%,N/A,N/A,N/A,N/A,N/A,N/A,N/A,N/A,N/A,N/A,N/A,N/A,N/A,N/A,N/A,N/A,N/A,N/A,N/A,N/A,N/A,N/A,N/A,N/A,N/A
F23-Katsuura,weak-structure,multimodal|non-separable|weak-structure|rugged,AMALGAM-SO,1.931,9.8004e-01,1.1150e+00,5%,0%,0%,0%,0%,0%,0%,inf,inf,inf,0.0022,0.00,0.00,1,0.00,0.00,0%,0%,N/A,N/A,N/A,N/A,N/A,N/A,N/A,N/A,N/A,N/A,N/A,N/A,N/A,N/A,N/A,N/A,N/A,N/A,N/A,N/A,N/A,N/A,N/A,N/A,N/A
F23-Katsuura,weak-structure,multimodal|non-separable|weak-structure|rugged,AMALGAM-SO-DE,1.981,9.7466e-01,9.7171e-01,0%,0%,0%,0%,0%,0%,0%,inf,inf,inf,0.0000,0.00,0.00,1,0.00,0.00,0%,0%,N/A,N/A,N/A,N/A,N/A,N/A,N/A,N/A,N/A,N/A,N/A,N/A,N/A,N/A,N/A,N/A,N/A,N/A,N/A,N/A,N/A,N/A,N/A,N/A,N/A
F23-Katsuura,weak-structure,multimodal|non-separable|weak-structure|rugged,HSES,0.093,1.1167e+00,1.0933e+00,0%,0%,0%,0%,0%,0%,0%,inf,inf,inf,0.0000,0.00,0.00,1,0.00,0.00,0%,0%,N/A,N/A,N/A,N/A,N/A,N/A,N/A,N/A,N/A,N/A,N/A,N/A,N/A,N/A,N/A,N/A,N/A,N/A,N/A,N/A,N/A,N/A,N/A,N/A,N/A
F23-Katsuura,weak-structure,multimodal|non-separable|weak-structure|rugged,ICMAES-ILS,2.353,6.2007e-01,5.4274e-01,15%,5%,5%,5%,5%,5%,0%,5843,5843,243343,0.0045,0.00,0.00,1,0.00,0.00,0%,0%,N/A,N/A,N/A,N/A,N/A,N/A,N/A,N/A,N/A,N/A,N/A,N/A,N/A,N/A,N/A,N/A,N/A,N/A,N/A,N/A,N/A,N/A,N/A,N/A,N/A
F23-Katsuura,weak-structure,multimodal|non-separable|weak-structure|rugged,UMOEA-II,3.644,4.8434e-01,4.2144e-01,10%,5%,5%,0%,0%,0%,0%,inf,inf,inf,0.0007,0.00,0.00,1,0.00,0.00,0%,0%,N/A,N/A,N/A,N/A,N/A,N/A,N/A,N/A,N/A,N/A,N/A,N/A,N/A,N/A,N/A,N/A,N/A,N/A,N/A,N/A,N/A,N/A,N/A,N/A,N/A
F23-Katsuura,weak-structure,multimodal|non-separable|weak-structure|rugged,HMHH,1.566,6.8322e-01,6.7574e-01,0%,0%,0%,0%,0%,0%,0%,inf,inf,inf,0.0000,0.00,0.00,1,0.00,0.00,0%,0%,N/A,N/A,N/A,N/A,N/A,N/A,N/A,N/A,N/A,N/A,N/A,N/A,N/A,N/A,N/A,N/A,N/A,N/A,N/A,N/A,N/A,N/A,N/A,N/A,N/A
F23-Katsuura,weak-structure,multimodal|non-separable|weak-structure|rugged,HMHH-random,1.101,5.3873e-01,4.9718e-01,0%,0%,0%,0%,0%,0%,0%,inf,inf,inf,0.0000,0.00,0.00,1,0.00,0.00,0%,0%,N/A,N/A,N/A,N/A,N/A,N/A,N/A,N/A,N/A,N/A,N/A,N/A,N/A,N/A,N/A,N/A,N/A,N/A,N/A,N/A,N/A,N/A,N/A,N/A,N/A
F23-Katsuura,weak-structure,multimodal|non-separable|weak-structure|rugged,PS-CMA-ES,0.544,1.0889e+00,1.1040e+00,0%,0%,0%,0%,0%,0%,0%,inf,inf,inf,0.0000,0.00,0.00,1,0.00,0.00,0%,0%,N/A,N/A,N/A,N/A,N/A,N/A,N/A,N/A,N/A,N/A,N/A,N/A,N/A,N/A,N/A,N/A,N/A,N/A,N/A,N/A,N/A,N/A,N/A,N/A,N/A
F23-Katsuura,weak-structure,multimodal|non-separable|weak-structure|rugged,DEPSO,0.671,8.5781e-01,8.4854e-01,0%,0%,0%,0%,0%,0%,0%,inf,inf,inf,0.0000,0.00,0.00,1,0.00,0.00,0%,0%,N/A,N/A,N/A,N/A,N/A,N/A,N/A,N/A,N/A,N/A,N/A,N/A,N/A,N/A,N/A,N/A,N/A,N/A,N/A,N/A,N/A,N/A,N/A,N/A,N/A
F23-Katsuura,weak-structure,multimodal|non-separable|weak-structure|rugged,PSO,0.101,5.4658e-01,5.4958e-01,0%,0%,0%,0%,0%,0%,0%,inf,inf,inf,0.0000,0.00,0.00,1,0.00,0.00,0%,0%,N/A,N/A,N/A,N/A,N/A,N/A,N/A,N/A,N/A,N/A,N/A,N/A,N/A,N/A,N/A,N/A,N/A,N/A,N/A,N/A,N/A,N/A,N/A,N/A,N/A
F23-Katsuura,weak-structure,multimodal|non-separable|weak-structure|rugged,SaVOA,0.340,4.6938e-01,4.0742e-01,25%,10%,5%,0%,0%,0%,0%,inf,inf,inf,0.0061,0.00,0.00,1,0.00,0.00,0%,0%,N/A,N/A,N/A,N/A,N/A,N/A,N/A,N/A,N/A,N/A,N/A,N/A,N/A,N/A,N/A,N/A,N/A,N/A,N/A,N/A,N/A,N/A,N/A,N/A,N/A
F23-Katsuura,weak-structure,multimodal|non-separable|weak-structure|rugged,NM-Restart,0.484,1.6165e+00,1.2069e+00,0%,0%,0%,0%,0%,0%,0%,inf,inf,inf,0.0000,0.00,0.00,1,0.00,0.00,0%,0%,N/A,N/A,N/A,N/A,N/A,N/A,N/A,N/A,N/A,N/A,N/A,N/A,N/A,N/A,N/A,N/A,N/A,N/A,N/A,N/A,N/A,N/A,N/A,N/A,N/A
F23-Katsuura,weak-structure,multimodal|non-separable|weak-structure|rugged,MC-ESO,3.587,7.1974e-02,3.3344e-06,65%,60%,60%,60%,55%,10%,0%,5099,4276,13433,0.0624,0.00,0.00,1,0.00,0.00,0%,0%,N/A,N/A,N/A,N/A,N/A,N/A,N/A,N/A,N/A,N/A,N/A,N/A,N/A,N/A,N/A,N/A,N/A,N/A,N/A,N/A,N/A,N/A,N/A,N/A,N/A
F08-Rosenbrock,moderate-cond,unimodal|non-separable|bent-valley,EA4eig,2.098,1.8809e-10,1.5575e-11,100%,100%,100%,100%,100%,100%,80%,9347,9778,9347,0.0326,1.00,1.00,1,1.00,1.00,100%,100%,N/A,N/A,N/A,N/A,N/A,N/A,N/A,N/A,N/A,N/A,N/A,N/A,N/A,N/A,N/A,N/A,N/A,N/A,N/A,N/A,N/A,N/A,N/A,N/A,N/A
F08-Rosenbrock,moderate-cond,unimodal|non-separable|bent-valley,EA4eig-jSO-IDEbd,1.147,1.0051e-07,1.4811e-10,100%,100%,100%,100%,100%,90%,50%,8865,8967,8865,0.0354,1.00,1.00,1,1.00,1.00,100%,100%,N/A,N/A,N/A,N/A,N/A,N/A,N/A,N/A,N/A,N/A,N/A,N/A,N/A,N/A,N/A,N/A,N/A,N/A,N/A,N/A,N/A,N/A,N/A,N/A,N/A
F08-Rosenbrock,moderate-cond,unimodal|non-separable|bent-valley,EA4eig-Simpl,1.001,1.7632e-01,1.6978e-02,60%,50%,40%,25%,15%,10%,5%,7496,7528,44996,0.0201,0.25,0.25,1,0.50,0.25,50%,25%,N/A,N/A,N/A,N/A,N/A,N/A,N/A,N/A,N/A,N/A,N/A,N/A,N/A,N/A,N/A,N/A,N/A,N/A,N/A,N/A,N/A,N/A,N/A,N/A,N/A
F08-Rosenbrock,moderate-cond,unimodal|non-separable|bent-valley,AMALGAM-SO,1.221,0.0000e+00,0.0000e+00,100%,100%,100%,100%,100%,100%,100%,2757,2144,2757,0.1778,1.00,1.00,1,1.00,1.00,100%,100%,N/A,N/A,N/A,N/A,N/A,N/A,N/A,N/A,N/A,N/A,N/A,N/A,N/A,N/A,N/A,N/A,N/A,N/A,N/A,N/A,N/A,N/A,N/A,N/A,N/A
F08-Rosenbrock,moderate-cond,unimodal|non-separable|bent-valley,AMALGAM-SO-DE,1.176,1.4211e-15,0.0000e+00,100%,100%,100%,100%,100%,100%,100%,2102,2014,2102,0.1992,1.00,1.00,1,1.00,1.00,100%,100%,N/A,N/A,N/A,N/A,N/A,N/A,N/A,N/A,N/A,N/A,N/A,N/A,N/A,N/A,N/A,N/A,N/A,N/A,N/A,N/A,N/A,N/A,N/A,N/A,N/A
F08-Rosenbrock,moderate-cond,unimodal|non-separable|bent-valley,HSES,0.129,2.6889e+00,2.7353e+00,0%,0%,0%,0%,0%,0%,0%,inf,inf,inf,0.0000,0.00,0.00,1,0.00,0.00,0%,0%,N/A,N/A,N/A,N/A,N/A,N/A,N/A,N/A,N/A,N/A,N/A,N/A,N/A,N/A,N/A,N/A,N/A,N/A,N/A,N/A,N/A,N/A,N/A,N/A,N/A
F08-Rosenbrock,moderate-cond,unimodal|non-separable|bent-valley,ICMAES-ILS,2.146,5.3085e-03,0.0000e+00,100%,90%,90%,90%,90%,90%,90%,3653,4030,5042,0.1429,0.90,0.90,1,0.90,0.90,90%,90%,N/A,N/A,N/A,N/A,N/A,N/A,N/A,N/A,N/A,N/A,N/A,N/A,N/A,N/A,N/A,N/A,N/A,N/A,N/A,N/A,N/A,N/A,N/A,N/A,N/A
F08-Rosenbrock,moderate-cond,unimodal|non-separable|bent-valley,UMOEA-II,3.931,1.2491e-12,8.2423e-13,100%,100%,100%,100%,100%,100%,100%,8941,9008,8941,0.0375,1.00,1.00,1,1.00,1.00,100%,100%,N/A,N/A,N/A,N/A,N/A,N/A,N/A,N/A,N/A,N/A,N/A,N/A,N/A,N/A,N/A,N/A,N/A,N/A,N/A,N/A,N/A,N/A,N/A,N/A,N/A
F08-Rosenbrock,moderate-cond,unimodal|non-separable|bent-valley,HMHH,1.357,2.8386e-02,9.0600e-07,95%,80%,65%,65%,60%,45%,35%,9636,9464,16366,0.0219,0.65,0.65,1,0.80,0.65,80%,65%,N/A,N/A,N/A,N/A,N/A,N/A,N/A,N/A,N/A,N/A,N/A,N/A,N/A,N/A,N/A,N/A,N/A,N/A,N/A,N/A,N/A,N/A,N/A,N/A,N/A
F08-Rosenbrock,moderate-cond,unimodal|non-separable|bent-valley,HMHH-random,1.199,6.3960e-03,1.6848e-05,100%,90%,80%,70%,40%,15%,0%,11396,11526,16754,0.0150,0.70,0.70,1,0.90,0.70,90%,70%,N/A,N/A,N/A,N/A,N/A,N/A,N/A,N/A,N/A,N/A,N/A,N/A,N/A,N/A,N/A,N/A,N/A,N/A,N/A,N/A,N/A,N/A,N/A,N/A,N/A
F08-Rosenbrock,moderate-cond,unimodal|non-separable|bent-valley,PS-CMA-ES,0.587,2.4953e-01,2.0952e-01,15%,10%,0%,0%,0%,0%,0%,inf,inf,inf,0.0013,0.00,0.00,1,0.10,0.00,10%,0%,N/A,N/A,N/A,N/A,N/A,N/A,N/A,N/A,N/A,N/A,N/A,N/A,N/A,N/A,N/A,N/A,N/A,N/A,N/A,N/A,N/A,N/A,N/A,N/A,N/A
F08-Rosenbrock,moderate-cond,unimodal|non-separable|bent-valley,DEPSO,0.754,8.1233e-01,5.6287e-01,5%,0%,0%,0%,0%,0%,0%,inf,inf,inf,0.0013,0.00,0.00,1,0.00,0.00,0%,0%,N/A,N/A,N/A,N/A,N/A,N/A,N/A,N/A,N/A,N/A,N/A,N/A,N/A,N/A,N/A,N/A,N/A,N/A,N/A,N/A,N/A,N/A,N/A,N/A,N/A
F08-Rosenbrock,moderate-cond,unimodal|non-separable|bent-valley,PSO,0.141,1.2611e+00,3.0723e-01,0%,0%,0%,0%,0%,0%,0%,inf,inf,inf,0.0000,0.00,0.00,1,0.00,0.00,0%,0%,N/A,N/A,N/A,N/A,N/A,N/A,N/A,N/A,N/A,N/A,N/A,N/A,N/A,N/A,N/A,N/A,N/A,N/A,N/A,N/A,N/A,N/A,N/A,N/A,N/A
F08-Rosenbrock,moderate-cond,unimodal|non-separable|bent-valley,SaVOA,0.396,2.2070e+00,2.6008e+00,25%,20%,0%,0%,0%,0%,0%,inf,inf,inf,0.0058,0.00,0.00,1,0.20,0.00,20%,0%,N/A,N/A,N/A,N/A,N/A,N/A,N/A,N/A,N/A,N/A,N/A,N/A,N/A,N/A,N/A,N/A,N/A,N/A,N/A,N/A,N/A,N/A,N/A,N/A,N/A
F08-Rosenbrock,moderate-cond,unimodal|non-separable|bent-valley,NM-Restart,0.690,0.0000e+00,0.0000e+00,100%,100%,100%,100%,100%,100%,100%,1552,1471,1552,0.2335,1.00,1.00,1,1.00,1.00,100%,100%,N/A,N/A,N/A,N/A,N/A,N/A,N/A,N/A,N/A,N/A,N/A,N/A,N/A,N/A,N/A,N/A,N/A,N/A,N/A,N/A,N/A,N/A,N/A,N/A,N/A
F08-Rosenbrock,moderate-cond,unimodal|non-separable|bent-valley,MC-ESO,4.751,3.9308e-01,0.0000e+00,90%,90%,90%,90%,90%,90%,90%,4851,4714,6240,0.1023,0.90,0.90,1,0.90,0.90,90%,90%,N/A,N/A,N/A,N/A,N/A,N/A,N/A,N/A,N/A,N/A,N/A,N/A,N/A,N/A,N/A,N/A,N/A,N/A,N/A,N/A,N/A,N/A,N/A,N/A,N/A
F16-Weierstrass,multimodal,multimodal|non-separable|global-structure|rugged,EA4eig,1.149,4.5817e-01,3.4528e-01,10%,10%,5%,0%,0%,0%,0%,inf,inf,inf,0.0002,0.00,0.00,1,0.00,0.00,0%,0%,N/A,N/A,N/A,N/A,N/A,N/A,N/A,N/A,N/A,N/A,N/A,N/A,N/A,N/A,N/A,N/A,N/A,N/A,N/A,N/A,N/A,N/A,N/A,N/A,N/A
F16-Weierstrass,multimodal,multimodal|non-separable|global-structure|rugged,EA4eig-jSO-IDEbd,1.251,3.8658e-01,2.4392e-01,5%,0%,0%,0%,0%,0%,0%,inf,inf,inf,0.0000,0.00,0.00,1,0.00,0.00,0%,0%,N/A,N/A,N/A,N/A,N/A,N/A,N/A,N/A,N/A,N/A,N/A,N/A,N/A,N/A,N/A,N/A,N/A,N/A,N/A,N/A,N/A,N/A,N/A,N/A,N/A
F16-Weierstrass,multimodal,multimodal|non-separable|global-structure|rugged,EA4eig-Simpl,1.036,9.1123e-02,6.1276e-03,70%,50%,30%,25%,10%,5%,0%,10590,10572,48090,0.0066,0.00,0.00,1,0.00,0.00,0%,0%,N/A,N/A,N/A,N/A,N/A,N/A,N/A,N/A,N/A,N/A,N/A,N/A,N/A,N/A,N/A,N/A,N/A,N/A,N/A,N/A,N/A,N/A,N/A,N/A,N/A
F16-Weierstrass,multimodal,multimodal|non-separable|global-structure|rugged,AMALGAM-SO,1.481,3.1997e-01,6.1987e-03,65%,55%,40%,30%,25%,20%,15%,5806,5470,34973,0.0321,0.00,0.00,1,0.00,0.00,0%,0%,N/A,N/A,N/A,N/A,N/A,N/A,N/A,N/A,N/A,N/A,N/A,N/A,N/A,N/A,N/A,N/A,N/A,N/A,N/A,N/A,N/A,N/A,N/A,N/A,N/A
F16-Weierstrass,multimodal,multimodal|non-separable|global-structure|rugged,AMALGAM-SO-DE,1.688,9.8352e-01,6.0795e-01,30%,30%,30%,25%,20%,20%,20%,4520,4131,42020,0.0348,0.00,0.00,1,0.00,0.00,0%,0%,N/A,N/A,N/A,N/A,N/A,N/A,N/A,N/A,N/A,N/A,N/A,N/A,N/A,N/A,N/A,N/A,N/A,N/A,N/A,N/A,N/A,N/A,N/A,N/A,N/A
F16-Weierstrass,multimodal,multimodal|non-separable|global-structure|rugged,HSES,0.126,5.2283e-01,1.1637e-01,45%,25%,0%,0%,0%,0%,0%,inf,inf,inf,0.0014,0.00,0.00,1,0.00,0.00,0%,0%,N/A,N/A,N/A,N/A,N/A,N/A,N/A,N/A,N/A,N/A,N/A,N/A,N/A,N/A,N/A,N/A,N/A,N/A,N/A,N/A,N/A,N/A,N/A,N/A,N/A
F16-Weierstrass,multimodal,multimodal|non-separable|global-structure|rugged,ICMAES-ILS,1.912,2.4413e-01,5.6746e-02,65%,35%,30%,30%,30%,15%,15%,5989,4974,35156,0.0444,0.00,0.00,1,0.00,0.00,0%,0%,N/A,N/A,N/A,N/A,N/A,N/A,N/A,N/A,N/A,N/A,N/A,N/A,N/A,N/A,N/A,N/A,N/A,N/A,N/A,N/A,N/A,N/A,N/A,N/A,N/A
F16-Weierstrass,multimodal,multimodal|non-separable|global-structure|rugged,UMOEA-II,3.700,3.5183e-01,3.2689e-01,25%,5%,5%,0%,0%,0%,0%,inf,inf,inf,0.0027,0.00,0.00,1,0.00,0.00,0%,0%,N/A,N/A,N/A,N/A,N/A,N/A,N/A,N/A,N/A,N/A,N/A,N/A,N/A,N/A,N/A,N/A,N/A,N/A,N/A,N/A,N/A,N/A,N/A,N/A,N/A
F16-Weierstrass,multimodal,multimodal|non-separable|global-structure|rugged,HMHH,1.729,7.3781e-01,5.7353e-01,10%,0%,0%,0%,0%,0%,0%,inf,inf,inf,0.0020,0.00,0.00,1,0.00,0.00,0%,0%,N/A,N/A,N/A,N/A,N/A,N/A,N/A,N/A,N/A,N/A,N/A,N/A,N/A,N/A,N/A,N/A,N/A,N/A,N/A,N/A,N/A,N/A,N/A,N/A,N/A
F16-Weierstrass,multimodal,multimodal|non-separable|global-structure|rugged,HMHH-random,1.180,1.2256e-01,7.6413e-08,75%,65%,60%,60%,60%,55%,30%,8831,8824,17164,0.0258,0.00,0.00,1,0.00,0.00,0%,0%,N/A,N/A,N/A,N/A,N/A,N/A,N/A,N/A,N/A,N/A,N/A,N/A,N/A,N/A,N/A,N/A,N/A,N/A,N/A,N/A,N/A,N/A,N/A,N/A,N/A
F16-Weierstrass,multimodal,multimodal|non-separable|global-structure|rugged,PS-CMA-ES,0.550,1.2067e-02,4.9539e-04,95%,75%,60%,20%,0%,0%,0%,11682,11732,61682,0.0137,0.00,0.00,1,0.00,0.00,0%,0%,N/A,N/A,N/A,N/A,N/A,N/A,N/A,N/A,N/A,N/A,N/A,N/A,N/A,N/A,N/A,N/A,N/A,N/A,N/A,N/A,N/A,N/A,N/A,N/A,N/A
F16-Weierstrass,multimodal,multimodal|non-separable|global-structure|rugged,DEPSO,0.736,4.8215e-01,2.1017e-01,45%,25%,0%,0%,0%,0%,0%,inf,inf,inf,0.0069,0.00,0.00,1,0.00,0.00,0%,0%,N/A,N/A,N/A,N/A,N/A,N/A,N/A,N/A,N/A,N/A,N/A,N/A,N/A,N/A,N/A,N/A,N/A,N/A,N/A,N/A,N/A,N/A,N/A,N/A,N/A
F16-Weierstrass,multimodal,multimodal|non-separable|global-structure|rugged,PSO,0.126,3.5185e-01,1.5903e-01,30%,15%,10%,5%,5%,0%,0%,3407,3407,240907,0.0151,0.00,0.00,1,0.00,0.00,0%,0%,N/A,N/A,N/A,N/A,N/A,N/A,N/A,N/A,N/A,N/A,N/A,N/A,N/A,N/A,N/A,N/A,N/A,N/A,N/A,N/A,N/A,N/A,N/A,N/A,N/A
F16-Weierstrass,multimodal,multimodal|non-separable|global-structure|rugged,SaVOA,0.392,1.2511e+00,7.3862e-01,25%,15%,5%,0%,0%,0%,0%,inf,inf,inf,0.0121,0.00,0.00,1,0.00,0.00,0%,0%,N/A,N/A,N/A,N/A,N/A,N/A,N/A,N/A,N/A,N/A,N/A,N/A,N/A,N/A,N/A,N/A,N/A,N/A,N/A,N/A,N/A,N/A,N/A,N/A,N/A
F16-Weierstrass,multimodal,multimodal|non-separable|global-structure|rugged,NM-Restart,0.545,2.6751e+01,1.5683e+01,0%,0%,0%,0%,0%,0%,0%,inf,inf,inf,0.0000,0.00,0.00,1,0.00,0.00,0%,0%,N/A,N/A,N/A,N/A,N/A,N/A,N/A,N/A,N/A,N/A,N/A,N/A,N/A,N/A,N/A,N/A,N/A,N/A,N/A,N/A,N/A,N/A,N/A,N/A,N/A
F16-Weierstrass,multimodal,multimodal|non-separable|global-structure|rugged,MC-ESO,4.708,4.7302e-02,1.5893e-02,90%,40%,30%,30%,20%,15%,5%,7064,7187,36231,0.0430,0.00,0.00,1,0.00,0.00,0%,0%,N/A,N/A,N/A,N/A,N/A,N/A,N/A,N/A,N/A,N/A,N/A,N/A,N/A,N/A,N/A,N/A,N/A,N/A,N/A,N/A,N/A,N/A,N/A,N/A,N/A
F24-LunacekRastrigin,weak-structure,multimodal|non-separable|weak-structure|deceptive,EA4eig,1.000,6.8190e+00,6.5923e+00,0%,0%,0%,0%,0%,0%,0%,inf,inf,inf,0.0000,0.00,0.00,1,0.00,0.00,0%,0%,N/A,N/A,N/A,N/A,N/A,N/A,N/A,N/A,N/A,N/A,N/A,N/A,N/A,N/A,N/A,N/A,N/A,N/A,N/A,N/A,N/A,N/A,N/A,N/A,N/A
F24-LunacekRastrigin,weak-structure,multimodal|non-separable|weak-structure|deceptive,EA4eig-jSO-IDEbd,1.128,8.1581e+00,8.2541e+00,0%,0%,0%,0%,0%,0%,0%,inf,inf,inf,0.0000,0.00,0.00,1,0.00,0.00,0%,0%,N/A,N/A,N/A,N/A,N/A,N/A,N/A,N/A,N/A,N/A,N/A,N/A,N/A,N/A,N/A,N/A,N/A,N/A,N/A,N/A,N/A,N/A,N/A,N/A,N/A
F24-LunacekRastrigin,weak-structure,multimodal|non-separable|weak-structure|deceptive,EA4eig-Simpl,0.966,7.5446e+00,7.6187e+00,0%,0%,0%,0%,0%,0%,0%,inf,inf,inf,0.0000,0.00,0.00,1,0.00,0.00,0%,0%,N/A,N/A,N/A,N/A,N/A,N/A,N/A,N/A,N/A,N/A,N/A,N/A,N/A,N/A,N/A,N/A,N/A,N/A,N/A,N/A,N/A,N/A,N/A,N/A,N/A
F24-LunacekRastrigin,weak-structure,multimodal|non-separable|weak-structure|deceptive,AMALGAM-SO,1.545,8.6437e+00,8.1925e+00,0%,0%,0%,0%,0%,0%,0%,inf,inf,inf,0.0000,0.00,0.00,1,0.00,0.00,0%,0%,N/A,N/A,N/A,N/A,N/A,N/A,N/A,N/A,N/A,N/A,N/A,N/A,N/A,N/A,N/A,N/A,N/A,N/A,N/A,N/A,N/A,N/A,N/A,N/A,N/A
F24-LunacekRastrigin,weak-structure,multimodal|non-separable|weak-structure|deceptive,AMALGAM-SO-DE,1.549,9.1166e+00,9.1423e+00,0%,0%,0%,0%,0%,0%,0%,inf,inf,inf,0.0000,0.00,0.00,1,0.00,0.00,0%,0%,N/A,N/A,N/A,N/A,N/A,N/A,N/A,N/A,N/A,N/A,N/A,N/A,N/A,N/A,N/A,N/A,N/A,N/A,N/A,N/A,N/A,N/A,N/A,N/A,N/A
F24-LunacekRastrigin,weak-structure,multimodal|non-separable|weak-structure|deceptive,HSES,0.071,8.6090e+00,8.4008e+00,0%,0%,0%,0%,0%,0%,0%,inf,inf,inf,0.0000,0.00,0.00,1,0.00,0.00,0%,0%,N/A,N/A,N/A,N/A,N/A,N/A,N/A,N/A,N/A,N/A,N/A,N/A,N/A,N/A,N/A,N/A,N/A,N/A,N/A,N/A,N/A,N/A,N/A,N/A,N/A
F24-LunacekRastrigin,weak-structure,multimodal|non-separable|weak-structure|deceptive,ICMAES-ILS,2.153,7.3756e+00,6.9829e+00,0%,0%,0%,0%,0%,0%,0%,inf,inf,inf,0.0000,0.00,0.00,1,0.00,0.00,0%,0%,N/A,N/A,N/A,N/A,N/A,N/A,N/A,N/A,N/A,N/A,N/A,N/A,N/A,N/A,N/A,N/A,N/A,N/A,N/A,N/A,N/A,N/A,N/A,N/A,N/A
F24-LunacekRastrigin,weak-structure,multimodal|non-separable|weak-structure|deceptive,UMOEA-II,3.623,7.4547e+00,7.7533e+00,0%,0%,0%,0%,0%,0%,0%,inf,inf,inf,0.0000,0.00,0.00,1,0.00,0.00,0%,0%,N/A,N/A,N/A,N/A,N/A,N/A,N/A,N/A,N/A,N/A,N/A,N/A,N/A,N/A,N/A,N/A,N/A,N/A,N/A,N/A,N/A,N/A,N/A,N/A,N/A
F24-LunacekRastrigin,weak-structure,multimodal|non-separable|weak-structure|deceptive,HMHH,1.669,9.0579e+00,8.2936e+00,0%,0%,0%,0%,0%,0%,0%,inf,inf,inf,0.0000,0.00,0.00,1,0.00,0.00,0%,0%,N/A,N/A,N/A,N/A,N/A,N/A,N/A,N/A,N/A,N/A,N/A,N/A,N/A,N/A,N/A,N/A,N/A,N/A,N/A,N/A,N/A,N/A,N/A,N/A,N/A
F24-LunacekRastrigin,weak-structure,multimodal|non-separable|weak-structure|deceptive,HMHH-random,1.094,6.5291e+00,6.0068e+00,0%,0%,0%,0%,0%,0%,0%,inf,inf,inf,0.0000,0.00,0.00,1,0.00,0.00,0%,0%,N/A,N/A,N/A,N/A,N/A,N/A,N/A,N/A,N/A,N/A,N/A,N/A,N/A,N/A,N/A,N/A,N/A,N/A,N/A,N/A,N/A,N/A,N/A,N/A,N/A
F24-LunacekRastrigin,weak-structure,multimodal|non-separable|weak-structure|deceptive,PS-CMA-ES,0.517,7.0280e+00,7.7606e+00,0%,0%,0%,0%,0%,0%,0%,inf,inf,inf,0.0000,0.00,0.00,1,0.00,0.00,0%,0%,N/A,N/A,N/A,N/A,N/A,N/A,N/A,N/A,N/A,N/A,N/A,N/A,N/A,N/A,N/A,N/A,N/A,N/A,N/A,N/A,N/A,N/A,N/A,N/A,N/A
F24-LunacekRastrigin,weak-structure,multimodal|non-separable|weak-structure|deceptive,DEPSO,0.658,7.4056e+00,8.0419e+00,0%,0%,0%,0%,0%,0%,0%,inf,inf,inf,0.0000,0.00,0.00,1,0.00,0.00,0%,0%,N/A,N/A,N/A,N/A,N/A,N/A,N/A,N/A,N/A,N/A,N/A,N/A,N/A,N/A,N/A,N/A,N/A,N/A,N/A,N/A,N/A,N/A,N/A,N/A,N/A
F24-LunacekRastrigin,weak-structure,multimodal|non-separable|weak-structure|deceptive,PSO,0.078,8.4913e+00,8.8056e+00,0%,0%,0%,0%,0%,0%,0%,inf,inf,inf,0.0000,0.00,0.00,1,0.00,0.00,0%,0%,N/A,N/A,N/A,N/A,N/A,N/A,N/A,N/A,N/A,N/A,N/A,N/A,N/A,N/A,N/A,N/A,N/A,N/A,N/A,N/A,N/A,N/A,N/A,N/A,N/A
F24-LunacekRastrigin,weak-structure,multimodal|non-separable|weak-structure|deceptive,SaVOA,0.332,1.2765e+01,1.1856e+01,0%,0%,0%,0%,0%,0%,0%,inf,inf,inf,0.0000,0.00,0.00,1,0.00,0.00,0%,0%,N/A,N/A,N/A,N/A,N/A,N/A,N/A,N/A,N/A,N/A,N/A,N/A,N/A,N/A,N/A,N/A,N/A,N/A,N/A,N/A,N/A,N/A,N/A,N/A,N/A
F24-LunacekRastrigin,weak-structure,multimodal|non-separable|weak-structure|deceptive,NM-Restart,0.455,7.7007e+01,7.2749e+01,0%,0%,0%,0%,0%,0%,0%,inf,inf,inf,0.0000,0.00,0.00,1,0.00,0.00,0%,0%,N/A,N/A,N/A,N/A,N/A,N/A,N/A,N/A,N/A,N/A,N/A,N/A,N/A,N/A,N/A,N/A,N/A,N/A,N/A,N/A,N/A,N/A,N/A,N/A,N/A
F24-LunacekRastrigin,weak-structure,multimodal|non-separable|weak-structure|deceptive,MC-ESO,3.083,5.9453e+00,6.1008e+00,0%,0%,0%,0%,0%,0%,0%,inf,inf,inf,0.0000,0.00,0.00,1,0.00,0.00,0%,0%,N/A,N/A,N/A,N/A,N/A,N/A,N/A,N/A,N/A,N/A,N/A,N/A,N/A,N/A,N/A,N/A,N/A,N/A,N/A,N/A,N/A,N/A,N/A,N/A,N/A
