function,category,tags,method,mean_time_s,mean_best_f,median_best_f,sr_1e-1,sr_1e-2,sr_1e-3,sr_1e-4,sr_1e-5,sr_1e-7,sr_1e-10,evals_succ_mean,evals_succ_med,ert,ecdf_auc,mean_optima_found,mean_optima_rate,n_optima,pr_1e-2,pr_1e-4,mmo_sr_1e-2,mmo_sr_1e-4,cec_k,cec_pr_1e-1,cec_pr_1e-2,cec_pr_1e-3,cec_pr_1e-4,cec_pr_1e-5,cec_sr_1e-1,cec_sr_1e-2,cec_sr_1e-3,cec_sr_1e-4,cec_sr_1e-5,cec_pr_mean,cec_sr_mean,n_reported,cec_pre_1e-1,cec_pre_1e-2,cec_pre_1e-3,cec_pre_1e-4,cec_pre_1e-5,cec_f1_1e-1,cec_f1_1e-2,cec_f1_1e-3,cec_f1_1e-4,cec_f1_1e-5,cec_f1_mean
F01-Sphere,separable,unimodal|separable|well-conditioned|smooth,EA4eig,0.134,0.0000e+00,0.0000e+00,100%,100%,100%,100%,100%,100%,100%,1024,1074,1024,0.2155,1.00,1.00,1,1.00,1.00,100%,100%,N/A,N/A,N/A,N/A,N/A,N/A,N/A,N/A,N/A,N/A,N/A,N/A,N/A,N/A,N/A,N/A,N/A,N/A,N/A,N/A,N/A,N/A,N/A,N/A,N/A
F01-Sphere,separable,unimodal|separable|well-conditioned|smooth,EA4eig-jSO-IDEbd,0.169,0.0000e+00,0.0000e+00,100%,100%,100%,100%,100%,100%,100%,1160,1136,1160,0.2059,1.00,1.00,1,1.00,1.00,100%,100%,N/A,N/A,N/A,N/A,N/A,N/A,N/A,N/A,N/A,N/A,N/A,N/A,N/A,N/A,N/A,N/A,N/A,N/A,N/A,N/A,N/A,N/A,N/A,N/A,N/A
F01-Sphere,separable,unimodal|separable|well-conditioned|smooth,EA4eig-Simpl,0.145,0.0000e+00,0.0000e+00,100%,100%,100%,100%,100%,100%,100%,956,1009,956,0.2242,1.00,1.00,1,1.00,1.00,100%,100%,N/A,N/A,N/A,N/A,N/A,N/A,N/A,N/A,N/A,N/A,N/A,N/A,N/A,N/A,N/A,N/A,N/A,N/A,N/A,N/A,N/A,N/A,N/A,N/A,N/A
F01-Sphere,separable,unimodal|separable|well-conditioned|smooth,LSHADE-SPACMA,0.219,0.0000e+00,0.0000e+00,100%,100%,100%,100%,100%,100%,100%,393,400,393,0.3166,1.00,1.00,1,1.00,1.00,100%,100%,N/A,N/A,N/A,N/A,N/A,N/A,N/A,N/A,N/A,N/A,N/A,N/A,N/A,N/A,N/A,N/A,N/A,N/A,N/A,N/A,N/A,N/A,N/A,N/A,N/A
F01-Sphere,separable,unimodal|separable|well-conditioned|smooth,AMALGAM-SO,0.347,0.0000e+00,0.0000e+00,100%,100%,100%,100%,100%,100%,100%,130,130,130,0.4453,1.00,1.00,1,1.00,1.00,100%,100%,N/A,N/A,N/A,N/A,N/A,N/A,N/A,N/A,N/A,N/A,N/A,N/A,N/A,N/A,N/A,N/A,N/A,N/A,N/A,N/A,N/A,N/A,N/A,N/A,N/A
F01-Sphere,separable,unimodal|separable|well-conditioned|smooth,AMALGAM-SO-DE,0.386,0.0000e+00,0.0000e+00,100%,100%,100%,100%,100%,100%,100%,132,132,132,0.4438,1.00,1.00,1,1.00,1.00,100%,100%,N/A,N/A,N/A,N/A,N/A,N/A,N/A,N/A,N/A,N/A,N/A,N/A,N/A,N/A,N/A,N/A,N/A,N/A,N/A,N/A,N/A,N/A,N/A,N/A,N/A
F01-Sphere,separable,unimodal|separable|well-conditioned|smooth,HSES,0.009,5.5422e-14,2.8422e-14,100%,100%,100%,100%,100%,100%,100%,1241,1230,1241,0.1891,1.00,1.00,1,1.00,1.00,100%,100%,N/A,N/A,N/A,N/A,N/A,N/A,N/A,N/A,N/A,N/A,N/A,N/A,N/A,N/A,N/A,N/A,N/A,N/A,N/A,N/A,N/A,N/A,N/A,N/A,N/A
F01-Sphere,separable,unimodal|separable|well-conditioned|smooth,ICMAES-ILS,0.457,0.0000e+00,0.0000e+00,100%,100%,100%,100%,100%,100%,100%,139,144,139,0.4275,1.00,1.00,1,1.00,1.00,100%,100%,N/A,N/A,N/A,N/A,N/A,N/A,N/A,N/A,N/A,N/A,N/A,N/A,N/A,N/A,N/A,N/A,N/A,N/A,N/A,N/A,N/A,N/A,N/A,N/A,N/A
F01-Sphere,separable,unimodal|separable|well-conditioned|smooth,MOS,0.381,0.0000e+00,0.0000e+00,100%,100%,100%,100%,100%,100%,100%,294,286,294,0.3552,1.00,1.00,1,1.00,1.00,100%,100%,N/A,N/A,N/A,N/A,N/A,N/A,N/A,N/A,N/A,N/A,N/A,N/A,N/A,N/A,N/A,N/A,N/A,N/A,N/A,N/A,N/A,N/A,N/A,N/A,N/A
F01-Sphere,separable,unimodal|separable|well-conditioned|smooth,UMOEA-II,0.734,0.0000e+00,0.0000e+00,100%,100%,100%,100%,100%,100%,100%,720,744,720,0.2576,1.00,1.00,1,1.00,1.00,100%,100%,N/A,N/A,N/A,N/A,N/A,N/A,N/A,N/A,N/A,N/A,N/A,N/A,N/A,N/A,N/A,N/A,N/A,N/A,N/A,N/A,N/A,N/A,N/A,N/A,N/A
F01-Sphere,separable,unimodal|separable|well-conditioned|smooth,EBOwithCMAR,0.286,0.0000e+00,0.0000e+00,100%,100%,100%,100%,100%,100%,100%,666,690,666,0.2612,1.00,1.00,1,1.00,1.00,100%,100%,N/A,N/A,N/A,N/A,N/A,N/A,N/A,N/A,N/A,N/A,N/A,N/A,N/A,N/A,N/A,N/A,N/A,N/A,N/A,N/A,N/A,N/A,N/A,N/A,N/A
F01-Sphere,separable,unimodal|separable|well-conditioned|smooth,HMHH,0.286,0.0000e+00,0.0000e+00,100%,100%,100%,100%,100%,100%,100%,861,866,861,0.2369,1.00,1.00,1,1.00,1.00,100%,100%,N/A,N/A,N/A,N/A,N/A,N/A,N/A,N/A,N/A,N/A,N/A,N/A,N/A,N/A,N/A,N/A,N/A,N/A,N/A,N/A,N/A,N/A,N/A,N/A,N/A
F01-Sphere,separable,unimodal|separable|well-conditioned|smooth,HMHH-random,0.266,0.0000e+00,0.0000e+00,100%,100%,100%,100%,100%,100%,100%,769,731,769,0.2484,1.00,1.00,1,1.00,1.00,100%,100%,N/A,N/A,N/A,N/A,N/A,N/A,N/A,N/A,N/A,N/A,N/A,N/A,N/A,N/A,N/A,N/A,N/A,N/A,N/A,N/A,N/A,N/A,N/A,N/A,N/A
F01-Sphere,separable,unimodal|separable|well-conditioned|smooth,PS-CMA-ES,0.139,3.3140e-12,1.1369e-12,100%,100%,100%,100%,100%,100%,100%,1333,1326,1333,0.1971,1.00,1.00,1,1.00,1.00,100%,100%,N/A,N/A,N/A,N/A,N/A,N/A,N/A,N/A,N/A,N/A,N/A,N/A,N/A,N/A,N/A,N/A,N/A,N/A,N/A,N/A,N/A,N/A,N/A,N/A,N/A
F01-Sphere,separable,unimodal|separable|well-conditioned|smooth,DEPSO,0.126,0.0000e+00,0.0000e+00,100%,100%,100%,100%,100%,100%,100%,588,612,588,0.2820,1.00,1.00,1,1.00,1.00,100%,100%,N/A,N/A,N/A,N/A,N/A,N/A,N/A,N/A,N/A,N/A,N/A,N/A,N/A,N/A,N/A,N/A,N/A,N/A,N/A,N/A,N/A,N/A,N/A,N/A,N/A
F01-Sphere,separable,unimodal|separable|well-conditioned|smooth,jSO,0.202,0.0000e+00,0.0000e+00,100%,100%,100%,100%,100%,100%,100%,506,529,506,0.2913,1.00,1.00,1,1.00,1.00,100%,100%,N/A,N/A,N/A,N/A,N/A,N/A,N/A,N/A,N/A,N/A,N/A,N/A,N/A,N/A,N/A,N/A,N/A,N/A,N/A,N/A,N/A,N/A,N/A,N/A,N/A
F01-Sphere,separable,unimodal|separable|well-conditioned|smooth,L-SRTDE,0.220,0.0000e+00,0.0000e+00,100%,100%,100%,100%,100%,100%,100%,405,412,405,0.3199,1.00,1.00,1,1.00,1.00,100%,100%,N/A,N/A,N/A,N/A,N/A,N/A,N/A,N/A,N/A,N/A,N/A,N/A,N/A,N/A,N/A,N/A,N/A,N/A,N/A,N/A,N/A,N/A,N/A,N/A,N/A
F01-Sphere,separable,unimodal|separable|well-conditioned|smooth,IMODE,0.278,0.0000e+00,0.0000e+00,100%,100%,100%,100%,100%,100%,100%,467,464,467,0.3026,1.00,1.00,1,1.00,1.00,100%,100%,N/A,N/A,N/A,N/A,N/A,N/A,N/A,N/A,N/A,N/A,N/A,N/A,N/A,N/A,N/A,N/A,N/A,N/A,N/A,N/A,N/A,N/A,N/A,N/A,N/A
F01-Sphere,separable,unimodal|separable|well-conditioned|smooth,ELSHADE-SPACMA,0.199,0.0000e+00,0.0000e+00,100%,100%,100%,100%,100%,100%,100%,568,600,568,0.2789,1.00,1.00,1,1.00,1.00,100%,100%,N/A,N/A,N/A,N/A,N/A,N/A,N/A,N/A,N/A,N/A,N/A,N/A,N/A,N/A,N/A,N/A,N/A,N/A,N/A,N/A,N/A,N/A,N/A,N/A,N/A
F01-Sphere,separable,unimodal|separable|well-conditioned|smooth,APGSK-IMODE,0.146,0.0000e+00,0.0000e+00,100%,100%,100%,100%,100%,100%,100%,870,858,870,0.2336,1.00,1.00,1,1.00,1.00,100%,100%,N/A,N/A,N/A,N/A,N/A,N/A,N/A,N/A,N/A,N/A,N/A,N/A,N/A,N/A,N/A,N/A,N/A,N/A,N/A,N/A,N/A,N/A,N/A,N/A,N/A
F01-Sphere,separable,unimodal|separable|well-conditioned|smooth,SPS-L-SHADE-EIG,0.230,0.0000e+00,0.0000e+00,100%,100%,100%,100%,100%,100%,100%,710,710,710,0.2566,1.00,1.00,1,1.00,1.00,100%,100%,N/A,N/A,N/A,N/A,N/A,N/A,N/A,N/A,N/A,N/A,N/A,N/A,N/A,N/A,N/A,N/A,N/A,N/A,N/A,N/A,N/A,N/A,N/A,N/A,N/A
F01-Sphere,separable,unimodal|separable|well-conditioned|smooth,CoBiDE,0.137,3.2685e-14,2.1316e-14,100%,100%,100%,100%,100%,100%,100%,1201,1255,1201,0.1977,1.00,1.00,1,1.00,1.00,100%,100%,N/A,N/A,N/A,N/A,N/A,N/A,N/A,N/A,N/A,N/A,N/A,N/A,N/A,N/A,N/A,N/A,N/A,N/A,N/A,N/A,N/A,N/A,N/A,N/A,N/A
F01-Sphere,separable,unimodal|separable|well-conditioned|smooth,LSHADE-cnEpSin,2.127,0.0000e+00,0.0000e+00,100%,100%,100%,100%,100%,100%,100%,541,577,541,0.2796,1.00,1.00,1,1.00,1.00,100%,100%,N/A,N/A,N/A,N/A,N/A,N/A,N/A,N/A,N/A,N/A,N/A,N/A,N/A,N/A,N/A,N/A,N/A,N/A,N/A,N/A,N/A,N/A,N/A,N/A,N/A
F01-Sphere,separable,unimodal|separable|well-conditioned|smooth,CMA-ES,4.065,0.0000e+00,0.0000e+00,100%,100%,100%,100%,100%,100%,100%,139,138,139,0.4283,1.00,1.00,1,1.00,1.00,100%,100%,N/A,N/A,N/A,N/A,N/A,N/A,N/A,N/A,N/A,N/A,N/A,N/A,N/A,N/A,N/A,N/A,N/A,N/A,N/A,N/A,N/A,N/A,N/A,N/A,N/A
F01-Sphere,separable,unimodal|separable|well-conditioned|smooth,IPOP-CMA-ES,0.449,0.0000e+00,0.0000e+00,100%,100%,100%,100%,100%,100%,100%,137,138,137,0.4370,1.00,1.00,1,1.00,1.00,100%,100%,N/A,N/A,N/A,N/A,N/A,N/A,N/A,N/A,N/A,N/A,N/A,N/A,N/A,N/A,N/A,N/A,N/A,N/A,N/A,N/A,N/A,N/A,N/A,N/A,N/A
F01-Sphere,separable,unimodal|separable|well-conditioned|smooth,BIPOP-CMA-ES,0.481,0.0000e+00,0.0000e+00,100%,100%,100%,100%,100%,100%,100%,137,138,137,0.4370,1.00,1.00,1,1.00,1.00,100%,100%,N/A,N/A,N/A,N/A,N/A,N/A,N/A,N/A,N/A,N/A,N/A,N/A,N/A,N/A,N/A,N/A,N/A,N/A,N/A,N/A,N/A,N/A,N/A,N/A,N/A
F01-Sphere,separable,unimodal|separable|well-conditioned|smooth,PSO,0.040,7.1054e-16,0.0000e+00,100%,100%,100%,100%,100%,100%,100%,641,629,641,0.2774,1.00,1.00,1,1.00,1.00,100%,100%,N/A,N/A,N/A,N/A,N/A,N/A,N/A,N/A,N/A,N/A,N/A,N/A,N/A,N/A,N/A,N/A,N/A,N/A,N/A,N/A,N/A,N/A,N/A,N/A,N/A
F01-Sphere,separable,unimodal|separable|well-conditioned|smooth,DE,0.213,0.0000e+00,0.0000e+00,100%,100%,100%,100%,100%,100%,100%,558,544,558,0.2793,1.00,1.00,1,1.00,1.00,100%,100%,N/A,N/A,N/A,N/A,N/A,N/A,N/A,N/A,N/A,N/A,N/A,N/A,N/A,N/A,N/A,N/A,N/A,N/A,N/A,N/A,N/A,N/A,N/A,N/A,N/A
F01-Sphere,separable,unimodal|separable|well-conditioned|smooth,L-SHADE,0.195,0.0000e+00,0.0000e+00,100%,100%,100%,100%,100%,100%,100%,822,885,822,0.2425,1.00,1.00,1,1.00,1.00,100%,100%,N/A,N/A,N/A,N/A,N/A,N/A,N/A,N/A,N/A,N/A,N/A,N/A,N/A,N/A,N/A,N/A,N/A,N/A,N/A,N/A,N/A,N/A,N/A,N/A,N/A
F01-Sphere,separable,unimodal|separable|well-conditioned|smooth,SaVOA,0.075,0.0000e+00,0.0000e+00,100%,100%,100%,100%,100%,100%,100%,320,316,320,0.3319,1.00,1.00,1,1.00,1.00,100%,100%,N/A,N/A,N/A,N/A,N/A,N/A,N/A,N/A,N/A,N/A,N/A,N/A,N/A,N/A,N/A,N/A,N/A,N/A,N/A,N/A,N/A,N/A,N/A,N/A,N/A
F01-Sphere,separable,unimodal|separable|well-conditioned|smooth,NM-Restart,0.172,0.0000e+00,0.0000e+00,100%,100%,100%,100%,100%,100%,100%,54,54,54,0.5310,1.00,1.00,1,1.00,1.00,100%,100%,N/A,N/A,N/A,N/A,N/A,N/A,N/A,N/A,N/A,N/A,N/A,N/A,N/A,N/A,N/A,N/A,N/A,N/A,N/A,N/A,N/A,N/A,N/A,N/A,N/A
F01-Sphere,separable,unimodal|separable|well-conditioned|smooth,MC-ESO,1.180,0.0000e+00,0.0000e+00,100%,100%,100%,100%,100%,100%,100%,216,212,216,0.3829,1.00,1.00,1,1.00,1.00,100%,100%,N/A,N/A,N/A,N/A,N/A,N/A,N/A,N/A,N/A,N/A,N/A,N/A,N/A,N/A,N/A,N/A,N/A,N/A,N/A,N/A,N/A,N/A,N/A,N/A,N/A
F02-EllipsoidalSep,separable,unimodal|separable|ill-conditioned,EA4eig,0.239,0.0000e+00,0.0000e+00,100%,100%,100%,100%,100%,100%,100%,2105,2204,2105,0.1083,1.00,1.00,1,1.00,1.00,100%,100%,N/A,N/A,N/A,N/A,N/A,N/A,N/A,N/A,N/A,N/A,N/A,N/A,N/A,N/A,N/A,N/A,N/A,N/A,N/A,N/A,N/A,N/A,N/A,N/A,N/A
F02-EllipsoidalSep,separable,unimodal|separable|ill-conditioned,EA4eig-jSO-IDEbd,0.214,0.0000e+00,0.0000e+00,100%,100%,100%,100%,100%,100%,100%,2227,2132,2227,0.0957,1.00,1.00,1,1.00,1.00,100%,100%,N/A,N/A,N/A,N/A,N/A,N/A,N/A,N/A,N/A,N/A,N/A,N/A,N/A,N/A,N/A,N/A,N/A,N/A,N/A,N/A,N/A,N/A,N/A,N/A,N/A
F02-EllipsoidalSep,separable,unimodal|separable|ill-conditioned,EA4eig-Simpl,0.220,0.0000e+00,0.0000e+00,100%,100%,100%,100%,100%,100%,100%,1830,1848,1830,0.1204,1.00,1.00,1,1.00,1.00,100%,100%,N/A,N/A,N/A,N/A,N/A,N/A,N/A,N/A,N/A,N/A,N/A,N/A,N/A,N/A,N/A,N/A,N/A,N/A,N/A,N/A,N/A,N/A,N/A,N/A,N/A
F02-EllipsoidalSep,separable,unimodal|separable|ill-conditioned,LSHADE-SPACMA,0.202,0.0000e+00,0.0000e+00,100%,100%,100%,100%,100%,100%,100%,641,667,641,0.2420,1.00,1.00,1,1.00,1.00,100%,100%,N/A,N/A,N/A,N/A,N/A,N/A,N/A,N/A,N/A,N/A,N/A,N/A,N/A,N/A,N/A,N/A,N/A,N/A,N/A,N/A,N/A,N/A,N/A,N/A,N/A
F02-EllipsoidalSep,separable,unimodal|separable|ill-conditioned,AMALGAM-SO,0.305,0.0000e+00,0.0000e+00,100%,100%,100%,100%,100%,100%,100%,549,522,549,0.2640,1.00,1.00,1,1.00,1.00,100%,100%,N/A,N/A,N/A,N/A,N/A,N/A,N/A,N/A,N/A,N/A,N/A,N/A,N/A,N/A,N/A,N/A,N/A,N/A,N/A,N/A,N/A,N/A,N/A,N/A,N/A
F02-EllipsoidalSep,separable,unimodal|separable|ill-conditioned,AMALGAM-SO-DE,0.287,0.0000e+00,0.0000e+00,100%,100%,100%,100%,100%,100%,100%,530,494,530,0.2721,1.00,1.00,1,1.00,1.00,100%,100%,N/A,N/A,N/A,N/A,N/A,N/A,N/A,N/A,N/A,N/A,N/A,N/A,N/A,N/A,N/A,N/A,N/A,N/A,N/A,N/A,N/A,N/A,N/A,N/A,N/A
F02-EllipsoidalSep,separable,unimodal|separable|ill-conditioned,HSES,0.012,2.0288e-10,8.4441e-11,100%,100%,100%,100%,100%,100%,55%,2534,2554,2534,0.0801,1.00,1.00,1,1.00,1.00,100%,100%,N/A,N/A,N/A,N/A,N/A,N/A,N/A,N/A,N/A,N/A,N/A,N/A,N/A,N/A,N/A,N/A,N/A,N/A,N/A,N/A,N/A,N/A,N/A,N/A,N/A
F02-EllipsoidalSep,separable,unimodal|separable|ill-conditioned,ICMAES-ILS,0.523,0.0000e+00,0.0000e+00,100%,100%,100%,100%,100%,100%,100%,375,325,375,0.3086,1.00,1.00,1,1.00,1.00,100%,100%,N/A,N/A,N/A,N/A,N/A,N/A,N/A,N/A,N/A,N/A,N/A,N/A,N/A,N/A,N/A,N/A,N/A,N/A,N/A,N/A,N/A,N/A,N/A,N/A,N/A
F02-EllipsoidalSep,separable,unimodal|separable|ill-conditioned,MOS,0.364,0.0000e+00,0.0000e+00,100%,100%,100%,100%,100%,100%,100%,496,486,496,0.2701,1.00,1.00,1,1.00,1.00,100%,100%,N/A,N/A,N/A,N/A,N/A,N/A,N/A,N/A,N/A,N/A,N/A,N/A,N/A,N/A,N/A,N/A,N/A,N/A,N/A,N/A,N/A,N/A,N/A,N/A,N/A
F02-EllipsoidalSep,separable,unimodal|separable|ill-conditioned,UMOEA-II,0.884,0.0000e+00,0.0000e+00,100%,100%,100%,100%,100%,100%,100%,1491,1530,1491,0.1469,1.00,1.00,1,1.00,1.00,100%,100%,N/A,N/A,N/A,N/A,N/A,N/A,N/A,N/A,N/A,N/A,N/A,N/A,N/A,N/A,N/A,N/A,N/A,N/A,N/A,N/A,N/A,N/A,N/A,N/A,N/A
F02-EllipsoidalSep,separable,unimodal|separable|ill-conditioned,EBOwithCMAR,0.303,0.0000e+00,0.0000e+00,100%,100%,100%,100%,100%,100%,100%,1338,1362,1338,0.1563,1.00,1.00,1,1.00,1.00,100%,100%,N/A,N/A,N/A,N/A,N/A,N/A,N/A,N/A,N/A,N/A,N/A,N/A,N/A,N/A,N/A,N/A,N/A,N/A,N/A,N/A,N/A,N/A,N/A,N/A,N/A
F02-EllipsoidalSep,separable,unimodal|separable|ill-conditioned,HMHH,0.291,2.7178e-11,3.8369e-13,100%,100%,100%,100%,100%,100%,95%,2181,2261,2181,0.1011,1.00,1.00,1,1.00,1.00,100%,100%,N/A,N/A,N/A,N/A,N/A,N/A,N/A,N/A,N/A,N/A,N/A,N/A,N/A,N/A,N/A,N/A,N/A,N/A,N/A,N/A,N/A,N/A,N/A,N/A,N/A
F02-EllipsoidalSep,separable,unimodal|separable|ill-conditioned,HMHH-random,0.202,3.8369e-14,0.0000e+00,100%,100%,100%,100%,100%,100%,100%,1582,1606,1582,0.1330,1.00,1.00,1,1.00,1.00,100%,100%,N/A,N/A,N/A,N/A,N/A,N/A,N/A,N/A,N/A,N/A,N/A,N/A,N/A,N/A,N/A,N/A,N/A,N/A,N/A,N/A,N/A,N/A,N/A,N/A,N/A
F02-EllipsoidalSep,separable,unimodal|separable|ill-conditioned,PS-CMA-ES,0.149,3.4696e-02,7.4581e-03,90%,50%,20%,10%,0%,0%,0%,3579,3579,48579,0.0159,0.10,0.10,1,0.50,0.10,50%,10%,N/A,N/A,N/A,N/A,N/A,N/A,N/A,N/A,N/A,N/A,N/A,N/A,N/A,N/A,N/A,N/A,N/A,N/A,N/A,N/A,N/A,N/A,N/A,N/A,N/A
F02-EllipsoidalSep,separable,unimodal|separable|ill-conditioned,DEPSO,0.144,0.0000e+00,0.0000e+00,100%,100%,100%,100%,100%,100%,100%,1420,1428,1420,0.1520,1.00,1.00,1,1.00,1.00,100%,100%,N/A,N/A,N/A,N/A,N/A,N/A,N/A,N/A,N/A,N/A,N/A,N/A,N/A,N/A,N/A,N/A,N/A,N/A,N/A,N/A,N/A,N/A,N/A,N/A,N/A
F02-EllipsoidalSep,separable,unimodal|separable|ill-conditioned,jSO,0.240,0.0000e+00,0.0000e+00,100%,100%,100%,100%,100%,100%,100%,962,1000,962,0.1941,1.00,1.00,1,1.00,1.00,100%,100%,N/A,N/A,N/A,N/A,N/A,N/A,N/A,N/A,N/A,N/A,N/A,N/A,N/A,N/A,N/A,N/A,N/A,N/A,N/A,N/A,N/A,N/A,N/A,N/A,N/A
F02-EllipsoidalSep,separable,unimodal|separable|ill-conditioned,L-SRTDE,0.246,0.0000e+00,0.0000e+00,100%,100%,100%,100%,100%,100%,100%,749,747,749,0.2220,1.00,1.00,1,1.00,1.00,100%,100%,N/A,N/A,N/A,N/A,N/A,N/A,N/A,N/A,N/A,N/A,N/A,N/A,N/A,N/A,N/A,N/A,N/A,N/A,N/A,N/A,N/A,N/A,N/A,N/A,N/A
F02-EllipsoidalSep,separable,unimodal|separable|ill-conditioned,IMODE,0.263,0.0000e+00,0.0000e+00,100%,100%,100%,100%,100%,100%,100%,1100,1092,1100,0.1858,1.00,1.00,1,1.00,1.00,100%,100%,N/A,N/A,N/A,N/A,N/A,N/A,N/A,N/A,N/A,N/A,N/A,N/A,N/A,N/A,N/A,N/A,N/A,N/A,N/A,N/A,N/A,N/A,N/A,N/A,N/A
F02-EllipsoidalSep,separable,unimodal|separable|ill-conditioned,ELSHADE-SPACMA,0.182,0.0000e+00,0.0000e+00,100%,100%,100%,100%,100%,100%,100%,1046,1042,1046,0.1879,1.00,1.00,1,1.00,1.00,100%,100%,N/A,N/A,N/A,N/A,N/A,N/A,N/A,N/A,N/A,N/A,N/A,N/A,N/A,N/A,N/A,N/A,N/A,N/A,N/A,N/A,N/A,N/A,N/A,N/A,N/A
F02-EllipsoidalSep,separable,unimodal|separable|ill-conditioned,APGSK-IMODE,0.152,0.0000e+00,0.0000e+00,100%,100%,100%,100%,100%,100%,100%,1701,1668,1701,0.1300,1.00,1.00,1,1.00,1.00,100%,100%,N/A,N/A,N/A,N/A,N/A,N/A,N/A,N/A,N/A,N/A,N/A,N/A,N/A,N/A,N/A,N/A,N/A,N/A,N/A,N/A,N/A,N/A,N/A,N/A,N/A
F02-EllipsoidalSep,separable,unimodal|separable|ill-conditioned,SPS-L-SHADE-EIG,0.243,0.0000e+00,0.0000e+00,100%,100%,100%,100%,100%,100%,100%,1469,1484,1469,0.1480,1.00,1.00,1,1.00,1.00,100%,100%,N/A,N/A,N/A,N/A,N/A,N/A,N/A,N/A,N/A,N/A,N/A,N/A,N/A,N/A,N/A,N/A,N/A,N/A,N/A,N/A,N/A,N/A,N/A,N/A,N/A
F02-EllipsoidalSep,separable,unimodal|separable|ill-conditioned,CoBiDE,0.153,5.1904e-11,1.8574e-11,100%,100%,100%,100%,100%,100%,85%,2524,2506,2524,0.0847,1.00,1.00,1,1.00,1.00,100%,100%,N/A,N/A,N/A,N/A,N/A,N/A,N/A,N/A,N/A,N/A,N/A,N/A,N/A,N/A,N/A,N/A,N/A,N/A,N/A,N/A,N/A,N/A,N/A,N/A,N/A
F02-EllipsoidalSep,separable,unimodal|separable|ill-conditioned,LSHADE-cnEpSin,1.923,0.0000e+00,0.0000e+00,100%,100%,100%,100%,100%,100%,100%,1194,1182,1194,0.1688,1.00,1.00,1,1.00,1.00,100%,100%,N/A,N/A,N/A,N/A,N/A,N/A,N/A,N/A,N/A,N/A,N/A,N/A,N/A,N/A,N/A,N/A,N/A,N/A,N/A,N/A,N/A,N/A,N/A,N/A,N/A
F02-EllipsoidalSep,separable,unimodal|separable|ill-conditioned,CMA-ES,1.098,0.0000e+00,0.0000e+00,100%,100%,100%,100%,100%,100%,100%,348,346,348,0.3127,1.00,1.00,1,1.00,1.00,100%,100%,N/A,N/A,N/A,N/A,N/A,N/A,N/A,N/A,N/A,N/A,N/A,N/A,N/A,N/A,N/A,N/A,N/A,N/A,N/A,N/A,N/A,N/A,N/A,N/A,N/A
F02-EllipsoidalSep,separable,unimodal|separable|ill-conditioned,IPOP-CMA-ES,0.489,0.0000e+00,0.0000e+00,100%,100%,100%,100%,100%,100%,100%,331,328,331,0.3165,1.00,1.00,1,1.00,1.00,100%,100%,N/A,N/A,N/A,N/A,N/A,N/A,N/A,N/A,N/A,N/A,N/A,N/A,N/A,N/A,N/A,N/A,N/A,N/A,N/A,N/A,N/A,N/A,N/A,N/A,N/A
F02-EllipsoidalSep,separable,unimodal|separable|ill-conditioned,BIPOP-CMA-ES,0.557,0.0000e+00,0.0000e+00,100%,100%,100%,100%,100%,100%,100%,331,328,331,0.3165,1.00,1.00,1,1.00,1.00,100%,100%,N/A,N/A,N/A,N/A,N/A,N/A,N/A,N/A,N/A,N/A,N/A,N/A,N/A,N/A,N/A,N/A,N/A,N/A,N/A,N/A,N/A,N/A,N/A,N/A,N/A
F02-EllipsoidalSep,separable,unimodal|separable|ill-conditioned,PSO,0.018,6.1159e-11,5.4001e-13,100%,100%,100%,100%,100%,100%,95%,2215,2260,2215,0.0985,1.00,1.00,1,1.00,1.00,100%,100%,N/A,N/A,N/A,N/A,N/A,N/A,N/A,N/A,N/A,N/A,N/A,N/A,N/A,N/A,N/A,N/A,N/A,N/A,N/A,N/A,N/A,N/A,N/A,N/A,N/A
F02-EllipsoidalSep,separable,unimodal|separable|ill-conditioned,DE,0.193,0.0000e+00,0.0000e+00,100%,100%,100%,100%,100%,100%,100%,989,986,989,0.1892,1.00,1.00,1,1.00,1.00,100%,100%,N/A,N/A,N/A,N/A,N/A,N/A,N/A,N/A,N/A,N/A,N/A,N/A,N/A,N/A,N/A,N/A,N/A,N/A,N/A,N/A,N/A,N/A,N/A,N/A,N/A
F02-EllipsoidalSep,separable,unimodal|separable|ill-conditioned,L-SHADE,0.249,0.0000e+00,0.0000e+00,100%,100%,100%,100%,100%,100%,100%,1758,1794,1758,0.1249,1.00,1.00,1,1.00,1.00,100%,100%,N/A,N/A,N/A,N/A,N/A,N/A,N/A,N/A,N/A,N/A,N/A,N/A,N/A,N/A,N/A,N/A,N/A,N/A,N/A,N/A,N/A,N/A,N/A,N/A,N/A
F02-EllipsoidalSep,separable,unimodal|separable|ill-conditioned,SaVOA,0.060,0.0000e+00,0.0000e+00,100%,100%,100%,100%,100%,100%,100%,893,602,893,0.2261,1.00,1.00,1,1.00,1.00,100%,100%,N/A,N/A,N/A,N/A,N/A,N/A,N/A,N/A,N/A,N/A,N/A,N/A,N/A,N/A,N/A,N/A,N/A,N/A,N/A,N/A,N/A,N/A,N/A,N/A,N/A
F02-EllipsoidalSep,separable,unimodal|separable|ill-conditioned,NM-Restart,0.122,0.0000e+00,0.0000e+00,100%,100%,100%,100%,100%,100%,100%,107,96,107,0.4588,1.00,1.00,1,1.00,1.00,100%,100%,N/A,N/A,N/A,N/A,N/A,N/A,N/A,N/A,N/A,N/A,N/A,N/A,N/A,N/A,N/A,N/A,N/A,N/A,N/A,N/A,N/A,N/A,N/A,N/A,N/A
F02-EllipsoidalSep,separable,unimodal|separable|ill-conditioned,MC-ESO,1.160,0.0000e+00,0.0000e+00,100%,100%,100%,100%,100%,100%,100%,476,485,476,0.2782,1.00,1.00,1,1.00,1.00,100%,100%,N/A,N/A,N/A,N/A,N/A,N/A,N/A,N/A,N/A,N/A,N/A,N/A,N/A,N/A,N/A,N/A,N/A,N/A,N/A,N/A,N/A,N/A,N/A,N/A,N/A
F17-SchafferF7,multimodal,multimodal|non-separable|global-structure|moderate-cond,EA4eig,0.260,3.1642e-08,1.6411e-09,100%,100%,100%,100%,100%,90%,30%,3098,3449,3098,0.0803,1.00,1.00,1,1.00,1.00,100%,100%,N/A,N/A,N/A,N/A,N/A,N/A,N/A,N/A,N/A,N/A,N/A,N/A,N/A,N/A,N/A,N/A,N/A,N/A,N/A,N/A,N/A,N/A,N/A,N/A,N/A
F17-SchafferF7,multimodal,multimodal|non-separable|global-structure|moderate-cond,EA4eig-jSO-IDEbd,0.338,1.5699e-06,1.4962e-07,100%,100%,100%,100%,95%,40%,0%,3514,3501,3514,0.0624,1.00,1.00,1,1.00,1.00,100%,100%,N/A,N/A,N/A,N/A,N/A,N/A,N/A,N/A,N/A,N/A,N/A,N/A,N/A,N/A,N/A,N/A,N/A,N/A,N/A,N/A,N/A,N/A,N/A,N/A,N/A
F17-SchafferF7,multimodal,multimodal|non-separable|global-structure|moderate-cond,EA4eig-Simpl,0.185,0.0000e+00,0.0000e+00,100%,100%,100%,100%,100%,100%,100%,2702,2724,2702,0.0928,1.00,1.00,1,1.00,1.00,100%,100%,N/A,N/A,N/A,N/A,N/A,N/A,N/A,N/A,N/A,N/A,N/A,N/A,N/A,N/A,N/A,N/A,N/A,N/A,N/A,N/A,N/A,N/A,N/A,N/A,N/A
F17-SchafferF7,multimodal,multimodal|non-separable|global-structure|moderate-cond,LSHADE-SPACMA,0.224,0.0000e+00,0.0000e+00,100%,100%,100%,100%,100%,100%,100%,995,984,995,0.1954,1.00,1.00,1,1.00,1.00,100%,100%,N/A,N/A,N/A,N/A,N/A,N/A,N/A,N/A,N/A,N/A,N/A,N/A,N/A,N/A,N/A,N/A,N/A,N/A,N/A,N/A,N/A,N/A,N/A,N/A,N/A
F17-SchafferF7,multimodal,multimodal|non-separable|global-structure|moderate-cond,AMALGAM-SO,0.361,6.7654e-10,6.2840e-10,100%,100%,100%,100%,100%,100%,5%,753,392,753,0.2531,1.00,1.00,1,1.00,1.00,100%,100%,N/A,N/A,N/A,N/A,N/A,N/A,N/A,N/A,N/A,N/A,N/A,N/A,N/A,N/A,N/A,N/A,N/A,N/A,N/A,N/A,N/A,N/A,N/A,N/A,N/A
F17-SchafferF7,multimodal,multimodal|non-separable|global-structure|moderate-cond,AMALGAM-SO-DE,0.431,4.7508e-10,3.9470e-10,100%,100%,100%,100%,100%,100%,0%,609,388,609,0.2604,1.00,1.00,1,1.00,1.00,100%,100%,N/A,N/A,N/A,N/A,N/A,N/A,N/A,N/A,N/A,N/A,N/A,N/A,N/A,N/A,N/A,N/A,N/A,N/A,N/A,N/A,N/A,N/A,N/A,N/A,N/A
F17-SchafferF7,multimodal,multimodal|non-separable|global-structure|moderate-cond,HSES,0.011,1.7206e-04,2.1533e-04,100%,100%,100%,30%,0%,0%,0%,4789,4756,16456,0.0463,0.30,0.30,1,1.00,0.30,100%,30%,N/A,N/A,N/A,N/A,N/A,N/A,N/A,N/A,N/A,N/A,N/A,N/A,N/A,N/A,N/A,N/A,N/A,N/A,N/A,N/A,N/A,N/A,N/A,N/A,N/A
F17-SchafferF7,multimodal,multimodal|non-separable|global-structure|moderate-cond,ICMAES-ILS,0.564,8.8011e-03,4.0323e-13,95%,90%,85%,85%,85%,85%,85%,1155,1314,2038,0.1835,0.85,0.85,1,0.90,0.85,90%,85%,N/A,N/A,N/A,N/A,N/A,N/A,N/A,N/A,N/A,N/A,N/A,N/A,N/A,N/A,N/A,N/A,N/A,N/A,N/A,N/A,N/A,N/A,N/A,N/A,N/A
F17-SchafferF7,multimodal,multimodal|non-separable|global-structure|moderate-cond,MOS,0.335,4.5954e-13,0.0000e+00,100%,100%,100%,100%,100%,100%,100%,976,972,976,0.2034,1.00,1.00,1,1.00,1.00,100%,100%,N/A,N/A,N/A,N/A,N/A,N/A,N/A,N/A,N/A,N/A,N/A,N/A,N/A,N/A,N/A,N/A,N/A,N/A,N/A,N/A,N/A,N/A,N/A,N/A,N/A
F17-SchafferF7,multimodal,multimodal|non-separable|global-structure|moderate-cond,UMOEA-II,1.070,2.7420e-08,8.5926e-09,100%,100%,100%,100%,100%,95%,15%,2537,2537,2537,0.0968,1.00,1.00,1,1.00,1.00,100%,100%,N/A,N/A,N/A,N/A,N/A,N/A,N/A,N/A,N/A,N/A,N/A,N/A,N/A,N/A,N/A,N/A,N/A,N/A,N/A,N/A,N/A,N/A,N/A,N/A,N/A
F17-SchafferF7,multimodal,multimodal|non-separable|global-structure|moderate-cond,EBOwithCMAR,0.358,2.7960e-13,7.1054e-15,100%,100%,100%,100%,100%,100%,100%,2388,2368,2388,0.0992,1.00,1.00,1,1.00,1.00,100%,100%,N/A,N/A,N/A,N/A,N/A,N/A,N/A,N/A,N/A,N/A,N/A,N/A,N/A,N/A,N/A,N/A,N/A,N/A,N/A,N/A,N/A,N/A,N/A,N/A,N/A
F17-SchafferF7,multimodal,multimodal|non-separable|global-structure|moderate-cond,HMHH,0.245,3.5016e-07,5.7633e-10,100%,100%,100%,100%,100%,75%,40%,2823,2704,2823,0.0876,1.00,1.00,1,1.00,1.00,100%,100%,N/A,N/A,N/A,N/A,N/A,N/A,N/A,N/A,N/A,N/A,N/A,N/A,N/A,N/A,N/A,N/A,N/A,N/A,N/A,N/A,N/A,N/A,N/A,N/A,N/A
F17-SchafferF7,multimodal,multimodal|non-separable|global-structure|moderate-cond,HMHH-random,0.274,4.8154e-07,4.4738e-07,100%,100%,100%,100%,100%,15%,0%,2910,2979,2910,0.0879,1.00,1.00,1,1.00,1.00,100%,100%,N/A,N/A,N/A,N/A,N/A,N/A,N/A,N/A,N/A,N/A,N/A,N/A,N/A,N/A,N/A,N/A,N/A,N/A,N/A,N/A,N/A,N/A,N/A,N/A,N/A
F17-SchafferF7,multimodal,multimodal|non-separable|global-structure|moderate-cond,PS-CMA-ES,0.169,1.5405e-04,1.7119e-04,100%,100%,100%,35%,0%,0%,0%,4581,4695,13867,0.0474,0.35,0.35,1,1.00,0.35,100%,35%,N/A,N/A,N/A,N/A,N/A,N/A,N/A,N/A,N/A,N/A,N/A,N/A,N/A,N/A,N/A,N/A,N/A,N/A,N/A,N/A,N/A,N/A,N/A,N/A,N/A
F17-SchafferF7,multimodal,multimodal|non-separable|global-structure|moderate-cond,DEPSO,0.111,2.8389e-07,2.3044e-07,100%,100%,100%,100%,100%,35%,0%,2596,2576,2596,0.1018,1.00,1.00,1,1.00,1.00,100%,100%,N/A,N/A,N/A,N/A,N/A,N/A,N/A,N/A,N/A,N/A,N/A,N/A,N/A,N/A,N/A,N/A,N/A,N/A,N/A,N/A,N/A,N/A,N/A,N/A,N/A
F17-SchafferF7,multimodal,multimodal|non-separable|global-structure|moderate-cond,jSO,0.264,0.0000e+00,0.0000e+00,100%,100%,100%,100%,100%,100%,100%,1633,1622,1633,0.1477,1.00,1.00,1,1.00,1.00,100%,100%,N/A,N/A,N/A,N/A,N/A,N/A,N/A,N/A,N/A,N/A,N/A,N/A,N/A,N/A,N/A,N/A,N/A,N/A,N/A,N/A,N/A,N/A,N/A,N/A,N/A
F17-SchafferF7,multimodal,multimodal|non-separable|global-structure|moderate-cond,L-SRTDE,0.266,0.0000e+00,0.0000e+00,100%,100%,100%,100%,100%,100%,100%,1089,1093,1089,0.1911,1.00,1.00,1,1.00,1.00,100%,100%,N/A,N/A,N/A,N/A,N/A,N/A,N/A,N/A,N/A,N/A,N/A,N/A,N/A,N/A,N/A,N/A,N/A,N/A,N/A,N/A,N/A,N/A,N/A,N/A,N/A
F17-SchafferF7,multimodal,multimodal|non-separable|global-structure|moderate-cond,IMODE,0.288,0.0000e+00,0.0000e+00,100%,100%,100%,100%,100%,100%,100%,2327,2354,2327,0.1069,1.00,1.00,1,1.00,1.00,100%,100%,N/A,N/A,N/A,N/A,N/A,N/A,N/A,N/A,N/A,N/A,N/A,N/A,N/A,N/A,N/A,N/A,N/A,N/A,N/A,N/A,N/A,N/A,N/A,N/A,N/A
F17-SchafferF7,multimodal,multimodal|non-separable|global-structure|moderate-cond,ELSHADE-SPACMA,0.218,0.0000e+00,0.0000e+00,100%,100%,100%,100%,100%,100%,100%,1629,1630,1629,0.1450,1.00,1.00,1,1.00,1.00,100%,100%,N/A,N/A,N/A,N/A,N/A,N/A,N/A,N/A,N/A,N/A,N/A,N/A,N/A,N/A,N/A,N/A,N/A,N/A,N/A,N/A,N/A,N/A,N/A,N/A,N/A
F17-SchafferF7,multimodal,multimodal|non-separable|global-structure|moderate-cond,APGSK-IMODE,0.189,7.5391e-11,4.1993e-12,100%,100%,100%,100%,100%,100%,90%,3111,3066,3111,0.0700,1.00,1.00,1,1.00,1.00,100%,100%,N/A,N/A,N/A,N/A,N/A,N/A,N/A,N/A,N/A,N/A,N/A,N/A,N/A,N/A,N/A,N/A,N/A,N/A,N/A,N/A,N/A,N/A,N/A,N/A,N/A
F17-SchafferF7,multimodal,multimodal|non-separable|global-structure|moderate-cond,SPS-L-SHADE-EIG,0.241,3.5527e-15,0.0000e+00,100%,100%,100%,100%,100%,100%,100%,2701,2686,2701,0.0952,1.00,1.00,1,1.00,1.00,100%,100%,N/A,N/A,N/A,N/A,N/A,N/A,N/A,N/A,N/A,N/A,N/A,N/A,N/A,N/A,N/A,N/A,N/A,N/A,N/A,N/A,N/A,N/A,N/A,N/A,N/A
F17-SchafferF7,multimodal,multimodal|non-separable|global-structure|moderate-cond,CoBiDE,0.182,8.0603e-05,3.9496e-05,100%,100%,100%,70%,0%,0%,0%,4646,4702,6789,0.0494,0.70,0.70,1,1.00,0.70,100%,70%,N/A,N/A,N/A,N/A,N/A,N/A,N/A,N/A,N/A,N/A,N/A,N/A,N/A,N/A,N/A,N/A,N/A,N/A,N/A,N/A,N/A,N/A,N/A,N/A,N/A
F17-SchafferF7,multimodal,multimodal|non-separable|global-structure|moderate-cond,LSHADE-cnEpSin,2.059,0.0000e+00,0.0000e+00,100%,100%,100%,100%,100%,100%,100%,2120,2064,2120,0.1170,1.00,1.00,1,1.00,1.00,100%,100%,N/A,N/A,N/A,N/A,N/A,N/A,N/A,N/A,N/A,N/A,N/A,N/A,N/A,N/A,N/A,N/A,N/A,N/A,N/A,N/A,N/A,N/A,N/A,N/A,N/A
F17-SchafferF7,multimodal,multimodal|non-separable|global-structure|moderate-cond,CMA-ES,2.024,3.2083e-01,2.8778e-05,95%,85%,85%,60%,25%,25%,25%,419,420,3753,0.1835,0.60,0.60,1,0.85,0.60,85%,60%,N/A,N/A,N/A,N/A,N/A,N/A,N/A,N/A,N/A,N/A,N/A,N/A,N/A,N/A,N/A,N/A,N/A,N/A,N/A,N/A,N/A,N/A,N/A,N/A,N/A
F17-SchafferF7,multimodal,multimodal|non-separable|global-structure|moderate-cond,IPOP-CMA-ES,0.565,2.2503e-12,1.8989e-12,100%,100%,100%,100%,100%,100%,100%,786,480,786,0.2458,1.00,1.00,1,1.00,1.00,100%,100%,N/A,N/A,N/A,N/A,N/A,N/A,N/A,N/A,N/A,N/A,N/A,N/A,N/A,N/A,N/A,N/A,N/A,N/A,N/A,N/A,N/A,N/A,N/A,N/A,N/A
F17-SchafferF7,multimodal,multimodal|non-separable|global-structure|moderate-cond,BIPOP-CMA-ES,0.585,1.0897e-08,2.7089e-12,100%,100%,100%,100%,100%,95%,90%,1445,480,1445,0.2103,1.00,1.00,1,1.00,1.00,100%,100%,N/A,N/A,N/A,N/A,N/A,N/A,N/A,N/A,N/A,N/A,N/A,N/A,N/A,N/A,N/A,N/A,N/A,N/A,N/A,N/A,N/A,N/A,N/A,N/A,N/A
F17-SchafferF7,multimodal,multimodal|non-separable|global-structure|moderate-cond,PSO,0.018,5.2417e-07,2.7332e-08,100%,100%,100%,100%,100%,75%,0%,2419,2408,2419,0.1128,1.00,1.00,1,1.00,1.00,100%,100%,N/A,N/A,N/A,N/A,N/A,N/A,N/A,N/A,N/A,N/A,N/A,N/A,N/A,N/A,N/A,N/A,N/A,N/A,N/A,N/A,N/A,N/A,N/A,N/A,N/A
F17-SchafferF7,multimodal,multimodal|non-separable|global-structure|moderate-cond,DE,0.217,7.2831e-15,3.5527e-15,100%,100%,100%,100%,100%,100%,100%,1750,1795,1750,0.1363,1.00,1.00,1,1.00,1.00,100%,100%,N/A,N/A,N/A,N/A,N/A,N/A,N/A,N/A,N/A,N/A,N/A,N/A,N/A,N/A,N/A,N/A,N/A,N/A,N/A,N/A,N/A,N/A,N/A,N/A,N/A
F17-SchafferF7,multimodal,multimodal|non-separable|global-structure|moderate-cond,L-SHADE,0.231,2.3093e-15,0.0000e+00,100%,100%,100%,100%,100%,100%,100%,2740,2788,2740,0.0939,1.00,1.00,1,1.00,1.00,100%,100%,N/A,N/A,N/A,N/A,N/A,N/A,N/A,N/A,N/A,N/A,N/A,N/A,N/A,N/A,N/A,N/A,N/A,N/A,N/A,N/A,N/A,N/A,N/A,N/A,N/A
F17-SchafferF7,multimodal,multimodal|non-separable|global-structure|moderate-cond,SaVOA,0.073,4.5123e-05,2.8778e-05,100%,100%,100%,85%,25%,25%,20%,2405,1120,3288,0.1414,0.85,0.85,1,1.00,0.85,100%,85%,N/A,N/A,N/A,N/A,N/A,N/A,N/A,N/A,N/A,N/A,N/A,N/A,N/A,N/A,N/A,N/A,N/A,N/A,N/A,N/A,N/A,N/A,N/A,N/A,N/A
F17-SchafferF7,multimodal,multimodal|non-separable|global-structure|moderate-cond,NM-Restart,0.143,7.8808e+00,1.8486e+00,10%,5%,0%,0%,0%,0%,0%,inf,inf,inf,0.0012,0.00,0.00,1,0.05,0.00,5%,0%,N/A,N/A,N/A,N/A,N/A,N/A,N/A,N/A,N/A,N/A,N/A,N/A,N/A,N/A,N/A,N/A,N/A,N/A,N/A,N/A,N/A,N/A,N/A,N/A,N/A
F17-SchafferF7,multimodal,multimodal|non-separable|global-structure|moderate-cond,MC-ESO,1.143,5.2293e-06,4.9692e-11,100%,100%,100%,100%,80%,80%,60%,1000,660,1000,0.2233,1.00,1.00,1,1.00,1.00,100%,100%,N/A,N/A,N/A,N/A,N/A,N/A,N/A,N/A,N/A,N/A,N/A,N/A,N/A,N/A,N/A,N/A,N/A,N/A,N/A,N/A,N/A,N/A,N/A,N/A,N/A
F19-GriewankRosenbrock,multimodal,multimodal|non-separable|global-structure|bent-valley,EA4eig,0.233,2.3385e-07,2.1316e-14,100%,100%,100%,100%,100%,95%,90%,2786,2758,2786,0.1312,1.00,1.00,1,1.00,1.00,100%,100%,N/A,N/A,N/A,N/A,N/A,N/A,N/A,N/A,N/A,N/A,N/A,N/A,N/A,N/A,N/A,N/A,N/A,N/A,N/A,N/A,N/A,N/A,N/A,N/A,N/A
F19-GriewankRosenbrock,multimodal,multimodal|non-separable|global-structure|bent-valley,EA4eig-jSO-IDEbd,0.219,2.4834e-06,2.7725e-08,100%,100%,100%,100%,95%,60%,25%,2927,2908,2927,0.1175,1.00,1.00,1,1.00,1.00,100%,100%,N/A,N/A,N/A,N/A,N/A,N/A,N/A,N/A,N/A,N/A,N/A,N/A,N/A,N/A,N/A,N/A,N/A,N/A,N/A,N/A,N/A,N/A,N/A,N/A,N/A
F19-GriewankRosenbrock,multimodal,multimodal|non-separable|global-structure|bent-valley,EA4eig-Simpl,0.206,7.3220e-09,0.0000e+00,100%,100%,100%,100%,100%,95%,95%,2290,2282,2290,0.1382,1.00,1.00,1,1.00,1.00,100%,100%,N/A,N/A,N/A,N/A,N/A,N/A,N/A,N/A,N/A,N/A,N/A,N/A,N/A,N/A,N/A,N/A,N/A,N/A,N/A,N/A,N/A,N/A,N/A,N/A,N/A
F19-GriewankRosenbrock,multimodal,multimodal|non-separable|global-structure|bent-valley,LSHADE-SPACMA,0.220,5.6849e-10,0.0000e+00,100%,100%,100%,100%,100%,100%,95%,1410,1232,1410,0.2150,1.00,1.00,1,1.00,1.00,100%,100%,N/A,N/A,N/A,N/A,N/A,N/A,N/A,N/A,N/A,N/A,N/A,N/A,N/A,N/A,N/A,N/A,N/A,N/A,N/A,N/A,N/A,N/A,N/A,N/A,N/A
F19-GriewankRosenbrock,multimodal,multimodal|non-separable|global-structure|bent-valley,AMALGAM-SO,0.317,0.0000e+00,0.0000e+00,100%,100%,100%,100%,100%,100%,100%,1137,1195,1137,0.2577,1.00,1.00,1,1.00,1.00,100%,100%,N/A,N/A,N/A,N/A,N/A,N/A,N/A,N/A,N/A,N/A,N/A,N/A,N/A,N/A,N/A,N/A,N/A,N/A,N/A,N/A,N/A,N/A,N/A,N/A,N/A
F19-GriewankRosenbrock,multimodal,multimodal|non-separable|global-structure|bent-valley,AMALGAM-SO-DE,0.319,6.7507e-05,0.0000e+00,100%,100%,95%,90%,80%,75%,65%,1885,1062,2441,0.1976,0.90,0.90,1,1.00,0.90,100%,90%,N/A,N/A,N/A,N/A,N/A,N/A,N/A,N/A,N/A,N/A,N/A,N/A,N/A,N/A,N/A,N/A,N/A,N/A,N/A,N/A,N/A,N/A,N/A,N/A,N/A
F19-GriewankRosenbrock,multimodal,multimodal|non-separable|global-structure|bent-valley,HSES,0.010,1.0661e-04,2.7411e-05,100%,100%,100%,70%,40%,0%,0%,2755,2262,4898,0.1115,0.70,0.70,1,1.00,0.70,100%,70%,N/A,N/A,N/A,N/A,N/A,N/A,N/A,N/A,N/A,N/A,N/A,N/A,N/A,N/A,N/A,N/A,N/A,N/A,N/A,N/A,N/A,N/A,N/A,N/A,N/A
F19-GriewankRosenbrock,multimodal,multimodal|non-separable|global-structure|bent-valley,ICMAES-ILS,0.420,4.6843e-03,1.4314e-04,100%,70%,65%,45%,25%,20%,20%,2401,2372,8512,0.1050,0.45,0.45,1,0.70,0.45,70%,45%,N/A,N/A,N/A,N/A,N/A,N/A,N/A,N/A,N/A,N/A,N/A,N/A,N/A,N/A,N/A,N/A,N/A,N/A,N/A,N/A,N/A,N/A,N/A,N/A,N/A
F19-GriewankRosenbrock,multimodal,multimodal|non-separable|global-structure|bent-valley,MOS,0.339,5.6001e-03,0.0000e+00,100%,75%,75%,75%,75%,75%,75%,922,811,2588,0.1960,0.75,0.75,1,0.75,0.75,75%,75%,N/A,N/A,N/A,N/A,N/A,N/A,N/A,N/A,N/A,N/A,N/A,N/A,N/A,N/A,N/A,N/A,N/A,N/A,N/A,N/A,N/A,N/A,N/A,N/A,N/A
F19-GriewankRosenbrock,multimodal,multimodal|non-separable|global-structure|bent-valley,UMOEA-II,0.867,7.8538e-04,0.0000e+00,100%,95%,95%,95%,95%,95%,95%,1995,1917,2258,0.1432,0.95,0.95,1,0.95,0.95,95%,95%,N/A,N/A,N/A,N/A,N/A,N/A,N/A,N/A,N/A,N/A,N/A,N/A,N/A,N/A,N/A,N/A,N/A,N/A,N/A,N/A,N/A,N/A,N/A,N/A,N/A
F19-GriewankRosenbrock,multimodal,multimodal|non-separable|global-structure|bent-valley,EBOwithCMAR,0.335,7.8538e-04,0.0000e+00,100%,95%,95%,95%,95%,95%,95%,2687,2803,2950,0.1356,0.95,0.95,1,0.95,0.95,95%,95%,N/A,N/A,N/A,N/A,N/A,N/A,N/A,N/A,N/A,N/A,N/A,N/A,N/A,N/A,N/A,N/A,N/A,N/A,N/A,N/A,N/A,N/A,N/A,N/A,N/A
F19-GriewankRosenbrock,multimodal,multimodal|non-separable|global-structure|bent-valley,HMHH,0.253,7.8540e-04,8.4974e-11,100%,95%,95%,95%,95%,85%,55%,1655,1596,1919,0.1570,0.95,0.95,1,0.95,0.95,95%,95%,N/A,N/A,N/A,N/A,N/A,N/A,N/A,N/A,N/A,N/A,N/A,N/A,N/A,N/A,N/A,N/A,N/A,N/A,N/A,N/A,N/A,N/A,N/A,N/A,N/A
F19-GriewankRosenbrock,multimodal,multimodal|non-separable|global-structure|bent-valley,HMHH-random,0.272,3.9269e-03,3.6380e-12,100%,75%,75%,75%,75%,75%,65%,1391,1443,3058,0.1497,0.75,0.75,1,0.75,0.75,75%,75%,N/A,N/A,N/A,N/A,N/A,N/A,N/A,N/A,N/A,N/A,N/A,N/A,N/A,N/A,N/A,N/A,N/A,N/A,N/A,N/A,N/A,N/A,N/A,N/A,N/A
F19-GriewankRosenbrock,multimodal,multimodal|non-separable|global-structure|bent-valley,PS-CMA-ES,0.141,4.1996e-03,1.0336e-03,100%,85%,50%,25%,15%,5%,0%,3486,4567,18486,0.0904,0.25,0.25,1,0.85,0.25,85%,25%,N/A,N/A,N/A,N/A,N/A,N/A,N/A,N/A,N/A,N/A,N/A,N/A,N/A,N/A,N/A,N/A,N/A,N/A,N/A,N/A,N/A,N/A,N/A,N/A,N/A
F19-GriewankRosenbrock,multimodal,multimodal|non-separable|global-structure|bent-valley,DEPSO,0.117,1.5708e-03,1.1191e-11,100%,90%,90%,90%,90%,90%,65%,1260,1062,1815,0.1790,0.90,0.90,1,0.90,0.90,90%,90%,N/A,N/A,N/A,N/A,N/A,N/A,N/A,N/A,N/A,N/A,N/A,N/A,N/A,N/A,N/A,N/A,N/A,N/A,N/A,N/A,N/A,N/A,N/A,N/A,N/A
F19-GriewankRosenbrock,multimodal,multimodal|non-separable|global-structure|bent-valley,jSO,0.224,3.6309e-13,0.0000e+00,100%,100%,100%,100%,100%,100%,100%,2153,1896,2153,0.1544,1.00,1.00,1,1.00,1.00,100%,100%,N/A,N/A,N/A,N/A,N/A,N/A,N/A,N/A,N/A,N/A,N/A,N/A,N/A,N/A,N/A,N/A,N/A,N/A,N/A,N/A,N/A,N/A,N/A,N/A,N/A
F19-GriewankRosenbrock,multimodal,multimodal|non-separable|global-structure|bent-valley,L-SRTDE,0.253,3.1415e-03,0.0000e+00,100%,80%,80%,80%,80%,80%,80%,1289,1112,2539,0.1790,0.80,0.80,1,0.80,0.80,80%,80%,N/A,N/A,N/A,N/A,N/A,N/A,N/A,N/A,N/A,N/A,N/A,N/A,N/A,N/A,N/A,N/A,N/A,N/A,N/A,N/A,N/A,N/A,N/A,N/A,N/A
F19-GriewankRosenbrock,multimodal,multimodal|non-separable|global-structure|bent-valley,IMODE,0.247,0.0000e+00,0.0000e+00,100%,100%,100%,100%,100%,100%,100%,989,982,989,0.2180,1.00,1.00,1,1.00,1.00,100%,100%,N/A,N/A,N/A,N/A,N/A,N/A,N/A,N/A,N/A,N/A,N/A,N/A,N/A,N/A,N/A,N/A,N/A,N/A,N/A,N/A,N/A,N/A,N/A,N/A,N/A
F19-GriewankRosenbrock,multimodal,multimodal|non-separable|global-structure|bent-valley,ELSHADE-SPACMA,0.200,7.8542e-04,0.0000e+00,100%,95%,95%,95%,95%,90%,90%,1407,1320,1670,0.1989,0.95,0.95,1,0.95,0.95,95%,95%,N/A,N/A,N/A,N/A,N/A,N/A,N/A,N/A,N/A,N/A,N/A,N/A,N/A,N/A,N/A,N/A,N/A,N/A,N/A,N/A,N/A,N/A,N/A,N/A,N/A
F19-GriewankRosenbrock,multimodal,multimodal|non-separable|global-structure|bent-valley,APGSK-IMODE,0.157,1.6780e-08,0.0000e+00,100%,100%,100%,100%,100%,95%,90%,2476,2652,2476,0.1306,1.00,1.00,1,1.00,1.00,100%,100%,N/A,N/A,N/A,N/A,N/A,N/A,N/A,N/A,N/A,N/A,N/A,N/A,N/A,N/A,N/A,N/A,N/A,N/A,N/A,N/A,N/A,N/A,N/A,N/A,N/A
F19-GriewankRosenbrock,multimodal,multimodal|non-separable|global-structure|bent-valley,SPS-L-SHADE-EIG,0.266,7.1054e-16,0.0000e+00,100%,100%,100%,100%,100%,100%,100%,2093,2278,2093,0.1525,1.00,1.00,1,1.00,1.00,100%,100%,N/A,N/A,N/A,N/A,N/A,N/A,N/A,N/A,N/A,N/A,N/A,N/A,N/A,N/A,N/A,N/A,N/A,N/A,N/A,N/A,N/A,N/A,N/A,N/A,N/A
F19-GriewankRosenbrock,multimodal,multimodal|non-separable|global-structure|bent-valley,CoBiDE,0.148,2.2358e-03,3.0751e-04,100%,90%,65%,30%,25%,5%,0%,3250,3186,14916,0.0749,0.30,0.30,1,0.90,0.30,90%,30%,N/A,N/A,N/A,N/A,N/A,N/A,N/A,N/A,N/A,N/A,N/A,N/A,N/A,N/A,N/A,N/A,N/A,N/A,N/A,N/A,N/A,N/A,N/A,N/A,N/A
F19-GriewankRosenbrock,multimodal,multimodal|non-separable|global-structure|bent-valley,LSHADE-cnEpSin,2.011,6.4591e-04,0.0000e+00,100%,95%,95%,95%,95%,90%,90%,2264,2294,2528,0.1364,0.95,0.95,1,0.95,0.95,95%,95%,N/A,N/A,N/A,N/A,N/A,N/A,N/A,N/A,N/A,N/A,N/A,N/A,N/A,N/A,N/A,N/A,N/A,N/A,N/A,N/A,N/A,N/A,N/A,N/A,N/A
F19-GriewankRosenbrock,multimodal,multimodal|non-separable|global-structure|bent-valley,CMA-ES,2.805,2.9845e-02,1.5708e-02,95%,40%,40%,40%,40%,40%,40%,915,961,8415,0.1304,0.40,0.40,1,0.40,0.40,40%,40%,N/A,N/A,N/A,N/A,N/A,N/A,N/A,N/A,N/A,N/A,N/A,N/A,N/A,N/A,N/A,N/A,N/A,N/A,N/A,N/A,N/A,N/A,N/A,N/A,N/A
F19-GriewankRosenbrock,multimodal,multimodal|non-separable|global-structure|bent-valley,IPOP-CMA-ES,0.543,4.9368e-03,0.0000e+00,100%,70%,60%,60%,60%,60%,60%,1701,1924,5034,0.1422,0.60,0.60,1,0.70,0.60,70%,60%,N/A,N/A,N/A,N/A,N/A,N/A,N/A,N/A,N/A,N/A,N/A,N/A,N/A,N/A,N/A,N/A,N/A,N/A,N/A,N/A,N/A,N/A,N/A,N/A,N/A
F19-GriewankRosenbrock,multimodal,multimodal|non-separable|global-structure|bent-valley,BIPOP-CMA-ES,0.602,5.6538e-03,1.1502e-05,100%,70%,55%,55%,50%,45%,45%,2494,2442,6585,0.1221,0.55,0.55,1,0.70,0.55,70%,55%,N/A,N/A,N/A,N/A,N/A,N/A,N/A,N/A,N/A,N/A,N/A,N/A,N/A,N/A,N/A,N/A,N/A,N/A,N/A,N/A,N/A,N/A,N/A,N/A,N/A
F19-GriewankRosenbrock,multimodal,multimodal|non-separable|global-structure|bent-valley,PSO,0.019,1.5709e-03,7.8160e-14,100%,90%,90%,90%,90%,90%,85%,995,919,1551,0.2043,0.90,0.90,1,0.90,0.90,90%,90%,N/A,N/A,N/A,N/A,N/A,N/A,N/A,N/A,N/A,N/A,N/A,N/A,N/A,N/A,N/A,N/A,N/A,N/A,N/A,N/A,N/A,N/A,N/A,N/A,N/A
F19-GriewankRosenbrock,multimodal,multimodal|non-separable|global-structure|bent-valley,DE,0.197,1.6205e-03,0.0000e+00,100%,90%,90%,80%,75%,75%,75%,2175,2128,3425,0.1305,0.80,0.80,1,0.90,0.80,90%,80%,N/A,N/A,N/A,N/A,N/A,N/A,N/A,N/A,N/A,N/A,N/A,N/A,N/A,N/A,N/A,N/A,N/A,N/A,N/A,N/A,N/A,N/A,N/A,N/A,N/A
F19-GriewankRosenbrock,multimodal,multimodal|non-separable|global-structure|bent-valley,L-SHADE,0.253,8.1774e-07,0.0000e+00,100%,100%,100%,100%,95%,85%,85%,2099,2356,2099,0.1443,1.00,1.00,1,1.00,1.00,100%,100%,N/A,N/A,N/A,N/A,N/A,N/A,N/A,N/A,N/A,N/A,N/A,N/A,N/A,N/A,N/A,N/A,N/A,N/A,N/A,N/A,N/A,N/A,N/A,N/A,N/A
F19-GriewankRosenbrock,multimodal,multimodal|non-separable|global-structure|bent-valley,SaVOA,0.056,7.8539e-03,0.0000e+00,100%,60%,60%,60%,60%,60%,60%,846,818,4180,0.1599,0.60,0.60,1,0.60,0.60,60%,60%,N/A,N/A,N/A,N/A,N/A,N/A,N/A,N/A,N/A,N/A,N/A,N/A,N/A,N/A,N/A,N/A,N/A,N/A,N/A,N/A,N/A,N/A,N/A,N/A,N/A
F19-GriewankRosenbrock,multimodal,multimodal|non-separable|global-structure|bent-valley,NM-Restart,0.142,4.4767e-02,2.3562e-02,90%,20%,20%,20%,20%,20%,20%,3266,3793,23266,0.0458,0.20,0.20,1,0.20,0.20,20%,20%,N/A,N/A,N/A,N/A,N/A,N/A,N/A,N/A,N/A,N/A,N/A,N/A,N/A,N/A,N/A,N/A,N/A,N/A,N/A,N/A,N/A,N/A,N/A,N/A,N/A
F19-GriewankRosenbrock,multimodal,multimodal|non-separable|global-structure|bent-valley,MC-ESO,0.869,0.0000e+00,0.0000e+00,100%,100%,100%,100%,100%,100%,100%,1029,862,1029,0.2318,1.00,1.00,1,1.00,1.00,100%,100%,N/A,N/A,N/A,N/A,N/A,N/A,N/A,N/A,N/A,N/A,N/A,N/A,N/A,N/A,N/A,N/A,N/A,N/A,N/A,N/A,N/A,N/A,N/A,N/A,N/A
F08-Rosenbrock,moderate-cond,unimodal|non-separable|bent-valley,EA4eig,0.144,0.0000e+00,0.0000e+00,100%,100%,100%,100%,100%,100%,100%,2786,2870,2786,0.1057,1.00,1.00,1,1.00,1.00,100%,100%,N/A,N/A,N/A,N/A,N/A,N/A,N/A,N/A,N/A,N/A,N/A,N/A,N/A,N/A,N/A,N/A,N/A,N/A,N/A,N/A,N/A,N/A,N/A,N/A,N/A
F08-Rosenbrock,moderate-cond,unimodal|non-separable|bent-valley,EA4eig-jSO-IDEbd,0.154,4.0018e-12,4.2633e-14,100%,100%,100%,100%,100%,100%,100%,2653,2569,2653,0.1089,1.00,1.00,1,1.00,1.00,100%,100%,N/A,N/A,N/A,N/A,N/A,N/A,N/A,N/A,N/A,N/A,N/A,N/A,N/A,N/A,N/A,N/A,N/A,N/A,N/A,N/A,N/A,N/A,N/A,N/A,N/A
F08-Rosenbrock,moderate-cond,unimodal|non-separable|bent-valley,EA4eig-Simpl,0.172,0.0000e+00,0.0000e+00,100%,100%,100%,100%,100%,100%,100%,2180,2232,2180,0.1390,1.00,1.00,1,1.00,1.00,100%,100%,N/A,N/A,N/A,N/A,N/A,N/A,N/A,N/A,N/A,N/A,N/A,N/A,N/A,N/A,N/A,N/A,N/A,N/A,N/A,N/A,N/A,N/A,N/A,N/A,N/A
F08-Rosenbrock,moderate-cond,unimodal|non-separable|bent-valley,LSHADE-SPACMA,0.179,0.0000e+00,0.0000e+00,100%,100%,100%,100%,100%,100%,100%,734,713,734,0.2372,1.00,1.00,1,1.00,1.00,100%,100%,N/A,N/A,N/A,N/A,N/A,N/A,N/A,N/A,N/A,N/A,N/A,N/A,N/A,N/A,N/A,N/A,N/A,N/A,N/A,N/A,N/A,N/A,N/A,N/A,N/A
F08-Rosenbrock,moderate-cond,unimodal|non-separable|bent-valley,AMALGAM-SO,0.282,0.0000e+00,0.0000e+00,100%,100%,100%,100%,100%,100%,100%,476,458,476,0.2908,1.00,1.00,1,1.00,1.00,100%,100%,N/A,N/A,N/A,N/A,N/A,N/A,N/A,N/A,N/A,N/A,N/A,N/A,N/A,N/A,N/A,N/A,N/A,N/A,N/A,N/A,N/A,N/A,N/A,N/A,N/A
F08-Rosenbrock,moderate-cond,unimodal|non-separable|bent-valley,AMALGAM-SO-DE,0.300,0.0000e+00,0.0000e+00,100%,100%,100%,100%,100%,100%,100%,449,452,449,0.3023,1.00,1.00,1,1.00,1.00,100%,100%,N/A,N/A,N/A,N/A,N/A,N/A,N/A,N/A,N/A,N/A,N/A,N/A,N/A,N/A,N/A,N/A,N/A,N/A,N/A,N/A,N/A,N/A,N/A,N/A,N/A
F08-Rosenbrock,moderate-cond,unimodal|non-separable|bent-valley,HSES,0.022,2.6949e-02,1.9761e-02,100%,25%,10%,5%,5%,0%,0%,670,670,95670,0.0612,0.05,0.05,1,0.25,0.05,25%,5%,N/A,N/A,N/A,N/A,N/A,N/A,N/A,N/A,N/A,N/A,N/A,N/A,N/A,N/A,N/A,N/A,N/A,N/A,N/A,N/A,N/A,N/A,N/A,N/A,N/A
F08-Rosenbrock,moderate-cond,unimodal|non-separable|bent-valley,ICMAES-ILS,0.543,6.9312e-04,0.0000e+00,100%,95%,95%,90%,90%,90%,90%,698,452,1254,0.2299,0.90,0.90,1,0.95,0.90,95%,90%,N/A,N/A,N/A,N/A,N/A,N/A,N/A,N/A,N/A,N/A,N/A,N/A,N/A,N/A,N/A,N/A,N/A,N/A,N/A,N/A,N/A,N/A,N/A,N/A,N/A
F08-Rosenbrock,moderate-cond,unimodal|non-separable|bent-valley,MOS,0.356,0.0000e+00,0.0000e+00,100%,100%,100%,100%,100%,100%,100%,858,785,858,0.2205,1.00,1.00,1,1.00,1.00,100%,100%,N/A,N/A,N/A,N/A,N/A,N/A,N/A,N/A,N/A,N/A,N/A,N/A,N/A,N/A,N/A,N/A,N/A,N/A,N/A,N/A,N/A,N/A,N/A,N/A,N/A
F08-Rosenbrock,moderate-cond,unimodal|non-separable|bent-valley,UMOEA-II,1.113,5.5422e-14,0.0000e+00,100%,100%,100%,100%,100%,100%,100%,1811,1757,1811,0.1436,1.00,1.00,1,1.00,1.00,100%,100%,N/A,N/A,N/A,N/A,N/A,N/A,N/A,N/A,N/A,N/A,N/A,N/A,N/A,N/A,N/A,N/A,N/A,N/A,N/A,N/A,N/A,N/A,N/A,N/A,N/A
F08-Rosenbrock,moderate-cond,unimodal|non-separable|bent-valley,EBOwithCMAR,0.288,0.0000e+00,0.0000e+00,100%,100%,100%,100%,100%,100%,100%,2127,2148,2127,0.1321,1.00,1.00,1,1.00,1.00,100%,100%,N/A,N/A,N/A,N/A,N/A,N/A,N/A,N/A,N/A,N/A,N/A,N/A,N/A,N/A,N/A,N/A,N/A,N/A,N/A,N/A,N/A,N/A,N/A,N/A,N/A
F08-Rosenbrock,moderate-cond,unimodal|non-separable|bent-valley,HMHH,0.248,2.6747e-05,0.0000e+00,100%,100%,100%,95%,95%,95%,90%,2647,2684,2910,0.1067,0.95,0.95,1,1.00,0.95,100%,95%,N/A,N/A,N/A,N/A,N/A,N/A,N/A,N/A,N/A,N/A,N/A,N/A,N/A,N/A,N/A,N/A,N/A,N/A,N/A,N/A,N/A,N/A,N/A,N/A,N/A
F08-Rosenbrock,moderate-cond,unimodal|non-separable|bent-valley,HMHH-random,0.253,6.2916e-09,2.8405e-10,100%,100%,100%,100%,100%,100%,40%,2434,2343,2434,0.1096,1.00,1.00,1,1.00,1.00,100%,100%,N/A,N/A,N/A,N/A,N/A,N/A,N/A,N/A,N/A,N/A,N/A,N/A,N/A,N/A,N/A,N/A,N/A,N/A,N/A,N/A,N/A,N/A,N/A,N/A,N/A
F08-Rosenbrock,moderate-cond,unimodal|non-separable|bent-valley,PS-CMA-ES,0.134,3.6488e-05,2.1447e-06,100%,100%,100%,90%,65%,25%,0%,3996,3890,4552,0.0632,0.90,0.90,1,1.00,0.90,100%,90%,N/A,N/A,N/A,N/A,N/A,N/A,N/A,N/A,N/A,N/A,N/A,N/A,N/A,N/A,N/A,N/A,N/A,N/A,N/A,N/A,N/A,N/A,N/A,N/A,N/A
F08-Rosenbrock,moderate-cond,unimodal|non-separable|bent-valley,DEPSO,0.107,1.5640e-06,5.8067e-07,100%,100%,100%,100%,95%,20%,0%,2538,2616,2538,0.1200,1.00,1.00,1,1.00,1.00,100%,100%,N/A,N/A,N/A,N/A,N/A,N/A,N/A,N/A,N/A,N/A,N/A,N/A,N/A,N/A,N/A,N/A,N/A,N/A,N/A,N/A,N/A,N/A,N/A,N/A,N/A
F08-Rosenbrock,moderate-cond,unimodal|non-separable|bent-valley,jSO,0.230,0.0000e+00,0.0000e+00,100%,100%,100%,100%,100%,100%,100%,1184,1119,1184,0.1943,1.00,1.00,1,1.00,1.00,100%,100%,N/A,N/A,N/A,N/A,N/A,N/A,N/A,N/A,N/A,N/A,N/A,N/A,N/A,N/A,N/A,N/A,N/A,N/A,N/A,N/A,N/A,N/A,N/A,N/A,N/A
F08-Rosenbrock,moderate-cond,unimodal|non-separable|bent-valley,L-SRTDE,0.232,0.0000e+00,0.0000e+00,100%,100%,100%,100%,100%,100%,100%,644,630,644,0.2462,1.00,1.00,1,1.00,1.00,100%,100%,N/A,N/A,N/A,N/A,N/A,N/A,N/A,N/A,N/A,N/A,N/A,N/A,N/A,N/A,N/A,N/A,N/A,N/A,N/A,N/A,N/A,N/A,N/A,N/A,N/A
F08-Rosenbrock,moderate-cond,unimodal|non-separable|bent-valley,IMODE,0.260,0.0000e+00,0.0000e+00,100%,100%,100%,100%,100%,100%,100%,1303,1264,1303,0.1954,1.00,1.00,1,1.00,1.00,100%,100%,N/A,N/A,N/A,N/A,N/A,N/A,N/A,N/A,N/A,N/A,N/A,N/A,N/A,N/A,N/A,N/A,N/A,N/A,N/A,N/A,N/A,N/A,N/A,N/A,N/A
F08-Rosenbrock,moderate-cond,unimodal|non-separable|bent-valley,ELSHADE-SPACMA,0.194,0.0000e+00,0.0000e+00,100%,100%,100%,100%,100%,100%,100%,1130,1118,1130,0.1916,1.00,1.00,1,1.00,1.00,100%,100%,N/A,N/A,N/A,N/A,N/A,N/A,N/A,N/A,N/A,N/A,N/A,N/A,N/A,N/A,N/A,N/A,N/A,N/A,N/A,N/A,N/A,N/A,N/A,N/A,N/A
F08-Rosenbrock,moderate-cond,unimodal|non-separable|bent-valley,APGSK-IMODE,0.157,0.0000e+00,0.0000e+00,100%,100%,100%,100%,100%,100%,100%,2144,2093,2144,0.1412,1.00,1.00,1,1.00,1.00,100%,100%,N/A,N/A,N/A,N/A,N/A,N/A,N/A,N/A,N/A,N/A,N/A,N/A,N/A,N/A,N/A,N/A,N/A,N/A,N/A,N/A,N/A,N/A,N/A,N/A,N/A
F08-Rosenbrock,moderate-cond,unimodal|non-separable|bent-valley,SPS-L-SHADE-EIG,0.224,0.0000e+00,0.0000e+00,100%,100%,100%,100%,100%,100%,100%,2062,2029,2062,0.1369,1.00,1.00,1,1.00,1.00,100%,100%,N/A,N/A,N/A,N/A,N/A,N/A,N/A,N/A,N/A,N/A,N/A,N/A,N/A,N/A,N/A,N/A,N/A,N/A,N/A,N/A,N/A,N/A,N/A,N/A,N/A
F08-Rosenbrock,moderate-cond,unimodal|non-separable|bent-valley,CoBiDE,0.181,5.3257e-06,1.1464e-07,100%,100%,100%,100%,85%,40%,0%,3562,3480,3562,0.0792,1.00,1.00,1,1.00,1.00,100%,100%,N/A,N/A,N/A,N/A,N/A,N/A,N/A,N/A,N/A,N/A,N/A,N/A,N/A,N/A,N/A,N/A,N/A,N/A,N/A,N/A,N/A,N/A,N/A,N/A,N/A
F08-Rosenbrock,moderate-cond,unimodal|non-separable|bent-valley,LSHADE-cnEpSin,1.977,0.0000e+00,0.0000e+00,100%,100%,100%,100%,100%,100%,100%,1396,1348,1396,0.1715,1.00,1.00,1,1.00,1.00,100%,100%,N/A,N/A,N/A,N/A,N/A,N/A,N/A,N/A,N/A,N/A,N/A,N/A,N/A,N/A,N/A,N/A,N/A,N/A,N/A,N/A,N/A,N/A,N/A,N/A,N/A
F08-Rosenbrock,moderate-cond,unimodal|non-separable|bent-valley,CMA-ES,3.743,0.0000e+00,0.0000e+00,100%,100%,100%,100%,100%,100%,100%,383,356,383,0.3206,1.00,1.00,1,1.00,1.00,100%,100%,N/A,N/A,N/A,N/A,N/A,N/A,N/A,N/A,N/A,N/A,N/A,N/A,N/A,N/A,N/A,N/A,N/A,N/A,N/A,N/A,N/A,N/A,N/A,N/A,N/A
F08-Rosenbrock,moderate-cond,unimodal|non-separable|bent-valley,IPOP-CMA-ES,0.555,0.0000e+00,0.0000e+00,100%,100%,100%,100%,100%,100%,100%,374,344,374,0.3183,1.00,1.00,1,1.00,1.00,100%,100%,N/A,N/A,N/A,N/A,N/A,N/A,N/A,N/A,N/A,N/A,N/A,N/A,N/A,N/A,N/A,N/A,N/A,N/A,N/A,N/A,N/A,N/A,N/A,N/A,N/A
F08-Rosenbrock,moderate-cond,unimodal|non-separable|bent-valley,BIPOP-CMA-ES,0.591,0.0000e+00,0.0000e+00,100%,100%,100%,100%,100%,100%,100%,374,344,374,0.3183,1.00,1.00,1,1.00,1.00,100%,100%,N/A,N/A,N/A,N/A,N/A,N/A,N/A,N/A,N/A,N/A,N/A,N/A,N/A,N/A,N/A,N/A,N/A,N/A,N/A,N/A,N/A,N/A,N/A,N/A,N/A
F08-Rosenbrock,moderate-cond,unimodal|non-separable|bent-valley,PSO,0.034,1.4762e-06,5.1551e-08,100%,100%,100%,100%,95%,55%,5%,2102,1986,2102,0.1462,1.00,1.00,1,1.00,1.00,100%,100%,N/A,N/A,N/A,N/A,N/A,N/A,N/A,N/A,N/A,N/A,N/A,N/A,N/A,N/A,N/A,N/A,N/A,N/A,N/A,N/A,N/A,N/A,N/A,N/A,N/A
F08-Rosenbrock,moderate-cond,unimodal|non-separable|bent-valley,DE,0.188,1.2377e-03,0.0000e+00,100%,95%,95%,95%,95%,90%,90%,1030,986,1293,0.1899,0.95,0.95,1,0.95,0.95,95%,95%,N/A,N/A,N/A,N/A,N/A,N/A,N/A,N/A,N/A,N/A,N/A,N/A,N/A,N/A,N/A,N/A,N/A,N/A,N/A,N/A,N/A,N/A,N/A,N/A,N/A
F08-Rosenbrock,moderate-cond,unimodal|non-separable|bent-valley,L-SHADE,0.257,0.0000e+00,0.0000e+00,100%,100%,100%,100%,100%,100%,100%,1904,1814,1904,0.1395,1.00,1.00,1,1.00,1.00,100%,100%,N/A,N/A,N/A,N/A,N/A,N/A,N/A,N/A,N/A,N/A,N/A,N/A,N/A,N/A,N/A,N/A,N/A,N/A,N/A,N/A,N/A,N/A,N/A,N/A,N/A
F08-Rosenbrock,moderate-cond,unimodal|non-separable|bent-valley,SaVOA,0.100,0.0000e+00,0.0000e+00,100%,100%,100%,100%,100%,100%,100%,1048,1096,1048,0.1992,1.00,1.00,1,1.00,1.00,100%,100%,N/A,N/A,N/A,N/A,N/A,N/A,N/A,N/A,N/A,N/A,N/A,N/A,N/A,N/A,N/A,N/A,N/A,N/A,N/A,N/A,N/A,N/A,N/A,N/A,N/A
F08-Rosenbrock,moderate-cond,unimodal|non-separable|bent-valley,NM-Restart,0.160,0.0000e+00,0.0000e+00,100%,100%,100%,100%,100%,100%,100%,115,101,115,0.4475,1.00,1.00,1,1.00,1.00,100%,100%,N/A,N/A,N/A,N/A,N/A,N/A,N/A,N/A,N/A,N/A,N/A,N/A,N/A,N/A,N/A,N/A,N/A,N/A,N/A,N/A,N/A,N/A,N/A,N/A,N/A
F08-Rosenbrock,moderate-cond,unimodal|non-separable|bent-valley,MC-ESO,1.098,0.0000e+00,0.0000e+00,100%,100%,100%,100%,100%,100%,100%,475,396,475,0.2899,1.00,1.00,1,1.00,1.00,100%,100%,N/A,N/A,N/A,N/A,N/A,N/A,N/A,N/A,N/A,N/A,N/A,N/A,N/A,N/A,N/A,N/A,N/A,N/A,N/A,N/A,N/A,N/A,N/A,N/A,N/A
F12-BentCigar,ill-cond,unimodal|non-separable|ill-conditioned|bent-valley,EA4eig,0.217,0.0000e+00,0.0000e+00,100%,100%,100%,100%,100%,100%,100%,2269,2448,2269,0.1036,1.00,1.00,1,1.00,1.00,100%,100%,N/A,N/A,N/A,N/A,N/A,N/A,N/A,N/A,N/A,N/A,N/A,N/A,N/A,N/A,N/A,N/A,N/A,N/A,N/A,N/A,N/A,N/A,N/A,N/A,N/A
F12-BentCigar,ill-cond,unimodal|non-separable|ill-conditioned|bent-valley,EA4eig-jSO-IDEbd,0.251,0.0000e+00,0.0000e+00,100%,100%,100%,100%,100%,100%,100%,2395,2462,2395,0.0906,1.00,1.00,1,1.00,1.00,100%,100%,N/A,N/A,N/A,N/A,N/A,N/A,N/A,N/A,N/A,N/A,N/A,N/A,N/A,N/A,N/A,N/A,N/A,N/A,N/A,N/A,N/A,N/A,N/A,N/A,N/A
F12-BentCigar,ill-cond,unimodal|non-separable|ill-conditioned|bent-valley,EA4eig-Simpl,0.238,0.0000e+00,0.0000e+00,100%,100%,100%,100%,100%,100%,100%,1986,1974,1986,0.1146,1.00,1.00,1,1.00,1.00,100%,100%,N/A,N/A,N/A,N/A,N/A,N/A,N/A,N/A,N/A,N/A,N/A,N/A,N/A,N/A,N/A,N/A,N/A,N/A,N/A,N/A,N/A,N/A,N/A,N/A,N/A
F12-BentCigar,ill-cond,unimodal|non-separable|ill-conditioned|bent-valley,LSHADE-SPACMA,0.168,0.0000e+00,0.0000e+00,100%,100%,100%,100%,100%,100%,100%,861,870,861,0.2044,1.00,1.00,1,1.00,1.00,100%,100%,N/A,N/A,N/A,N/A,N/A,N/A,N/A,N/A,N/A,N/A,N/A,N/A,N/A,N/A,N/A,N/A,N/A,N/A,N/A,N/A,N/A,N/A,N/A,N/A,N/A
F12-BentCigar,ill-cond,unimodal|non-separable|ill-conditioned|bent-valley,AMALGAM-SO,0.329,0.0000e+00,0.0000e+00,100%,100%,100%,100%,100%,100%,100%,611,557,611,0.2539,1.00,1.00,1,1.00,1.00,100%,100%,N/A,N/A,N/A,N/A,N/A,N/A,N/A,N/A,N/A,N/A,N/A,N/A,N/A,N/A,N/A,N/A,N/A,N/A,N/A,N/A,N/A,N/A,N/A,N/A,N/A
F12-BentCigar,ill-cond,unimodal|non-separable|ill-conditioned|bent-valley,AMALGAM-SO-DE,0.299,0.0000e+00,0.0000e+00,100%,100%,100%,100%,100%,100%,100%,558,524,558,0.2646,1.00,1.00,1,1.00,1.00,100%,100%,N/A,N/A,N/A,N/A,N/A,N/A,N/A,N/A,N/A,N/A,N/A,N/A,N/A,N/A,N/A,N/A,N/A,N/A,N/A,N/A,N/A,N/A,N/A,N/A,N/A
F12-BentCigar,ill-cond,unimodal|non-separable|ill-conditioned|bent-valley,HSES,0.016,7.1247e-06,3.0357e-06,100%,100%,100%,100%,85%,0%,0%,3540,3535,3540,0.0541,1.00,1.00,1,1.00,1.00,100%,100%,N/A,N/A,N/A,N/A,N/A,N/A,N/A,N/A,N/A,N/A,N/A,N/A,N/A,N/A,N/A,N/A,N/A,N/A,N/A,N/A,N/A,N/A,N/A,N/A,N/A
F12-BentCigar,ill-cond,unimodal|non-separable|ill-conditioned|bent-valley,ICMAES-ILS,0.503,0.0000e+00,0.0000e+00,100%,100%,100%,100%,100%,100%,100%,374,369,374,0.2862,1.00,1.00,1,1.00,1.00,100%,100%,N/A,N/A,N/A,N/A,N/A,N/A,N/A,N/A,N/A,N/A,N/A,N/A,N/A,N/A,N/A,N/A,N/A,N/A,N/A,N/A,N/A,N/A,N/A,N/A,N/A
F12-BentCigar,ill-cond,unimodal|non-separable|ill-conditioned|bent-valley,MOS,0.334,0.0000e+00,0.0000e+00,100%,100%,100%,100%,100%,100%,100%,683,671,683,0.2362,1.00,1.00,1,1.00,1.00,100%,100%,N/A,N/A,N/A,N/A,N/A,N/A,N/A,N/A,N/A,N/A,N/A,N/A,N/A,N/A,N/A,N/A,N/A,N/A,N/A,N/A,N/A,N/A,N/A,N/A,N/A
F12-BentCigar,ill-cond,unimodal|non-separable|ill-conditioned|bent-valley,UMOEA-II,0.977,0.0000e+00,0.0000e+00,100%,100%,100%,100%,100%,100%,100%,1829,1774,1829,0.1253,1.00,1.00,1,1.00,1.00,100%,100%,N/A,N/A,N/A,N/A,N/A,N/A,N/A,N/A,N/A,N/A,N/A,N/A,N/A,N/A,N/A,N/A,N/A,N/A,N/A,N/A,N/A,N/A,N/A,N/A,N/A
F12-BentCigar,ill-cond,unimodal|non-separable|ill-conditioned|bent-valley,EBOwithCMAR,0.337,0.0000e+00,0.0000e+00,100%,100%,100%,100%,100%,100%,100%,1523,1520,1523,0.1414,1.00,1.00,1,1.00,1.00,100%,100%,N/A,N/A,N/A,N/A,N/A,N/A,N/A,N/A,N/A,N/A,N/A,N/A,N/A,N/A,N/A,N/A,N/A,N/A,N/A,N/A,N/A,N/A,N/A,N/A,N/A
F12-BentCigar,ill-cond,unimodal|non-separable|ill-conditioned|bent-valley,HMHH,0.212,4.5922e-09,5.6843e-14,100%,100%,100%,100%,100%,100%,80%,2888,2886,2888,0.0710,1.00,1.00,1,1.00,1.00,100%,100%,N/A,N/A,N/A,N/A,N/A,N/A,N/A,N/A,N/A,N/A,N/A,N/A,N/A,N/A,N/A,N/A,N/A,N/A,N/A,N/A,N/A,N/A,N/A,N/A,N/A
F12-BentCigar,ill-cond,unimodal|non-separable|ill-conditioned|bent-valley,HMHH-random,0.216,4.9198e-11,1.1596e-11,100%,100%,100%,100%,100%,100%,80%,2505,2520,2505,0.0888,1.00,1.00,1,1.00,1.00,100%,100%,N/A,N/A,N/A,N/A,N/A,N/A,N/A,N/A,N/A,N/A,N/A,N/A,N/A,N/A,N/A,N/A,N/A,N/A,N/A,N/A,N/A,N/A,N/A,N/A,N/A
F12-BentCigar,ill-cond,unimodal|non-separable|ill-conditioned|bent-valley,PS-CMA-ES,0.156,4.6366e-02,2.9364e-02,85%,25%,15%,0%,0%,0%,0%,inf,inf,inf,0.0093,0.00,0.00,1,0.25,0.00,25%,0%,N/A,N/A,N/A,N/A,N/A,N/A,N/A,N/A,N/A,N/A,N/A,N/A,N/A,N/A,N/A,N/A,N/A,N/A,N/A,N/A,N/A,N/A,N/A,N/A,N/A
F12-BentCigar,ill-cond,unimodal|non-separable|ill-conditioned|bent-valley,DEPSO,0.126,1.7327e-08,4.2897e-09,100%,100%,100%,100%,100%,95%,5%,2404,2357,2404,0.0915,1.00,1.00,1,1.00,1.00,100%,100%,N/A,N/A,N/A,N/A,N/A,N/A,N/A,N/A,N/A,N/A,N/A,N/A,N/A,N/A,N/A,N/A,N/A,N/A,N/A,N/A,N/A,N/A,N/A,N/A,N/A
F12-BentCigar,ill-cond,unimodal|non-separable|ill-conditioned|bent-valley,jSO,0.259,0.0000e+00,0.0000e+00,100%,100%,100%,100%,100%,100%,100%,1022,1026,1022,0.1873,1.00,1.00,1,1.00,1.00,100%,100%,N/A,N/A,N/A,N/A,N/A,N/A,N/A,N/A,N/A,N/A,N/A,N/A,N/A,N/A,N/A,N/A,N/A,N/A,N/A,N/A,N/A,N/A,N/A,N/A,N/A
F12-BentCigar,ill-cond,unimodal|non-separable|ill-conditioned|bent-valley,L-SRTDE,0.254,0.0000e+00,0.0000e+00,100%,100%,100%,100%,100%,100%,100%,742,755,742,0.2239,1.00,1.00,1,1.00,1.00,100%,100%,N/A,N/A,N/A,N/A,N/A,N/A,N/A,N/A,N/A,N/A,N/A,N/A,N/A,N/A,N/A,N/A,N/A,N/A,N/A,N/A,N/A,N/A,N/A,N/A,N/A
F12-BentCigar,ill-cond,unimodal|non-separable|ill-conditioned|bent-valley,IMODE,0.254,0.0000e+00,0.0000e+00,100%,100%,100%,100%,100%,100%,100%,1522,1526,1522,0.1440,1.00,1.00,1,1.00,1.00,100%,100%,N/A,N/A,N/A,N/A,N/A,N/A,N/A,N/A,N/A,N/A,N/A,N/A,N/A,N/A,N/A,N/A,N/A,N/A,N/A,N/A,N/A,N/A,N/A,N/A,N/A
F12-BentCigar,ill-cond,unimodal|non-separable|ill-conditioned|bent-valley,ELSHADE-SPACMA,0.202,0.0000e+00,0.0000e+00,100%,100%,100%,100%,100%,100%,100%,1374,1380,1374,0.1539,1.00,1.00,1,1.00,1.00,100%,100%,N/A,N/A,N/A,N/A,N/A,N/A,N/A,N/A,N/A,N/A,N/A,N/A,N/A,N/A,N/A,N/A,N/A,N/A,N/A,N/A,N/A,N/A,N/A,N/A,N/A
F12-BentCigar,ill-cond,unimodal|non-separable|ill-conditioned|bent-valley,APGSK-IMODE,0.140,0.0000e+00,0.0000e+00,100%,100%,100%,100%,100%,100%,100%,2254,2247,2254,0.0987,1.00,1.00,1,1.00,1.00,100%,100%,N/A,N/A,N/A,N/A,N/A,N/A,N/A,N/A,N/A,N/A,N/A,N/A,N/A,N/A,N/A,N/A,N/A,N/A,N/A,N/A,N/A,N/A,N/A,N/A,N/A
F12-BentCigar,ill-cond,unimodal|non-separable|ill-conditioned|bent-valley,SPS-L-SHADE-EIG,0.280,0.0000e+00,0.0000e+00,100%,100%,100%,100%,100%,100%,100%,1638,1619,1638,0.1323,1.00,1.00,1,1.00,1.00,100%,100%,N/A,N/A,N/A,N/A,N/A,N/A,N/A,N/A,N/A,N/A,N/A,N/A,N/A,N/A,N/A,N/A,N/A,N/A,N/A,N/A,N/A,N/A,N/A,N/A,N/A
F12-BentCigar,ill-cond,unimodal|non-separable|ill-conditioned|bent-valley,CoBiDE,0.137,1.5430e-08,3.6738e-09,100%,100%,100%,100%,100%,95%,0%,2914,2920,2914,0.0677,1.00,1.00,1,1.00,1.00,100%,100%,N/A,N/A,N/A,N/A,N/A,N/A,N/A,N/A,N/A,N/A,N/A,N/A,N/A,N/A,N/A,N/A,N/A,N/A,N/A,N/A,N/A,N/A,N/A,N/A,N/A
F12-BentCigar,ill-cond,unimodal|non-separable|ill-conditioned|bent-valley,LSHADE-cnEpSin,1.926,0.0000e+00,0.0000e+00,100%,100%,100%,100%,100%,100%,100%,1317,1323,1317,0.1571,1.00,1.00,1,1.00,1.00,100%,100%,N/A,N/A,N/A,N/A,N/A,N/A,N/A,N/A,N/A,N/A,N/A,N/A,N/A,N/A,N/A,N/A,N/A,N/A,N/A,N/A,N/A,N/A,N/A,N/A,N/A
F12-BentCigar,ill-cond,unimodal|non-separable|ill-conditioned|bent-valley,CMA-ES,1.103,0.0000e+00,0.0000e+00,100%,100%,100%,100%,100%,100%,100%,386,389,386,0.2988,1.00,1.00,1,1.00,1.00,100%,100%,N/A,N/A,N/A,N/A,N/A,N/A,N/A,N/A,N/A,N/A,N/A,N/A,N/A,N/A,N/A,N/A,N/A,N/A,N/A,N/A,N/A,N/A,N/A,N/A,N/A
F12-BentCigar,ill-cond,unimodal|non-separable|ill-conditioned|bent-valley,IPOP-CMA-ES,0.480,0.0000e+00,0.0000e+00,100%,100%,100%,100%,100%,100%,100%,383,358,383,0.2998,1.00,1.00,1,1.00,1.00,100%,100%,N/A,N/A,N/A,N/A,N/A,N/A,N/A,N/A,N/A,N/A,N/A,N/A,N/A,N/A,N/A,N/A,N/A,N/A,N/A,N/A,N/A,N/A,N/A,N/A,N/A
F12-BentCigar,ill-cond,unimodal|non-separable|ill-conditioned|bent-valley,BIPOP-CMA-ES,0.617,0.0000e+00,0.0000e+00,100%,100%,100%,100%,100%,100%,100%,383,358,383,0.2998,1.00,1.00,1,1.00,1.00,100%,100%,N/A,N/A,N/A,N/A,N/A,N/A,N/A,N/A,N/A,N/A,N/A,N/A,N/A,N/A,N/A,N/A,N/A,N/A,N/A,N/A,N/A,N/A,N/A,N/A,N/A
F12-BentCigar,ill-cond,unimodal|non-separable|ill-conditioned|bent-valley,PSO,0.018,9.7853e-05,8.5987e-10,100%,100%,95%,95%,95%,90%,35%,2493,2492,2756,0.0814,0.95,0.95,1,1.00,0.95,100%,95%,N/A,N/A,N/A,N/A,N/A,N/A,N/A,N/A,N/A,N/A,N/A,N/A,N/A,N/A,N/A,N/A,N/A,N/A,N/A,N/A,N/A,N/A,N/A,N/A,N/A
F12-BentCigar,ill-cond,unimodal|non-separable|ill-conditioned|bent-valley,DE,0.164,0.0000e+00,0.0000e+00,100%,100%,100%,100%,100%,100%,100%,990,998,990,0.1845,1.00,1.00,1,1.00,1.00,100%,100%,N/A,N/A,N/A,N/A,N/A,N/A,N/A,N/A,N/A,N/A,N/A,N/A,N/A,N/A,N/A,N/A,N/A,N/A,N/A,N/A,N/A,N/A,N/A,N/A,N/A
F12-BentCigar,ill-cond,unimodal|non-separable|ill-conditioned|bent-valley,L-SHADE,0.249,0.0000e+00,0.0000e+00,100%,100%,100%,100%,100%,100%,100%,2010,2008,2010,0.1150,1.00,1.00,1,1.00,1.00,100%,100%,N/A,N/A,N/A,N/A,N/A,N/A,N/A,N/A,N/A,N/A,N/A,N/A,N/A,N/A,N/A,N/A,N/A,N/A,N/A,N/A,N/A,N/A,N/A,N/A,N/A
F12-BentCigar,ill-cond,unimodal|non-separable|ill-conditioned|bent-valley,SaVOA,0.078,5.2906e-01,0.0000e+00,95%,95%,95%,95%,95%,90%,90%,1558,926,1822,0.1535,0.95,0.95,1,0.95,0.95,95%,95%,N/A,N/A,N/A,N/A,N/A,N/A,N/A,N/A,N/A,N/A,N/A,N/A,N/A,N/A,N/A,N/A,N/A,N/A,N/A,N/A,N/A,N/A,N/A,N/A,N/A
F12-BentCigar,ill-cond,unimodal|non-separable|ill-conditioned|bent-valley,NM-Restart,0.158,0.0000e+00,0.0000e+00,100%,100%,100%,100%,100%,100%,100%,194,112,194,0.4117,1.00,1.00,1,1.00,1.00,100%,100%,N/A,N/A,N/A,N/A,N/A,N/A,N/A,N/A,N/A,N/A,N/A,N/A,N/A,N/A,N/A,N/A,N/A,N/A,N/A,N/A,N/A,N/A,N/A,N/A,N/A
F12-BentCigar,ill-cond,unimodal|non-separable|ill-conditioned|bent-valley,MC-ESO,1.290,0.0000e+00,0.0000e+00,100%,100%,100%,100%,100%,100%,100%,480,492,480,0.2783,1.00,1.00,1,1.00,1.00,100%,100%,N/A,N/A,N/A,N/A,N/A,N/A,N/A,N/A,N/A,N/A,N/A,N/A,N/A,N/A,N/A,N/A,N/A,N/A,N/A,N/A,N/A,N/A,N/A,N/A,N/A
F18-SchafferF7ill,multimodal,multimodal|non-separable|global-structure|ill-conditioned,EA4eig,0.235,3.5296e-06,6.3961e-07,100%,100%,100%,100%,85%,35%,20%,3886,4252,3886,0.0512,1.00,1.00,1,1.00,1.00,100%,100%,N/A,N/A,N/A,N/A,N/A,N/A,N/A,N/A,N/A,N/A,N/A,N/A,N/A,N/A,N/A,N/A,N/A,N/A,N/A,N/A,N/A,N/A,N/A,N/A,N/A
F18-SchafferF7ill,multimodal,multimodal|non-separable|global-structure|ill-conditioned,EA4eig-jSO-IDEbd,0.273,1.2027e-05,7.2962e-06,100%,100%,100%,100%,65%,0%,0%,4006,3958,4006,0.0425,1.00,1.00,1,1.00,1.00,100%,100%,N/A,N/A,N/A,N/A,N/A,N/A,N/A,N/A,N/A,N/A,N/A,N/A,N/A,N/A,N/A,N/A,N/A,N/A,N/A,N/A,N/A,N/A,N/A,N/A,N/A
F18-SchafferF7ill,multimodal,multimodal|non-separable|global-structure|ill-conditioned,EA4eig-Simpl,0.193,3.4923e-13,3.5527e-15,100%,100%,100%,100%,100%,100%,100%,3125,3136,3125,0.0651,1.00,1.00,1,1.00,1.00,100%,100%,N/A,N/A,N/A,N/A,N/A,N/A,N/A,N/A,N/A,N/A,N/A,N/A,N/A,N/A,N/A,N/A,N/A,N/A,N/A,N/A,N/A,N/A,N/A,N/A,N/A
F18-SchafferF7ill,multimodal,multimodal|non-separable|global-structure|ill-conditioned,LSHADE-SPACMA,0.139,0.0000e+00,0.0000e+00,100%,100%,100%,100%,100%,100%,100%,1296,1288,1296,0.1631,1.00,1.00,1,1.00,1.00,100%,100%,N/A,N/A,N/A,N/A,N/A,N/A,N/A,N/A,N/A,N/A,N/A,N/A,N/A,N/A,N/A,N/A,N/A,N/A,N/A,N/A,N/A,N/A,N/A,N/A,N/A
F18-SchafferF7ill,multimodal,multimodal|non-separable|global-structure|ill-conditioned,AMALGAM-SO,0.345,7.6569e-10,6.2402e-10,100%,100%,100%,100%,100%,100%,5%,1142,1104,1142,0.1682,1.00,1.00,1,1.00,1.00,100%,100%,N/A,N/A,N/A,N/A,N/A,N/A,N/A,N/A,N/A,N/A,N/A,N/A,N/A,N/A,N/A,N/A,N/A,N/A,N/A,N/A,N/A,N/A,N/A,N/A,N/A
F18-SchafferF7ill,multimodal,multimodal|non-separable|global-structure|ill-conditioned,AMALGAM-SO-DE,0.347,1.4409e-06,6.0711e-10,100%,100%,100%,100%,95%,95%,5%,1443,1182,1443,0.1533,1.00,1.00,1,1.00,1.00,100%,100%,N/A,N/A,N/A,N/A,N/A,N/A,N/A,N/A,N/A,N/A,N/A,N/A,N/A,N/A,N/A,N/A,N/A,N/A,N/A,N/A,N/A,N/A,N/A,N/A,N/A
F18-SchafferF7ill,multimodal,multimodal|non-separable|global-structure|ill-conditioned,HSES,0.018,1.0489e-01,2.7324e-02,75%,35%,5%,0%,0%,0%,0%,inf,inf,inf,0.0127,0.00,0.00,1,0.35,0.00,35%,0%,N/A,N/A,N/A,N/A,N/A,N/A,N/A,N/A,N/A,N/A,N/A,N/A,N/A,N/A,N/A,N/A,N/A,N/A,N/A,N/A,N/A,N/A,N/A,N/A,N/A
F18-SchafferF7ill,multimodal,multimodal|non-separable|global-structure|ill-conditioned,ICMAES-ILS,0.370,1.4924e-01,7.1499e-02,55%,45%,45%,45%,45%,40%,30%,2788,2620,8899,0.0631,0.45,0.45,1,0.45,0.45,45%,45%,N/A,N/A,N/A,N/A,N/A,N/A,N/A,N/A,N/A,N/A,N/A,N/A,N/A,N/A,N/A,N/A,N/A,N/A,N/A,N/A,N/A,N/A,N/A,N/A,N/A
F18-SchafferF7ill,multimodal,multimodal|non-separable|global-structure|ill-conditioned,MOS,0.344,1.5215e-08,0.0000e+00,100%,100%,100%,100%,100%,95%,95%,1451,1192,1451,0.1624,1.00,1.00,1,1.00,1.00,100%,100%,N/A,N/A,N/A,N/A,N/A,N/A,N/A,N/A,N/A,N/A,N/A,N/A,N/A,N/A,N/A,N/A,N/A,N/A,N/A,N/A,N/A,N/A,N/A,N/A,N/A
F18-SchafferF7ill,multimodal,multimodal|non-separable|global-structure|ill-conditioned,UMOEA-II,1.060,7.3897e-05,5.3442e-07,100%,100%,100%,85%,80%,25%,0%,3139,3113,4022,0.0613,0.85,0.85,1,1.00,0.85,100%,85%,N/A,N/A,N/A,N/A,N/A,N/A,N/A,N/A,N/A,N/A,N/A,N/A,N/A,N/A,N/A,N/A,N/A,N/A,N/A,N/A,N/A,N/A,N/A,N/A,N/A
F18-SchafferF7ill,multimodal,multimodal|non-separable|global-structure|ill-conditioned,EBOwithCMAR,0.341,1.6769e-10,1.7680e-11,100%,100%,100%,100%,100%,100%,70%,3112,3120,3112,0.0673,1.00,1.00,1,1.00,1.00,100%,100%,N/A,N/A,N/A,N/A,N/A,N/A,N/A,N/A,N/A,N/A,N/A,N/A,N/A,N/A,N/A,N/A,N/A,N/A,N/A,N/A,N/A,N/A,N/A,N/A,N/A
F18-SchafferF7ill,multimodal,multimodal|non-separable|global-structure|ill-conditioned,HMHH,0.229,7.6995e-03,3.0519e-05,100%,85%,75%,65%,30%,10%,0%,4175,4122,6867,0.0355,0.65,0.65,1,0.85,0.65,85%,65%,N/A,N/A,N/A,N/A,N/A,N/A,N/A,N/A,N/A,N/A,N/A,N/A,N/A,N/A,N/A,N/A,N/A,N/A,N/A,N/A,N/A,N/A,N/A,N/A,N/A
F18-SchafferF7ill,multimodal,multimodal|non-separable|global-structure|ill-conditioned,HMHH-random,0.220,1.6350e-03,1.7063e-04,100%,95%,80%,40%,5%,0%,0%,4591,4594,12091,0.0311,0.40,0.40,1,0.95,0.40,95%,40%,N/A,N/A,N/A,N/A,N/A,N/A,N/A,N/A,N/A,N/A,N/A,N/A,N/A,N/A,N/A,N/A,N/A,N/A,N/A,N/A,N/A,N/A,N/A,N/A,N/A
F18-SchafferF7ill,multimodal,multimodal|non-separable|global-structure|ill-conditioned,PS-CMA-ES,0.124,1.1394e-02,6.9741e-03,100%,75%,10%,0%,0%,0%,0%,inf,inf,inf,0.0143,0.00,0.00,1,0.75,0.00,75%,0%,N/A,N/A,N/A,N/A,N/A,N/A,N/A,N/A,N/A,N/A,N/A,N/A,N/A,N/A,N/A,N/A,N/A,N/A,N/A,N/A,N/A,N/A,N/A,N/A,N/A
F18-SchafferF7ill,multimodal,multimodal|non-separable|global-structure|ill-conditioned,DEPSO,0.103,3.1622e-01,9.8340e-04,95%,95%,60%,0%,0%,0%,0%,inf,inf,inf,0.0340,0.00,0.00,1,0.95,0.00,95%,0%,N/A,N/A,N/A,N/A,N/A,N/A,N/A,N/A,N/A,N/A,N/A,N/A,N/A,N/A,N/A,N/A,N/A,N/A,N/A,N/A,N/A,N/A,N/A,N/A,N/A
F18-SchafferF7ill,multimodal,multimodal|non-separable|global-structure|ill-conditioned,jSO,0.228,0.0000e+00,0.0000e+00,100%,100%,100%,100%,100%,100%,100%,1962,1964,1962,0.1225,1.00,1.00,1,1.00,1.00,100%,100%,N/A,N/A,N/A,N/A,N/A,N/A,N/A,N/A,N/A,N/A,N/A,N/A,N/A,N/A,N/A,N/A,N/A,N/A,N/A,N/A,N/A,N/A,N/A,N/A,N/A
F18-SchafferF7ill,multimodal,multimodal|non-separable|global-structure|ill-conditioned,L-SRTDE,0.271,0.0000e+00,0.0000e+00,100%,100%,100%,100%,100%,100%,100%,1227,1218,1227,0.1731,1.00,1.00,1,1.00,1.00,100%,100%,N/A,N/A,N/A,N/A,N/A,N/A,N/A,N/A,N/A,N/A,N/A,N/A,N/A,N/A,N/A,N/A,N/A,N/A,N/A,N/A,N/A,N/A,N/A,N/A,N/A
F18-SchafferF7ill,multimodal,multimodal|non-separable|global-structure|ill-conditioned,IMODE,0.274,2.8778e-06,3.7303e-14,100%,100%,100%,100%,90%,90%,90%,3156,3156,3156,0.0644,1.00,1.00,1,1.00,1.00,100%,100%,N/A,N/A,N/A,N/A,N/A,N/A,N/A,N/A,N/A,N/A,N/A,N/A,N/A,N/A,N/A,N/A,N/A,N/A,N/A,N/A,N/A,N/A,N/A,N/A,N/A
F18-SchafferF7ill,multimodal,multimodal|non-separable|global-structure|ill-conditioned,ELSHADE-SPACMA,0.233,0.0000e+00,0.0000e+00,100%,100%,100%,100%,100%,100%,100%,2005,1978,2005,0.1147,1.00,1.00,1,1.00,1.00,100%,100%,N/A,N/A,N/A,N/A,N/A,N/A,N/A,N/A,N/A,N/A,N/A,N/A,N/A,N/A,N/A,N/A,N/A,N/A,N/A,N/A,N/A,N/A,N/A,N/A,N/A
F18-SchafferF7ill,multimodal,multimodal|non-separable|global-structure|ill-conditioned,APGSK-IMODE,0.183,7.2935e-06,1.1593e-07,100%,100%,100%,100%,75%,45%,0%,4026,4095,4026,0.0377,1.00,1.00,1,1.00,1.00,100%,100%,N/A,N/A,N/A,N/A,N/A,N/A,N/A,N/A,N/A,N/A,N/A,N/A,N/A,N/A,N/A,N/A,N/A,N/A,N/A,N/A,N/A,N/A,N/A,N/A,N/A
F18-SchafferF7ill,multimodal,multimodal|non-separable|global-structure|ill-conditioned,SPS-L-SHADE-EIG,0.229,2.8901e-06,1.1818e-10,100%,100%,100%,100%,90%,85%,50%,3627,3642,3627,0.0599,1.00,1.00,1,1.00,1.00,100%,100%,N/A,N/A,N/A,N/A,N/A,N/A,N/A,N/A,N/A,N/A,N/A,N/A,N/A,N/A,N/A,N/A,N/A,N/A,N/A,N/A,N/A,N/A,N/A,N/A,N/A
F18-SchafferF7ill,multimodal,multimodal|non-separable|global-structure|ill-conditioned,CoBiDE,0.167,2.1002e-03,1.3311e-03,100%,100%,25%,0%,0%,0%,0%,inf,inf,inf,0.0223,0.00,0.00,1,1.00,0.00,100%,0%,N/A,N/A,N/A,N/A,N/A,N/A,N/A,N/A,N/A,N/A,N/A,N/A,N/A,N/A,N/A,N/A,N/A,N/A,N/A,N/A,N/A,N/A,N/A,N/A,N/A
F18-SchafferF7ill,multimodal,multimodal|non-separable|global-structure|ill-conditioned,LSHADE-cnEpSin,2.103,1.2434e-15,0.0000e+00,100%,100%,100%,100%,100%,100%,100%,2731,2760,2731,0.0872,1.00,1.00,1,1.00,1.00,100%,100%,N/A,N/A,N/A,N/A,N/A,N/A,N/A,N/A,N/A,N/A,N/A,N/A,N/A,N/A,N/A,N/A,N/A,N/A,N/A,N/A,N/A,N/A,N/A,N/A,N/A
F18-SchafferF7ill,multimodal,multimodal|non-separable|global-structure|ill-conditioned,CMA-ES,2.435,1.8200e+00,1.0745e-01,50%,35%,30%,5%,0%,0%,0%,424,424,95424,0.0533,0.05,0.05,1,0.35,0.05,35%,5%,N/A,N/A,N/A,N/A,N/A,N/A,N/A,N/A,N/A,N/A,N/A,N/A,N/A,N/A,N/A,N/A,N/A,N/A,N/A,N/A,N/A,N/A,N/A,N/A,N/A
F18-SchafferF7ill,multimodal,multimodal|non-separable|global-structure|ill-conditioned,IPOP-CMA-ES,0.557,2.5613e-06,1.9877e-12,100%,100%,100%,100%,95%,90%,90%,1658,1394,1658,0.1554,1.00,1.00,1,1.00,1.00,100%,100%,N/A,N/A,N/A,N/A,N/A,N/A,N/A,N/A,N/A,N/A,N/A,N/A,N/A,N/A,N/A,N/A,N/A,N/A,N/A,N/A,N/A,N/A,N/A,N/A,N/A
F18-SchafferF7ill,multimodal,multimodal|non-separable|global-structure|ill-conditioned,BIPOP-CMA-ES,0.626,6.1689e-04,1.6488e-08,100%,100%,90%,90%,75%,60%,40%,2353,2332,2909,0.1218,0.90,0.90,1,1.00,0.90,100%,90%,N/A,N/A,N/A,N/A,N/A,N/A,N/A,N/A,N/A,N/A,N/A,N/A,N/A,N/A,N/A,N/A,N/A,N/A,N/A,N/A,N/A,N/A,N/A,N/A,N/A
F18-SchafferF7ill,multimodal,multimodal|non-separable|global-structure|ill-conditioned,PSO,0.023,1.5040e-02,2.2949e-04,95%,95%,85%,40%,15%,0%,0%,3970,3972,11470,0.0501,0.40,0.40,1,0.95,0.40,95%,40%,N/A,N/A,N/A,N/A,N/A,N/A,N/A,N/A,N/A,N/A,N/A,N/A,N/A,N/A,N/A,N/A,N/A,N/A,N/A,N/A,N/A,N/A,N/A,N/A,N/A
F18-SchafferF7ill,multimodal,multimodal|non-separable|global-structure|ill-conditioned,DE,0.198,3.1447e-12,2.5757e-13,100%,100%,100%,100%,100%,100%,100%,2120,2109,2120,0.1087,1.00,1.00,1,1.00,1.00,100%,100%,N/A,N/A,N/A,N/A,N/A,N/A,N/A,N/A,N/A,N/A,N/A,N/A,N/A,N/A,N/A,N/A,N/A,N/A,N/A,N/A,N/A,N/A,N/A,N/A,N/A
F18-SchafferF7ill,multimodal,multimodal|non-separable|global-structure|ill-conditioned,L-SHADE,0.258,1.0255e-11,1.3145e-13,100%,100%,100%,100%,100%,100%,100%,3299,3304,3299,0.0635,1.00,1.00,1,1.00,1.00,100%,100%,N/A,N/A,N/A,N/A,N/A,N/A,N/A,N/A,N/A,N/A,N/A,N/A,N/A,N/A,N/A,N/A,N/A,N/A,N/A,N/A,N/A,N/A,N/A,N/A,N/A
F18-SchafferF7ill,multimodal,multimodal|non-separable|global-structure|ill-conditioned,SaVOA,0.066,3.1869e-03,2.8778e-05,100%,95%,90%,60%,30%,25%,25%,2687,2066,6020,0.0820,0.60,0.60,1,0.95,0.60,95%,60%,N/A,N/A,N/A,N/A,N/A,N/A,N/A,N/A,N/A,N/A,N/A,N/A,N/A,N/A,N/A,N/A,N/A,N/A,N/A,N/A,N/A,N/A,N/A,N/A,N/A
F18-SchafferF7ill,multimodal,multimodal|non-separable|global-structure|ill-conditioned,NM-Restart,0.144,1.0790e+01,1.8486e+00,0%,0%,0%,0%,0%,0%,0%,inf,inf,inf,0.0000,0.00,0.00,1,0.00,0.00,0%,0%,N/A,N/A,N/A,N/A,N/A,N/A,N/A,N/A,N/A,N/A,N/A,N/A,N/A,N/A,N/A,N/A,N/A,N/A,N/A,N/A,N/A,N/A,N/A,N/A,N/A
F18-SchafferF7ill,multimodal,multimodal|non-separable|global-structure|ill-conditioned,MC-ESO,1.055,1.2905e-05,3.5527e-15,100%,100%,100%,95%,90%,90%,90%,930,885,1193,0.1995,0.95,0.95,1,1.00,0.95,100%,95%,N/A,N/A,N/A,N/A,N/A,N/A,N/A,N/A,N/A,N/A,N/A,N/A,N/A,N/A,N/A,N/A,N/A,N/A,N/A,N/A,N/A,N/A,N/A,N/A,N/A
F24-LunacekRastrigin,weak-structure,multimodal|non-separable|weak-structure|deceptive,EA4eig,0.194,7.1293e-01,2.6412e-01,35%,5%,5%,0%,0%,0%,0%,inf,inf,inf,0.0006,0.00,0.00,1,0.05,0.00,5%,0%,N/A,N/A,N/A,N/A,N/A,N/A,N/A,N/A,N/A,N/A,N/A,N/A,N/A,N/A,N/A,N/A,N/A,N/A,N/A,N/A,N/A,N/A,N/A,N/A,N/A
F24-LunacekRastrigin,weak-structure,multimodal|non-separable|weak-structure|deceptive,EA4eig-jSO-IDEbd,0.236,9.1523e-01,7.0173e-01,15%,0%,0%,0%,0%,0%,0%,inf,inf,inf,0.0001,0.00,0.00,1,0.00,0.00,0%,0%,N/A,N/A,N/A,N/A,N/A,N/A,N/A,N/A,N/A,N/A,N/A,N/A,N/A,N/A,N/A,N/A,N/A,N/A,N/A,N/A,N/A,N/A,N/A,N/A,N/A
F24-LunacekRastrigin,weak-structure,multimodal|non-separable|weak-structure|deceptive,EA4eig-Simpl,0.187,9.8204e-01,8.7630e-01,15%,5%,5%,5%,0%,0%,0%,4986,4986,99986,0.0005,0.05,0.05,1,0.05,0.05,5%,5%,N/A,N/A,N/A,N/A,N/A,N/A,N/A,N/A,N/A,N/A,N/A,N/A,N/A,N/A,N/A,N/A,N/A,N/A,N/A,N/A,N/A,N/A,N/A,N/A,N/A
F24-LunacekRastrigin,weak-structure,multimodal|non-separable|weak-structure|deceptive,LSHADE-SPACMA,0.235,1.5193e+00,2.0095e+00,25%,20%,20%,20%,20%,20%,20%,4050,4148,24050,0.0059,0.20,0.20,1,0.20,0.20,20%,20%,N/A,N/A,N/A,N/A,N/A,N/A,N/A,N/A,N/A,N/A,N/A,N/A,N/A,N/A,N/A,N/A,N/A,N/A,N/A,N/A,N/A,N/A,N/A,N/A,N/A
F24-LunacekRastrigin,weak-structure,multimodal|non-separable|weak-structure|deceptive,AMALGAM-SO,0.360,1.4437e+00,1.7056e+00,0%,0%,0%,0%,0%,0%,0%,inf,inf,inf,0.0000,0.00,0.00,1,0.00,0.00,0%,0%,N/A,N/A,N/A,N/A,N/A,N/A,N/A,N/A,N/A,N/A,N/A,N/A,N/A,N/A,N/A,N/A,N/A,N/A,N/A,N/A,N/A,N/A,N/A,N/A,N/A
F24-LunacekRastrigin,weak-structure,multimodal|non-separable|weak-structure|deceptive,AMALGAM-SO-DE,0.354,1.9283e+00,2.0627e+00,5%,5%,5%,5%,5%,5%,5%,363,363,95363,0.0157,0.05,0.05,1,0.05,0.05,5%,5%,N/A,N/A,N/A,N/A,N/A,N/A,N/A,N/A,N/A,N/A,N/A,N/A,N/A,N/A,N/A,N/A,N/A,N/A,N/A,N/A,N/A,N/A,N/A,N/A,N/A
F24-LunacekRastrigin,weak-structure,multimodal|non-separable|weak-structure|deceptive,HSES,0.018,1.9841e+00,2.1128e+00,0%,0%,0%,0%,0%,0%,0%,inf,inf,inf,0.0000,0.00,0.00,1,0.00,0.00,0%,0%,N/A,N/A,N/A,N/A,N/A,N/A,N/A,N/A,N/A,N/A,N/A,N/A,N/A,N/A,N/A,N/A,N/A,N/A,N/A,N/A,N/A,N/A,N/A,N/A,N/A
F24-LunacekRastrigin,weak-structure,multimodal|non-separable|weak-structure|deceptive,ICMAES-ILS,0.394,1.8325e+00,2.1924e+00,0%,0%,0%,0%,0%,0%,0%,inf,inf,inf,0.0000,0.00,0.00,1,0.00,0.00,0%,0%,N/A,N/A,N/A,N/A,N/A,N/A,N/A,N/A,N/A,N/A,N/A,N/A,N/A,N/A,N/A,N/A,N/A,N/A,N/A,N/A,N/A,N/A,N/A,N/A,N/A
F24-LunacekRastrigin,weak-structure,multimodal|non-separable|weak-structure|deceptive,MOS,0.453,1.7335e+00,2.0219e+00,15%,15%,15%,15%,15%,15%,15%,1415,1393,29749,0.0226,0.15,0.15,1,0.15,0.15,15%,15%,N/A,N/A,N/A,N/A,N/A,N/A,N/A,N/A,N/A,N/A,N/A,N/A,N/A,N/A,N/A,N/A,N/A,N/A,N/A,N/A,N/A,N/A,N/A,N/A,N/A
F24-LunacekRastrigin,weak-structure,multimodal|non-separable|weak-structure|deceptive,UMOEA-II,1.077,8.5746e-01,3.5979e-01,45%,25%,25%,25%,25%,25%,25%,3171,2915,18171,0.0156,0.25,0.25,1,0.25,0.25,25%,25%,N/A,N/A,N/A,N/A,N/A,N/A,N/A,N/A,N/A,N/A,N/A,N/A,N/A,N/A,N/A,N/A,N/A,N/A,N/A,N/A,N/A,N/A,N/A,N/A,N/A
F24-LunacekRastrigin,weak-structure,multimodal|non-separable|weak-structure|deceptive,EBOwithCMAR,0.248,7.3844e-01,5.8066e-02,55%,25%,25%,25%,25%,25%,25%,3985,3938,18985,0.0088,0.25,0.25,1,0.25,0.25,25%,25%,N/A,N/A,N/A,N/A,N/A,N/A,N/A,N/A,N/A,N/A,N/A,N/A,N/A,N/A,N/A,N/A,N/A,N/A,N/A,N/A,N/A,N/A,N/A,N/A,N/A
F24-LunacekRastrigin,weak-structure,multimodal|non-separable|weak-structure|deceptive,HMHH,0.314,1.7123e+00,2.1344e+00,10%,0%,0%,0%,0%,0%,0%,inf,inf,inf,0.0021,0.00,0.00,1,0.00,0.00,0%,0%,N/A,N/A,N/A,N/A,N/A,N/A,N/A,N/A,N/A,N/A,N/A,N/A,N/A,N/A,N/A,N/A,N/A,N/A,N/A,N/A,N/A,N/A,N/A,N/A,N/A
F24-LunacekRastrigin,weak-structure,multimodal|non-separable|weak-structure|deceptive,HMHH-random,0.270,1.4172e+00,2.0367e+00,30%,5%,0%,0%,0%,0%,0%,inf,inf,inf,0.0039,0.00,0.00,1,0.05,0.00,5%,0%,N/A,N/A,N/A,N/A,N/A,N/A,N/A,N/A,N/A,N/A,N/A,N/A,N/A,N/A,N/A,N/A,N/A,N/A,N/A,N/A,N/A,N/A,N/A,N/A,N/A
F24-LunacekRastrigin,weak-structure,multimodal|non-separable|weak-structure|deceptive,PS-CMA-ES,0.139,7.2734e-01,5.2300e-01,5%,0%,0%,0%,0%,0%,0%,inf,inf,inf,0.0007,0.00,0.00,1,0.00,0.00,0%,0%,N/A,N/A,N/A,N/A,N/A,N/A,N/A,N/A,N/A,N/A,N/A,N/A,N/A,N/A,N/A,N/A,N/A,N/A,N/A,N/A,N/A,N/A,N/A,N/A,N/A
F24-LunacekRastrigin,weak-structure,multimodal|non-separable|weak-structure|deceptive,DEPSO,0.140,1.4616e+00,2.0224e+00,20%,5%,5%,0%,0%,0%,0%,inf,inf,inf,0.0032,0.00,0.00,1,0.05,0.00,5%,0%,N/A,N/A,N/A,N/A,N/A,N/A,N/A,N/A,N/A,N/A,N/A,N/A,N/A,N/A,N/A,N/A,N/A,N/A,N/A,N/A,N/A,N/A,N/A,N/A,N/A
F24-LunacekRastrigin,weak-structure,multimodal|non-separable|weak-structure|deceptive,jSO,0.203,1.5540e+00,2.0325e+00,25%,15%,10%,5%,5%,5%,5%,3822,3822,98822,0.0021,0.05,0.05,1,0.15,0.05,15%,5%,N/A,N/A,N/A,N/A,N/A,N/A,N/A,N/A,N/A,N/A,N/A,N/A,N/A,N/A,N/A,N/A,N/A,N/A,N/A,N/A,N/A,N/A,N/A,N/A,N/A
F24-LunacekRastrigin,weak-structure,multimodal|non-separable|weak-structure|deceptive,L-SRTDE,0.245,1.3368e+00,2.0121e+00,30%,25%,25%,25%,25%,25%,25%,2698,2589,17698,0.0216,0.25,0.25,1,0.25,0.25,25%,25%,N/A,N/A,N/A,N/A,N/A,N/A,N/A,N/A,N/A,N/A,N/A,N/A,N/A,N/A,N/A,N/A,N/A,N/A,N/A,N/A,N/A,N/A,N/A,N/A,N/A
F24-LunacekRastrigin,weak-structure,multimodal|non-separable|weak-structure|deceptive,IMODE,0.256,6.8359e-01,2.3226e-02,55%,20%,20%,20%,20%,20%,20%,3880,4122,23823,0.0096,0.20,0.20,1,0.20,0.20,20%,20%,N/A,N/A,N/A,N/A,N/A,N/A,N/A,N/A,N/A,N/A,N/A,N/A,N/A,N/A,N/A,N/A,N/A,N/A,N/A,N/A,N/A,N/A,N/A,N/A,N/A
F24-LunacekRastrigin,weak-structure,multimodal|non-separable|weak-structure|deceptive,ELSHADE-SPACMA,0.177,1.5242e+00,2.0095e+00,20%,15%,15%,15%,15%,15%,10%,4428,4465,32761,0.0028,0.15,0.15,1,0.15,0.15,15%,15%,N/A,N/A,N/A,N/A,N/A,N/A,N/A,N/A,N/A,N/A,N/A,N/A,N/A,N/A,N/A,N/A,N/A,N/A,N/A,N/A,N/A,N/A,N/A,N/A,N/A
F24-LunacekRastrigin,weak-structure,multimodal|non-separable|weak-structure|deceptive,APGSK-IMODE,0.145,3.9259e-01,1.5771e-01,45%,5%,5%,5%,5%,5%,5%,4375,4375,99375,0.0022,0.05,0.05,1,0.05,0.05,5%,5%,N/A,N/A,N/A,N/A,N/A,N/A,N/A,N/A,N/A,N/A,N/A,N/A,N/A,N/A,N/A,N/A,N/A,N/A,N/A,N/A,N/A,N/A,N/A,N/A,N/A
F24-LunacekRastrigin,weak-structure,multimodal|non-separable|weak-structure|deceptive,SPS-L-SHADE-EIG,0.223,9.1698e-01,4.4639e-01,40%,15%,15%,15%,15%,5%,0%,4406,4425,32739,0.0036,0.15,0.15,1,0.15,0.15,15%,15%,N/A,N/A,N/A,N/A,N/A,N/A,N/A,N/A,N/A,N/A,N/A,N/A,N/A,N/A,N/A,N/A,N/A,N/A,N/A,N/A,N/A,N/A,N/A,N/A,N/A
F24-LunacekRastrigin,weak-structure,multimodal|non-separable|weak-structure|deceptive,CoBiDE,0.161,1.0560e+00,9.2653e-01,5%,0%,0%,0%,0%,0%,0%,inf,inf,inf,0.0001,0.00,0.00,1,0.00,0.00,0%,0%,N/A,N/A,N/A,N/A,N/A,N/A,N/A,N/A,N/A,N/A,N/A,N/A,N/A,N/A,N/A,N/A,N/A,N/A,N/A,N/A,N/A,N/A,N/A,N/A,N/A
F24-LunacekRastrigin,weak-structure,multimodal|non-separable|weak-structure|deceptive,LSHADE-cnEpSin,2.025,1.6224e+00,2.0084e+00,20%,15%,10%,10%,10%,10%,10%,4043,4043,49043,0.0026,0.10,0.10,1,0.15,0.10,15%,10%,N/A,N/A,N/A,N/A,N/A,N/A,N/A,N/A,N/A,N/A,N/A,N/A,N/A,N/A,N/A,N/A,N/A,N/A,N/A,N/A,N/A,N/A,N/A,N/A,N/A
F24-LunacekRastrigin,weak-structure,multimodal|non-separable|weak-structure|deceptive,CMA-ES,1.842,2.2196e+00,2.2134e+00,0%,0%,0%,0%,0%,0%,0%,inf,inf,inf,0.0000,0.00,0.00,1,0.00,0.00,0%,0%,N/A,N/A,N/A,N/A,N/A,N/A,N/A,N/A,N/A,N/A,N/A,N/A,N/A,N/A,N/A,N/A,N/A,N/A,N/A,N/A,N/A,N/A,N/A,N/A,N/A
F24-LunacekRastrigin,weak-structure,multimodal|non-separable|weak-structure|deceptive,IPOP-CMA-ES,0.606,1.3487e+00,1.7464e+00,15%,5%,5%,5%,5%,5%,5%,3388,3388,98388,0.0034,0.05,0.05,1,0.05,0.05,5%,5%,N/A,N/A,N/A,N/A,N/A,N/A,N/A,N/A,N/A,N/A,N/A,N/A,N/A,N/A,N/A,N/A,N/A,N/A,N/A,N/A,N/A,N/A,N/A,N/A,N/A
F24-LunacekRastrigin,weak-structure,multimodal|non-separable|weak-structure|deceptive,BIPOP-CMA-ES,0.587,1.6752e+00,2.0963e+00,10%,0%,0%,0%,0%,0%,0%,inf,inf,inf,0.0005,0.00,0.00,1,0.00,0.00,0%,0%,N/A,N/A,N/A,N/A,N/A,N/A,N/A,N/A,N/A,N/A,N/A,N/A,N/A,N/A,N/A,N/A,N/A,N/A,N/A,N/A,N/A,N/A,N/A,N/A,N/A
F24-LunacekRastrigin,weak-structure,multimodal|non-separable|weak-structure|deceptive,PSO,0.011,1.2880e+00,2.0281e+00,30%,15%,15%,10%,5%,0%,0%,4078,4078,49078,0.0076,0.10,0.10,1,0.15,0.10,15%,10%,N/A,N/A,N/A,N/A,N/A,N/A,N/A,N/A,N/A,N/A,N/A,N/A,N/A,N/A,N/A,N/A,N/A,N/A,N/A,N/A,N/A,N/A,N/A,N/A,N/A
F24-LunacekRastrigin,weak-structure,multimodal|non-separable|weak-structure|deceptive,DE,0.150,8.0454e-01,1.6962e-06,60%,55%,55%,55%,55%,50%,45%,4078,4060,8169,0.0154,0.55,0.55,1,0.55,0.55,55%,55%,N/A,N/A,N/A,N/A,N/A,N/A,N/A,N/A,N/A,N/A,N/A,N/A,N/A,N/A,N/A,N/A,N/A,N/A,N/A,N/A,N/A,N/A,N/A,N/A,N/A
F24-LunacekRastrigin,weak-structure,multimodal|non-separable|weak-structure|deceptive,L-SHADE,0.228,1.5575e+00,2.0084e+00,20%,15%,15%,15%,15%,15%,15%,3952,3930,32286,0.0046,0.15,0.15,1,0.15,0.15,15%,15%,N/A,N/A,N/A,N/A,N/A,N/A,N/A,N/A,N/A,N/A,N/A,N/A,N/A,N/A,N/A,N/A,N/A,N/A,N/A,N/A,N/A,N/A,N/A,N/A,N/A
F24-LunacekRastrigin,weak-structure,multimodal|non-separable|weak-structure|deceptive,SaVOA,0.066,1.3547e+00,1.8370e+00,25%,15%,10%,10%,10%,10%,10%,3626,3626,48626,0.0053,0.10,0.10,1,0.15,0.10,15%,10%,N/A,N/A,N/A,N/A,N/A,N/A,N/A,N/A,N/A,N/A,N/A,N/A,N/A,N/A,N/A,N/A,N/A,N/A,N/A,N/A,N/A,N/A,N/A,N/A,N/A
F24-LunacekRastrigin,weak-structure,multimodal|non-separable|weak-structure|deceptive,NM-Restart,0.138,7.6342e+00,2.6687e+00,0%,0%,0%,0%,0%,0%,0%,inf,inf,inf,0.0000,0.00,0.00,1,0.00,0.00,0%,0%,N/A,N/A,N/A,N/A,N/A,N/A,N/A,N/A,N/A,N/A,N/A,N/A,N/A,N/A,N/A,N/A,N/A,N/A,N/A,N/A,N/A,N/A,N/A,N/A,N/A
F24-LunacekRastrigin,weak-structure,multimodal|non-separable|weak-structure|deceptive,MC-ESO,1.020,1.1298e+00,1.3674e+00,35%,0%,0%,0%,0%,0%,0%,inf,inf,inf,0.0044,0.00,0.00,1,0.00,0.00,0%,0%,N/A,N/A,N/A,N/A,N/A,N/A,N/A,N/A,N/A,N/A,N/A,N/A,N/A,N/A,N/A,N/A,N/A,N/A,N/A,N/A,N/A,N/A,N/A,N/A,N/A
F03-RastriginSep,separable,multimodal|separable|global-structure,EA4eig,0.135,0.0000e+00,0.0000e+00,100%,100%,100%,100%,100%,100%,100%,2928,3078,2928,0.0731,1.00,1.00,1,1.00,1.00,100%,100%,N/A,N/A,N/A,N/A,N/A,N/A,N/A,N/A,N/A,N/A,N/A,N/A,N/A,N/A,N/A,N/A,N/A,N/A,N/A,N/A,N/A,N/A,N/A,N/A,N/A
F03-RastriginSep,separable,multimodal|separable|global-structure,EA4eig-jSO-IDEbd,0.222,4.5281e-11,4.2633e-13,100%,100%,100%,100%,100%,100%,95%,3344,3292,3344,0.0603,1.00,1.00,1,1.00,1.00,100%,100%,N/A,N/A,N/A,N/A,N/A,N/A,N/A,N/A,N/A,N/A,N/A,N/A,N/A,N/A,N/A,N/A,N/A,N/A,N/A,N/A,N/A,N/A,N/A,N/A,N/A
F03-RastriginSep,separable,multimodal|separable|global-structure,EA4eig-Simpl,0.219,0.0000e+00,0.0000e+00,100%,100%,100%,100%,100%,100%,100%,2668,2700,2668,0.0847,1.00,1.00,1,1.00,1.00,100%,100%,N/A,N/A,N/A,N/A,N/A,N/A,N/A,N/A,N/A,N/A,N/A,N/A,N/A,N/A,N/A,N/A,N/A,N/A,N/A,N/A,N/A,N/A,N/A,N/A,N/A
F03-RastriginSep,separable,multimodal|separable|global-structure,LSHADE-SPACMA,0.215,0.0000e+00,0.0000e+00,100%,100%,100%,100%,100%,100%,100%,1066,1083,1066,0.1819,1.00,1.00,1,1.00,1.00,100%,100%,N/A,N/A,N/A,N/A,N/A,N/A,N/A,N/A,N/A,N/A,N/A,N/A,N/A,N/A,N/A,N/A,N/A,N/A,N/A,N/A,N/A,N/A,N/A,N/A,N/A
F03-RastriginSep,separable,multimodal|separable|global-structure,AMALGAM-SO,0.305,0.0000e+00,0.0000e+00,100%,100%,100%,100%,100%,100%,100%,1068,928,1068,0.2208,1.00,1.00,1,1.00,1.00,100%,100%,N/A,N/A,N/A,N/A,N/A,N/A,N/A,N/A,N/A,N/A,N/A,N/A,N/A,N/A,N/A,N/A,N/A,N/A,N/A,N/A,N/A,N/A,N/A,N/A,N/A
F03-RastriginSep,separable,multimodal|separable|global-structure,AMALGAM-SO-DE,0.301,0.0000e+00,0.0000e+00,100%,100%,100%,100%,100%,100%,100%,867,825,867,0.2262,1.00,1.00,1,1.00,1.00,100%,100%,N/A,N/A,N/A,N/A,N/A,N/A,N/A,N/A,N/A,N/A,N/A,N/A,N/A,N/A,N/A,N/A,N/A,N/A,N/A,N/A,N/A,N/A,N/A,N/A,N/A
F03-RastriginSep,separable,multimodal|separable|global-structure,HSES,0.014,2.0156e-02,1.2438e-02,100%,45%,5%,0%,0%,0%,0%,inf,inf,inf,0.0179,0.00,0.00,1,0.45,0.00,45%,0%,N/A,N/A,N/A,N/A,N/A,N/A,N/A,N/A,N/A,N/A,N/A,N/A,N/A,N/A,N/A,N/A,N/A,N/A,N/A,N/A,N/A,N/A,N/A,N/A,N/A
F03-RastriginSep,separable,multimodal|separable|global-structure,ICMAES-ILS,0.329,2.5172e-01,5.2765e-02,70%,40%,40%,40%,40%,35%,35%,851,373,8351,0.1060,0.40,0.40,1,0.40,0.40,40%,40%,N/A,N/A,N/A,N/A,N/A,N/A,N/A,N/A,N/A,N/A,N/A,N/A,N/A,N/A,N/A,N/A,N/A,N/A,N/A,N/A,N/A,N/A,N/A,N/A,N/A
F03-RastriginSep,separable,multimodal|separable|global-structure,MOS,0.380,4.9748e-02,0.0000e+00,95%,95%,95%,95%,95%,95%,95%,646,678,909,0.2270,0.95,0.95,1,0.95,0.95,95%,95%,N/A,N/A,N/A,N/A,N/A,N/A,N/A,N/A,N/A,N/A,N/A,N/A,N/A,N/A,N/A,N/A,N/A,N/A,N/A,N/A,N/A,N/A,N/A,N/A,N/A
F03-RastriginSep,separable,multimodal|separable|global-structure,UMOEA-II,0.875,0.0000e+00,0.0000e+00,100%,100%,100%,100%,100%,100%,100%,1892,1952,1892,0.1193,1.00,1.00,1,1.00,1.00,100%,100%,N/A,N/A,N/A,N/A,N/A,N/A,N/A,N/A,N/A,N/A,N/A,N/A,N/A,N/A,N/A,N/A,N/A,N/A,N/A,N/A,N/A,N/A,N/A,N/A,N/A
F03-RastriginSep,separable,multimodal|separable|global-structure,EBOwithCMAR,0.310,0.0000e+00,0.0000e+00,100%,100%,100%,100%,100%,100%,100%,1999,1994,1999,0.1164,1.00,1.00,1,1.00,1.00,100%,100%,N/A,N/A,N/A,N/A,N/A,N/A,N/A,N/A,N/A,N/A,N/A,N/A,N/A,N/A,N/A,N/A,N/A,N/A,N/A,N/A,N/A,N/A,N/A,N/A,N/A
F03-RastriginSep,separable,multimodal|separable|global-structure,HMHH,0.297,1.9501e-10,2.7114e-11,100%,100%,100%,100%,100%,100%,65%,2615,2667,2615,0.0792,1.00,1.00,1,1.00,1.00,100%,100%,N/A,N/A,N/A,N/A,N/A,N/A,N/A,N/A,N/A,N/A,N/A,N/A,N/A,N/A,N/A,N/A,N/A,N/A,N/A,N/A,N/A,N/A,N/A,N/A,N/A
F03-RastriginSep,separable,multimodal|separable|global-structure,HMHH-random,0.232,9.3564e-12,5.1159e-13,100%,100%,100%,100%,100%,100%,95%,1977,1852,1977,0.1067,1.00,1.00,1,1.00,1.00,100%,100%,N/A,N/A,N/A,N/A,N/A,N/A,N/A,N/A,N/A,N/A,N/A,N/A,N/A,N/A,N/A,N/A,N/A,N/A,N/A,N/A,N/A,N/A,N/A,N/A,N/A
F03-RastriginSep,separable,multimodal|separable|global-structure,PS-CMA-ES,0.139,4.0878e-03,1.1683e-06,100%,95%,95%,80%,65%,20%,0%,3922,4063,5172,0.0323,0.80,0.80,1,0.95,0.80,95%,80%,N/A,N/A,N/A,N/A,N/A,N/A,N/A,N/A,N/A,N/A,N/A,N/A,N/A,N/A,N/A,N/A,N/A,N/A,N/A,N/A,N/A,N/A,N/A,N/A,N/A
F03-RastriginSep,separable,multimodal|separable|global-structure,DEPSO,0.103,0.0000e+00,0.0000e+00,100%,100%,100%,100%,100%,100%,100%,1537,1576,1537,0.1442,1.00,1.00,1,1.00,1.00,100%,100%,N/A,N/A,N/A,N/A,N/A,N/A,N/A,N/A,N/A,N/A,N/A,N/A,N/A,N/A,N/A,N/A,N/A,N/A,N/A,N/A,N/A,N/A,N/A,N/A,N/A
F03-RastriginSep,separable,multimodal|separable|global-structure,jSO,0.229,0.0000e+00,0.0000e+00,100%,100%,100%,100%,100%,100%,100%,1938,1882,1938,0.1190,1.00,1.00,1,1.00,1.00,100%,100%,N/A,N/A,N/A,N/A,N/A,N/A,N/A,N/A,N/A,N/A,N/A,N/A,N/A,N/A,N/A,N/A,N/A,N/A,N/A,N/A,N/A,N/A,N/A,N/A,N/A
F03-RastriginSep,separable,multimodal|separable|global-structure,L-SRTDE,0.243,4.7321e-02,0.0000e+00,95%,95%,95%,95%,95%,95%,95%,1182,1204,1445,0.1631,0.95,0.95,1,0.95,0.95,95%,95%,N/A,N/A,N/A,N/A,N/A,N/A,N/A,N/A,N/A,N/A,N/A,N/A,N/A,N/A,N/A,N/A,N/A,N/A,N/A,N/A,N/A,N/A,N/A,N/A,N/A
F03-RastriginSep,separable,multimodal|separable|global-structure,IMODE,0.269,0.0000e+00,0.0000e+00,100%,100%,100%,100%,100%,100%,100%,1605,1598,1605,0.1384,1.00,1.00,1,1.00,1.00,100%,100%,N/A,N/A,N/A,N/A,N/A,N/A,N/A,N/A,N/A,N/A,N/A,N/A,N/A,N/A,N/A,N/A,N/A,N/A,N/A,N/A,N/A,N/A,N/A,N/A,N/A
F03-RastriginSep,separable,multimodal|separable|global-structure,ELSHADE-SPACMA,0.230,0.0000e+00,0.0000e+00,100%,100%,100%,100%,100%,100%,100%,1468,1448,1468,0.1479,1.00,1.00,1,1.00,1.00,100%,100%,N/A,N/A,N/A,N/A,N/A,N/A,N/A,N/A,N/A,N/A,N/A,N/A,N/A,N/A,N/A,N/A,N/A,N/A,N/A,N/A,N/A,N/A,N/A,N/A,N/A
F03-RastriginSep,separable,multimodal|separable|global-structure,APGSK-IMODE,0.133,0.0000e+00,0.0000e+00,100%,100%,100%,100%,100%,100%,100%,2582,2621,2582,0.0881,1.00,1.00,1,1.00,1.00,100%,100%,N/A,N/A,N/A,N/A,N/A,N/A,N/A,N/A,N/A,N/A,N/A,N/A,N/A,N/A,N/A,N/A,N/A,N/A,N/A,N/A,N/A,N/A,N/A,N/A,N/A
F03-RastriginSep,separable,multimodal|separable|global-structure,SPS-L-SHADE-EIG,0.218,0.0000e+00,0.0000e+00,100%,100%,100%,100%,100%,100%,100%,1828,1905,1828,0.1219,1.00,1.00,1,1.00,1.00,100%,100%,N/A,N/A,N/A,N/A,N/A,N/A,N/A,N/A,N/A,N/A,N/A,N/A,N/A,N/A,N/A,N/A,N/A,N/A,N/A,N/A,N/A,N/A,N/A,N/A,N/A
F03-RastriginSep,separable,multimodal|separable|global-structure,CoBiDE,0.176,9.9424e-09,2.5704e-09,100%,100%,100%,100%,100%,100%,0%,3324,3374,3324,0.0529,1.00,1.00,1,1.00,1.00,100%,100%,N/A,N/A,N/A,N/A,N/A,N/A,N/A,N/A,N/A,N/A,N/A,N/A,N/A,N/A,N/A,N/A,N/A,N/A,N/A,N/A,N/A,N/A,N/A,N/A,N/A
F03-RastriginSep,separable,multimodal|separable|global-structure,LSHADE-cnEpSin,2.036,0.0000e+00,0.0000e+00,100%,100%,100%,100%,100%,100%,100%,2603,2586,2603,0.0895,1.00,1.00,1,1.00,1.00,100%,100%,N/A,N/A,N/A,N/A,N/A,N/A,N/A,N/A,N/A,N/A,N/A,N/A,N/A,N/A,N/A,N/A,N/A,N/A,N/A,N/A,N/A,N/A,N/A,N/A,N/A
F03-RastriginSep,separable,multimodal|separable|global-structure,CMA-ES,3.717,2.0894e+00,9.9496e-01,20%,20%,20%,20%,20%,20%,20%,360,331,20360,0.0615,0.20,0.20,1,0.20,0.20,20%,20%,N/A,N/A,N/A,N/A,N/A,N/A,N/A,N/A,N/A,N/A,N/A,N/A,N/A,N/A,N/A,N/A,N/A,N/A,N/A,N/A,N/A,N/A,N/A,N/A,N/A
F03-RastriginSep,separable,multimodal|separable|global-structure,IPOP-CMA-ES,0.516,1.5871e-03,0.0000e+00,100%,95%,95%,95%,95%,95%,95%,1644,1237,1907,0.1486,0.95,0.95,1,0.95,0.95,95%,95%,N/A,N/A,N/A,N/A,N/A,N/A,N/A,N/A,N/A,N/A,N/A,N/A,N/A,N/A,N/A,N/A,N/A,N/A,N/A,N/A,N/A,N/A,N/A,N/A,N/A
F03-RastriginSep,separable,multimodal|separable|global-structure,BIPOP-CMA-ES,0.552,1.5549e-01,0.0000e+00,75%,75%,75%,75%,70%,70%,70%,2574,2777,4241,0.0849,0.75,0.75,1,0.75,0.75,75%,75%,N/A,N/A,N/A,N/A,N/A,N/A,N/A,N/A,N/A,N/A,N/A,N/A,N/A,N/A,N/A,N/A,N/A,N/A,N/A,N/A,N/A,N/A,N/A,N/A,N/A
F03-RastriginSep,separable,multimodal|separable|global-structure,PSO,0.028,4.9748e-02,1.4211e-13,95%,95%,95%,95%,95%,95%,85%,1581,1568,1844,0.1307,0.95,0.95,1,0.95,0.95,95%,95%,N/A,N/A,N/A,N/A,N/A,N/A,N/A,N/A,N/A,N/A,N/A,N/A,N/A,N/A,N/A,N/A,N/A,N/A,N/A,N/A,N/A,N/A,N/A,N/A,N/A
F03-RastriginSep,separable,multimodal|separable|global-structure,DE,0.220,0.0000e+00,0.0000e+00,100%,100%,100%,100%,100%,100%,100%,1724,1696,1724,0.1275,1.00,1.00,1,1.00,1.00,100%,100%,N/A,N/A,N/A,N/A,N/A,N/A,N/A,N/A,N/A,N/A,N/A,N/A,N/A,N/A,N/A,N/A,N/A,N/A,N/A,N/A,N/A,N/A,N/A,N/A,N/A
F03-RastriginSep,separable,multimodal|separable|global-structure,L-SHADE,0.272,0.0000e+00,0.0000e+00,100%,100%,100%,100%,100%,100%,100%,2090,2146,2090,0.1092,1.00,1.00,1,1.00,1.00,100%,100%,N/A,N/A,N/A,N/A,N/A,N/A,N/A,N/A,N/A,N/A,N/A,N/A,N/A,N/A,N/A,N/A,N/A,N/A,N/A,N/A,N/A,N/A,N/A,N/A,N/A
F03-RastriginSep,separable,multimodal|separable|global-structure,SaVOA,0.094,2.4874e-01,0.0000e+00,75%,75%,75%,75%,75%,75%,75%,1846,1852,3513,0.0985,0.75,0.75,1,0.75,0.75,75%,75%,N/A,N/A,N/A,N/A,N/A,N/A,N/A,N/A,N/A,N/A,N/A,N/A,N/A,N/A,N/A,N/A,N/A,N/A,N/A,N/A,N/A,N/A,N/A,N/A,N/A
F03-RastriginSep,separable,multimodal|separable|global-structure,NM-Restart,0.149,2.1889e+00,9.9496e-01,25%,25%,25%,25%,25%,25%,25%,2987,2964,17987,0.0161,0.25,0.25,1,0.25,0.25,25%,25%,N/A,N/A,N/A,N/A,N/A,N/A,N/A,N/A,N/A,N/A,N/A,N/A,N/A,N/A,N/A,N/A,N/A,N/A,N/A,N/A,N/A,N/A,N/A,N/A,N/A
F03-RastriginSep,separable,multimodal|separable|global-structure,MC-ESO,1.120,2.8422e-15,0.0000e+00,100%,100%,100%,100%,100%,100%,100%,831,714,831,0.2217,1.00,1.00,1,1.00,1.00,100%,100%,N/A,N/A,N/A,N/A,N/A,N/A,N/A,N/A,N/A,N/A,N/A,N/A,N/A,N/A,N/A,N/A,N/A,N/A,N/A,N/A,N/A,N/A,N/A,N/A,N/A
F06-AttractiveSector,moderate-cond,unimodal|non-separable|asymmetric|moderate-cond,EA4eig,0.231,2.0037e-13,4.2633e-14,100%,100%,100%,100%,100%,100%,100%,2277,2470,2277,0.1088,1.00,1.00,1,1.00,1.00,100%,100%,N/A,N/A,N/A,N/A,N/A,N/A,N/A,N/A,N/A,N/A,N/A,N/A,N/A,N/A,N/A,N/A,N/A,N/A,N/A,N/A,N/A,N/A,N/A,N/A,N/A
F06-AttractiveSector,moderate-cond,unimodal|non-separable|asymmetric|moderate-cond,EA4eig-jSO-IDEbd,0.269,1.1145e-12,1.1013e-13,100%,100%,100%,100%,100%,100%,100%,2288,2348,2288,0.1102,1.00,1.00,1,1.00,1.00,100%,100%,N/A,N/A,N/A,N/A,N/A,N/A,N/A,N/A,N/A,N/A,N/A,N/A,N/A,N/A,N/A,N/A,N/A,N/A,N/A,N/A,N/A,N/A,N/A,N/A,N/A
F06-AttractiveSector,moderate-cond,unimodal|non-separable|asymmetric|moderate-cond,EA4eig-Simpl,0.234,1.3868e-08,9.5372e-10,100%,100%,100%,100%,100%,95%,45%,2098,2145,2098,0.1138,1.00,1.00,1,1.00,1.00,100%,100%,N/A,N/A,N/A,N/A,N/A,N/A,N/A,N/A,N/A,N/A,N/A,N/A,N/A,N/A,N/A,N/A,N/A,N/A,N/A,N/A,N/A,N/A,N/A,N/A,N/A
F06-AttractiveSector,moderate-cond,unimodal|non-separable|asymmetric|moderate-cond,LSHADE-SPACMA,0.188,0.0000e+00,0.0000e+00,100%,100%,100%,100%,100%,100%,100%,862,858,862,0.2139,1.00,1.00,1,1.00,1.00,100%,100%,N/A,N/A,N/A,N/A,N/A,N/A,N/A,N/A,N/A,N/A,N/A,N/A,N/A,N/A,N/A,N/A,N/A,N/A,N/A,N/A,N/A,N/A,N/A,N/A,N/A
F06-AttractiveSector,moderate-cond,unimodal|non-separable|asymmetric|moderate-cond,AMALGAM-SO,0.286,0.0000e+00,0.0000e+00,100%,100%,100%,100%,100%,100%,100%,263,258,263,0.3530,1.00,1.00,1,1.00,1.00,100%,100%,N/A,N/A,N/A,N/A,N/A,N/A,N/A,N/A,N/A,N/A,N/A,N/A,N/A,N/A,N/A,N/A,N/A,N/A,N/A,N/A,N/A,N/A,N/A,N/A,N/A
F06-AttractiveSector,moderate-cond,unimodal|non-separable|asymmetric|moderate-cond,AMALGAM-SO-DE,0.308,0.0000e+00,0.0000e+00,100%,100%,100%,100%,100%,100%,100%,271,266,271,0.3505,1.00,1.00,1,1.00,1.00,100%,100%,N/A,N/A,N/A,N/A,N/A,N/A,N/A,N/A,N/A,N/A,N/A,N/A,N/A,N/A,N/A,N/A,N/A,N/A,N/A,N/A,N/A,N/A,N/A,N/A,N/A
F06-AttractiveSector,moderate-cond,unimodal|non-separable|asymmetric|moderate-cond,HSES,0.013,2.5125e-02,1.2230e-02,100%,40%,0%,0%,0%,0%,0%,inf,inf,inf,0.0376,0.00,0.00,1,0.40,0.00,40%,0%,N/A,N/A,N/A,N/A,N/A,N/A,N/A,N/A,N/A,N/A,N/A,N/A,N/A,N/A,N/A,N/A,N/A,N/A,N/A,N/A,N/A,N/A,N/A,N/A,N/A
F06-AttractiveSector,moderate-cond,unimodal|non-separable|asymmetric|moderate-cond,ICMAES-ILS,0.578,0.0000e+00,0.0000e+00,100%,100%,100%,100%,100%,100%,100%,314,300,314,0.3056,1.00,1.00,1,1.00,1.00,100%,100%,N/A,N/A,N/A,N/A,N/A,N/A,N/A,N/A,N/A,N/A,N/A,N/A,N/A,N/A,N/A,N/A,N/A,N/A,N/A,N/A,N/A,N/A,N/A,N/A,N/A
F06-AttractiveSector,moderate-cond,unimodal|non-separable|asymmetric|moderate-cond,MOS,0.344,1.2079e-14,0.0000e+00,100%,100%,100%,100%,100%,100%,100%,787,758,787,0.2271,1.00,1.00,1,1.00,1.00,100%,100%,N/A,N/A,N/A,N/A,N/A,N/A,N/A,N/A,N/A,N/A,N/A,N/A,N/A,N/A,N/A,N/A,N/A,N/A,N/A,N/A,N/A,N/A,N/A,N/A,N/A
F06-AttractiveSector,moderate-cond,unimodal|non-separable|asymmetric|moderate-cond,UMOEA-II,0.906,0.0000e+00,0.0000e+00,100%,100%,100%,100%,100%,100%,100%,1515,1501,1515,0.1548,1.00,1.00,1,1.00,1.00,100%,100%,N/A,N/A,N/A,N/A,N/A,N/A,N/A,N/A,N/A,N/A,N/A,N/A,N/A,N/A,N/A,N/A,N/A,N/A,N/A,N/A,N/A,N/A,N/A,N/A,N/A
F06-AttractiveSector,moderate-cond,unimodal|non-separable|asymmetric|moderate-cond,EBOwithCMAR,0.334,0.0000e+00,0.0000e+00,100%,100%,100%,100%,100%,100%,100%,1552,1574,1552,0.1484,1.00,1.00,1,1.00,1.00,100%,100%,N/A,N/A,N/A,N/A,N/A,N/A,N/A,N/A,N/A,N/A,N/A,N/A,N/A,N/A,N/A,N/A,N/A,N/A,N/A,N/A,N/A,N/A,N/A,N/A,N/A
F06-AttractiveSector,moderate-cond,unimodal|non-separable|asymmetric|moderate-cond,HMHH,0.240,7.2655e-09,2.8916e-09,100%,100%,100%,100%,100%,100%,15%,2614,2536,2614,0.0952,1.00,1.00,1,1.00,1.00,100%,100%,N/A,N/A,N/A,N/A,N/A,N/A,N/A,N/A,N/A,N/A,N/A,N/A,N/A,N/A,N/A,N/A,N/A,N/A,N/A,N/A,N/A,N/A,N/A,N/A,N/A
F06-AttractiveSector,moderate-cond,unimodal|non-separable|asymmetric|moderate-cond,HMHH-random,0.233,3.9150e-09,1.4342e-09,100%,100%,100%,100%,100%,100%,10%,2134,2172,2134,0.1107,1.00,1.00,1,1.00,1.00,100%,100%,N/A,N/A,N/A,N/A,N/A,N/A,N/A,N/A,N/A,N/A,N/A,N/A,N/A,N/A,N/A,N/A,N/A,N/A,N/A,N/A,N/A,N/A,N/A,N/A,N/A
F06-AttractiveSector,moderate-cond,unimodal|non-separable|asymmetric|moderate-cond,PS-CMA-ES,0.125,6.0172e-06,2.6690e-06,100%,100%,100%,100%,80%,0%,0%,3671,3806,3671,0.0598,1.00,1.00,1,1.00,1.00,100%,100%,N/A,N/A,N/A,N/A,N/A,N/A,N/A,N/A,N/A,N/A,N/A,N/A,N/A,N/A,N/A,N/A,N/A,N/A,N/A,N/A,N/A,N/A,N/A,N/A,N/A
F06-AttractiveSector,moderate-cond,unimodal|non-separable|asymmetric|moderate-cond,DEPSO,0.124,7.9048e-10,9.8289e-11,100%,100%,100%,100%,100%,100%,50%,1754,1752,1754,0.1406,1.00,1.00,1,1.00,1.00,100%,100%,N/A,N/A,N/A,N/A,N/A,N/A,N/A,N/A,N/A,N/A,N/A,N/A,N/A,N/A,N/A,N/A,N/A,N/A,N/A,N/A,N/A,N/A,N/A,N/A,N/A
F06-AttractiveSector,moderate-cond,unimodal|non-separable|asymmetric|moderate-cond,jSO,0.239,0.0000e+00,0.0000e+00,100%,100%,100%,100%,100%,100%,100%,859,855,859,0.2161,1.00,1.00,1,1.00,1.00,100%,100%,N/A,N/A,N/A,N/A,N/A,N/A,N/A,N/A,N/A,N/A,N/A,N/A,N/A,N/A,N/A,N/A,N/A,N/A,N/A,N/A,N/A,N/A,N/A,N/A,N/A
F06-AttractiveSector,moderate-cond,unimodal|non-separable|asymmetric|moderate-cond,L-SRTDE,0.224,8.8818e-15,0.0000e+00,100%,100%,100%,100%,100%,100%,100%,1647,1742,1647,0.1832,1.00,1.00,1,1.00,1.00,100%,100%,N/A,N/A,N/A,N/A,N/A,N/A,N/A,N/A,N/A,N/A,N/A,N/A,N/A,N/A,N/A,N/A,N/A,N/A,N/A,N/A,N/A,N/A,N/A,N/A,N/A
F06-AttractiveSector,moderate-cond,unimodal|non-separable|asymmetric|moderate-cond,IMODE,0.227,0.0000e+00,0.0000e+00,100%,100%,100%,100%,100%,100%,100%,1417,1402,1417,0.1611,1.00,1.00,1,1.00,1.00,100%,100%,N/A,N/A,N/A,N/A,N/A,N/A,N/A,N/A,N/A,N/A,N/A,N/A,N/A,N/A,N/A,N/A,N/A,N/A,N/A,N/A,N/A,N/A,N/A,N/A,N/A
F06-AttractiveSector,moderate-cond,unimodal|non-separable|asymmetric|moderate-cond,ELSHADE-SPACMA,0.212,0.0000e+00,0.0000e+00,100%,100%,100%,100%,100%,100%,100%,1223,1238,1223,0.1785,1.00,1.00,1,1.00,1.00,100%,100%,N/A,N/A,N/A,N/A,N/A,N/A,N/A,N/A,N/A,N/A,N/A,N/A,N/A,N/A,N/A,N/A,N/A,N/A,N/A,N/A,N/A,N/A,N/A,N/A,N/A
F06-AttractiveSector,moderate-cond,unimodal|non-separable|asymmetric|moderate-cond,APGSK-IMODE,0.148,6.0396e-15,0.0000e+00,100%,100%,100%,100%,100%,100%,100%,2282,2260,2282,0.1186,1.00,1.00,1,1.00,1.00,100%,100%,N/A,N/A,N/A,N/A,N/A,N/A,N/A,N/A,N/A,N/A,N/A,N/A,N/A,N/A,N/A,N/A,N/A,N/A,N/A,N/A,N/A,N/A,N/A,N/A,N/A
F06-AttractiveSector,moderate-cond,unimodal|non-separable|asymmetric|moderate-cond,SPS-L-SHADE-EIG,0.208,0.0000e+00,0.0000e+00,100%,100%,100%,100%,100%,100%,100%,1424,1439,1424,0.1586,1.00,1.00,1,1.00,1.00,100%,100%,N/A,N/A,N/A,N/A,N/A,N/A,N/A,N/A,N/A,N/A,N/A,N/A,N/A,N/A,N/A,N/A,N/A,N/A,N/A,N/A,N/A,N/A,N/A,N/A,N/A
F06-AttractiveSector,moderate-cond,unimodal|non-separable|asymmetric|moderate-cond,CoBiDE,0.185,2.3226e-07,1.6416e-07,100%,100%,100%,100%,100%,35%,0%,2921,2962,2921,0.0846,1.00,1.00,1,1.00,1.00,100%,100%,N/A,N/A,N/A,N/A,N/A,N/A,N/A,N/A,N/A,N/A,N/A,N/A,N/A,N/A,N/A,N/A,N/A,N/A,N/A,N/A,N/A,N/A,N/A,N/A,N/A
F06-AttractiveSector,moderate-cond,unimodal|non-separable|asymmetric|moderate-cond,LSHADE-cnEpSin,1.855,0.0000e+00,0.0000e+00,100%,100%,100%,100%,100%,100%,100%,1106,1120,1106,0.1861,1.00,1.00,1,1.00,1.00,100%,100%,N/A,N/A,N/A,N/A,N/A,N/A,N/A,N/A,N/A,N/A,N/A,N/A,N/A,N/A,N/A,N/A,N/A,N/A,N/A,N/A,N/A,N/A,N/A,N/A,N/A
F06-AttractiveSector,moderate-cond,unimodal|non-separable|asymmetric|moderate-cond,CMA-ES,1.817,0.0000e+00,0.0000e+00,100%,100%,100%,100%,100%,100%,100%,333,334,333,0.3254,1.00,1.00,1,1.00,1.00,100%,100%,N/A,N/A,N/A,N/A,N/A,N/A,N/A,N/A,N/A,N/A,N/A,N/A,N/A,N/A,N/A,N/A,N/A,N/A,N/A,N/A,N/A,N/A,N/A,N/A,N/A
F06-AttractiveSector,moderate-cond,unimodal|non-separable|asymmetric|moderate-cond,IPOP-CMA-ES,0.570,2.1316e-15,0.0000e+00,100%,100%,100%,100%,100%,100%,100%,319,312,319,0.3263,1.00,1.00,1,1.00,1.00,100%,100%,N/A,N/A,N/A,N/A,N/A,N/A,N/A,N/A,N/A,N/A,N/A,N/A,N/A,N/A,N/A,N/A,N/A,N/A,N/A,N/A,N/A,N/A,N/A,N/A,N/A
F06-AttractiveSector,moderate-cond,unimodal|non-separable|asymmetric|moderate-cond,BIPOP-CMA-ES,0.572,4.9738e-15,3.5527e-15,100%,100%,100%,100%,100%,100%,100%,319,312,319,0.3263,1.00,1.00,1,1.00,1.00,100%,100%,N/A,N/A,N/A,N/A,N/A,N/A,N/A,N/A,N/A,N/A,N/A,N/A,N/A,N/A,N/A,N/A,N/A,N/A,N/A,N/A,N/A,N/A,N/A,N/A,N/A
F06-AttractiveSector,moderate-cond,unimodal|non-separable|asymmetric|moderate-cond,PSO,0.012,2.0015e-10,4.7500e-12,100%,100%,100%,100%,100%,100%,85%,1453,1454,1453,0.1688,1.00,1.00,1,1.00,1.00,100%,100%,N/A,N/A,N/A,N/A,N/A,N/A,N/A,N/A,N/A,N/A,N/A,N/A,N/A,N/A,N/A,N/A,N/A,N/A,N/A,N/A,N/A,N/A,N/A,N/A,N/A
F06-AttractiveSector,moderate-cond,unimodal|non-separable|asymmetric|moderate-cond,DE,0.175,8.3904e-08,0.0000e+00,100%,100%,100%,100%,100%,95%,80%,1173,1127,1173,0.1733,1.00,1.00,1,1.00,1.00,100%,100%,N/A,N/A,N/A,N/A,N/A,N/A,N/A,N/A,N/A,N/A,N/A,N/A,N/A,N/A,N/A,N/A,N/A,N/A,N/A,N/A,N/A,N/A,N/A,N/A,N/A
F06-AttractiveSector,moderate-cond,unimodal|non-separable|asymmetric|moderate-cond,L-SHADE,0.244,0.0000e+00,0.0000e+00,100%,100%,100%,100%,100%,100%,100%,1546,1538,1546,0.1613,1.00,1.00,1,1.00,1.00,100%,100%,N/A,N/A,N/A,N/A,N/A,N/A,N/A,N/A,N/A,N/A,N/A,N/A,N/A,N/A,N/A,N/A,N/A,N/A,N/A,N/A,N/A,N/A,N/A,N/A,N/A
F06-AttractiveSector,moderate-cond,unimodal|non-separable|asymmetric|moderate-cond,SaVOA,0.067,0.0000e+00,0.0000e+00,100%,100%,100%,100%,100%,100%,100%,611,633,611,0.2546,1.00,1.00,1,1.00,1.00,100%,100%,N/A,N/A,N/A,N/A,N/A,N/A,N/A,N/A,N/A,N/A,N/A,N/A,N/A,N/A,N/A,N/A,N/A,N/A,N/A,N/A,N/A,N/A,N/A,N/A,N/A
F06-AttractiveSector,moderate-cond,unimodal|non-separable|asymmetric|moderate-cond,NM-Restart,0.174,0.0000e+00,0.0000e+00,100%,100%,100%,100%,100%,100%,100%,190,131,190,0.4091,1.00,1.00,1,1.00,1.00,100%,100%,N/A,N/A,N/A,N/A,N/A,N/A,N/A,N/A,N/A,N/A,N/A,N/A,N/A,N/A,N/A,N/A,N/A,N/A,N/A,N/A,N/A,N/A,N/A,N/A,N/A
F06-AttractiveSector,moderate-cond,unimodal|non-separable|asymmetric|moderate-cond,MC-ESO,1.136,2.1671e-09,7.1054e-15,100%,100%,100%,100%,100%,100%,95%,519,448,519,0.2670,1.00,1.00,1,1.00,1.00,100%,100%,N/A,N/A,N/A,N/A,N/A,N/A,N/A,N/A,N/A,N/A,N/A,N/A,N/A,N/A,N/A,N/A,N/A,N/A,N/A,N/A,N/A,N/A,N/A,N/A,N/A
F10-EllipsoidalRot,ill-cond,unimodal|non-separable|ill-conditioned,EA4eig,0.219,8.8818e-15,0.0000e+00,100%,100%,100%,100%,100%,100%,100%,2127,2126,2127,0.1047,1.00,1.00,1,1.00,1.00,100%,100%,N/A,N/A,N/A,N/A,N/A,N/A,N/A,N/A,N/A,N/A,N/A,N/A,N/A,N/A,N/A,N/A,N/A,N/A,N/A,N/A,N/A,N/A,N/A,N/A,N/A
F10-EllipsoidalRot,ill-cond,unimodal|non-separable|ill-conditioned,EA4eig-jSO-IDEbd,0.237,6.9633e-14,7.1054e-15,100%,100%,100%,100%,100%,100%,100%,2610,2617,2610,0.0817,1.00,1.00,1,1.00,1.00,100%,100%,N/A,N/A,N/A,N/A,N/A,N/A,N/A,N/A,N/A,N/A,N/A,N/A,N/A,N/A,N/A,N/A,N/A,N/A,N/A,N/A,N/A,N/A,N/A,N/A,N/A
F10-EllipsoidalRot,ill-cond,unimodal|non-separable|ill-conditioned,EA4eig-Simpl,0.238,0.0000e+00,0.0000e+00,100%,100%,100%,100%,100%,100%,100%,2158,2178,2158,0.1043,1.00,1.00,1,1.00,1.00,100%,100%,N/A,N/A,N/A,N/A,N/A,N/A,N/A,N/A,N/A,N/A,N/A,N/A,N/A,N/A,N/A,N/A,N/A,N/A,N/A,N/A,N/A,N/A,N/A,N/A,N/A
F10-EllipsoidalRot,ill-cond,unimodal|non-separable|ill-conditioned,LSHADE-SPACMA,0.232,0.0000e+00,0.0000e+00,100%,100%,100%,100%,100%,100%,100%,921,917,921,0.1994,1.00,1.00,1,1.00,1.00,100%,100%,N/A,N/A,N/A,N/A,N/A,N/A,N/A,N/A,N/A,N/A,N/A,N/A,N/A,N/A,N/A,N/A,N/A,N/A,N/A,N/A,N/A,N/A,N/A,N/A,N/A
F10-EllipsoidalRot,ill-cond,unimodal|non-separable|ill-conditioned,AMALGAM-SO,0.342,7.1054e-16,0.0000e+00,100%,100%,100%,100%,100%,100%,100%,790,618,790,0.2346,1.00,1.00,1,1.00,1.00,100%,100%,N/A,N/A,N/A,N/A,N/A,N/A,N/A,N/A,N/A,N/A,N/A,N/A,N/A,N/A,N/A,N/A,N/A,N/A,N/A,N/A,N/A,N/A,N/A,N/A,N/A
F10-EllipsoidalRot,ill-cond,unimodal|non-separable|ill-conditioned,AMALGAM-SO-DE,0.335,0.0000e+00,0.0000e+00,100%,100%,100%,100%,100%,100%,100%,571,568,571,0.2575,1.00,1.00,1,1.00,1.00,100%,100%,N/A,N/A,N/A,N/A,N/A,N/A,N/A,N/A,N/A,N/A,N/A,N/A,N/A,N/A,N/A,N/A,N/A,N/A,N/A,N/A,N/A,N/A,N/A,N/A,N/A
F10-EllipsoidalRot,ill-cond,unimodal|non-separable|ill-conditioned,HSES,0.008,1.5104e+00,1.5218e+00,5%,0%,0%,0%,0%,0%,0%,inf,inf,inf,0.0014,0.00,0.00,1,0.00,0.00,0%,0%,N/A,N/A,N/A,N/A,N/A,N/A,N/A,N/A,N/A,N/A,N/A,N/A,N/A,N/A,N/A,N/A,N/A,N/A,N/A,N/A,N/A,N/A,N/A,N/A,N/A
F10-EllipsoidalRot,ill-cond,unimodal|non-separable|ill-conditioned,ICMAES-ILS,0.663,0.0000e+00,0.0000e+00,100%,100%,100%,100%,100%,100%,100%,462,367,462,0.2768,1.00,1.00,1,1.00,1.00,100%,100%,N/A,N/A,N/A,N/A,N/A,N/A,N/A,N/A,N/A,N/A,N/A,N/A,N/A,N/A,N/A,N/A,N/A,N/A,N/A,N/A,N/A,N/A,N/A,N/A,N/A
F10-EllipsoidalRot,ill-cond,unimodal|non-separable|ill-conditioned,MOS,0.344,4.2633e-15,0.0000e+00,100%,100%,100%,100%,100%,100%,100%,841,796,841,0.2117,1.00,1.00,1,1.00,1.00,100%,100%,N/A,N/A,N/A,N/A,N/A,N/A,N/A,N/A,N/A,N/A,N/A,N/A,N/A,N/A,N/A,N/A,N/A,N/A,N/A,N/A,N/A,N/A,N/A,N/A,N/A
F10-EllipsoidalRot,ill-cond,unimodal|non-separable|ill-conditioned,UMOEA-II,1.023,0.0000e+00,0.0000e+00,100%,100%,100%,100%,100%,100%,100%,1866,1866,1866,0.1186,1.00,1.00,1,1.00,1.00,100%,100%,N/A,N/A,N/A,N/A,N/A,N/A,N/A,N/A,N/A,N/A,N/A,N/A,N/A,N/A,N/A,N/A,N/A,N/A,N/A,N/A,N/A,N/A,N/A,N/A,N/A
F10-EllipsoidalRot,ill-cond,unimodal|non-separable|ill-conditioned,EBOwithCMAR,0.326,0.0000e+00,0.0000e+00,100%,100%,100%,100%,100%,100%,100%,1606,1586,1606,0.1338,1.00,1.00,1,1.00,1.00,100%,100%,N/A,N/A,N/A,N/A,N/A,N/A,N/A,N/A,N/A,N/A,N/A,N/A,N/A,N/A,N/A,N/A,N/A,N/A,N/A,N/A,N/A,N/A,N/A,N/A,N/A
F10-EllipsoidalRot,ill-cond,unimodal|non-separable|ill-conditioned,HMHH,0.232,1.1251e-10,0.0000e+00,100%,100%,100%,100%,100%,100%,90%,2987,2930,2987,0.0660,1.00,1.00,1,1.00,1.00,100%,100%,N/A,N/A,N/A,N/A,N/A,N/A,N/A,N/A,N/A,N/A,N/A,N/A,N/A,N/A,N/A,N/A,N/A,N/A,N/A,N/A,N/A,N/A,N/A,N/A,N/A
F10-EllipsoidalRot,ill-cond,unimodal|non-separable|ill-conditioned,HMHH-random,0.261,2.3953e-11,1.6200e-12,100%,100%,100%,100%,100%,100%,95%,2949,2920,2949,0.0647,1.00,1.00,1,1.00,1.00,100%,100%,N/A,N/A,N/A,N/A,N/A,N/A,N/A,N/A,N/A,N/A,N/A,N/A,N/A,N/A,N/A,N/A,N/A,N/A,N/A,N/A,N/A,N/A,N/A,N/A,N/A
F10-EllipsoidalRot,ill-cond,unimodal|non-separable|ill-conditioned,PS-CMA-ES,0.156,1.5341e-01,3.0436e-02,65%,30%,10%,0%,0%,0%,0%,inf,inf,inf,0.0059,0.00,0.00,1,0.30,0.00,30%,0%,N/A,N/A,N/A,N/A,N/A,N/A,N/A,N/A,N/A,N/A,N/A,N/A,N/A,N/A,N/A,N/A,N/A,N/A,N/A,N/A,N/A,N/A,N/A,N/A,N/A
F10-EllipsoidalRot,ill-cond,unimodal|non-separable|ill-conditioned,DEPSO,0.140,9.4075e-03,3.5902e-03,100%,75%,20%,5%,0%,0%,0%,4897,4897,99897,0.0184,0.05,0.05,1,0.75,0.05,75%,5%,N/A,N/A,N/A,N/A,N/A,N/A,N/A,N/A,N/A,N/A,N/A,N/A,N/A,N/A,N/A,N/A,N/A,N/A,N/A,N/A,N/A,N/A,N/A,N/A,N/A
F10-EllipsoidalRot,ill-cond,unimodal|non-separable|ill-conditioned,jSO,0.255,0.0000e+00,0.0000e+00,100%,100%,100%,100%,100%,100%,100%,1102,1132,1102,0.1796,1.00,1.00,1,1.00,1.00,100%,100%,N/A,N/A,N/A,N/A,N/A,N/A,N/A,N/A,N/A,N/A,N/A,N/A,N/A,N/A,N/A,N/A,N/A,N/A,N/A,N/A,N/A,N/A,N/A,N/A,N/A
F10-EllipsoidalRot,ill-cond,unimodal|non-separable|ill-conditioned,L-SRTDE,0.295,0.0000e+00,0.0000e+00,100%,100%,100%,100%,100%,100%,100%,753,769,753,0.2212,1.00,1.00,1,1.00,1.00,100%,100%,N/A,N/A,N/A,N/A,N/A,N/A,N/A,N/A,N/A,N/A,N/A,N/A,N/A,N/A,N/A,N/A,N/A,N/A,N/A,N/A,N/A,N/A,N/A,N/A,N/A
F10-EllipsoidalRot,ill-cond,unimodal|non-separable|ill-conditioned,IMODE,0.290,0.0000e+00,0.0000e+00,100%,100%,100%,100%,100%,100%,100%,1782,1778,1782,0.1249,1.00,1.00,1,1.00,1.00,100%,100%,N/A,N/A,N/A,N/A,N/A,N/A,N/A,N/A,N/A,N/A,N/A,N/A,N/A,N/A,N/A,N/A,N/A,N/A,N/A,N/A,N/A,N/A,N/A,N/A,N/A
F10-EllipsoidalRot,ill-cond,unimodal|non-separable|ill-conditioned,ELSHADE-SPACMA,0.210,0.0000e+00,0.0000e+00,100%,100%,100%,100%,100%,100%,100%,1430,1436,1430,0.1482,1.00,1.00,1,1.00,1.00,100%,100%,N/A,N/A,N/A,N/A,N/A,N/A,N/A,N/A,N/A,N/A,N/A,N/A,N/A,N/A,N/A,N/A,N/A,N/A,N/A,N/A,N/A,N/A,N/A,N/A,N/A
F10-EllipsoidalRot,ill-cond,unimodal|non-separable|ill-conditioned,APGSK-IMODE,0.144,0.0000e+00,0.0000e+00,100%,100%,100%,100%,100%,100%,100%,2546,2558,2546,0.0828,1.00,1.00,1,1.00,1.00,100%,100%,N/A,N/A,N/A,N/A,N/A,N/A,N/A,N/A,N/A,N/A,N/A,N/A,N/A,N/A,N/A,N/A,N/A,N/A,N/A,N/A,N/A,N/A,N/A,N/A,N/A
F10-EllipsoidalRot,ill-cond,unimodal|non-separable|ill-conditioned,SPS-L-SHADE-EIG,0.251,0.0000e+00,0.0000e+00,100%,100%,100%,100%,100%,100%,100%,1756,1736,1756,0.1287,1.00,1.00,1,1.00,1.00,100%,100%,N/A,N/A,N/A,N/A,N/A,N/A,N/A,N/A,N/A,N/A,N/A,N/A,N/A,N/A,N/A,N/A,N/A,N/A,N/A,N/A,N/A,N/A,N/A,N/A,N/A
F10-EllipsoidalRot,ill-cond,unimodal|non-separable|ill-conditioned,CoBiDE,0.153,7.2409e-08,4.9962e-08,100%,100%,100%,100%,100%,75%,0%,3329,3386,3329,0.0565,1.00,1.00,1,1.00,1.00,100%,100%,N/A,N/A,N/A,N/A,N/A,N/A,N/A,N/A,N/A,N/A,N/A,N/A,N/A,N/A,N/A,N/A,N/A,N/A,N/A,N/A,N/A,N/A,N/A,N/A,N/A
F10-EllipsoidalRot,ill-cond,unimodal|non-separable|ill-conditioned,LSHADE-cnEpSin,1.886,0.0000e+00,0.0000e+00,100%,100%,100%,100%,100%,100%,100%,1370,1332,1370,0.1529,1.00,1.00,1,1.00,1.00,100%,100%,N/A,N/A,N/A,N/A,N/A,N/A,N/A,N/A,N/A,N/A,N/A,N/A,N/A,N/A,N/A,N/A,N/A,N/A,N/A,N/A,N/A,N/A,N/A,N/A,N/A
F10-EllipsoidalRot,ill-cond,unimodal|non-separable|ill-conditioned,CMA-ES,1.133,0.0000e+00,0.0000e+00,100%,100%,100%,100%,100%,100%,100%,377,372,377,0.3064,1.00,1.00,1,1.00,1.00,100%,100%,N/A,N/A,N/A,N/A,N/A,N/A,N/A,N/A,N/A,N/A,N/A,N/A,N/A,N/A,N/A,N/A,N/A,N/A,N/A,N/A,N/A,N/A,N/A,N/A,N/A
F10-EllipsoidalRot,ill-cond,unimodal|non-separable|ill-conditioned,IPOP-CMA-ES,0.438,0.0000e+00,0.0000e+00,100%,100%,100%,100%,100%,100%,100%,437,349,437,0.2951,1.00,1.00,1,1.00,1.00,100%,100%,N/A,N/A,N/A,N/A,N/A,N/A,N/A,N/A,N/A,N/A,N/A,N/A,N/A,N/A,N/A,N/A,N/A,N/A,N/A,N/A,N/A,N/A,N/A,N/A,N/A
F10-EllipsoidalRot,ill-cond,unimodal|non-separable|ill-conditioned,BIPOP-CMA-ES,0.630,0.0000e+00,0.0000e+00,100%,100%,100%,100%,100%,100%,100%,437,349,437,0.2951,1.00,1.00,1,1.00,1.00,100%,100%,N/A,N/A,N/A,N/A,N/A,N/A,N/A,N/A,N/A,N/A,N/A,N/A,N/A,N/A,N/A,N/A,N/A,N/A,N/A,N/A,N/A,N/A,N/A,N/A,N/A
F10-EllipsoidalRot,ill-cond,unimodal|non-separable|ill-conditioned,PSO,0.014,3.0176e+00,5.8869e-01,25%,10%,5%,5%,5%,0%,0%,1481,1481,96481,0.0112,0.05,0.05,1,0.10,0.05,10%,5%,N/A,N/A,N/A,N/A,N/A,N/A,N/A,N/A,N/A,N/A,N/A,N/A,N/A,N/A,N/A,N/A,N/A,N/A,N/A,N/A,N/A,N/A,N/A,N/A,N/A
F10-EllipsoidalRot,ill-cond,unimodal|non-separable|ill-conditioned,DE,0.190,0.0000e+00,0.0000e+00,100%,100%,100%,100%,100%,100%,100%,1072,1078,1072,0.1810,1.00,1.00,1,1.00,1.00,100%,100%,N/A,N/A,N/A,N/A,N/A,N/A,N/A,N/A,N/A,N/A,N/A,N/A,N/A,N/A,N/A,N/A,N/A,N/A,N/A,N/A,N/A,N/A,N/A,N/A,N/A
F10-EllipsoidalRot,ill-cond,unimodal|non-separable|ill-conditioned,L-SHADE,0.276,0.0000e+00,0.0000e+00,100%,100%,100%,100%,100%,100%,100%,2061,2084,2061,0.1038,1.00,1.00,1,1.00,1.00,100%,100%,N/A,N/A,N/A,N/A,N/A,N/A,N/A,N/A,N/A,N/A,N/A,N/A,N/A,N/A,N/A,N/A,N/A,N/A,N/A,N/A,N/A,N/A,N/A,N/A,N/A
F10-EllipsoidalRot,ill-cond,unimodal|non-separable|ill-conditioned,SaVOA,0.080,8.8342e-01,2.4198e-03,75%,60%,45%,25%,0%,0%,0%,4112,4287,19112,0.0212,0.25,0.25,1,0.60,0.25,60%,25%,N/A,N/A,N/A,N/A,N/A,N/A,N/A,N/A,N/A,N/A,N/A,N/A,N/A,N/A,N/A,N/A,N/A,N/A,N/A,N/A,N/A,N/A,N/A,N/A,N/A
F10-EllipsoidalRot,ill-cond,unimodal|non-separable|ill-conditioned,NM-Restart,0.133,0.0000e+00,0.0000e+00,100%,100%,100%,100%,100%,100%,100%,120,100,120,0.4438,1.00,1.00,1,1.00,1.00,100%,100%,N/A,N/A,N/A,N/A,N/A,N/A,N/A,N/A,N/A,N/A,N/A,N/A,N/A,N/A,N/A,N/A,N/A,N/A,N/A,N/A,N/A,N/A,N/A,N/A,N/A
F10-EllipsoidalRot,ill-cond,unimodal|non-separable|ill-conditioned,MC-ESO,1.171,0.0000e+00,0.0000e+00,100%,100%,100%,100%,100%,100%,100%,475,451,475,0.2736,1.00,1.00,1,1.00,1.00,100%,100%,N/A,N/A,N/A,N/A,N/A,N/A,N/A,N/A,N/A,N/A,N/A,N/A,N/A,N/A,N/A,N/A,N/A,N/A,N/A,N/A,N/A,N/A,N/A,N/A,N/A
F15-RastriginRot,multimodal,multimodal|non-separable|global-structure,EA4eig,0.220,2.8422e-14,0.0000e+00,100%,100%,100%,100%,100%,100%,100%,3036,3197,3036,0.0679,1.00,1.00,1,1.00,1.00,100%,100%,N/A,N/A,N/A,N/A,N/A,N/A,N/A,N/A,N/A,N/A,N/A,N/A,N/A,N/A,N/A,N/A,N/A,N/A,N/A,N/A,N/A,N/A,N/A,N/A,N/A
F15-RastriginRot,multimodal,multimodal|non-separable|global-structure,EA4eig-jSO-IDEbd,0.269,3.1554e-06,6.7831e-10,100%,100%,100%,100%,90%,90%,35%,3913,3914,3913,0.0431,1.00,1.00,1,1.00,1.00,100%,100%,N/A,N/A,N/A,N/A,N/A,N/A,N/A,N/A,N/A,N/A,N/A,N/A,N/A,N/A,N/A,N/A,N/A,N/A,N/A,N/A,N/A,N/A,N/A,N/A,N/A
F15-RastriginRot,multimodal,multimodal|non-separable|global-structure,EA4eig-Simpl,0.233,0.0000e+00,0.0000e+00,100%,100%,100%,100%,100%,100%,100%,2972,2945,2972,0.0732,1.00,1.00,1,1.00,1.00,100%,100%,N/A,N/A,N/A,N/A,N/A,N/A,N/A,N/A,N/A,N/A,N/A,N/A,N/A,N/A,N/A,N/A,N/A,N/A,N/A,N/A,N/A,N/A,N/A,N/A,N/A
F15-RastriginRot,multimodal,multimodal|non-separable|global-structure,LSHADE-SPACMA,0.196,0.0000e+00,0.0000e+00,100%,100%,100%,100%,100%,100%,100%,1288,1266,1288,0.1651,1.00,1.00,1,1.00,1.00,100%,100%,N/A,N/A,N/A,N/A,N/A,N/A,N/A,N/A,N/A,N/A,N/A,N/A,N/A,N/A,N/A,N/A,N/A,N/A,N/A,N/A,N/A,N/A,N/A,N/A,N/A
F15-RastriginRot,multimodal,multimodal|non-separable|global-structure,AMALGAM-SO,0.290,0.0000e+00,0.0000e+00,100%,100%,100%,100%,100%,100%,100%,1102,900,1102,0.1987,1.00,1.00,1,1.00,1.00,100%,100%,N/A,N/A,N/A,N/A,N/A,N/A,N/A,N/A,N/A,N/A,N/A,N/A,N/A,N/A,N/A,N/A,N/A,N/A,N/A,N/A,N/A,N/A,N/A,N/A,N/A
F15-RastriginRot,multimodal,multimodal|non-separable|global-structure,AMALGAM-SO-DE,0.275,2.6790e-04,0.0000e+00,100%,100%,95%,95%,95%,95%,95%,1172,882,1436,0.1892,0.95,0.95,1,1.00,0.95,100%,95%,N/A,N/A,N/A,N/A,N/A,N/A,N/A,N/A,N/A,N/A,N/A,N/A,N/A,N/A,N/A,N/A,N/A,N/A,N/A,N/A,N/A,N/A,N/A,N/A,N/A
F15-RastriginRot,multimodal,multimodal|non-separable|global-structure,HSES,0.013,1.7192e-01,1.1927e-02,65%,50%,40%,20%,10%,0%,0%,4825,4806,24825,0.0148,0.20,0.20,1,0.50,0.20,50%,20%,N/A,N/A,N/A,N/A,N/A,N/A,N/A,N/A,N/A,N/A,N/A,N/A,N/A,N/A,N/A,N/A,N/A,N/A,N/A,N/A,N/A,N/A,N/A,N/A,N/A
F15-RastriginRot,multimodal,multimodal|non-separable|global-structure,ICMAES-ILS,0.514,2.9850e-01,0.0000e+00,65%,65%,65%,65%,65%,65%,60%,2728,3498,5421,0.0633,0.65,0.65,1,0.65,0.65,65%,65%,N/A,N/A,N/A,N/A,N/A,N/A,N/A,N/A,N/A,N/A,N/A,N/A,N/A,N/A,N/A,N/A,N/A,N/A,N/A,N/A,N/A,N/A,N/A,N/A,N/A
F15-RastriginRot,multimodal,multimodal|non-separable|global-structure,MOS,0.373,9.9508e-02,0.0000e+00,90%,90%,90%,85%,85%,85%,85%,1002,967,1884,0.1646,0.85,0.85,1,0.90,0.85,90%,85%,N/A,N/A,N/A,N/A,N/A,N/A,N/A,N/A,N/A,N/A,N/A,N/A,N/A,N/A,N/A,N/A,N/A,N/A,N/A,N/A,N/A,N/A,N/A,N/A,N/A
F15-RastriginRot,multimodal,multimodal|non-separable|global-structure,UMOEA-II,0.906,1.1369e-13,0.0000e+00,100%,100%,100%,100%,100%,100%,100%,2385,2460,2385,0.0914,1.00,1.00,1,1.00,1.00,100%,100%,N/A,N/A,N/A,N/A,N/A,N/A,N/A,N/A,N/A,N/A,N/A,N/A,N/A,N/A,N/A,N/A,N/A,N/A,N/A,N/A,N/A,N/A,N/A,N/A,N/A
F15-RastriginRot,multimodal,multimodal|non-separable|global-structure,EBOwithCMAR,0.281,0.0000e+00,0.0000e+00,100%,100%,100%,100%,100%,100%,100%,2509,2458,2509,0.0922,1.00,1.00,1,1.00,1.00,100%,100%,N/A,N/A,N/A,N/A,N/A,N/A,N/A,N/A,N/A,N/A,N/A,N/A,N/A,N/A,N/A,N/A,N/A,N/A,N/A,N/A,N/A,N/A,N/A,N/A,N/A
F15-RastriginRot,multimodal,multimodal|non-separable|global-structure,HMHH,0.265,1.4925e-01,3.7670e-10,85%,85%,85%,85%,75%,70%,45%,2995,2837,3878,0.0622,0.85,0.85,1,0.85,0.85,85%,85%,N/A,N/A,N/A,N/A,N/A,N/A,N/A,N/A,N/A,N/A,N/A,N/A,N/A,N/A,N/A,N/A,N/A,N/A,N/A,N/A,N/A,N/A,N/A,N/A,N/A
F15-RastriginRot,multimodal,multimodal|non-separable|global-structure,HMHH-random,0.226,2.4874e-01,1.5871e-10,75%,75%,75%,75%,75%,75%,45%,2635,2546,4302,0.0597,0.75,0.75,1,0.75,0.75,75%,75%,N/A,N/A,N/A,N/A,N/A,N/A,N/A,N/A,N/A,N/A,N/A,N/A,N/A,N/A,N/A,N/A,N/A,N/A,N/A,N/A,N/A,N/A,N/A,N/A,N/A
F15-RastriginRot,multimodal,multimodal|non-separable|global-structure,PS-CMA-ES,0.172,2.6816e-02,1.0874e-06,95%,90%,85%,75%,65%,15%,0%,3946,3994,5613,0.0293,0.75,0.75,1,0.90,0.75,90%,75%,N/A,N/A,N/A,N/A,N/A,N/A,N/A,N/A,N/A,N/A,N/A,N/A,N/A,N/A,N/A,N/A,N/A,N/A,N/A,N/A,N/A,N/A,N/A,N/A,N/A
F15-RastriginRot,multimodal,multimodal|non-separable|global-structure,DEPSO,0.103,4.9748e-02,4.7862e-11,95%,95%,95%,95%,95%,90%,55%,2490,2444,2753,0.0823,0.95,0.95,1,0.95,0.95,95%,95%,N/A,N/A,N/A,N/A,N/A,N/A,N/A,N/A,N/A,N/A,N/A,N/A,N/A,N/A,N/A,N/A,N/A,N/A,N/A,N/A,N/A,N/A,N/A,N/A,N/A
F15-RastriginRot,multimodal,multimodal|non-separable|global-structure,jSO,0.242,0.0000e+00,0.0000e+00,100%,100%,100%,100%,100%,100%,100%,2186,2100,2186,0.1046,1.00,1.00,1,1.00,1.00,100%,100%,N/A,N/A,N/A,N/A,N/A,N/A,N/A,N/A,N/A,N/A,N/A,N/A,N/A,N/A,N/A,N/A,N/A,N/A,N/A,N/A,N/A,N/A,N/A,N/A,N/A
F15-RastriginRot,multimodal,multimodal|non-separable|global-structure,L-SRTDE,0.237,2.4874e-01,0.0000e+00,80%,80%,80%,80%,80%,80%,80%,1249,1244,2499,0.1323,0.80,0.80,1,0.80,0.80,80%,80%,N/A,N/A,N/A,N/A,N/A,N/A,N/A,N/A,N/A,N/A,N/A,N/A,N/A,N/A,N/A,N/A,N/A,N/A,N/A,N/A,N/A,N/A,N/A,N/A,N/A
F15-RastriginRot,multimodal,multimodal|non-separable|global-structure,IMODE,0.267,0.0000e+00,0.0000e+00,100%,100%,100%,100%,100%,100%,100%,2862,2887,2862,0.0692,1.00,1.00,1,1.00,1.00,100%,100%,N/A,N/A,N/A,N/A,N/A,N/A,N/A,N/A,N/A,N/A,N/A,N/A,N/A,N/A,N/A,N/A,N/A,N/A,N/A,N/A,N/A,N/A,N/A,N/A,N/A
F15-RastriginRot,multimodal,multimodal|non-separable|global-structure,ELSHADE-SPACMA,0.217,0.0000e+00,0.0000e+00,100%,100%,100%,100%,100%,100%,100%,1942,1906,1942,0.1141,1.00,1.00,1,1.00,1.00,100%,100%,N/A,N/A,N/A,N/A,N/A,N/A,N/A,N/A,N/A,N/A,N/A,N/A,N/A,N/A,N/A,N/A,N/A,N/A,N/A,N/A,N/A,N/A,N/A,N/A,N/A
F15-RastriginRot,multimodal,multimodal|non-separable|global-structure,APGSK-IMODE,0.143,2.2737e-14,0.0000e+00,100%,100%,100%,100%,100%,100%,100%,3351,3350,3351,0.0505,1.00,1.00,1,1.00,1.00,100%,100%,N/A,N/A,N/A,N/A,N/A,N/A,N/A,N/A,N/A,N/A,N/A,N/A,N/A,N/A,N/A,N/A,N/A,N/A,N/A,N/A,N/A,N/A,N/A,N/A,N/A
F15-RastriginRot,multimodal,multimodal|non-separable|global-structure,SPS-L-SHADE-EIG,0.237,0.0000e+00,0.0000e+00,100%,100%,100%,100%,100%,100%,100%,3097,3066,3097,0.0648,1.00,1.00,1,1.00,1.00,100%,100%,N/A,N/A,N/A,N/A,N/A,N/A,N/A,N/A,N/A,N/A,N/A,N/A,N/A,N/A,N/A,N/A,N/A,N/A,N/A,N/A,N/A,N/A,N/A,N/A,N/A
F15-RastriginRot,multimodal,multimodal|non-separable|global-structure,CoBiDE,0.188,3.3264e-03,1.2211e-03,100%,90%,50%,15%,5%,0%,0%,4778,4808,33112,0.0179,0.15,0.15,1,0.90,0.15,90%,15%,N/A,N/A,N/A,N/A,N/A,N/A,N/A,N/A,N/A,N/A,N/A,N/A,N/A,N/A,N/A,N/A,N/A,N/A,N/A,N/A,N/A,N/A,N/A,N/A,N/A
F15-RastriginRot,multimodal,multimodal|non-separable|global-structure,LSHADE-cnEpSin,1.965,0.0000e+00,0.0000e+00,100%,100%,100%,100%,100%,100%,100%,2940,2947,2940,0.0705,1.00,1.00,1,1.00,1.00,100%,100%,N/A,N/A,N/A,N/A,N/A,N/A,N/A,N/A,N/A,N/A,N/A,N/A,N/A,N/A,N/A,N/A,N/A,N/A,N/A,N/A,N/A,N/A,N/A,N/A,N/A
F15-RastriginRot,multimodal,multimodal|non-separable|global-structure,CMA-ES,3.897,1.5422e+00,9.9496e-01,25%,25%,25%,25%,25%,25%,25%,704,930,15704,0.0626,0.25,0.25,1,0.25,0.25,25%,25%,N/A,N/A,N/A,N/A,N/A,N/A,N/A,N/A,N/A,N/A,N/A,N/A,N/A,N/A,N/A,N/A,N/A,N/A,N/A,N/A,N/A,N/A,N/A,N/A,N/A
F15-RastriginRot,multimodal,multimodal|non-separable|global-structure,IPOP-CMA-ES,0.481,8.3671e-02,0.0000e+00,85%,85%,85%,85%,75%,75%,75%,2647,2556,3529,0.0800,0.85,0.85,1,0.85,0.85,85%,85%,N/A,N/A,N/A,N/A,N/A,N/A,N/A,N/A,N/A,N/A,N/A,N/A,N/A,N/A,N/A,N/A,N/A,N/A,N/A,N/A,N/A,N/A,N/A,N/A,N/A
F15-RastriginRot,multimodal,multimodal|non-separable|global-structure,BIPOP-CMA-ES,0.501,1.5967e-01,0.0000e+00,80%,80%,80%,80%,80%,80%,80%,2605,3230,3855,0.0751,0.80,0.80,1,0.80,0.80,80%,80%,N/A,N/A,N/A,N/A,N/A,N/A,N/A,N/A,N/A,N/A,N/A,N/A,N/A,N/A,N/A,N/A,N/A,N/A,N/A,N/A,N/A,N/A,N/A,N/A,N/A
F15-RastriginRot,multimodal,multimodal|non-separable|global-structure,PSO,0.009,5.0256e-02,3.0695e-12,95%,90%,90%,90%,90%,80%,65%,1991,1902,2547,0.1042,0.90,0.90,1,0.90,0.90,90%,90%,N/A,N/A,N/A,N/A,N/A,N/A,N/A,N/A,N/A,N/A,N/A,N/A,N/A,N/A,N/A,N/A,N/A,N/A,N/A,N/A,N/A,N/A,N/A,N/A,N/A
F15-RastriginRot,multimodal,multimodal|non-separable|global-structure,DE,0.187,4.9748e-02,0.0000e+00,95%,95%,95%,95%,95%,95%,95%,1990,1984,2254,0.1031,0.95,0.95,1,0.95,0.95,95%,95%,N/A,N/A,N/A,N/A,N/A,N/A,N/A,N/A,N/A,N/A,N/A,N/A,N/A,N/A,N/A,N/A,N/A,N/A,N/A,N/A,N/A,N/A,N/A,N/A,N/A
F15-RastriginRot,multimodal,multimodal|non-separable|global-structure,L-SHADE,0.215,0.0000e+00,0.0000e+00,100%,100%,100%,100%,100%,100%,100%,2806,2847,2806,0.0752,1.00,1.00,1,1.00,1.00,100%,100%,N/A,N/A,N/A,N/A,N/A,N/A,N/A,N/A,N/A,N/A,N/A,N/A,N/A,N/A,N/A,N/A,N/A,N/A,N/A,N/A,N/A,N/A,N/A,N/A,N/A
F15-RastriginRot,multimodal,multimodal|non-separable|global-structure,SaVOA,0.063,1.1442e+00,9.9496e-01,45%,45%,45%,45%,45%,45%,45%,2437,2022,8548,0.0473,0.45,0.45,1,0.45,0.45,45%,45%,N/A,N/A,N/A,N/A,N/A,N/A,N/A,N/A,N/A,N/A,N/A,N/A,N/A,N/A,N/A,N/A,N/A,N/A,N/A,N/A,N/A,N/A,N/A,N/A,N/A
F15-RastriginRot,multimodal,multimodal|non-separable|global-structure,NM-Restart,0.149,8.4572e-01,9.9496e-01,30%,30%,30%,30%,30%,30%,30%,2025,1850,13691,0.0379,0.30,0.30,1,0.30,0.30,30%,30%,N/A,N/A,N/A,N/A,N/A,N/A,N/A,N/A,N/A,N/A,N/A,N/A,N/A,N/A,N/A,N/A,N/A,N/A,N/A,N/A,N/A,N/A,N/A,N/A,N/A
F15-RastriginRot,multimodal,multimodal|non-separable|global-structure,MC-ESO,0.841,0.0000e+00,0.0000e+00,100%,100%,100%,100%,100%,100%,100%,862,822,862,0.2195,1.00,1.00,1,1.00,1.00,100%,100%,N/A,N/A,N/A,N/A,N/A,N/A,N/A,N/A,N/A,N/A,N/A,N/A,N/A,N/A,N/A,N/A,N/A,N/A,N/A,N/A,N/A,N/A,N/A,N/A,N/A
F09-RosenbrockRot,moderate-cond,unimodal|non-separable|bent-valley,EA4eig,0.162,1.1369e-14,0.0000e+00,100%,100%,100%,100%,100%,100%,100%,2579,2763,2579,0.1172,1.00,1.00,1,1.00,1.00,100%,100%,N/A,N/A,N/A,N/A,N/A,N/A,N/A,N/A,N/A,N/A,N/A,N/A,N/A,N/A,N/A,N/A,N/A,N/A,N/A,N/A,N/A,N/A,N/A,N/A,N/A
F09-RosenbrockRot,moderate-cond,unimodal|non-separable|bent-valley,EA4eig-jSO-IDEbd,0.237,5.6772e-13,7.1054e-15,100%,100%,100%,100%,100%,100%,100%,2462,2464,2462,0.1133,1.00,1.00,1,1.00,1.00,100%,100%,N/A,N/A,N/A,N/A,N/A,N/A,N/A,N/A,N/A,N/A,N/A,N/A,N/A,N/A,N/A,N/A,N/A,N/A,N/A,N/A,N/A,N/A,N/A,N/A,N/A
F09-RosenbrockRot,moderate-cond,unimodal|non-separable|bent-valley,EA4eig-Simpl,0.225,0.0000e+00,0.0000e+00,100%,100%,100%,100%,100%,100%,100%,2051,2180,2051,0.1425,1.00,1.00,1,1.00,1.00,100%,100%,N/A,N/A,N/A,N/A,N/A,N/A,N/A,N/A,N/A,N/A,N/A,N/A,N/A,N/A,N/A,N/A,N/A,N/A,N/A,N/A,N/A,N/A,N/A,N/A,N/A
F09-RosenbrockRot,moderate-cond,unimodal|non-separable|bent-valley,LSHADE-SPACMA,0.229,0.0000e+00,0.0000e+00,100%,100%,100%,100%,100%,100%,100%,620,606,620,0.2610,1.00,1.00,1,1.00,1.00,100%,100%,N/A,N/A,N/A,N/A,N/A,N/A,N/A,N/A,N/A,N/A,N/A,N/A,N/A,N/A,N/A,N/A,N/A,N/A,N/A,N/A,N/A,N/A,N/A,N/A,N/A
F09-RosenbrockRot,moderate-cond,unimodal|non-separable|bent-valley,AMALGAM-SO,0.280,0.0000e+00,0.0000e+00,100%,100%,100%,100%,100%,100%,100%,415,378,415,0.3135,1.00,1.00,1,1.00,1.00,100%,100%,N/A,N/A,N/A,N/A,N/A,N/A,N/A,N/A,N/A,N/A,N/A,N/A,N/A,N/A,N/A,N/A,N/A,N/A,N/A,N/A,N/A,N/A,N/A,N/A,N/A
F09-RosenbrockRot,moderate-cond,unimodal|non-separable|bent-valley,AMALGAM-SO-DE,0.313,0.0000e+00,0.0000e+00,100%,100%,100%,100%,100%,100%,100%,381,389,381,0.3146,1.00,1.00,1,1.00,1.00,100%,100%,N/A,N/A,N/A,N/A,N/A,N/A,N/A,N/A,N/A,N/A,N/A,N/A,N/A,N/A,N/A,N/A,N/A,N/A,N/A,N/A,N/A,N/A,N/A,N/A,N/A
F09-RosenbrockRot,moderate-cond,unimodal|non-separable|bent-valley,HSES,0.016,9.0147e-03,3.5341e-03,100%,75%,5%,5%,0%,0%,0%,1103,1103,96103,0.0646,0.05,0.05,1,0.75,0.05,75%,5%,N/A,N/A,N/A,N/A,N/A,N/A,N/A,N/A,N/A,N/A,N/A,N/A,N/A,N/A,N/A,N/A,N/A,N/A,N/A,N/A,N/A,N/A,N/A,N/A,N/A
F09-RosenbrockRot,moderate-cond,unimodal|non-separable|bent-valley,ICMAES-ILS,0.444,1.7873e-04,0.0000e+00,100%,100%,95%,95%,95%,90%,90%,534,361,797,0.2760,0.95,0.95,1,1.00,0.95,100%,95%,N/A,N/A,N/A,N/A,N/A,N/A,N/A,N/A,N/A,N/A,N/A,N/A,N/A,N/A,N/A,N/A,N/A,N/A,N/A,N/A,N/A,N/A,N/A,N/A,N/A
F09-RosenbrockRot,moderate-cond,unimodal|non-separable|bent-valley,MOS,0.352,0.0000e+00,0.0000e+00,100%,100%,100%,100%,100%,100%,100%,691,632,691,0.2479,1.00,1.00,1,1.00,1.00,100%,100%,N/A,N/A,N/A,N/A,N/A,N/A,N/A,N/A,N/A,N/A,N/A,N/A,N/A,N/A,N/A,N/A,N/A,N/A,N/A,N/A,N/A,N/A,N/A,N/A,N/A
F09-RosenbrockRot,moderate-cond,unimodal|non-separable|bent-valley,UMOEA-II,0.777,0.0000e+00,0.0000e+00,100%,100%,100%,100%,100%,100%,100%,1712,1658,1712,0.1509,1.00,1.00,1,1.00,1.00,100%,100%,N/A,N/A,N/A,N/A,N/A,N/A,N/A,N/A,N/A,N/A,N/A,N/A,N/A,N/A,N/A,N/A,N/A,N/A,N/A,N/A,N/A,N/A,N/A,N/A,N/A
F09-RosenbrockRot,moderate-cond,unimodal|non-separable|bent-valley,EBOwithCMAR,0.298,0.0000e+00,0.0000e+00,100%,100%,100%,100%,100%,100%,100%,1961,1910,1961,0.1370,1.00,1.00,1,1.00,1.00,100%,100%,N/A,N/A,N/A,N/A,N/A,N/A,N/A,N/A,N/A,N/A,N/A,N/A,N/A,N/A,N/A,N/A,N/A,N/A,N/A,N/A,N/A,N/A,N/A,N/A,N/A
F09-RosenbrockRot,moderate-cond,unimodal|non-separable|bent-valley,HMHH,0.251,6.7881e-08,0.0000e+00,100%,100%,100%,100%,100%,95%,85%,2603,2554,2603,0.1191,1.00,1.00,1,1.00,1.00,100%,100%,N/A,N/A,N/A,N/A,N/A,N/A,N/A,N/A,N/A,N/A,N/A,N/A,N/A,N/A,N/A,N/A,N/A,N/A,N/A,N/A,N/A,N/A,N/A,N/A,N/A
F09-RosenbrockRot,moderate-cond,unimodal|non-separable|bent-valley,HMHH-random,0.232,7.6270e-09,3.8398e-11,100%,100%,100%,100%,100%,95%,55%,2116,2142,2116,0.1261,1.00,1.00,1,1.00,1.00,100%,100%,N/A,N/A,N/A,N/A,N/A,N/A,N/A,N/A,N/A,N/A,N/A,N/A,N/A,N/A,N/A,N/A,N/A,N/A,N/A,N/A,N/A,N/A,N/A,N/A,N/A
F09-RosenbrockRot,moderate-cond,unimodal|non-separable|bent-valley,PS-CMA-ES,0.152,1.0096e-05,9.2460e-07,100%,100%,100%,95%,90%,15%,0%,3608,3622,3871,0.0720,0.95,0.95,1,1.00,0.95,100%,95%,N/A,N/A,N/A,N/A,N/A,N/A,N/A,N/A,N/A,N/A,N/A,N/A,N/A,N/A,N/A,N/A,N/A,N/A,N/A,N/A,N/A,N/A,N/A,N/A,N/A
F09-RosenbrockRot,moderate-cond,unimodal|non-separable|bent-valley,DEPSO,0.107,1.3956e-07,9.6767e-08,100%,100%,100%,100%,100%,50%,0%,1827,1810,1827,0.1372,1.00,1.00,1,1.00,1.00,100%,100%,N/A,N/A,N/A,N/A,N/A,N/A,N/A,N/A,N/A,N/A,N/A,N/A,N/A,N/A,N/A,N/A,N/A,N/A,N/A,N/A,N/A,N/A,N/A,N/A,N/A
F09-RosenbrockRot,moderate-cond,unimodal|non-separable|bent-valley,jSO,0.226,0.0000e+00,0.0000e+00,100%,100%,100%,100%,100%,100%,100%,1184,1171,1184,0.1885,1.00,1.00,1,1.00,1.00,100%,100%,N/A,N/A,N/A,N/A,N/A,N/A,N/A,N/A,N/A,N/A,N/A,N/A,N/A,N/A,N/A,N/A,N/A,N/A,N/A,N/A,N/A,N/A,N/A,N/A,N/A
F09-RosenbrockRot,moderate-cond,unimodal|non-separable|bent-valley,L-SRTDE,0.222,0.0000e+00,0.0000e+00,100%,100%,100%,100%,100%,100%,100%,632,654,632,0.2482,1.00,1.00,1,1.00,1.00,100%,100%,N/A,N/A,N/A,N/A,N/A,N/A,N/A,N/A,N/A,N/A,N/A,N/A,N/A,N/A,N/A,N/A,N/A,N/A,N/A,N/A,N/A,N/A,N/A,N/A,N/A
F09-RosenbrockRot,moderate-cond,unimodal|non-separable|bent-valley,IMODE,0.291,0.0000e+00,0.0000e+00,100%,100%,100%,100%,100%,100%,100%,1216,1186,1216,0.1985,1.00,1.00,1,1.00,1.00,100%,100%,N/A,N/A,N/A,N/A,N/A,N/A,N/A,N/A,N/A,N/A,N/A,N/A,N/A,N/A,N/A,N/A,N/A,N/A,N/A,N/A,N/A,N/A,N/A,N/A,N/A
F09-RosenbrockRot,moderate-cond,unimodal|non-separable|bent-valley,ELSHADE-SPACMA,0.205,0.0000e+00,0.0000e+00,100%,100%,100%,100%,100%,100%,100%,953,970,953,0.2160,1.00,1.00,1,1.00,1.00,100%,100%,N/A,N/A,N/A,N/A,N/A,N/A,N/A,N/A,N/A,N/A,N/A,N/A,N/A,N/A,N/A,N/A,N/A,N/A,N/A,N/A,N/A,N/A,N/A,N/A,N/A
F09-RosenbrockRot,moderate-cond,unimodal|non-separable|bent-valley,APGSK-IMODE,0.149,0.0000e+00,0.0000e+00,100%,100%,100%,100%,100%,100%,100%,2015,2086,2015,0.1326,1.00,1.00,1,1.00,1.00,100%,100%,N/A,N/A,N/A,N/A,N/A,N/A,N/A,N/A,N/A,N/A,N/A,N/A,N/A,N/A,N/A,N/A,N/A,N/A,N/A,N/A,N/A,N/A,N/A,N/A,N/A
F09-RosenbrockRot,moderate-cond,unimodal|non-separable|bent-valley,SPS-L-SHADE-EIG,0.265,0.0000e+00,0.0000e+00,100%,100%,100%,100%,100%,100%,100%,1894,1816,1894,0.1492,1.00,1.00,1,1.00,1.00,100%,100%,N/A,N/A,N/A,N/A,N/A,N/A,N/A,N/A,N/A,N/A,N/A,N/A,N/A,N/A,N/A,N/A,N/A,N/A,N/A,N/A,N/A,N/A,N/A,N/A,N/A
F09-RosenbrockRot,moderate-cond,unimodal|non-separable|bent-valley,CoBiDE,0.176,4.1461e-07,2.3292e-08,100%,100%,100%,100%,100%,65%,5%,3210,3269,3210,0.0797,1.00,1.00,1,1.00,1.00,100%,100%,N/A,N/A,N/A,N/A,N/A,N/A,N/A,N/A,N/A,N/A,N/A,N/A,N/A,N/A,N/A,N/A,N/A,N/A,N/A,N/A,N/A,N/A,N/A,N/A,N/A
F09-RosenbrockRot,moderate-cond,unimodal|non-separable|bent-valley,LSHADE-cnEpSin,2.015,0.0000e+00,0.0000e+00,100%,100%,100%,100%,100%,100%,100%,1347,1354,1347,0.1818,1.00,1.00,1,1.00,1.00,100%,100%,N/A,N/A,N/A,N/A,N/A,N/A,N/A,N/A,N/A,N/A,N/A,N/A,N/A,N/A,N/A,N/A,N/A,N/A,N/A,N/A,N/A,N/A,N/A,N/A,N/A
F09-RosenbrockRot,moderate-cond,unimodal|non-separable|bent-valley,CMA-ES,3.863,0.0000e+00,0.0000e+00,100%,100%,100%,100%,100%,100%,100%,392,346,392,0.3120,1.00,1.00,1,1.00,1.00,100%,100%,N/A,N/A,N/A,N/A,N/A,N/A,N/A,N/A,N/A,N/A,N/A,N/A,N/A,N/A,N/A,N/A,N/A,N/A,N/A,N/A,N/A,N/A,N/A,N/A,N/A
F09-RosenbrockRot,moderate-cond,unimodal|non-separable|bent-valley,IPOP-CMA-ES,0.529,0.0000e+00,0.0000e+00,100%,100%,100%,100%,100%,100%,100%,425,384,425,0.3033,1.00,1.00,1,1.00,1.00,100%,100%,N/A,N/A,N/A,N/A,N/A,N/A,N/A,N/A,N/A,N/A,N/A,N/A,N/A,N/A,N/A,N/A,N/A,N/A,N/A,N/A,N/A,N/A,N/A,N/A,N/A
F09-RosenbrockRot,moderate-cond,unimodal|non-separable|bent-valley,BIPOP-CMA-ES,0.530,0.0000e+00,0.0000e+00,100%,100%,100%,100%,100%,100%,100%,425,384,425,0.3033,1.00,1.00,1,1.00,1.00,100%,100%,N/A,N/A,N/A,N/A,N/A,N/A,N/A,N/A,N/A,N/A,N/A,N/A,N/A,N/A,N/A,N/A,N/A,N/A,N/A,N/A,N/A,N/A,N/A,N/A,N/A
F09-RosenbrockRot,moderate-cond,unimodal|non-separable|bent-valley,PSO,0.029,9.5516e-08,2.1539e-09,100%,100%,100%,100%,100%,85%,20%,1632,1686,1632,0.1506,1.00,1.00,1,1.00,1.00,100%,100%,N/A,N/A,N/A,N/A,N/A,N/A,N/A,N/A,N/A,N/A,N/A,N/A,N/A,N/A,N/A,N/A,N/A,N/A,N/A,N/A,N/A,N/A,N/A,N/A,N/A
F09-RosenbrockRot,moderate-cond,unimodal|non-separable|bent-valley,DE,0.207,1.3029e-02,0.0000e+00,95%,95%,95%,95%,95%,95%,95%,1022,1027,1286,0.1921,0.95,0.95,1,0.95,0.95,95%,95%,N/A,N/A,N/A,N/A,N/A,N/A,N/A,N/A,N/A,N/A,N/A,N/A,N/A,N/A,N/A,N/A,N/A,N/A,N/A,N/A,N/A,N/A,N/A,N/A,N/A
F09-RosenbrockRot,moderate-cond,unimodal|non-separable|bent-valley,L-SHADE,0.273,0.0000e+00,0.0000e+00,100%,100%,100%,100%,100%,100%,100%,1849,1781,1849,0.1449,1.00,1.00,1,1.00,1.00,100%,100%,N/A,N/A,N/A,N/A,N/A,N/A,N/A,N/A,N/A,N/A,N/A,N/A,N/A,N/A,N/A,N/A,N/A,N/A,N/A,N/A,N/A,N/A,N/A,N/A,N/A
F09-RosenbrockRot,moderate-cond,unimodal|non-separable|bent-valley,SaVOA,0.100,0.0000e+00,0.0000e+00,100%,100%,100%,100%,100%,100%,100%,950,933,950,0.2037,1.00,1.00,1,1.00,1.00,100%,100%,N/A,N/A,N/A,N/A,N/A,N/A,N/A,N/A,N/A,N/A,N/A,N/A,N/A,N/A,N/A,N/A,N/A,N/A,N/A,N/A,N/A,N/A,N/A,N/A,N/A
F09-RosenbrockRot,moderate-cond,unimodal|non-separable|bent-valley,NM-Restart,0.162,0.0000e+00,0.0000e+00,100%,100%,100%,100%,100%,100%,100%,127,106,127,0.4439,1.00,1.00,1,1.00,1.00,100%,100%,N/A,N/A,N/A,N/A,N/A,N/A,N/A,N/A,N/A,N/A,N/A,N/A,N/A,N/A,N/A,N/A,N/A,N/A,N/A,N/A,N/A,N/A,N/A,N/A,N/A
F09-RosenbrockRot,moderate-cond,unimodal|non-separable|bent-valley,MC-ESO,1.101,0.0000e+00,0.0000e+00,100%,100%,100%,100%,100%,100%,100%,420,390,420,0.2945,1.00,1.00,1,1.00,1.00,100%,100%,N/A,N/A,N/A,N/A,N/A,N/A,N/A,N/A,N/A,N/A,N/A,N/A,N/A,N/A,N/A,N/A,N/A,N/A,N/A,N/A,N/A,N/A,N/A,N/A,N/A
F14-DiffPowers,ill-cond,unimodal|non-separable|ill-conditioned,EA4eig,0.237,4.6185e-15,0.0000e+00,100%,100%,100%,100%,100%,100%,100%,1615,1680,1615,0.1606,1.00,1.00,1,1.00,1.00,100%,100%,N/A,N/A,N/A,N/A,N/A,N/A,N/A,N/A,N/A,N/A,N/A,N/A,N/A,N/A,N/A,N/A,N/A,N/A,N/A,N/A,N/A,N/A,N/A,N/A,N/A
F14-DiffPowers,ill-cond,unimodal|non-separable|ill-conditioned,EA4eig-jSO-IDEbd,0.239,4.5439e-13,9.9476e-14,100%,100%,100%,100%,100%,100%,100%,1809,1700,1809,0.1545,1.00,1.00,1,1.00,1.00,100%,100%,N/A,N/A,N/A,N/A,N/A,N/A,N/A,N/A,N/A,N/A,N/A,N/A,N/A,N/A,N/A,N/A,N/A,N/A,N/A,N/A,N/A,N/A,N/A,N/A,N/A
F14-DiffPowers,ill-cond,unimodal|non-separable|ill-conditioned,EA4eig-Simpl,0.228,3.5527e-15,0.0000e+00,100%,100%,100%,100%,100%,100%,100%,1374,1383,1374,0.1769,1.00,1.00,1,1.00,1.00,100%,100%,N/A,N/A,N/A,N/A,N/A,N/A,N/A,N/A,N/A,N/A,N/A,N/A,N/A,N/A,N/A,N/A,N/A,N/A,N/A,N/A,N/A,N/A,N/A,N/A,N/A
F14-DiffPowers,ill-cond,unimodal|non-separable|ill-conditioned,LSHADE-SPACMA,0.140,0.0000e+00,0.0000e+00,100%,100%,100%,100%,100%,100%,100%,541,544,541,0.2674,1.00,1.00,1,1.00,1.00,100%,100%,N/A,N/A,N/A,N/A,N/A,N/A,N/A,N/A,N/A,N/A,N/A,N/A,N/A,N/A,N/A,N/A,N/A,N/A,N/A,N/A,N/A,N/A,N/A,N/A,N/A
F14-DiffPowers,ill-cond,unimodal|non-separable|ill-conditioned,AMALGAM-SO,0.330,2.2560e-13,2.5580e-13,100%,100%,100%,100%,100%,100%,100%,343,344,343,0.3533,1.00,1.00,1,1.00,1.00,100%,100%,N/A,N/A,N/A,N/A,N/A,N/A,N/A,N/A,N/A,N/A,N/A,N/A,N/A,N/A,N/A,N/A,N/A,N/A,N/A,N/A,N/A,N/A,N/A,N/A,N/A
F14-DiffPowers,ill-cond,unimodal|non-separable|ill-conditioned,AMALGAM-SO-DE,0.417,2.0037e-13,1.7764e-13,100%,100%,100%,100%,100%,100%,100%,287,270,287,0.3533,1.00,1.00,1,1.00,1.00,100%,100%,N/A,N/A,N/A,N/A,N/A,N/A,N/A,N/A,N/A,N/A,N/A,N/A,N/A,N/A,N/A,N/A,N/A,N/A,N/A,N/A,N/A,N/A,N/A,N/A,N/A
F14-DiffPowers,ill-cond,unimodal|non-separable|ill-conditioned,HSES,0.007,5.6107e-06,1.8802e-06,100%,100%,100%,100%,80%,0%,0%,2373,2380,2373,0.1325,1.00,1.00,1,1.00,1.00,100%,100%,N/A,N/A,N/A,N/A,N/A,N/A,N/A,N/A,N/A,N/A,N/A,N/A,N/A,N/A,N/A,N/A,N/A,N/A,N/A,N/A,N/A,N/A,N/A,N/A,N/A
F14-DiffPowers,ill-cond,unimodal|non-separable|ill-conditioned,ICMAES-ILS,0.727,5.7909e-14,1.7764e-14,100%,100%,100%,100%,100%,100%,100%,238,228,238,0.3533,1.00,1.00,1,1.00,1.00,100%,100%,N/A,N/A,N/A,N/A,N/A,N/A,N/A,N/A,N/A,N/A,N/A,N/A,N/A,N/A,N/A,N/A,N/A,N/A,N/A,N/A,N/A,N/A,N/A,N/A,N/A
F14-DiffPowers,ill-cond,unimodal|non-separable|ill-conditioned,MOS,0.323,9.6279e-14,0.0000e+00,100%,100%,100%,100%,100%,100%,100%,499,495,499,0.2911,1.00,1.00,1,1.00,1.00,100%,100%,N/A,N/A,N/A,N/A,N/A,N/A,N/A,N/A,N/A,N/A,N/A,N/A,N/A,N/A,N/A,N/A,N/A,N/A,N/A,N/A,N/A,N/A,N/A,N/A,N/A
F14-DiffPowers,ill-cond,unimodal|non-separable|ill-conditioned,UMOEA-II,0.860,7.1054e-16,0.0000e+00,100%,100%,100%,100%,100%,100%,100%,1223,1222,1223,0.1943,1.00,1.00,1,1.00,1.00,100%,100%,N/A,N/A,N/A,N/A,N/A,N/A,N/A,N/A,N/A,N/A,N/A,N/A,N/A,N/A,N/A,N/A,N/A,N/A,N/A,N/A,N/A,N/A,N/A,N/A,N/A
F14-DiffPowers,ill-cond,unimodal|non-separable|ill-conditioned,EBOwithCMAR,0.315,0.0000e+00,0.0000e+00,100%,100%,100%,100%,100%,100%,100%,1062,1082,1062,0.2121,1.00,1.00,1,1.00,1.00,100%,100%,N/A,N/A,N/A,N/A,N/A,N/A,N/A,N/A,N/A,N/A,N/A,N/A,N/A,N/A,N/A,N/A,N/A,N/A,N/A,N/A,N/A,N/A,N/A,N/A,N/A
F14-DiffPowers,ill-cond,unimodal|non-separable|ill-conditioned,HMHH,0.262,1.3105e-11,4.0501e-13,100%,100%,100%,100%,100%,100%,95%,1692,1605,1692,0.1694,1.00,1.00,1,1.00,1.00,100%,100%,N/A,N/A,N/A,N/A,N/A,N/A,N/A,N/A,N/A,N/A,N/A,N/A,N/A,N/A,N/A,N/A,N/A,N/A,N/A,N/A,N/A,N/A,N/A,N/A,N/A
F14-DiffPowers,ill-cond,unimodal|non-separable|ill-conditioned,HMHH-random,0.223,4.0945e-10,8.0192e-11,100%,100%,100%,100%,100%,100%,60%,1515,1414,1515,0.1705,1.00,1.00,1,1.00,1.00,100%,100%,N/A,N/A,N/A,N/A,N/A,N/A,N/A,N/A,N/A,N/A,N/A,N/A,N/A,N/A,N/A,N/A,N/A,N/A,N/A,N/A,N/A,N/A,N/A,N/A,N/A
F14-DiffPowers,ill-cond,unimodal|non-separable|ill-conditioned,PS-CMA-ES,0.152,4.8593e-06,2.6798e-06,100%,100%,100%,100%,85%,0%,0%,2553,2566,2553,0.1249,1.00,1.00,1,1.00,1.00,100%,100%,N/A,N/A,N/A,N/A,N/A,N/A,N/A,N/A,N/A,N/A,N/A,N/A,N/A,N/A,N/A,N/A,N/A,N/A,N/A,N/A,N/A,N/A,N/A,N/A,N/A
F14-DiffPowers,ill-cond,unimodal|non-separable|ill-conditioned,DEPSO,0.136,2.1911e-06,1.2558e-06,100%,100%,100%,100%,95%,10%,0%,1597,1489,1597,0.1749,1.00,1.00,1,1.00,1.00,100%,100%,N/A,N/A,N/A,N/A,N/A,N/A,N/A,N/A,N/A,N/A,N/A,N/A,N/A,N/A,N/A,N/A,N/A,N/A,N/A,N/A,N/A,N/A,N/A,N/A,N/A
F14-DiffPowers,ill-cond,unimodal|non-separable|ill-conditioned,jSO,0.200,0.0000e+00,0.0000e+00,100%,100%,100%,100%,100%,100%,100%,742,767,742,0.2484,1.00,1.00,1,1.00,1.00,100%,100%,N/A,N/A,N/A,N/A,N/A,N/A,N/A,N/A,N/A,N/A,N/A,N/A,N/A,N/A,N/A,N/A,N/A,N/A,N/A,N/A,N/A,N/A,N/A,N/A,N/A
F14-DiffPowers,ill-cond,unimodal|non-separable|ill-conditioned,L-SRTDE,0.266,0.0000e+00,0.0000e+00,100%,100%,100%,100%,100%,100%,100%,567,580,567,0.2713,1.00,1.00,1,1.00,1.00,100%,100%,N/A,N/A,N/A,N/A,N/A,N/A,N/A,N/A,N/A,N/A,N/A,N/A,N/A,N/A,N/A,N/A,N/A,N/A,N/A,N/A,N/A,N/A,N/A,N/A,N/A
F14-DiffPowers,ill-cond,unimodal|non-separable|ill-conditioned,IMODE,0.220,0.0000e+00,0.0000e+00,100%,100%,100%,100%,100%,100%,100%,1190,1186,1190,0.2134,1.00,1.00,1,1.00,1.00,100%,100%,N/A,N/A,N/A,N/A,N/A,N/A,N/A,N/A,N/A,N/A,N/A,N/A,N/A,N/A,N/A,N/A,N/A,N/A,N/A,N/A,N/A,N/A,N/A,N/A,N/A
F14-DiffPowers,ill-cond,unimodal|non-separable|ill-conditioned,ELSHADE-SPACMA,0.184,0.0000e+00,0.0000e+00,100%,100%,100%,100%,100%,100%,100%,944,974,944,0.2216,1.00,1.00,1,1.00,1.00,100%,100%,N/A,N/A,N/A,N/A,N/A,N/A,N/A,N/A,N/A,N/A,N/A,N/A,N/A,N/A,N/A,N/A,N/A,N/A,N/A,N/A,N/A,N/A,N/A,N/A,N/A
F14-DiffPowers,ill-cond,unimodal|non-separable|ill-conditioned,APGSK-IMODE,0.168,3.9080e-15,0.0000e+00,100%,100%,100%,100%,100%,100%,100%,1729,1783,1729,0.1704,1.00,1.00,1,1.00,1.00,100%,100%,N/A,N/A,N/A,N/A,N/A,N/A,N/A,N/A,N/A,N/A,N/A,N/A,N/A,N/A,N/A,N/A,N/A,N/A,N/A,N/A,N/A,N/A,N/A,N/A,N/A
F14-DiffPowers,ill-cond,unimodal|non-separable|ill-conditioned,SPS-L-SHADE-EIG,0.212,0.0000e+00,0.0000e+00,100%,100%,100%,100%,100%,100%,100%,1203,1162,1203,0.2038,1.00,1.00,1,1.00,1.00,100%,100%,N/A,N/A,N/A,N/A,N/A,N/A,N/A,N/A,N/A,N/A,N/A,N/A,N/A,N/A,N/A,N/A,N/A,N/A,N/A,N/A,N/A,N/A,N/A,N/A,N/A
F14-DiffPowers,ill-cond,unimodal|non-separable|ill-conditioned,CoBiDE,0.149,8.4342e-09,4.2140e-09,100%,100%,100%,100%,100%,100%,0%,1981,2032,1981,0.1291,1.00,1.00,1,1.00,1.00,100%,100%,N/A,N/A,N/A,N/A,N/A,N/A,N/A,N/A,N/A,N/A,N/A,N/A,N/A,N/A,N/A,N/A,N/A,N/A,N/A,N/A,N/A,N/A,N/A,N/A,N/A
F14-DiffPowers,ill-cond,unimodal|non-separable|ill-conditioned,LSHADE-cnEpSin,1.839,0.0000e+00,0.0000e+00,100%,100%,100%,100%,100%,100%,100%,887,886,887,0.2222,1.00,1.00,1,1.00,1.00,100%,100%,N/A,N/A,N/A,N/A,N/A,N/A,N/A,N/A,N/A,N/A,N/A,N/A,N/A,N/A,N/A,N/A,N/A,N/A,N/A,N/A,N/A,N/A,N/A,N/A,N/A
F14-DiffPowers,ill-cond,unimodal|non-separable|ill-conditioned,CMA-ES,0.848,8.6686e-13,1.7408e-13,100%,100%,100%,100%,100%,100%,100%,237,240,237,0.3707,1.00,1.00,1,1.00,1.00,100%,100%,N/A,N/A,N/A,N/A,N/A,N/A,N/A,N/A,N/A,N/A,N/A,N/A,N/A,N/A,N/A,N/A,N/A,N/A,N/A,N/A,N/A,N/A,N/A,N/A,N/A
F14-DiffPowers,ill-cond,unimodal|non-separable|ill-conditioned,IPOP-CMA-ES,0.514,6.3594e-14,4.2633e-14,100%,100%,100%,100%,100%,100%,100%,215,206,215,0.3743,1.00,1.00,1,1.00,1.00,100%,100%,N/A,N/A,N/A,N/A,N/A,N/A,N/A,N/A,N/A,N/A,N/A,N/A,N/A,N/A,N/A,N/A,N/A,N/A,N/A,N/A,N/A,N/A,N/A,N/A,N/A
F14-DiffPowers,ill-cond,unimodal|non-separable|ill-conditioned,BIPOP-CMA-ES,0.679,5.8620e-14,3.9080e-14,100%,100%,100%,100%,100%,100%,100%,215,206,215,0.3743,1.00,1.00,1,1.00,1.00,100%,100%,N/A,N/A,N/A,N/A,N/A,N/A,N/A,N/A,N/A,N/A,N/A,N/A,N/A,N/A,N/A,N/A,N/A,N/A,N/A,N/A,N/A,N/A,N/A,N/A,N/A
F14-DiffPowers,ill-cond,unimodal|non-separable|ill-conditioned,PSO,0.009,4.3964e-06,2.0090e-06,100%,100%,100%,100%,80%,10%,0%,1444,1418,1444,0.1818,1.00,1.00,1,1.00,1.00,100%,100%,N/A,N/A,N/A,N/A,N/A,N/A,N/A,N/A,N/A,N/A,N/A,N/A,N/A,N/A,N/A,N/A,N/A,N/A,N/A,N/A,N/A,N/A,N/A,N/A,N/A
F14-DiffPowers,ill-cond,unimodal|non-separable|ill-conditioned,DE,0.166,0.0000e+00,0.0000e+00,100%,100%,100%,100%,100%,100%,100%,778,790,778,0.2315,1.00,1.00,1,1.00,1.00,100%,100%,N/A,N/A,N/A,N/A,N/A,N/A,N/A,N/A,N/A,N/A,N/A,N/A,N/A,N/A,N/A,N/A,N/A,N/A,N/A,N/A,N/A,N/A,N/A,N/A,N/A
F14-DiffPowers,ill-cond,unimodal|non-separable|ill-conditioned,L-SHADE,0.215,0.0000e+00,0.0000e+00,100%,100%,100%,100%,100%,100%,100%,1416,1428,1416,0.1832,1.00,1.00,1,1.00,1.00,100%,100%,N/A,N/A,N/A,N/A,N/A,N/A,N/A,N/A,N/A,N/A,N/A,N/A,N/A,N/A,N/A,N/A,N/A,N/A,N/A,N/A,N/A,N/A,N/A,N/A,N/A
F14-DiffPowers,ill-cond,unimodal|non-separable|ill-conditioned,SaVOA,0.083,1.9375e-06,8.5599e-07,100%,100%,100%,100%,100%,15%,0%,627,608,627,0.2245,1.00,1.00,1,1.00,1.00,100%,100%,N/A,N/A,N/A,N/A,N/A,N/A,N/A,N/A,N/A,N/A,N/A,N/A,N/A,N/A,N/A,N/A,N/A,N/A,N/A,N/A,N/A,N/A,N/A,N/A,N/A
F14-DiffPowers,ill-cond,unimodal|non-separable|ill-conditioned,NM-Restart,0.158,0.0000e+00,0.0000e+00,100%,100%,100%,100%,100%,100%,100%,100,76,100,0.4743,1.00,1.00,1,1.00,1.00,100%,100%,N/A,N/A,N/A,N/A,N/A,N/A,N/A,N/A,N/A,N/A,N/A,N/A,N/A,N/A,N/A,N/A,N/A,N/A,N/A,N/A,N/A,N/A,N/A,N/A,N/A
F14-DiffPowers,ill-cond,unimodal|non-separable|ill-conditioned,MC-ESO,1.119,8.1357e-14,0.0000e+00,100%,100%,100%,100%,100%,100%,100%,314,292,314,0.3392,1.00,1.00,1,1.00,1.00,100%,100%,N/A,N/A,N/A,N/A,N/A,N/A,N/A,N/A,N/A,N/A,N/A,N/A,N/A,N/A,N/A,N/A,N/A,N/A,N/A,N/A,N/A,N/A,N/A,N/A,N/A
F22-Gallagher21,weak-structure,multimodal|non-separable|weak-structure,EA4eig,0.272,0.0000e+00,0.0000e+00,100%,100%,100%,100%,100%,100%,100%,1187,1219,1187,0.2121,1.00,1.00,1,1.00,1.00,100%,100%,N/A,N/A,N/A,N/A,N/A,N/A,N/A,N/A,N/A,N/A,N/A,N/A,N/A,N/A,N/A,N/A,N/A,N/A,N/A,N/A,N/A,N/A,N/A,N/A,N/A
F22-Gallagher21,weak-structure,multimodal|non-separable|weak-structure,EA4eig-jSO-IDEbd,0.283,0.0000e+00,0.0000e+00,100%,100%,100%,100%,100%,100%,100%,1032,1082,1032,0.2235,1.00,1.00,1,1.00,1.00,100%,100%,N/A,N/A,N/A,N/A,N/A,N/A,N/A,N/A,N/A,N/A,N/A,N/A,N/A,N/A,N/A,N/A,N/A,N/A,N/A,N/A,N/A,N/A,N/A,N/A,N/A
F22-Gallagher21,weak-structure,multimodal|non-separable|weak-structure,EA4eig-Simpl,0.247,0.0000e+00,0.0000e+00,100%,100%,100%,100%,100%,100%,100%,990,885,990,0.2388,1.00,1.00,1,1.00,1.00,100%,100%,N/A,N/A,N/A,N/A,N/A,N/A,N/A,N/A,N/A,N/A,N/A,N/A,N/A,N/A,N/A,N/A,N/A,N/A,N/A,N/A,N/A,N/A,N/A,N/A,N/A
F22-Gallagher21,weak-structure,multimodal|non-separable|weak-structure,LSHADE-SPACMA,0.179,0.0000e+00,0.0000e+00,100%,100%,100%,100%,100%,100%,100%,464,493,464,0.3184,1.00,1.00,1,1.00,1.00,100%,100%,N/A,N/A,N/A,N/A,N/A,N/A,N/A,N/A,N/A,N/A,N/A,N/A,N/A,N/A,N/A,N/A,N/A,N/A,N/A,N/A,N/A,N/A,N/A,N/A,N/A
F22-Gallagher21,weak-structure,multimodal|non-separable|weak-structure,AMALGAM-SO,0.378,0.0000e+00,0.0000e+00,100%,100%,100%,100%,100%,100%,100%,481,359,481,0.3243,1.00,1.00,1,1.00,1.00,100%,100%,N/A,N/A,N/A,N/A,N/A,N/A,N/A,N/A,N/A,N/A,N/A,N/A,N/A,N/A,N/A,N/A,N/A,N/A,N/A,N/A,N/A,N/A,N/A,N/A,N/A
F22-Gallagher21,weak-structure,multimodal|non-separable|weak-structure,AMALGAM-SO-DE,0.379,0.0000e+00,0.0000e+00,100%,100%,100%,100%,100%,100%,100%,503,322,503,0.3231,1.00,1.00,1,1.00,1.00,100%,100%,N/A,N/A,N/A,N/A,N/A,N/A,N/A,N/A,N/A,N/A,N/A,N/A,N/A,N/A,N/A,N/A,N/A,N/A,N/A,N/A,N/A,N/A,N/A,N/A,N/A
F22-Gallagher21,weak-structure,multimodal|non-separable|weak-structure,HSES,0.022,4.9910e-03,7.6632e-04,100%,85%,55%,25%,15%,0%,0%,738,522,15738,0.1345,0.25,0.25,1,0.70,0.25,70%,25%,N/A,N/A,N/A,N/A,N/A,N/A,N/A,N/A,N/A,N/A,N/A,N/A,N/A,N/A,N/A,N/A,N/A,N/A,N/A,N/A,N/A,N/A,N/A,N/A,N/A
F22-Gallagher21,weak-structure,multimodal|non-separable|weak-structure,ICMAES-ILS,0.272,4.3737e-05,4.7924e-08,100%,100%,100%,90%,85%,55%,30%,1487,1338,2042,0.1940,0.90,0.90,1,1.00,0.90,100%,90%,N/A,N/A,N/A,N/A,N/A,N/A,N/A,N/A,N/A,N/A,N/A,N/A,N/A,N/A,N/A,N/A,N/A,N/A,N/A,N/A,N/A,N/A,N/A,N/A,N/A
F22-Gallagher21,weak-structure,multimodal|non-separable|weak-structure,MOS,0.362,0.0000e+00,0.0000e+00,100%,100%,100%,100%,100%,100%,100%,519,350,519,0.3220,1.00,1.00,1,1.00,1.00,100%,100%,N/A,N/A,N/A,N/A,N/A,N/A,N/A,N/A,N/A,N/A,N/A,N/A,N/A,N/A,N/A,N/A,N/A,N/A,N/A,N/A,N/A,N/A,N/A,N/A,N/A
F22-Gallagher21,weak-structure,multimodal|non-separable|weak-structure,UMOEA-II,0.793,0.0000e+00,0.0000e+00,100%,100%,100%,100%,100%,100%,100%,920,850,920,0.2367,1.00,1.00,1,1.00,1.00,100%,100%,N/A,N/A,N/A,N/A,N/A,N/A,N/A,N/A,N/A,N/A,N/A,N/A,N/A,N/A,N/A,N/A,N/A,N/A,N/A,N/A,N/A,N/A,N/A,N/A,N/A
F22-Gallagher21,weak-structure,multimodal|non-separable|weak-structure,EBOwithCMAR,0.295,0.0000e+00,0.0000e+00,100%,100%,100%,100%,100%,100%,100%,978,1040,978,0.2481,1.00,1.00,1,1.00,1.00,100%,100%,N/A,N/A,N/A,N/A,N/A,N/A,N/A,N/A,N/A,N/A,N/A,N/A,N/A,N/A,N/A,N/A,N/A,N/A,N/A,N/A,N/A,N/A,N/A,N/A,N/A
F22-Gallagher21,weak-structure,multimodal|non-separable|weak-structure,HMHH,0.309,1.2663e-07,0.0000e+00,100%,100%,100%,100%,100%,90%,85%,1186,911,1186,0.2272,1.00,1.00,1,1.00,1.00,100%,100%,N/A,N/A,N/A,N/A,N/A,N/A,N/A,N/A,N/A,N/A,N/A,N/A,N/A,N/A,N/A,N/A,N/A,N/A,N/A,N/A,N/A,N/A,N/A,N/A,N/A
F22-Gallagher21,weak-structure,multimodal|non-separable|weak-structure,HMHH-random,0.229,0.0000e+00,0.0000e+00,100%,100%,100%,100%,100%,100%,100%,897,958,897,0.2429,1.00,1.00,1,1.00,1.00,100%,100%,N/A,N/A,N/A,N/A,N/A,N/A,N/A,N/A,N/A,N/A,N/A,N/A,N/A,N/A,N/A,N/A,N/A,N/A,N/A,N/A,N/A,N/A,N/A,N/A,N/A
F22-Gallagher21,weak-structure,multimodal|non-separable|weak-structure,PS-CMA-ES,0.152,1.8804e-11,0.0000e+00,100%,100%,100%,100%,100%,100%,95%,1829,1721,1829,0.1702,1.00,1.00,1,1.00,1.00,100%,100%,N/A,N/A,N/A,N/A,N/A,N/A,N/A,N/A,N/A,N/A,N/A,N/A,N/A,N/A,N/A,N/A,N/A,N/A,N/A,N/A,N/A,N/A,N/A,N/A,N/A
F22-Gallagher21,weak-structure,multimodal|non-separable|weak-structure,DEPSO,0.140,9.7750e-02,0.0000e+00,95%,95%,95%,95%,95%,95%,95%,692,782,955,0.2565,0.95,0.95,1,0.95,0.95,95%,95%,N/A,N/A,N/A,N/A,N/A,N/A,N/A,N/A,N/A,N/A,N/A,N/A,N/A,N/A,N/A,N/A,N/A,N/A,N/A,N/A,N/A,N/A,N/A,N/A,N/A
F22-Gallagher21,weak-structure,multimodal|non-separable|weak-structure,jSO,0.220,0.0000e+00,0.0000e+00,100%,100%,100%,100%,100%,100%,100%,527,511,527,0.2972,1.00,1.00,1,1.00,1.00,100%,100%,N/A,N/A,N/A,N/A,N/A,N/A,N/A,N/A,N/A,N/A,N/A,N/A,N/A,N/A,N/A,N/A,N/A,N/A,N/A,N/A,N/A,N/A,N/A,N/A,N/A
F22-Gallagher21,weak-structure,multimodal|non-separable|weak-structure,L-SRTDE,0.223,7.7753e-02,0.0000e+00,95%,95%,95%,95%,95%,95%,95%,367,358,631,0.3136,0.95,0.95,1,0.95,0.95,95%,95%,N/A,N/A,N/A,N/A,N/A,N/A,N/A,N/A,N/A,N/A,N/A,N/A,N/A,N/A,N/A,N/A,N/A,N/A,N/A,N/A,N/A,N/A,N/A,N/A,N/A
F22-Gallagher21,weak-structure,multimodal|non-separable|weak-structure,IMODE,0.242,0.0000e+00,0.0000e+00,100%,100%,100%,100%,100%,100%,100%,577,594,577,0.2915,1.00,1.00,1,1.00,1.00,100%,100%,N/A,N/A,N/A,N/A,N/A,N/A,N/A,N/A,N/A,N/A,N/A,N/A,N/A,N/A,N/A,N/A,N/A,N/A,N/A,N/A,N/A,N/A,N/A,N/A,N/A
F22-Gallagher21,weak-structure,multimodal|non-separable|weak-structure,ELSHADE-SPACMA,0.210,0.0000e+00,0.0000e+00,100%,100%,100%,100%,100%,100%,100%,515,572,515,0.3026,1.00,1.00,1,1.00,1.00,100%,100%,N/A,N/A,N/A,N/A,N/A,N/A,N/A,N/A,N/A,N/A,N/A,N/A,N/A,N/A,N/A,N/A,N/A,N/A,N/A,N/A,N/A,N/A,N/A,N/A,N/A
F22-Gallagher21,weak-structure,multimodal|non-separable|weak-structure,APGSK-IMODE,0.142,0.0000e+00,0.0000e+00,100%,100%,100%,100%,100%,100%,100%,1250,1342,1250,0.2121,1.00,1.00,1,1.00,1.00,100%,100%,N/A,N/A,N/A,N/A,N/A,N/A,N/A,N/A,N/A,N/A,N/A,N/A,N/A,N/A,N/A,N/A,N/A,N/A,N/A,N/A,N/A,N/A,N/A,N/A,N/A
F22-Gallagher21,weak-structure,multimodal|non-separable|weak-structure,SPS-L-SHADE-EIG,0.226,0.0000e+00,0.0000e+00,100%,100%,100%,100%,100%,100%,100%,967,1132,967,0.2490,1.00,1.00,1,1.00,1.00,100%,100%,N/A,N/A,N/A,N/A,N/A,N/A,N/A,N/A,N/A,N/A,N/A,N/A,N/A,N/A,N/A,N/A,N/A,N/A,N/A,N/A,N/A,N/A,N/A,N/A,N/A
F22-Gallagher21,weak-structure,multimodal|non-separable|weak-structure,CoBiDE,0.180,0.0000e+00,0.0000e+00,100%,100%,100%,100%,100%,100%,100%,1414,1523,1414,0.2002,1.00,1.00,1,1.00,1.00,100%,100%,N/A,N/A,N/A,N/A,N/A,N/A,N/A,N/A,N/A,N/A,N/A,N/A,N/A,N/A,N/A,N/A,N/A,N/A,N/A,N/A,N/A,N/A,N/A,N/A,N/A
F22-Gallagher21,weak-structure,multimodal|non-separable|weak-structure,LSHADE-cnEpSin,1.942,9.7750e-02,0.0000e+00,95%,95%,95%,95%,95%,95%,95%,583,559,846,0.2787,0.95,0.95,1,0.95,0.95,95%,95%,N/A,N/A,N/A,N/A,N/A,N/A,N/A,N/A,N/A,N/A,N/A,N/A,N/A,N/A,N/A,N/A,N/A,N/A,N/A,N/A,N/A,N/A,N/A,N/A,N/A
F22-Gallagher21,weak-structure,multimodal|non-separable|weak-structure,CMA-ES,4.064,1.2148e+00,6.9186e-01,45%,45%,45%,45%,45%,45%,45%,469,217,6580,0.1552,0.45,0.45,1,0.45,0.45,45%,45%,N/A,N/A,N/A,N/A,N/A,N/A,N/A,N/A,N/A,N/A,N/A,N/A,N/A,N/A,N/A,N/A,N/A,N/A,N/A,N/A,N/A,N/A,N/A,N/A,N/A
F22-Gallagher21,weak-structure,multimodal|non-separable|weak-structure,IPOP-CMA-ES,0.505,9.6386e-04,0.0000e+00,100%,95%,95%,95%,95%,95%,95%,1156,948,1419,0.2402,0.95,0.95,1,0.95,0.95,95%,95%,N/A,N/A,N/A,N/A,N/A,N/A,N/A,N/A,N/A,N/A,N/A,N/A,N/A,N/A,N/A,N/A,N/A,N/A,N/A,N/A,N/A,N/A,N/A,N/A,N/A
F22-Gallagher21,weak-structure,multimodal|non-separable|weak-structure,BIPOP-CMA-ES,0.480,7.9602e-03,0.0000e+00,95%,95%,95%,95%,95%,95%,95%,1043,670,1306,0.2507,0.95,0.95,1,0.95,0.95,95%,95%,N/A,N/A,N/A,N/A,N/A,N/A,N/A,N/A,N/A,N/A,N/A,N/A,N/A,N/A,N/A,N/A,N/A,N/A,N/A,N/A,N/A,N/A,N/A,N/A,N/A
F22-Gallagher21,weak-structure,multimodal|non-separable|weak-structure,PSO,0.019,1.9803e-01,0.0000e+00,90%,85%,85%,85%,80%,80%,75%,845,405,1727,0.2416,0.85,0.85,1,0.85,0.85,85%,85%,N/A,N/A,N/A,N/A,N/A,N/A,N/A,N/A,N/A,N/A,N/A,N/A,N/A,N/A,N/A,N/A,N/A,N/A,N/A,N/A,N/A,N/A,N/A,N/A,N/A
F22-Gallagher21,weak-structure,multimodal|non-separable|weak-structure,DE,0.172,6.3461e-08,0.0000e+00,100%,100%,100%,100%,100%,95%,95%,611,572,611,0.2760,1.00,1.00,1,1.00,1.00,100%,100%,N/A,N/A,N/A,N/A,N/A,N/A,N/A,N/A,N/A,N/A,N/A,N/A,N/A,N/A,N/A,N/A,N/A,N/A,N/A,N/A,N/A,N/A,N/A,N/A,N/A
F22-Gallagher21,weak-structure,multimodal|non-separable|weak-structure,L-SHADE,0.215,0.0000e+00,0.0000e+00,100%,100%,100%,100%,100%,100%,100%,782,906,782,0.2665,1.00,1.00,1,1.00,1.00,100%,100%,N/A,N/A,N/A,N/A,N/A,N/A,N/A,N/A,N/A,N/A,N/A,N/A,N/A,N/A,N/A,N/A,N/A,N/A,N/A,N/A,N/A,N/A,N/A,N/A,N/A
F22-Gallagher21,weak-structure,multimodal|non-separable|weak-structure,SaVOA,0.078,0.0000e+00,0.0000e+00,100%,100%,100%,100%,100%,100%,100%,604,444,604,0.2873,1.00,1.00,1,1.00,1.00,100%,100%,N/A,N/A,N/A,N/A,N/A,N/A,N/A,N/A,N/A,N/A,N/A,N/A,N/A,N/A,N/A,N/A,N/A,N/A,N/A,N/A,N/A,N/A,N/A,N/A,N/A
F22-Gallagher21,weak-structure,multimodal|non-separable|weak-structure,NM-Restart,0.123,0.0000e+00,0.0000e+00,100%,100%,100%,100%,100%,100%,100%,475,250,475,0.3715,1.00,1.00,1,1.00,1.00,100%,100%,N/A,N/A,N/A,N/A,N/A,N/A,N/A,N/A,N/A,N/A,N/A,N/A,N/A,N/A,N/A,N/A,N/A,N/A,N/A,N/A,N/A,N/A,N/A,N/A,N/A
F22-Gallagher21,weak-structure,multimodal|non-separable|weak-structure,MC-ESO,1.026,0.0000e+00,0.0000e+00,100%,100%,100%,100%,100%,100%,100%,189,194,189,0.3983,1.00,1.00,1,1.00,1.00,100%,100%,N/A,N/A,N/A,N/A,N/A,N/A,N/A,N/A,N/A,N/A,N/A,N/A,N/A,N/A,N/A,N/A,N/A,N/A,N/A,N/A,N/A,N/A,N/A,N/A,N/A
F23-Katsuura,weak-structure,multimodal|non-separable|weak-structure|rugged,EA4eig,0.242,3.6768e-01,3.4407e-01,5%,0%,0%,0%,0%,0%,0%,inf,inf,inf,0.0001,0.00,0.00,1,0.00,0.00,0%,0%,N/A,N/A,N/A,N/A,N/A,N/A,N/A,N/A,N/A,N/A,N/A,N/A,N/A,N/A,N/A,N/A,N/A,N/A,N/A,N/A,N/A,N/A,N/A,N/A,N/A
F23-Katsuura,weak-structure,multimodal|non-separable|weak-structure|rugged,EA4eig-jSO-IDEbd,0.270,4.9149e-01,4.4850e-01,0%,0%,0%,0%,0%,0%,0%,inf,inf,inf,0.0000,0.00,0.00,1,0.00,0.00,0%,0%,N/A,N/A,N/A,N/A,N/A,N/A,N/A,N/A,N/A,N/A,N/A,N/A,N/A,N/A,N/A,N/A,N/A,N/A,N/A,N/A,N/A,N/A,N/A,N/A,N/A
F23-Katsuura,weak-structure,multimodal|non-separable|weak-structure|rugged,EA4eig-Simpl,0.238,4.3883e-01,3.9391e-01,5%,0%,0%,0%,0%,0%,0%,inf,inf,inf,0.0004,0.00,0.00,1,0.00,0.00,0%,0%,N/A,N/A,N/A,N/A,N/A,N/A,N/A,N/A,N/A,N/A,N/A,N/A,N/A,N/A,N/A,N/A,N/A,N/A,N/A,N/A,N/A,N/A,N/A,N/A,N/A
F23-Katsuura,weak-structure,multimodal|non-separable|weak-structure|rugged,LSHADE-SPACMA,0.220,1.2816e-01,2.0364e-03,65%,55%,50%,40%,35%,15%,10%,4583,4732,12083,0.0056,0.00,0.00,1,0.00,0.00,0%,0%,N/A,N/A,N/A,N/A,N/A,N/A,N/A,N/A,N/A,N/A,N/A,N/A,N/A,N/A,N/A,N/A,N/A,N/A,N/A,N/A,N/A,N/A,N/A,N/A,N/A
F23-Katsuura,weak-structure,multimodal|non-separable|weak-structure|rugged,AMALGAM-SO,0.378,5.1942e-01,4.7849e-01,15%,10%,10%,10%,10%,5%,0%,1046,1046,46046,0.0182,0.00,0.00,1,0.00,0.00,0%,0%,N/A,N/A,N/A,N/A,N/A,N/A,N/A,N/A,N/A,N/A,N/A,N/A,N/A,N/A,N/A,N/A,N/A,N/A,N/A,N/A,N/A,N/A,N/A,N/A,N/A
F23-Katsuura,weak-structure,multimodal|non-separable|weak-structure|rugged,AMALGAM-SO-DE,0.407,4.7983e-01,4.8176e-01,15%,15%,15%,15%,15%,10%,0%,940,676,29274,0.0264,0.00,0.00,1,0.00,0.00,0%,0%,N/A,N/A,N/A,N/A,N/A,N/A,N/A,N/A,N/A,N/A,N/A,N/A,N/A,N/A,N/A,N/A,N/A,N/A,N/A,N/A,N/A,N/A,N/A,N/A,N/A
F23-Katsuura,weak-structure,multimodal|non-separable|weak-structure|rugged,HSES,0.017,6.1761e-01,6.7666e-01,5%,0%,0%,0%,0%,0%,0%,inf,inf,inf,0.0013,0.00,0.00,1,0.00,0.00,0%,0%,N/A,N/A,N/A,N/A,N/A,N/A,N/A,N/A,N/A,N/A,N/A,N/A,N/A,N/A,N/A,N/A,N/A,N/A,N/A,N/A,N/A,N/A,N/A,N/A,N/A
F23-Katsuura,weak-structure,multimodal|non-separable|weak-structure|rugged,ICMAES-ILS,0.437,3.6681e-01,4.6962e-02,55%,50%,50%,50%,50%,50%,5%,3226,3150,8226,0.0264,0.05,0.05,1,0.05,0.05,5%,5%,N/A,N/A,N/A,N/A,N/A,N/A,N/A,N/A,N/A,N/A,N/A,N/A,N/A,N/A,N/A,N/A,N/A,N/A,N/A,N/A,N/A,N/A,N/A,N/A,N/A
F23-Katsuura,weak-structure,multimodal|non-separable|weak-structure|rugged,MOS,0.370,2.4317e-01,1.8647e-01,35%,15%,15%,15%,15%,15%,15%,2434,2579,30767,0.0180,0.05,0.05,1,0.05,0.05,5%,5%,N/A,N/A,N/A,N/A,N/A,N/A,N/A,N/A,N/A,N/A,N/A,N/A,N/A,N/A,N/A,N/A,N/A,N/A,N/A,N/A,N/A,N/A,N/A,N/A,N/A
F23-Katsuura,weak-structure,multimodal|non-separable|weak-structure|rugged,UMOEA-II,1.044,8.9579e-02,2.7070e-02,85%,35%,20%,15%,10%,0%,0%,3737,3875,32070,0.0101,0.00,0.00,1,0.00,0.00,0%,0%,N/A,N/A,N/A,N/A,N/A,N/A,N/A,N/A,N/A,N/A,N/A,N/A,N/A,N/A,N/A,N/A,N/A,N/A,N/A,N/A,N/A,N/A,N/A,N/A,N/A
F23-Katsuura,weak-structure,multimodal|non-separable|weak-structure|rugged,EBOwithCMAR,0.303,1.0602e-02,2.2494e-05,95%,90%,70%,65%,45%,10%,0%,4409,4479,7102,0.0125,0.05,0.05,1,0.10,0.05,10%,5%,N/A,N/A,N/A,N/A,N/A,N/A,N/A,N/A,N/A,N/A,N/A,N/A,N/A,N/A,N/A,N/A,N/A,N/A,N/A,N/A,N/A,N/A,N/A,N/A,N/A
F23-Katsuura,weak-structure,multimodal|non-separable|weak-structure|rugged,HMHH,0.267,5.9737e-01,4.2966e-01,10%,10%,10%,0%,0%,0%,0%,inf,inf,inf,0.0018,0.00,0.00,1,0.00,0.00,0%,0%,N/A,N/A,N/A,N/A,N/A,N/A,N/A,N/A,N/A,N/A,N/A,N/A,N/A,N/A,N/A,N/A,N/A,N/A,N/A,N/A,N/A,N/A,N/A,N/A,N/A
F23-Katsuura,weak-structure,multimodal|non-separable|weak-structure|rugged,HMHH-random,0.216,4.1373e-01,2.7629e-01,20%,5%,5%,0%,0%,0%,0%,inf,inf,inf,0.0013,0.00,0.00,1,0.00,0.00,0%,0%,N/A,N/A,N/A,N/A,N/A,N/A,N/A,N/A,N/A,N/A,N/A,N/A,N/A,N/A,N/A,N/A,N/A,N/A,N/A,N/A,N/A,N/A,N/A,N/A,N/A
F23-Katsuura,weak-structure,multimodal|non-separable|weak-structure|rugged,PS-CMA-ES,0.147,3.2438e-01,2.9187e-01,15%,0%,0%,0%,0%,0%,0%,inf,inf,inf,0.0002,0.00,0.00,1,0.00,0.00,0%,0%,N/A,N/A,N/A,N/A,N/A,N/A,N/A,N/A,N/A,N/A,N/A,N/A,N/A,N/A,N/A,N/A,N/A,N/A,N/A,N/A,N/A,N/A,N/A,N/A,N/A
F23-Katsuura,weak-structure,multimodal|non-separable|weak-structure|rugged,DEPSO,0.113,3.6673e-01,3.3513e-01,5%,0%,0%,0%,0%,0%,0%,inf,inf,inf,0.0001,0.00,0.00,1,0.00,0.00,0%,0%,N/A,N/A,N/A,N/A,N/A,N/A,N/A,N/A,N/A,N/A,N/A,N/A,N/A,N/A,N/A,N/A,N/A,N/A,N/A,N/A,N/A,N/A,N/A,N/A,N/A
F23-Katsuura,weak-structure,multimodal|non-separable|weak-structure|rugged,jSO,0.206,4.8497e-01,4.7719e-01,0%,0%,0%,0%,0%,0%,0%,inf,inf,inf,0.0000,0.00,0.00,1,0.00,0.00,0%,0%,N/A,N/A,N/A,N/A,N/A,N/A,N/A,N/A,N/A,N/A,N/A,N/A,N/A,N/A,N/A,N/A,N/A,N/A,N/A,N/A,N/A,N/A,N/A,N/A,N/A
F23-Katsuura,weak-structure,multimodal|non-separable|weak-structure|rugged,L-SRTDE,0.240,4.5610e-01,4.1789e-01,20%,5%,5%,5%,5%,5%,5%,4029,4029,99029,0.0046,0.00,0.00,1,0.00,0.00,0%,0%,N/A,N/A,N/A,N/A,N/A,N/A,N/A,N/A,N/A,N/A,N/A,N/A,N/A,N/A,N/A,N/A,N/A,N/A,N/A,N/A,N/A,N/A,N/A,N/A,N/A
F23-Katsuura,weak-structure,multimodal|non-separable|weak-structure|rugged,IMODE,0.279,3.5930e-03,5.4071e-05,100%,95%,70%,55%,30%,10%,0%,4545,4429,8625,0.0067,0.00,0.00,1,0.00,0.00,0%,0%,N/A,N/A,N/A,N/A,N/A,N/A,N/A,N/A,N/A,N/A,N/A,N/A,N/A,N/A,N/A,N/A,N/A,N/A,N/A,N/A,N/A,N/A,N/A,N/A,N/A
F23-Katsuura,weak-structure,multimodal|non-separable|weak-structure|rugged,ELSHADE-SPACMA,0.147,1.6074e-01,6.0531e-02,55%,40%,20%,15%,15%,10%,0%,4730,4773,33063,0.0015,0.00,0.00,1,0.00,0.00,0%,0%,N/A,N/A,N/A,N/A,N/A,N/A,N/A,N/A,N/A,N/A,N/A,N/A,N/A,N/A,N/A,N/A,N/A,N/A,N/A,N/A,N/A,N/A,N/A,N/A,N/A
F23-Katsuura,weak-structure,multimodal|non-separable|weak-structure|rugged,APGSK-IMODE,0.166,2.6122e-01,1.6571e-01,35%,0%,0%,0%,0%,0%,0%,inf,inf,inf,0.0049,0.00,0.00,1,0.00,0.00,0%,0%,N/A,N/A,N/A,N/A,N/A,N/A,N/A,N/A,N/A,N/A,N/A,N/A,N/A,N/A,N/A,N/A,N/A,N/A,N/A,N/A,N/A,N/A,N/A,N/A,N/A
F23-Katsuura,weak-structure,multimodal|non-separable|weak-structure|rugged,SPS-L-SHADE-EIG,0.203,1.5857e-01,1.0875e-01,50%,25%,25%,10%,5%,0%,0%,4934,4934,49934,0.0012,0.00,0.00,1,0.00,0.00,0%,0%,N/A,N/A,N/A,N/A,N/A,N/A,N/A,N/A,N/A,N/A,N/A,N/A,N/A,N/A,N/A,N/A,N/A,N/A,N/A,N/A,N/A,N/A,N/A,N/A,N/A
F23-Katsuura,weak-structure,multimodal|non-separable|weak-structure|rugged,CoBiDE,0.159,3.8334e-01,3.4299e-01,5%,0%,0%,0%,0%,0%,0%,inf,inf,inf,0.0009,0.00,0.00,1,0.00,0.00,0%,0%,N/A,N/A,N/A,N/A,N/A,N/A,N/A,N/A,N/A,N/A,N/A,N/A,N/A,N/A,N/A,N/A,N/A,N/A,N/A,N/A,N/A,N/A,N/A,N/A,N/A
F23-Katsuura,weak-structure,multimodal|non-separable|weak-structure|rugged,LSHADE-cnEpSin,1.948,2.6266e-02,2.3611e-03,95%,65%,50%,45%,25%,0%,0%,4896,4894,11008,0.0026,0.00,0.00,1,0.00,0.00,0%,0%,N/A,N/A,N/A,N/A,N/A,N/A,N/A,N/A,N/A,N/A,N/A,N/A,N/A,N/A,N/A,N/A,N/A,N/A,N/A,N/A,N/A,N/A,N/A,N/A,N/A
F23-Katsuura,weak-structure,multimodal|non-separable|weak-structure|rugged,CMA-ES,0.871,8.7187e-03,6.2382e-10,95%,95%,95%,95%,95%,95%,0%,1418,1280,1681,0.1338,0.00,0.00,1,0.00,0.00,0%,0%,N/A,N/A,N/A,N/A,N/A,N/A,N/A,N/A,N/A,N/A,N/A,N/A,N/A,N/A,N/A,N/A,N/A,N/A,N/A,N/A,N/A,N/A,N/A,N/A,N/A
F23-Katsuura,weak-structure,multimodal|non-separable|weak-structure|rugged,IPOP-CMA-ES,0.567,7.5212e-02,2.2497e-09,90%,90%,90%,90%,85%,85%,0%,1926,1463,2482,0.1077,0.00,0.00,1,0.00,0.00,0%,0%,N/A,N/A,N/A,N/A,N/A,N/A,N/A,N/A,N/A,N/A,N/A,N/A,N/A,N/A,N/A,N/A,N/A,N/A,N/A,N/A,N/A,N/A,N/A,N/A,N/A
F23-Katsuura,weak-structure,multimodal|non-separable|weak-structure|rugged,BIPOP-CMA-ES,0.679,5.8815e-02,2.1528e-09,90%,90%,90%,85%,85%,85%,0%,1538,1393,2420,0.1153,0.00,0.00,1,0.00,0.00,0%,0%,N/A,N/A,N/A,N/A,N/A,N/A,N/A,N/A,N/A,N/A,N/A,N/A,N/A,N/A,N/A,N/A,N/A,N/A,N/A,N/A,N/A,N/A,N/A,N/A,N/A
F23-Katsuura,weak-structure,multimodal|non-separable|weak-structure|rugged,PSO,0.014,2.0782e-01,1.0677e-01,40%,0%,0%,0%,0%,0%,0%,inf,inf,inf,0.0024,0.00,0.00,1,0.00,0.00,0%,0%,N/A,N/A,N/A,N/A,N/A,N/A,N/A,N/A,N/A,N/A,N/A,N/A,N/A,N/A,N/A,N/A,N/A,N/A,N/A,N/A,N/A,N/A,N/A,N/A,N/A
F23-Katsuura,weak-structure,multimodal|non-separable|weak-structure|rugged,DE,0.172,8.8772e-04,5.9274e-04,100%,100%,65%,0%,0%,0%,0%,inf,inf,inf,0.0238,0.00,0.00,1,0.40,0.00,40%,0%,N/A,N/A,N/A,N/A,N/A,N/A,N/A,N/A,N/A,N/A,N/A,N/A,N/A,N/A,N/A,N/A,N/A,N/A,N/A,N/A,N/A,N/A,N/A,N/A,N/A
F23-Katsuura,weak-structure,multimodal|non-separable|weak-structure|rugged,L-SHADE,0.225,1.3179e-01,1.1329e-01,45%,10%,5%,5%,0%,0%,0%,4950,4950,99950,0.0025,0.00,0.00,1,0.00,0.00,0%,0%,N/A,N/A,N/A,N/A,N/A,N/A,N/A,N/A,N/A,N/A,N/A,N/A,N/A,N/A,N/A,N/A,N/A,N/A,N/A,N/A,N/A,N/A,N/A,N/A,N/A
F23-Katsuura,weak-structure,multimodal|non-separable|weak-structure|rugged,SaVOA,0.059,1.5894e-01,2.7891e-06,80%,80%,75%,65%,60%,45%,15%,3733,3521,6425,0.0292,0.00,0.00,1,0.00,0.00,0%,0%,N/A,N/A,N/A,N/A,N/A,N/A,N/A,N/A,N/A,N/A,N/A,N/A,N/A,N/A,N/A,N/A,N/A,N/A,N/A,N/A,N/A,N/A,N/A,N/A,N/A
F23-Katsuura,weak-structure,multimodal|non-separable|weak-structure|rugged,NM-Restart,0.132,6.5811e-01,0.0000e+00,80%,80%,80%,80%,80%,80%,80%,358,333,1608,0.2755,0.05,0.05,1,0.05,0.05,5%,5%,N/A,N/A,N/A,N/A,N/A,N/A,N/A,N/A,N/A,N/A,N/A,N/A,N/A,N/A,N/A,N/A,N/A,N/A,N/A,N/A,N/A,N/A,N/A,N/A,N/A
F23-Katsuura,weak-structure,multimodal|non-separable|weak-structure|rugged,MC-ESO,0.958,2.2204e-02,3.0909e-13,95%,95%,95%,95%,95%,75%,75%,1128,1103,1391,0.1545,0.00,0.00,1,0.00,0.00,0%,0%,N/A,N/A,N/A,N/A,N/A,N/A,N/A,N/A,N/A,N/A,N/A,N/A,N/A,N/A,N/A,N/A,N/A,N/A,N/A,N/A,N/A,N/A,N/A,N/A,N/A
F05-LinearSlope,separable,unimodal|separable|linear|boundary-optimum,EA4eig,0.248,4.3543e-11,9.9440e-12,100%,100%,100%,100%,100%,100%,90%,2891,3034,2891,0.0770,1.00,1.00,1,1.00,1.00,100%,100%,N/A,N/A,N/A,N/A,N/A,N/A,N/A,N/A,N/A,N/A,N/A,N/A,N/A,N/A,N/A,N/A,N/A,N/A,N/A,N/A,N/A,N/A,N/A,N/A,N/A
F05-LinearSlope,separable,unimodal|separable|linear|boundary-optimum,EA4eig-jSO-IDEbd,0.249,8.6185e-10,5.3008e-11,100%,100%,100%,100%,100%,100%,55%,3032,3024,3032,0.0686,1.00,1.00,1,1.00,1.00,100%,100%,N/A,N/A,N/A,N/A,N/A,N/A,N/A,N/A,N/A,N/A,N/A,N/A,N/A,N/A,N/A,N/A,N/A,N/A,N/A,N/A,N/A,N/A,N/A,N/A,N/A
F05-LinearSlope,separable,unimodal|separable|linear|boundary-optimum,EA4eig-Simpl,0.193,3.1869e-09,3.1291e-12,100%,100%,100%,100%,100%,100%,80%,2750,2760,2750,0.0742,1.00,1.00,1,1.00,1.00,100%,100%,N/A,N/A,N/A,N/A,N/A,N/A,N/A,N/A,N/A,N/A,N/A,N/A,N/A,N/A,N/A,N/A,N/A,N/A,N/A,N/A,N/A,N/A,N/A,N/A,N/A
F05-LinearSlope,separable,unimodal|separable|linear|boundary-optimum,LSHADE-SPACMA,0.192,0.0000e+00,0.0000e+00,100%,100%,100%,100%,100%,100%,100%,900,898,900,0.2046,1.00,1.00,1,1.00,1.00,100%,100%,N/A,N/A,N/A,N/A,N/A,N/A,N/A,N/A,N/A,N/A,N/A,N/A,N/A,N/A,N/A,N/A,N/A,N/A,N/A,N/A,N/A,N/A,N/A,N/A,N/A
F05-LinearSlope,separable,unimodal|separable|linear|boundary-optimum,AMALGAM-SO,0.414,0.0000e+00,0.0000e+00,100%,100%,100%,100%,100%,100%,100%,32,26,32,0.6041,1.00,1.00,1,1.00,1.00,100%,100%,N/A,N/A,N/A,N/A,N/A,N/A,N/A,N/A,N/A,N/A,N/A,N/A,N/A,N/A,N/A,N/A,N/A,N/A,N/A,N/A,N/A,N/A,N/A,N/A,N/A
F05-LinearSlope,separable,unimodal|separable|linear|boundary-optimum,AMALGAM-SO-DE,0.437,0.0000e+00,0.0000e+00,100%,100%,100%,100%,100%,100%,100%,36,33,36,0.5852,1.00,1.00,1,1.00,1.00,100%,100%,N/A,N/A,N/A,N/A,N/A,N/A,N/A,N/A,N/A,N/A,N/A,N/A,N/A,N/A,N/A,N/A,N/A,N/A,N/A,N/A,N/A,N/A,N/A,N/A,N/A
F05-LinearSlope,separable,unimodal|separable|linear|boundary-optimum,HSES,0.009,6.4562e-05,5.7792e-05,100%,100%,100%,75%,0%,0%,0%,4475,4559,6142,0.0353,0.75,0.75,1,1.00,0.75,100%,75%,N/A,N/A,N/A,N/A,N/A,N/A,N/A,N/A,N/A,N/A,N/A,N/A,N/A,N/A,N/A,N/A,N/A,N/A,N/A,N/A,N/A,N/A,N/A,N/A,N/A
F05-LinearSlope,separable,unimodal|separable|linear|boundary-optimum,ICMAES-ILS,0.441,0.0000e+00,0.0000e+00,100%,100%,100%,100%,100%,100%,100%,173,162,173,0.3948,1.00,1.00,1,1.00,1.00,100%,100%,N/A,N/A,N/A,N/A,N/A,N/A,N/A,N/A,N/A,N/A,N/A,N/A,N/A,N/A,N/A,N/A,N/A,N/A,N/A,N/A,N/A,N/A,N/A,N/A,N/A
F05-LinearSlope,separable,unimodal|separable|linear|boundary-optimum,MOS,0.313,0.0000e+00,0.0000e+00,100%,100%,100%,100%,100%,100%,100%,543,536,543,0.2644,1.00,1.00,1,1.00,1.00,100%,100%,N/A,N/A,N/A,N/A,N/A,N/A,N/A,N/A,N/A,N/A,N/A,N/A,N/A,N/A,N/A,N/A,N/A,N/A,N/A,N/A,N/A,N/A,N/A,N/A,N/A
F05-LinearSlope,separable,unimodal|separable|linear|boundary-optimum,UMOEA-II,0.690,0.0000e+00,0.0000e+00,100%,100%,100%,100%,100%,100%,100%,1047,1049,1047,0.1878,1.00,1.00,1,1.00,1.00,100%,100%,N/A,N/A,N/A,N/A,N/A,N/A,N/A,N/A,N/A,N/A,N/A,N/A,N/A,N/A,N/A,N/A,N/A,N/A,N/A,N/A,N/A,N/A,N/A,N/A,N/A
F05-LinearSlope,separable,unimodal|separable|linear|boundary-optimum,EBOwithCMAR,0.295,0.0000e+00,0.0000e+00,100%,100%,100%,100%,100%,100%,100%,1381,1372,1381,0.1573,1.00,1.00,1,1.00,1.00,100%,100%,N/A,N/A,N/A,N/A,N/A,N/A,N/A,N/A,N/A,N/A,N/A,N/A,N/A,N/A,N/A,N/A,N/A,N/A,N/A,N/A,N/A,N/A,N/A,N/A,N/A
F05-LinearSlope,separable,unimodal|separable|linear|boundary-optimum,HMHH,0.225,0.0000e+00,0.0000e+00,100%,100%,100%,100%,100%,100%,100%,149,154,149,0.4149,1.00,1.00,1,1.00,1.00,100%,100%,N/A,N/A,N/A,N/A,N/A,N/A,N/A,N/A,N/A,N/A,N/A,N/A,N/A,N/A,N/A,N/A,N/A,N/A,N/A,N/A,N/A,N/A,N/A,N/A,N/A
F05-LinearSlope,separable,unimodal|separable|linear|boundary-optimum,HMHH-random,0.243,0.0000e+00,0.0000e+00,100%,100%,100%,100%,100%,100%,100%,149,154,149,0.4149,1.00,1.00,1,1.00,1.00,100%,100%,N/A,N/A,N/A,N/A,N/A,N/A,N/A,N/A,N/A,N/A,N/A,N/A,N/A,N/A,N/A,N/A,N/A,N/A,N/A,N/A,N/A,N/A,N/A,N/A,N/A
F05-LinearSlope,separable,unimodal|separable|linear|boundary-optimum,PS-CMA-ES,0.122,0.0000e+00,0.0000e+00,100%,100%,100%,100%,100%,100%,100%,111,94,111,0.4804,1.00,1.00,1,1.00,1.00,100%,100%,N/A,N/A,N/A,N/A,N/A,N/A,N/A,N/A,N/A,N/A,N/A,N/A,N/A,N/A,N/A,N/A,N/A,N/A,N/A,N/A,N/A,N/A,N/A,N/A,N/A
F05-LinearSlope,separable,unimodal|separable|linear|boundary-optimum,DEPSO,0.104,0.0000e+00,0.0000e+00,100%,100%,100%,100%,100%,100%,100%,68,70,68,0.5128,1.00,1.00,1,1.00,1.00,100%,100%,N/A,N/A,N/A,N/A,N/A,N/A,N/A,N/A,N/A,N/A,N/A,N/A,N/A,N/A,N/A,N/A,N/A,N/A,N/A,N/A,N/A,N/A,N/A,N/A,N/A
F05-LinearSlope,separable,unimodal|separable|linear|boundary-optimum,jSO,0.214,0.0000e+00,0.0000e+00,100%,100%,100%,100%,100%,100%,100%,637,642,637,0.2458,1.00,1.00,1,1.00,1.00,100%,100%,N/A,N/A,N/A,N/A,N/A,N/A,N/A,N/A,N/A,N/A,N/A,N/A,N/A,N/A,N/A,N/A,N/A,N/A,N/A,N/A,N/A,N/A,N/A,N/A,N/A
F05-LinearSlope,separable,unimodal|separable|linear|boundary-optimum,L-SRTDE,0.247,0.0000e+00,0.0000e+00,100%,100%,100%,100%,100%,100%,100%,1005,998,1005,0.1943,1.00,1.00,1,1.00,1.00,100%,100%,N/A,N/A,N/A,N/A,N/A,N/A,N/A,N/A,N/A,N/A,N/A,N/A,N/A,N/A,N/A,N/A,N/A,N/A,N/A,N/A,N/A,N/A,N/A,N/A,N/A
F05-LinearSlope,separable,unimodal|separable|linear|boundary-optimum,IMODE,0.253,0.0000e+00,0.0000e+00,100%,100%,100%,100%,100%,100%,100%,1578,1550,1578,0.1420,1.00,1.00,1,1.00,1.00,100%,100%,N/A,N/A,N/A,N/A,N/A,N/A,N/A,N/A,N/A,N/A,N/A,N/A,N/A,N/A,N/A,N/A,N/A,N/A,N/A,N/A,N/A,N/A,N/A,N/A,N/A
F05-LinearSlope,separable,unimodal|separable|linear|boundary-optimum,ELSHADE-SPACMA,0.165,0.0000e+00,0.0000e+00,100%,100%,100%,100%,100%,100%,100%,961,984,961,0.1986,1.00,1.00,1,1.00,1.00,100%,100%,N/A,N/A,N/A,N/A,N/A,N/A,N/A,N/A,N/A,N/A,N/A,N/A,N/A,N/A,N/A,N/A,N/A,N/A,N/A,N/A,N/A,N/A,N/A,N/A,N/A
F05-LinearSlope,separable,unimodal|separable|linear|boundary-optimum,APGSK-IMODE,0.148,0.0000e+00,0.0000e+00,100%,100%,100%,100%,100%,100%,100%,2741,2738,2741,0.0829,1.00,1.00,1,1.00,1.00,100%,100%,N/A,N/A,N/A,N/A,N/A,N/A,N/A,N/A,N/A,N/A,N/A,N/A,N/A,N/A,N/A,N/A,N/A,N/A,N/A,N/A,N/A,N/A,N/A,N/A,N/A
F05-LinearSlope,separable,unimodal|separable|linear|boundary-optimum,SPS-L-SHADE-EIG,0.264,0.0000e+00,0.0000e+00,100%,100%,100%,100%,100%,100%,100%,1048,972,1048,0.1907,1.00,1.00,1,1.00,1.00,100%,100%,N/A,N/A,N/A,N/A,N/A,N/A,N/A,N/A,N/A,N/A,N/A,N/A,N/A,N/A,N/A,N/A,N/A,N/A,N/A,N/A,N/A,N/A,N/A,N/A,N/A
F05-LinearSlope,separable,unimodal|separable|linear|boundary-optimum,CoBiDE,0.180,3.6642e-08,2.7245e-08,100%,100%,100%,100%,100%,95%,0%,2853,2897,2853,0.0758,1.00,1.00,1,1.00,1.00,100%,100%,N/A,N/A,N/A,N/A,N/A,N/A,N/A,N/A,N/A,N/A,N/A,N/A,N/A,N/A,N/A,N/A,N/A,N/A,N/A,N/A,N/A,N/A,N/A,N/A,N/A
F05-LinearSlope,separable,unimodal|separable|linear|boundary-optimum,LSHADE-cnEpSin,1.932,0.0000e+00,0.0000e+00,100%,100%,100%,100%,100%,100%,100%,94,91,94,0.4706,1.00,1.00,1,1.00,1.00,100%,100%,N/A,N/A,N/A,N/A,N/A,N/A,N/A,N/A,N/A,N/A,N/A,N/A,N/A,N/A,N/A,N/A,N/A,N/A,N/A,N/A,N/A,N/A,N/A,N/A,N/A
F05-LinearSlope,separable,unimodal|separable|linear|boundary-optimum,CMA-ES,4.333,0.0000e+00,0.0000e+00,100%,100%,100%,100%,100%,100%,100%,199,194,199,0.3811,1.00,1.00,1,1.00,1.00,100%,100%,N/A,N/A,N/A,N/A,N/A,N/A,N/A,N/A,N/A,N/A,N/A,N/A,N/A,N/A,N/A,N/A,N/A,N/A,N/A,N/A,N/A,N/A,N/A,N/A,N/A
F05-LinearSlope,separable,unimodal|separable|linear|boundary-optimum,IPOP-CMA-ES,0.444,0.0000e+00,0.0000e+00,100%,100%,100%,100%,100%,100%,100%,194,192,194,0.3843,1.00,1.00,1,1.00,1.00,100%,100%,N/A,N/A,N/A,N/A,N/A,N/A,N/A,N/A,N/A,N/A,N/A,N/A,N/A,N/A,N/A,N/A,N/A,N/A,N/A,N/A,N/A,N/A,N/A,N/A,N/A
F05-LinearSlope,separable,unimodal|separable|linear|boundary-optimum,BIPOP-CMA-ES,0.583,0.0000e+00,0.0000e+00,100%,100%,100%,100%,100%,100%,100%,194,192,194,0.3843,1.00,1.00,1,1.00,1.00,100%,100%,N/A,N/A,N/A,N/A,N/A,N/A,N/A,N/A,N/A,N/A,N/A,N/A,N/A,N/A,N/A,N/A,N/A,N/A,N/A,N/A,N/A,N/A,N/A,N/A,N/A
F05-LinearSlope,separable,unimodal|separable|linear|boundary-optimum,PSO,0.025,0.0000e+00,0.0000e+00,100%,100%,100%,100%,100%,100%,100%,115,102,115,0.4570,1.00,1.00,1,1.00,1.00,100%,100%,N/A,N/A,N/A,N/A,N/A,N/A,N/A,N/A,N/A,N/A,N/A,N/A,N/A,N/A,N/A,N/A,N/A,N/A,N/A,N/A,N/A,N/A,N/A,N/A,N/A
F05-LinearSlope,separable,unimodal|separable|linear|boundary-optimum,DE,0.182,0.0000e+00,0.0000e+00,100%,100%,100%,100%,100%,100%,100%,126,114,126,0.4546,1.00,1.00,1,1.00,1.00,100%,100%,N/A,N/A,N/A,N/A,N/A,N/A,N/A,N/A,N/A,N/A,N/A,N/A,N/A,N/A,N/A,N/A,N/A,N/A,N/A,N/A,N/A,N/A,N/A,N/A,N/A
F05-LinearSlope,separable,unimodal|separable|linear|boundary-optimum,L-SHADE,0.218,0.0000e+00,0.0000e+00,100%,100%,100%,100%,100%,100%,100%,806,810,806,0.2201,1.00,1.00,1,1.00,1.00,100%,100%,N/A,N/A,N/A,N/A,N/A,N/A,N/A,N/A,N/A,N/A,N/A,N/A,N/A,N/A,N/A,N/A,N/A,N/A,N/A,N/A,N/A,N/A,N/A,N/A,N/A
F05-LinearSlope,separable,unimodal|separable|linear|boundary-optimum,SaVOA,0.080,0.0000e+00,0.0000e+00,100%,100%,100%,100%,100%,100%,100%,51,48,51,0.5411,1.00,1.00,1,1.00,1.00,100%,100%,N/A,N/A,N/A,N/A,N/A,N/A,N/A,N/A,N/A,N/A,N/A,N/A,N/A,N/A,N/A,N/A,N/A,N/A,N/A,N/A,N/A,N/A,N/A,N/A,N/A
F05-LinearSlope,separable,unimodal|separable|linear|boundary-optimum,NM-Restart,0.218,0.0000e+00,0.0000e+00,100%,100%,100%,100%,100%,100%,100%,25,24,25,0.6252,1.00,1.00,1,1.00,1.00,100%,100%,N/A,N/A,N/A,N/A,N/A,N/A,N/A,N/A,N/A,N/A,N/A,N/A,N/A,N/A,N/A,N/A,N/A,N/A,N/A,N/A,N/A,N/A,N/A,N/A,N/A
F05-LinearSlope,separable,unimodal|separable|linear|boundary-optimum,MC-ESO,1.132,0.0000e+00,0.0000e+00,100%,100%,100%,100%,100%,100%,100%,394,342,394,0.3211,1.00,1.00,1,1.00,1.00,100%,100%,N/A,N/A,N/A,N/A,N/A,N/A,N/A,N/A,N/A,N/A,N/A,N/A,N/A,N/A,N/A,N/A,N/A,N/A,N/A,N/A,N/A,N/A,N/A,N/A,N/A
F13-SharpRidge,ill-cond,unimodal|non-separable|ill-conditioned|sharp-ridge,EA4eig,0.259,4.9426e-09,4.9099e-12,100%,100%,100%,100%,100%,100%,80%,2627,2916,2627,0.0848,1.00,1.00,1,1.00,1.00,100%,100%,N/A,N/A,N/A,N/A,N/A,N/A,N/A,N/A,N/A,N/A,N/A,N/A,N/A,N/A,N/A,N/A,N/A,N/A,N/A,N/A,N/A,N/A,N/A,N/A,N/A
F13-SharpRidge,ill-cond,unimodal|non-separable|ill-conditioned|sharp-ridge,EA4eig-jSO-IDEbd,0.279,1.8865e-09,4.3008e-10,100%,100%,100%,100%,100%,100%,35%,2892,2864,2892,0.0698,1.00,1.00,1,1.00,1.00,100%,100%,N/A,N/A,N/A,N/A,N/A,N/A,N/A,N/A,N/A,N/A,N/A,N/A,N/A,N/A,N/A,N/A,N/A,N/A,N/A,N/A,N/A,N/A,N/A,N/A,N/A
F13-SharpRidge,ill-cond,unimodal|non-separable|ill-conditioned|sharp-ridge,EA4eig-Simpl,0.223,1.0196e-13,0.0000e+00,100%,100%,100%,100%,100%,100%,100%,2371,2382,2371,0.0952,1.00,1.00,1,1.00,1.00,100%,100%,N/A,N/A,N/A,N/A,N/A,N/A,N/A,N/A,N/A,N/A,N/A,N/A,N/A,N/A,N/A,N/A,N/A,N/A,N/A,N/A,N/A,N/A,N/A,N/A,N/A
F13-SharpRidge,ill-cond,unimodal|non-separable|ill-conditioned|sharp-ridge,LSHADE-SPACMA,0.143,0.0000e+00,0.0000e+00,100%,100%,100%,100%,100%,100%,100%,890,878,890,0.2033,1.00,1.00,1,1.00,1.00,100%,100%,N/A,N/A,N/A,N/A,N/A,N/A,N/A,N/A,N/A,N/A,N/A,N/A,N/A,N/A,N/A,N/A,N/A,N/A,N/A,N/A,N/A,N/A,N/A,N/A,N/A
F13-SharpRidge,ill-cond,unimodal|non-separable|ill-conditioned|sharp-ridge,AMALGAM-SO,0.316,3.9233e-12,2.5491e-12,100%,100%,100%,100%,100%,100%,100%,761,722,761,0.2209,1.00,1.00,1,1.00,1.00,100%,100%,N/A,N/A,N/A,N/A,N/A,N/A,N/A,N/A,N/A,N/A,N/A,N/A,N/A,N/A,N/A,N/A,N/A,N/A,N/A,N/A,N/A,N/A,N/A,N/A,N/A
F13-SharpRidge,ill-cond,unimodal|non-separable|ill-conditioned|sharp-ridge,AMALGAM-SO-DE,0.320,1.4340e-11,4.3610e-12,100%,100%,100%,100%,100%,100%,100%,700,714,700,0.2262,1.00,1.00,1,1.00,1.00,100%,100%,N/A,N/A,N/A,N/A,N/A,N/A,N/A,N/A,N/A,N/A,N/A,N/A,N/A,N/A,N/A,N/A,N/A,N/A,N/A,N/A,N/A,N/A,N/A,N/A,N/A
F13-SharpRidge,ill-cond,unimodal|non-separable|ill-conditioned|sharp-ridge,HSES,0.008,4.3616e-01,4.1724e-01,15%,0%,0%,0%,0%,0%,0%,inf,inf,inf,0.0032,0.00,0.00,1,0.00,0.00,0%,0%,N/A,N/A,N/A,N/A,N/A,N/A,N/A,N/A,N/A,N/A,N/A,N/A,N/A,N/A,N/A,N/A,N/A,N/A,N/A,N/A,N/A,N/A,N/A,N/A,N/A
F13-SharpRidge,ill-cond,unimodal|non-separable|ill-conditioned|sharp-ridge,ICMAES-ILS,0.715,3.1112e-11,1.1537e-11,100%,100%,100%,100%,100%,100%,90%,421,382,421,0.2703,1.00,1.00,1,1.00,1.00,100%,100%,N/A,N/A,N/A,N/A,N/A,N/A,N/A,N/A,N/A,N/A,N/A,N/A,N/A,N/A,N/A,N/A,N/A,N/A,N/A,N/A,N/A,N/A,N/A,N/A,N/A
F13-SharpRidge,ill-cond,unimodal|non-separable|ill-conditioned|sharp-ridge,MOS,0.354,4.3379e-13,0.0000e+00,100%,100%,100%,100%,100%,100%,100%,995,906,995,0.1977,1.00,1.00,1,1.00,1.00,100%,100%,N/A,N/A,N/A,N/A,N/A,N/A,N/A,N/A,N/A,N/A,N/A,N/A,N/A,N/A,N/A,N/A,N/A,N/A,N/A,N/A,N/A,N/A,N/A,N/A,N/A
F13-SharpRidge,ill-cond,unimodal|non-separable|ill-conditioned|sharp-ridge,UMOEA-II,0.998,3.6449e-12,1.3856e-13,100%,100%,100%,100%,100%,100%,100%,2113,2132,2113,0.1072,1.00,1.00,1,1.00,1.00,100%,100%,N/A,N/A,N/A,N/A,N/A,N/A,N/A,N/A,N/A,N/A,N/A,N/A,N/A,N/A,N/A,N/A,N/A,N/A,N/A,N/A,N/A,N/A,N/A,N/A,N/A
F13-SharpRidge,ill-cond,unimodal|non-separable|ill-conditioned|sharp-ridge,EBOwithCMAR,0.362,0.0000e+00,0.0000e+00,100%,100%,100%,100%,100%,100%,100%,1800,1824,1800,0.1231,1.00,1.00,1,1.00,1.00,100%,100%,N/A,N/A,N/A,N/A,N/A,N/A,N/A,N/A,N/A,N/A,N/A,N/A,N/A,N/A,N/A,N/A,N/A,N/A,N/A,N/A,N/A,N/A,N/A,N/A,N/A
F13-SharpRidge,ill-cond,unimodal|non-separable|ill-conditioned|sharp-ridge,HMHH,0.191,7.3349e-11,4.0838e-12,100%,100%,100%,100%,100%,100%,95%,2641,2630,2641,0.0824,1.00,1.00,1,1.00,1.00,100%,100%,N/A,N/A,N/A,N/A,N/A,N/A,N/A,N/A,N/A,N/A,N/A,N/A,N/A,N/A,N/A,N/A,N/A,N/A,N/A,N/A,N/A,N/A,N/A,N/A,N/A
F13-SharpRidge,ill-cond,unimodal|non-separable|ill-conditioned|sharp-ridge,HMHH-random,0.230,2.3748e-08,1.6935e-08,100%,100%,100%,100%,100%,100%,0%,3161,3129,3161,0.0639,1.00,1.00,1,1.00,1.00,100%,100%,N/A,N/A,N/A,N/A,N/A,N/A,N/A,N/A,N/A,N/A,N/A,N/A,N/A,N/A,N/A,N/A,N/A,N/A,N/A,N/A,N/A,N/A,N/A,N/A,N/A
F13-SharpRidge,ill-cond,unimodal|non-separable|ill-conditioned|sharp-ridge,PS-CMA-ES,0.162,5.1380e-03,3.2433e-03,100%,85%,15%,0%,0%,0%,0%,inf,inf,inf,0.0155,0.00,0.00,1,0.85,0.00,85%,0%,N/A,N/A,N/A,N/A,N/A,N/A,N/A,N/A,N/A,N/A,N/A,N/A,N/A,N/A,N/A,N/A,N/A,N/A,N/A,N/A,N/A,N/A,N/A,N/A,N/A
F13-SharpRidge,ill-cond,unimodal|non-separable|ill-conditioned|sharp-ridge,DEPSO,0.110,7.3367e-03,5.0048e-03,100%,85%,5%,0%,0%,0%,0%,inf,inf,inf,0.0216,0.00,0.00,1,0.85,0.00,85%,0%,N/A,N/A,N/A,N/A,N/A,N/A,N/A,N/A,N/A,N/A,N/A,N/A,N/A,N/A,N/A,N/A,N/A,N/A,N/A,N/A,N/A,N/A,N/A,N/A,N/A
F13-SharpRidge,ill-cond,unimodal|non-separable|ill-conditioned|sharp-ridge,jSO,0.239,0.0000e+00,0.0000e+00,100%,100%,100%,100%,100%,100%,100%,1227,1238,1227,0.1700,1.00,1.00,1,1.00,1.00,100%,100%,N/A,N/A,N/A,N/A,N/A,N/A,N/A,N/A,N/A,N/A,N/A,N/A,N/A,N/A,N/A,N/A,N/A,N/A,N/A,N/A,N/A,N/A,N/A,N/A,N/A
F13-SharpRidge,ill-cond,unimodal|non-separable|ill-conditioned|sharp-ridge,L-SRTDE,0.251,0.0000e+00,0.0000e+00,100%,100%,100%,100%,100%,100%,100%,865,870,865,0.2077,1.00,1.00,1,1.00,1.00,100%,100%,N/A,N/A,N/A,N/A,N/A,N/A,N/A,N/A,N/A,N/A,N/A,N/A,N/A,N/A,N/A,N/A,N/A,N/A,N/A,N/A,N/A,N/A,N/A,N/A,N/A
F13-SharpRidge,ill-cond,unimodal|non-separable|ill-conditioned|sharp-ridge,IMODE,0.261,1.7764e-16,0.0000e+00,100%,100%,100%,100%,100%,100%,100%,2244,2242,2244,0.1010,1.00,1.00,1,1.00,1.00,100%,100%,N/A,N/A,N/A,N/A,N/A,N/A,N/A,N/A,N/A,N/A,N/A,N/A,N/A,N/A,N/A,N/A,N/A,N/A,N/A,N/A,N/A,N/A,N/A,N/A,N/A
F13-SharpRidge,ill-cond,unimodal|non-separable|ill-conditioned|sharp-ridge,ELSHADE-SPACMA,0.172,0.0000e+00,0.0000e+00,100%,100%,100%,100%,100%,100%,100%,1452,1464,1452,0.1473,1.00,1.00,1,1.00,1.00,100%,100%,N/A,N/A,N/A,N/A,N/A,N/A,N/A,N/A,N/A,N/A,N/A,N/A,N/A,N/A,N/A,N/A,N/A,N/A,N/A,N/A,N/A,N/A,N/A,N/A,N/A
F13-SharpRidge,ill-cond,unimodal|non-separable|ill-conditioned|sharp-ridge,APGSK-IMODE,0.151,9.8413e-11,2.4158e-13,100%,100%,100%,100%,100%,100%,90%,2896,2926,2896,0.0687,1.00,1.00,1,1.00,1.00,100%,100%,N/A,N/A,N/A,N/A,N/A,N/A,N/A,N/A,N/A,N/A,N/A,N/A,N/A,N/A,N/A,N/A,N/A,N/A,N/A,N/A,N/A,N/A,N/A,N/A,N/A
F13-SharpRidge,ill-cond,unimodal|non-separable|ill-conditioned|sharp-ridge,SPS-L-SHADE-EIG,0.245,1.2257e-14,3.5527e-15,100%,100%,100%,100%,100%,100%,100%,1955,1954,1955,0.1169,1.00,1.00,1,1.00,1.00,100%,100%,N/A,N/A,N/A,N/A,N/A,N/A,N/A,N/A,N/A,N/A,N/A,N/A,N/A,N/A,N/A,N/A,N/A,N/A,N/A,N/A,N/A,N/A,N/A,N/A,N/A
F13-SharpRidge,ill-cond,unimodal|non-separable|ill-conditioned|sharp-ridge,CoBiDE,0.178,5.7986e-06,4.8745e-06,100%,100%,100%,100%,75%,0%,0%,3945,3881,3945,0.0446,1.00,1.00,1,1.00,1.00,100%,100%,N/A,N/A,N/A,N/A,N/A,N/A,N/A,N/A,N/A,N/A,N/A,N/A,N/A,N/A,N/A,N/A,N/A,N/A,N/A,N/A,N/A,N/A,N/A,N/A,N/A
F13-SharpRidge,ill-cond,unimodal|non-separable|ill-conditioned|sharp-ridge,LSHADE-cnEpSin,1.996,0.0000e+00,0.0000e+00,100%,100%,100%,100%,100%,100%,100%,1633,1594,1633,0.1341,1.00,1.00,1,1.00,1.00,100%,100%,N/A,N/A,N/A,N/A,N/A,N/A,N/A,N/A,N/A,N/A,N/A,N/A,N/A,N/A,N/A,N/A,N/A,N/A,N/A,N/A,N/A,N/A,N/A,N/A,N/A
F13-SharpRidge,ill-cond,unimodal|non-separable|ill-conditioned|sharp-ridge,CMA-ES,0.804,3.8173e-11,1.2015e-11,100%,100%,100%,100%,100%,100%,90%,385,373,385,0.2943,1.00,1.00,1,1.00,1.00,100%,100%,N/A,N/A,N/A,N/A,N/A,N/A,N/A,N/A,N/A,N/A,N/A,N/A,N/A,N/A,N/A,N/A,N/A,N/A,N/A,N/A,N/A,N/A,N/A,N/A,N/A
F13-SharpRidge,ill-cond,unimodal|non-separable|ill-conditioned|sharp-ridge,IPOP-CMA-ES,0.645,1.1873e-11,1.2335e-11,100%,100%,100%,100%,100%,100%,100%,409,370,409,0.2929,1.00,1.00,1,1.00,1.00,100%,100%,N/A,N/A,N/A,N/A,N/A,N/A,N/A,N/A,N/A,N/A,N/A,N/A,N/A,N/A,N/A,N/A,N/A,N/A,N/A,N/A,N/A,N/A,N/A,N/A,N/A
F13-SharpRidge,ill-cond,unimodal|non-separable|ill-conditioned|sharp-ridge,BIPOP-CMA-ES,0.794,1.2279e-11,1.0196e-11,100%,100%,100%,100%,100%,100%,100%,409,370,409,0.2930,1.00,1.00,1,1.00,1.00,100%,100%,N/A,N/A,N/A,N/A,N/A,N/A,N/A,N/A,N/A,N/A,N/A,N/A,N/A,N/A,N/A,N/A,N/A,N/A,N/A,N/A,N/A,N/A,N/A,N/A,N/A
F13-SharpRidge,ill-cond,unimodal|non-separable|ill-conditioned|sharp-ridge,PSO,0.018,4.9370e-02,1.9906e-02,70%,40%,10%,0%,0%,0%,0%,inf,inf,inf,0.0206,0.00,0.00,1,0.40,0.00,40%,0%,N/A,N/A,N/A,N/A,N/A,N/A,N/A,N/A,N/A,N/A,N/A,N/A,N/A,N/A,N/A,N/A,N/A,N/A,N/A,N/A,N/A,N/A,N/A,N/A,N/A
F13-SharpRidge,ill-cond,unimodal|non-separable|ill-conditioned|sharp-ridge,DE,0.187,0.0000e+00,0.0000e+00,100%,100%,100%,100%,100%,100%,100%,1281,1282,1281,0.1631,1.00,1.00,1,1.00,1.00,100%,100%,N/A,N/A,N/A,N/A,N/A,N/A,N/A,N/A,N/A,N/A,N/A,N/A,N/A,N/A,N/A,N/A,N/A,N/A,N/A,N/A,N/A,N/A,N/A,N/A,N/A
F13-SharpRidge,ill-cond,unimodal|non-separable|ill-conditioned|sharp-ridge,L-SHADE,0.214,0.0000e+00,0.0000e+00,100%,100%,100%,100%,100%,100%,100%,2407,2390,2407,0.0921,1.00,1.00,1,1.00,1.00,100%,100%,N/A,N/A,N/A,N/A,N/A,N/A,N/A,N/A,N/A,N/A,N/A,N/A,N/A,N/A,N/A,N/A,N/A,N/A,N/A,N/A,N/A,N/A,N/A,N/A,N/A
F13-SharpRidge,ill-cond,unimodal|non-separable|ill-conditioned|sharp-ridge,SaVOA,0.060,1.1130e-02,4.6200e-03,100%,75%,35%,20%,5%,0%,0%,3366,3526,23366,0.0439,0.20,0.20,1,0.75,0.20,75%,20%,N/A,N/A,N/A,N/A,N/A,N/A,N/A,N/A,N/A,N/A,N/A,N/A,N/A,N/A,N/A,N/A,N/A,N/A,N/A,N/A,N/A,N/A,N/A,N/A,N/A
F13-SharpRidge,ill-cond,unimodal|non-separable|ill-conditioned|sharp-ridge,NM-Restart,0.173,0.0000e+00,0.0000e+00,100%,100%,100%,100%,100%,100%,100%,158,121,158,0.4169,1.00,1.00,1,1.00,1.00,100%,100%,N/A,N/A,N/A,N/A,N/A,N/A,N/A,N/A,N/A,N/A,N/A,N/A,N/A,N/A,N/A,N/A,N/A,N/A,N/A,N/A,N/A,N/A,N/A,N/A,N/A
F13-SharpRidge,ill-cond,unimodal|non-separable|ill-conditioned|sharp-ridge,MC-ESO,1.089,0.0000e+00,0.0000e+00,100%,100%,100%,100%,100%,100%,100%,589,598,589,0.2508,1.00,1.00,1,1.00,1.00,100%,100%,N/A,N/A,N/A,N/A,N/A,N/A,N/A,N/A,N/A,N/A,N/A,N/A,N/A,N/A,N/A,N/A,N/A,N/A,N/A,N/A,N/A,N/A,N/A,N/A,N/A
F16-Weierstrass,multimodal,multimodal|non-separable|global-structure|rugged,EA4eig,0.251,2.8979e-05,1.6388e-07,100%,100%,100%,95%,70%,40%,20%,3830,4083,4093,0.0721,0.15,0.15,1,0.60,0.15,60%,15%,N/A,N/A,N/A,N/A,N/A,N/A,N/A,N/A,N/A,N/A,N/A,N/A,N/A,N/A,N/A,N/A,N/A,N/A,N/A,N/A,N/A,N/A,N/A,N/A,N/A
F16-Weierstrass,multimodal,multimodal|non-separable|global-structure|rugged,EA4eig-jSO-IDEbd,0.255,5.5719e-05,2.4396e-05,100%,100%,100%,85%,20%,5%,0%,3868,3989,4751,0.0719,0.15,0.15,1,0.85,0.15,85%,15%,N/A,N/A,N/A,N/A,N/A,N/A,N/A,N/A,N/A,N/A,N/A,N/A,N/A,N/A,N/A,N/A,N/A,N/A,N/A,N/A,N/A,N/A,N/A,N/A,N/A
F16-Weierstrass,multimodal,multimodal|non-separable|global-structure|rugged,EA4eig-Simpl,0.222,0.0000e+00,0.0000e+00,100%,100%,100%,100%,100%,100%,100%,3301,3238,3301,0.0945,0.10,0.10,1,0.45,0.10,45%,10%,N/A,N/A,N/A,N/A,N/A,N/A,N/A,N/A,N/A,N/A,N/A,N/A,N/A,N/A,N/A,N/A,N/A,N/A,N/A,N/A,N/A,N/A,N/A,N/A,N/A
F16-Weierstrass,multimodal,multimodal|non-separable|global-structure|rugged,LSHADE-SPACMA,0.195,0.0000e+00,0.0000e+00,100%,100%,100%,100%,100%,100%,100%,1891,1747,1891,0.1595,0.05,0.05,1,0.15,0.05,15%,5%,N/A,N/A,N/A,N/A,N/A,N/A,N/A,N/A,N/A,N/A,N/A,N/A,N/A,N/A,N/A,N/A,N/A,N/A,N/A,N/A,N/A,N/A,N/A,N/A,N/A
F16-Weierstrass,multimodal,multimodal|non-separable|global-structure|rugged,AMALGAM-SO,0.361,0.0000e+00,0.0000e+00,100%,100%,100%,100%,100%,100%,100%,499,294,499,0.2981,0.10,0.10,1,0.30,0.10,30%,10%,N/A,N/A,N/A,N/A,N/A,N/A,N/A,N/A,N/A,N/A,N/A,N/A,N/A,N/A,N/A,N/A,N/A,N/A,N/A,N/A,N/A,N/A,N/A,N/A,N/A
F16-Weierstrass,multimodal,multimodal|non-separable|global-structure|rugged,AMALGAM-SO-DE,0.327,1.2873e-04,0.0000e+00,100%,100%,95%,95%,95%,95%,95%,731,384,994,0.2805,0.15,0.15,1,0.30,0.15,30%,15%,N/A,N/A,N/A,N/A,N/A,N/A,N/A,N/A,N/A,N/A,N/A,N/A,N/A,N/A,N/A,N/A,N/A,N/A,N/A,N/A,N/A,N/A,N/A,N/A,N/A
F16-Weierstrass,multimodal,multimodal|non-separable|global-structure|rugged,HSES,0.018,3.0801e-03,2.3263e-03,100%,95%,35%,20%,15%,0%,0%,4668,4720,24668,0.0450,0.00,0.00,1,0.05,0.00,5%,0%,N/A,N/A,N/A,N/A,N/A,N/A,N/A,N/A,N/A,N/A,N/A,N/A,N/A,N/A,N/A,N/A,N/A,N/A,N/A,N/A,N/A,N/A,N/A,N/A,N/A
F16-Weierstrass,multimodal,multimodal|non-separable|global-structure|rugged,ICMAES-ILS,0.566,0.0000e+00,0.0000e+00,100%,100%,100%,100%,100%,100%,100%,698,312,698,0.2796,0.40,0.40,1,0.50,0.40,50%,40%,N/A,N/A,N/A,N/A,N/A,N/A,N/A,N/A,N/A,N/A,N/A,N/A,N/A,N/A,N/A,N/A,N/A,N/A,N/A,N/A,N/A,N/A,N/A,N/A,N/A
F16-Weierstrass,multimodal,multimodal|non-separable|global-structure|rugged,MOS,0.397,0.0000e+00,0.0000e+00,100%,100%,100%,100%,100%,100%,100%,810,726,810,0.2432,0.35,0.35,1,0.40,0.35,40%,35%,N/A,N/A,N/A,N/A,N/A,N/A,N/A,N/A,N/A,N/A,N/A,N/A,N/A,N/A,N/A,N/A,N/A,N/A,N/A,N/A,N/A,N/A,N/A,N/A,N/A
F16-Weierstrass,multimodal,multimodal|non-separable|global-structure|rugged,UMOEA-II,0.763,2.9155e-07,0.0000e+00,100%,100%,100%,100%,100%,95%,95%,2191,2180,2191,0.1326,0.05,0.05,1,0.30,0.05,30%,5%,N/A,N/A,N/A,N/A,N/A,N/A,N/A,N/A,N/A,N/A,N/A,N/A,N/A,N/A,N/A,N/A,N/A,N/A,N/A,N/A,N/A,N/A,N/A,N/A,N/A
F16-Weierstrass,multimodal,multimodal|non-separable|global-structure|rugged,EBOwithCMAR,0.345,7.1054e-16,0.0000e+00,100%,100%,100%,100%,100%,100%,100%,2775,2812,2775,0.1115,0.25,0.25,1,0.45,0.25,45%,25%,N/A,N/A,N/A,N/A,N/A,N/A,N/A,N/A,N/A,N/A,N/A,N/A,N/A,N/A,N/A,N/A,N/A,N/A,N/A,N/A,N/A,N/A,N/A,N/A,N/A
F16-Weierstrass,multimodal,multimodal|non-separable|global-structure|rugged,HMHH,0.240,2.2077e-10,0.0000e+00,100%,100%,100%,100%,100%,100%,90%,2192,2146,2192,0.1330,0.05,0.05,1,0.15,0.05,15%,5%,N/A,N/A,N/A,N/A,N/A,N/A,N/A,N/A,N/A,N/A,N/A,N/A,N/A,N/A,N/A,N/A,N/A,N/A,N/A,N/A,N/A,N/A,N/A,N/A,N/A
F16-Weierstrass,multimodal,multimodal|non-separable|global-structure|rugged,HMHH-random,0.227,2.4727e-13,0.0000e+00,100%,100%,100%,100%,100%,100%,100%,1667,1676,1667,0.1559,0.10,0.10,1,0.15,0.10,15%,10%,N/A,N/A,N/A,N/A,N/A,N/A,N/A,N/A,N/A,N/A,N/A,N/A,N/A,N/A,N/A,N/A,N/A,N/A,N/A,N/A,N/A,N/A,N/A,N/A,N/A
F16-Weierstrass,multimodal,multimodal|non-separable|global-structure|rugged,PS-CMA-ES,0.232,3.4059e-07,8.5334e-08,100%,100%,100%,100%,100%,55%,5%,3263,3135,3263,0.0774,0.40,0.40,1,0.65,0.40,65%,40%,N/A,N/A,N/A,N/A,N/A,N/A,N/A,N/A,N/A,N/A,N/A,N/A,N/A,N/A,N/A,N/A,N/A,N/A,N/A,N/A,N/A,N/A,N/A,N/A,N/A
F16-Weierstrass,multimodal,multimodal|non-separable|global-structure|rugged,DEPSO,0.109,4.5740e-11,0.0000e+00,100%,100%,100%,100%,100%,100%,95%,2219,1976,2219,0.1297,0.10,0.10,1,0.35,0.10,35%,10%,N/A,N/A,N/A,N/A,N/A,N/A,N/A,N/A,N/A,N/A,N/A,N/A,N/A,N/A,N/A,N/A,N/A,N/A,N/A,N/A,N/A,N/A,N/A,N/A,N/A
F16-Weierstrass,multimodal,multimodal|non-separable|global-structure|rugged,jSO,0.211,1.7589e-07,0.0000e+00,100%,100%,100%,100%,100%,95%,95%,2578,2647,2578,0.1161,0.20,0.20,1,0.25,0.20,25%,20%,N/A,N/A,N/A,N/A,N/A,N/A,N/A,N/A,N/A,N/A,N/A,N/A,N/A,N/A,N/A,N/A,N/A,N/A,N/A,N/A,N/A,N/A,N/A,N/A,N/A
F16-Weierstrass,multimodal,multimodal|non-separable|global-structure|rugged,L-SRTDE,0.237,0.0000e+00,0.0000e+00,100%,100%,100%,100%,100%,100%,100%,1417,1363,1417,0.1763,0.00,0.00,1,0.05,0.00,5%,0%,N/A,N/A,N/A,N/A,N/A,N/A,N/A,N/A,N/A,N/A,N/A,N/A,N/A,N/A,N/A,N/A,N/A,N/A,N/A,N/A,N/A,N/A,N/A,N/A,N/A
F16-Weierstrass,multimodal,multimodal|non-separable|global-structure|rugged,IMODE,0.289,0.0000e+00,0.0000e+00,100%,100%,100%,100%,100%,100%,100%,2061,1996,2061,0.1473,0.15,0.15,1,0.35,0.15,35%,15%,N/A,N/A,N/A,N/A,N/A,N/A,N/A,N/A,N/A,N/A,N/A,N/A,N/A,N/A,N/A,N/A,N/A,N/A,N/A,N/A,N/A,N/A,N/A,N/A,N/A
F16-Weierstrass,multimodal,multimodal|non-separable|global-structure|rugged,ELSHADE-SPACMA,0.188,2.9712e-09,0.0000e+00,100%,100%,100%,100%,100%,100%,95%,2457,2357,2457,0.1191,0.00,0.00,1,0.15,0.00,15%,0%,N/A,N/A,N/A,N/A,N/A,N/A,N/A,N/A,N/A,N/A,N/A,N/A,N/A,N/A,N/A,N/A,N/A,N/A,N/A,N/A,N/A,N/A,N/A,N/A,N/A
F16-Weierstrass,multimodal,multimodal|non-separable|global-structure|rugged,APGSK-IMODE,0.211,1.5116e-06,0.0000e+00,100%,100%,100%,100%,95%,95%,95%,3140,3189,3140,0.0872,0.05,0.05,1,0.25,0.05,25%,5%,N/A,N/A,N/A,N/A,N/A,N/A,N/A,N/A,N/A,N/A,N/A,N/A,N/A,N/A,N/A,N/A,N/A,N/A,N/A,N/A,N/A,N/A,N/A,N/A,N/A
F16-Weierstrass,multimodal,multimodal|non-separable|global-structure|rugged,SPS-L-SHADE-EIG,0.256,0.0000e+00,0.0000e+00,100%,100%,100%,100%,100%,100%,100%,2136,2240,2136,0.1278,0.20,0.20,1,0.40,0.20,40%,20%,N/A,N/A,N/A,N/A,N/A,N/A,N/A,N/A,N/A,N/A,N/A,N/A,N/A,N/A,N/A,N/A,N/A,N/A,N/A,N/A,N/A,N/A,N/A,N/A,N/A
F16-Weierstrass,multimodal,multimodal|non-separable|global-structure|rugged,CoBiDE,0.162,2.8527e-04,2.0572e-04,100%,100%,100%,20%,10%,0%,0%,4362,4498,24362,0.0559,0.05,0.05,1,0.65,0.05,65%,5%,N/A,N/A,N/A,N/A,N/A,N/A,N/A,N/A,N/A,N/A,N/A,N/A,N/A,N/A,N/A,N/A,N/A,N/A,N/A,N/A,N/A,N/A,N/A,N/A,N/A
F16-Weierstrass,multimodal,multimodal|non-separable|global-structure|rugged,LSHADE-cnEpSin,2.049,0.0000e+00,0.0000e+00,100%,100%,100%,100%,100%,100%,100%,3160,3271,3160,0.0971,0.35,0.35,1,0.85,0.35,85%,35%,N/A,N/A,N/A,N/A,N/A,N/A,N/A,N/A,N/A,N/A,N/A,N/A,N/A,N/A,N/A,N/A,N/A,N/A,N/A,N/A,N/A,N/A,N/A,N/A,N/A
F16-Weierstrass,multimodal,multimodal|non-separable|global-structure|rugged,CMA-ES,2.639,5.5728e-01,0.0000e+00,75%,65%,60%,60%,60%,55%,55%,315,270,3648,0.2042,0.20,0.20,1,0.20,0.20,20%,20%,N/A,N/A,N/A,N/A,N/A,N/A,N/A,N/A,N/A,N/A,N/A,N/A,N/A,N/A,N/A,N/A,N/A,N/A,N/A,N/A,N/A,N/A,N/A,N/A,N/A
F16-Weierstrass,multimodal,multimodal|non-separable|global-structure|rugged,IPOP-CMA-ES,0.540,0.0000e+00,0.0000e+00,100%,100%,100%,100%,100%,100%,100%,1078,752,1078,0.2406,0.30,0.30,1,0.35,0.30,35%,30%,N/A,N/A,N/A,N/A,N/A,N/A,N/A,N/A,N/A,N/A,N/A,N/A,N/A,N/A,N/A,N/A,N/A,N/A,N/A,N/A,N/A,N/A,N/A,N/A,N/A
F16-Weierstrass,multimodal,multimodal|non-separable|global-structure|rugged,BIPOP-CMA-ES,0.542,2.9649e-03,0.0000e+00,100%,95%,95%,95%,95%,95%,95%,1606,491,1869,0.2130,0.20,0.20,1,0.25,0.20,25%,20%,N/A,N/A,N/A,N/A,N/A,N/A,N/A,N/A,N/A,N/A,N/A,N/A,N/A,N/A,N/A,N/A,N/A,N/A,N/A,N/A,N/A,N/A,N/A,N/A,N/A
F16-Weierstrass,multimodal,multimodal|non-separable|global-structure|rugged,PSO,0.019,1.4211e-15,0.0000e+00,100%,100%,100%,100%,100%,100%,100%,1624,1568,1624,0.1631,0.10,0.10,1,0.10,0.10,10%,10%,N/A,N/A,N/A,N/A,N/A,N/A,N/A,N/A,N/A,N/A,N/A,N/A,N/A,N/A,N/A,N/A,N/A,N/A,N/A,N/A,N/A,N/A,N/A,N/A,N/A
F16-Weierstrass,multimodal,multimodal|non-separable|global-structure|rugged,DE,0.197,0.0000e+00,0.0000e+00,100%,100%,100%,100%,100%,100%,100%,1737,1792,1737,0.1425,0.65,0.65,1,0.80,0.65,80%,65%,N/A,N/A,N/A,N/A,N/A,N/A,N/A,N/A,N/A,N/A,N/A,N/A,N/A,N/A,N/A,N/A,N/A,N/A,N/A,N/A,N/A,N/A,N/A,N/A,N/A
F16-Weierstrass,multimodal,multimodal|non-separable|global-structure|rugged,L-SHADE,0.234,0.0000e+00,0.0000e+00,100%,100%,100%,100%,100%,100%,100%,2741,2650,2741,0.1048,0.05,0.05,1,0.30,0.05,30%,5%,N/A,N/A,N/A,N/A,N/A,N/A,N/A,N/A,N/A,N/A,N/A,N/A,N/A,N/A,N/A,N/A,N/A,N/A,N/A,N/A,N/A,N/A,N/A,N/A,N/A
F16-Weierstrass,multimodal,multimodal|non-separable|global-structure|rugged,SaVOA,0.086,0.0000e+00,0.0000e+00,100%,100%,100%,100%,100%,100%,100%,697,668,697,0.2401,0.10,0.10,1,0.15,0.10,15%,10%,N/A,N/A,N/A,N/A,N/A,N/A,N/A,N/A,N/A,N/A,N/A,N/A,N/A,N/A,N/A,N/A,N/A,N/A,N/A,N/A,N/A,N/A,N/A,N/A,N/A
F16-Weierstrass,multimodal,multimodal|non-separable|global-structure|rugged,NM-Restart,0.119,1.9165e+00,6.0222e-01,40%,35%,35%,35%,35%,35%,35%,1423,1324,10709,0.0788,0.15,0.15,1,0.15,0.15,15%,15%,N/A,N/A,N/A,N/A,N/A,N/A,N/A,N/A,N/A,N/A,N/A,N/A,N/A,N/A,N/A,N/A,N/A,N/A,N/A,N/A,N/A,N/A,N/A,N/A,N/A
F16-Weierstrass,multimodal,multimodal|non-separable|global-structure|rugged,MC-ESO,0.982,0.0000e+00,0.0000e+00,100%,100%,100%,100%,100%,100%,100%,590,502,590,0.2752,0.65,0.65,1,0.85,0.65,85%,65%,N/A,N/A,N/A,N/A,N/A,N/A,N/A,N/A,N/A,N/A,N/A,N/A,N/A,N/A,N/A,N/A,N/A,N/A,N/A,N/A,N/A,N/A,N/A,N/A,N/A
F21-Gallagher101,weak-structure,multimodal|non-separable|weak-structure,EA4eig,0.261,0.0000e+00,0.0000e+00,100%,100%,100%,100%,100%,100%,100%,1080,1071,1080,0.2275,1.00,1.00,1,1.00,1.00,100%,100%,N/A,N/A,N/A,N/A,N/A,N/A,N/A,N/A,N/A,N/A,N/A,N/A,N/A,N/A,N/A,N/A,N/A,N/A,N/A,N/A,N/A,N/A,N/A,N/A,N/A
F21-Gallagher101,weak-structure,multimodal|non-separable|weak-structure,EA4eig-jSO-IDEbd,0.240,0.0000e+00,0.0000e+00,100%,100%,100%,100%,100%,100%,100%,968,926,968,0.2373,1.00,1.00,1,1.00,1.00,100%,100%,N/A,N/A,N/A,N/A,N/A,N/A,N/A,N/A,N/A,N/A,N/A,N/A,N/A,N/A,N/A,N/A,N/A,N/A,N/A,N/A,N/A,N/A,N/A,N/A,N/A
F21-Gallagher101,weak-structure,multimodal|non-separable|weak-structure,EA4eig-Simpl,0.232,0.0000e+00,0.0000e+00,100%,100%,100%,100%,100%,100%,100%,844,887,844,0.2390,1.00,1.00,1,1.00,1.00,100%,100%,N/A,N/A,N/A,N/A,N/A,N/A,N/A,N/A,N/A,N/A,N/A,N/A,N/A,N/A,N/A,N/A,N/A,N/A,N/A,N/A,N/A,N/A,N/A,N/A,N/A
F21-Gallagher101,weak-structure,multimodal|non-separable|weak-structure,LSHADE-SPACMA,0.190,4.6500e-02,0.0000e+00,95%,95%,95%,95%,95%,95%,95%,536,489,799,0.2743,0.95,0.95,1,0.95,0.95,95%,95%,N/A,N/A,N/A,N/A,N/A,N/A,N/A,N/A,N/A,N/A,N/A,N/A,N/A,N/A,N/A,N/A,N/A,N/A,N/A,N/A,N/A,N/A,N/A,N/A,N/A
F21-Gallagher101,weak-structure,multimodal|non-separable|weak-structure,AMALGAM-SO,0.347,0.0000e+00,0.0000e+00,100%,100%,100%,100%,100%,100%,100%,667,576,667,0.3047,1.00,1.00,1,1.00,1.00,100%,100%,N/A,N/A,N/A,N/A,N/A,N/A,N/A,N/A,N/A,N/A,N/A,N/A,N/A,N/A,N/A,N/A,N/A,N/A,N/A,N/A,N/A,N/A,N/A,N/A,N/A
F21-Gallagher101,weak-structure,multimodal|non-separable|weak-structure,AMALGAM-SO-DE,0.357,0.0000e+00,0.0000e+00,100%,100%,100%,100%,100%,100%,100%,588,384,588,0.3185,1.00,1.00,1,1.00,1.00,100%,100%,N/A,N/A,N/A,N/A,N/A,N/A,N/A,N/A,N/A,N/A,N/A,N/A,N/A,N/A,N/A,N/A,N/A,N/A,N/A,N/A,N/A,N/A,N/A,N/A,N/A
F21-Gallagher101,weak-structure,multimodal|non-separable|weak-structure,HSES,0.023,4.1543e-02,2.1434e-03,95%,75%,40%,20%,15%,15%,10%,1650,1696,21650,0.1244,0.20,0.20,1,0.75,0.20,75%,20%,N/A,N/A,N/A,N/A,N/A,N/A,N/A,N/A,N/A,N/A,N/A,N/A,N/A,N/A,N/A,N/A,N/A,N/A,N/A,N/A,N/A,N/A,N/A,N/A,N/A
F21-Gallagher101,weak-structure,multimodal|non-separable|weak-structure,ICMAES-ILS,0.239,6.2738e-08,2.1316e-14,100%,100%,100%,100%,100%,95%,70%,533,614,533,0.3104,1.00,1.00,1,1.00,1.00,100%,100%,N/A,N/A,N/A,N/A,N/A,N/A,N/A,N/A,N/A,N/A,N/A,N/A,N/A,N/A,N/A,N/A,N/A,N/A,N/A,N/A,N/A,N/A,N/A,N/A,N/A
F21-Gallagher101,weak-structure,multimodal|non-separable|weak-structure,MOS,0.437,6.9186e-02,0.0000e+00,90%,90%,90%,90%,90%,90%,90%,1043,415,1598,0.2397,0.90,0.90,1,0.90,0.90,90%,90%,N/A,N/A,N/A,N/A,N/A,N/A,N/A,N/A,N/A,N/A,N/A,N/A,N/A,N/A,N/A,N/A,N/A,N/A,N/A,N/A,N/A,N/A,N/A,N/A,N/A
F21-Gallagher101,weak-structure,multimodal|non-separable|weak-structure,UMOEA-II,0.792,0.0000e+00,0.0000e+00,100%,100%,100%,100%,100%,100%,100%,833,829,833,0.2427,1.00,1.00,1,1.00,1.00,100%,100%,N/A,N/A,N/A,N/A,N/A,N/A,N/A,N/A,N/A,N/A,N/A,N/A,N/A,N/A,N/A,N/A,N/A,N/A,N/A,N/A,N/A,N/A,N/A,N/A,N/A
F21-Gallagher101,weak-structure,multimodal|non-separable|weak-structure,EBOwithCMAR,0.312,0.0000e+00,0.0000e+00,100%,100%,100%,100%,100%,100%,100%,1088,1124,1088,0.2232,1.00,1.00,1,1.00,1.00,100%,100%,N/A,N/A,N/A,N/A,N/A,N/A,N/A,N/A,N/A,N/A,N/A,N/A,N/A,N/A,N/A,N/A,N/A,N/A,N/A,N/A,N/A,N/A,N/A,N/A,N/A
F21-Gallagher101,weak-structure,multimodal|non-separable|weak-structure,HMHH,0.284,3.4593e-02,0.0000e+00,95%,95%,95%,95%,95%,95%,95%,800,651,1063,0.2340,0.95,0.95,1,0.95,0.95,95%,95%,N/A,N/A,N/A,N/A,N/A,N/A,N/A,N/A,N/A,N/A,N/A,N/A,N/A,N/A,N/A,N/A,N/A,N/A,N/A,N/A,N/A,N/A,N/A,N/A,N/A
F21-Gallagher101,weak-structure,multimodal|non-separable|weak-structure,HMHH-random,0.276,3.4593e-02,0.0000e+00,95%,95%,95%,95%,95%,95%,95%,647,662,910,0.2524,0.95,0.95,1,0.95,0.95,95%,95%,N/A,N/A,N/A,N/A,N/A,N/A,N/A,N/A,N/A,N/A,N/A,N/A,N/A,N/A,N/A,N/A,N/A,N/A,N/A,N/A,N/A,N/A,N/A,N/A,N/A
F21-Gallagher101,weak-structure,multimodal|non-separable|weak-structure,PS-CMA-ES,0.142,0.0000e+00,0.0000e+00,100%,100%,100%,100%,100%,100%,100%,990,968,990,0.2451,1.00,1.00,1,1.00,1.00,100%,100%,N/A,N/A,N/A,N/A,N/A,N/A,N/A,N/A,N/A,N/A,N/A,N/A,N/A,N/A,N/A,N/A,N/A,N/A,N/A,N/A,N/A,N/A,N/A,N/A,N/A
F21-Gallagher101,weak-structure,multimodal|non-separable|weak-structure,DEPSO,0.109,2.0869e-01,0.0000e+00,75%,75%,75%,75%,75%,75%,75%,592,530,2259,0.2068,0.75,0.75,1,0.75,0.75,75%,75%,N/A,N/A,N/A,N/A,N/A,N/A,N/A,N/A,N/A,N/A,N/A,N/A,N/A,N/A,N/A,N/A,N/A,N/A,N/A,N/A,N/A,N/A,N/A,N/A,N/A
F21-Gallagher101,weak-structure,multimodal|non-separable|weak-structure,jSO,0.281,0.0000e+00,0.0000e+00,100%,100%,100%,100%,100%,100%,100%,676,632,676,0.2712,1.00,1.00,1,1.00,1.00,100%,100%,N/A,N/A,N/A,N/A,N/A,N/A,N/A,N/A,N/A,N/A,N/A,N/A,N/A,N/A,N/A,N/A,N/A,N/A,N/A,N/A,N/A,N/A,N/A,N/A,N/A
F21-Gallagher101,weak-structure,multimodal|non-separable|weak-structure,L-SRTDE,0.206,1.4068e-01,0.0000e+00,80%,80%,80%,80%,80%,80%,80%,351,360,1601,0.2625,0.80,0.80,1,0.80,0.80,80%,80%,N/A,N/A,N/A,N/A,N/A,N/A,N/A,N/A,N/A,N/A,N/A,N/A,N/A,N/A,N/A,N/A,N/A,N/A,N/A,N/A,N/A,N/A,N/A,N/A,N/A
F21-Gallagher101,weak-structure,multimodal|non-separable|weak-structure,IMODE,0.252,0.0000e+00,0.0000e+00,100%,100%,100%,100%,100%,100%,100%,1065,1182,1065,0.2131,1.00,1.00,1,1.00,1.00,100%,100%,N/A,N/A,N/A,N/A,N/A,N/A,N/A,N/A,N/A,N/A,N/A,N/A,N/A,N/A,N/A,N/A,N/A,N/A,N/A,N/A,N/A,N/A,N/A,N/A,N/A
F21-Gallagher101,weak-structure,multimodal|non-separable|weak-structure,ELSHADE-SPACMA,0.238,1.1569e-01,0.0000e+00,85%,85%,85%,85%,85%,85%,85%,757,715,1639,0.2217,0.85,0.85,1,0.85,0.85,85%,85%,N/A,N/A,N/A,N/A,N/A,N/A,N/A,N/A,N/A,N/A,N/A,N/A,N/A,N/A,N/A,N/A,N/A,N/A,N/A,N/A,N/A,N/A,N/A,N/A,N/A
F21-Gallagher101,weak-structure,multimodal|non-separable|weak-structure,APGSK-IMODE,0.166,0.0000e+00,0.0000e+00,100%,100%,100%,100%,100%,100%,100%,1375,1424,1375,0.1980,1.00,1.00,1,1.00,1.00,100%,100%,N/A,N/A,N/A,N/A,N/A,N/A,N/A,N/A,N/A,N/A,N/A,N/A,N/A,N/A,N/A,N/A,N/A,N/A,N/A,N/A,N/A,N/A,N/A,N/A,N/A
F21-Gallagher101,weak-structure,multimodal|non-separable|weak-structure,SPS-L-SHADE-EIG,0.248,0.0000e+00,0.0000e+00,100%,100%,100%,100%,100%,100%,100%,697,690,697,0.2602,1.00,1.00,1,1.00,1.00,100%,100%,N/A,N/A,N/A,N/A,N/A,N/A,N/A,N/A,N/A,N/A,N/A,N/A,N/A,N/A,N/A,N/A,N/A,N/A,N/A,N/A,N/A,N/A,N/A,N/A,N/A
F21-Gallagher101,weak-structure,multimodal|non-separable|weak-structure,CoBiDE,0.179,3.5527e-16,0.0000e+00,100%,100%,100%,100%,100%,100%,100%,1389,1521,1389,0.2064,1.00,1.00,1,1.00,1.00,100%,100%,N/A,N/A,N/A,N/A,N/A,N/A,N/A,N/A,N/A,N/A,N/A,N/A,N/A,N/A,N/A,N/A,N/A,N/A,N/A,N/A,N/A,N/A,N/A,N/A,N/A
F21-Gallagher101,weak-structure,multimodal|non-separable|weak-structure,LSHADE-cnEpSin,1.847,3.4593e-02,0.0000e+00,95%,95%,95%,95%,95%,95%,95%,604,604,867,0.2648,0.95,0.95,1,0.95,0.95,95%,95%,N/A,N/A,N/A,N/A,N/A,N/A,N/A,N/A,N/A,N/A,N/A,N/A,N/A,N/A,N/A,N/A,N/A,N/A,N/A,N/A,N/A,N/A,N/A,N/A,N/A
F21-Gallagher101,weak-structure,multimodal|non-separable|weak-structure,CMA-ES,3.858,6.8109e-01,3.4593e-01,50%,50%,50%,50%,50%,50%,50%,524,194,5524,0.1645,0.50,0.50,1,0.50,0.50,50%,50%,N/A,N/A,N/A,N/A,N/A,N/A,N/A,N/A,N/A,N/A,N/A,N/A,N/A,N/A,N/A,N/A,N/A,N/A,N/A,N/A,N/A,N/A,N/A,N/A,N/A
F21-Gallagher101,weak-structure,multimodal|non-separable|weak-structure,IPOP-CMA-ES,0.399,3.1426e-02,0.0000e+00,95%,95%,85%,85%,85%,85%,85%,882,674,1765,0.2376,0.85,0.85,1,0.95,0.85,95%,85%,N/A,N/A,N/A,N/A,N/A,N/A,N/A,N/A,N/A,N/A,N/A,N/A,N/A,N/A,N/A,N/A,N/A,N/A,N/A,N/A,N/A,N/A,N/A,N/A,N/A
F21-Gallagher101,weak-structure,multimodal|non-separable|weak-structure,BIPOP-CMA-ES,0.417,3.3311e-02,0.0000e+00,90%,85%,85%,80%,80%,80%,80%,1230,612,2480,0.2120,0.80,0.80,1,0.85,0.80,85%,80%,N/A,N/A,N/A,N/A,N/A,N/A,N/A,N/A,N/A,N/A,N/A,N/A,N/A,N/A,N/A,N/A,N/A,N/A,N/A,N/A,N/A,N/A,N/A,N/A,N/A
F21-Gallagher101,weak-structure,multimodal|non-separable|weak-structure,PSO,0.016,1.2759e-01,0.0000e+00,85%,85%,85%,85%,85%,85%,85%,543,385,1426,0.2511,0.85,0.85,1,0.85,0.85,85%,85%,N/A,N/A,N/A,N/A,N/A,N/A,N/A,N/A,N/A,N/A,N/A,N/A,N/A,N/A,N/A,N/A,N/A,N/A,N/A,N/A,N/A,N/A,N/A,N/A,N/A
F21-Gallagher101,weak-structure,multimodal|non-separable|weak-structure,DE,0.102,0.0000e+00,0.0000e+00,100%,100%,100%,100%,100%,100%,100%,800,774,800,0.2394,1.00,1.00,1,1.00,1.00,100%,100%,N/A,N/A,N/A,N/A,N/A,N/A,N/A,N/A,N/A,N/A,N/A,N/A,N/A,N/A,N/A,N/A,N/A,N/A,N/A,N/A,N/A,N/A,N/A,N/A,N/A
F21-Gallagher101,weak-structure,multimodal|non-separable|weak-structure,L-SHADE,0.152,0.0000e+00,0.0000e+00,100%,100%,100%,100%,100%,100%,100%,880,935,880,0.2382,1.00,1.00,1,1.00,1.00,100%,100%,N/A,N/A,N/A,N/A,N/A,N/A,N/A,N/A,N/A,N/A,N/A,N/A,N/A,N/A,N/A,N/A,N/A,N/A,N/A,N/A,N/A,N/A,N/A,N/A,N/A
F21-Gallagher101,weak-structure,multimodal|non-separable|weak-structure,SaVOA,0.052,0.0000e+00,0.0000e+00,100%,100%,100%,100%,100%,100%,100%,575,436,575,0.2873,1.00,1.00,1,1.00,1.00,100%,100%,N/A,N/A,N/A,N/A,N/A,N/A,N/A,N/A,N/A,N/A,N/A,N/A,N/A,N/A,N/A,N/A,N/A,N/A,N/A,N/A,N/A,N/A,N/A,N/A,N/A
F21-Gallagher101,weak-structure,multimodal|non-separable|weak-structure,NM-Restart,0.081,0.0000e+00,0.0000e+00,100%,100%,100%,100%,100%,100%,100%,1383,1410,1383,0.1854,1.00,1.00,1,1.00,1.00,100%,100%,N/A,N/A,N/A,N/A,N/A,N/A,N/A,N/A,N/A,N/A,N/A,N/A,N/A,N/A,N/A,N/A,N/A,N/A,N/A,N/A,N/A,N/A,N/A,N/A,N/A
F21-Gallagher101,weak-structure,multimodal|non-separable|weak-structure,MC-ESO,0.677,0.0000e+00,0.0000e+00,100%,100%,100%,100%,100%,100%,100%,352,190,352,0.3525,1.00,1.00,1,1.00,1.00,100%,100%,N/A,N/A,N/A,N/A,N/A,N/A,N/A,N/A,N/A,N/A,N/A,N/A,N/A,N/A,N/A,N/A,N/A,N/A,N/A,N/A,N/A,N/A,N/A,N/A,N/A
F04-BucheRastrigin,separable,multimodal|separable|global-structure|asymmetric,EA4eig,0.173,9.9496e-02,0.0000e+00,90%,90%,90%,90%,90%,90%,85%,3588,3710,4143,0.0405,0.90,0.90,1,0.90,0.90,90%,90%,N/A,N/A,N/A,N/A,N/A,N/A,N/A,N/A,N/A,N/A,N/A,N/A,N/A,N/A,N/A,N/A,N/A,N/A,N/A,N/A,N/A,N/A,N/A,N/A,N/A
F04-BucheRastrigin,separable,multimodal|separable|global-structure|asymmetric,EA4eig-jSO-IDEbd,0.244,3.7183e-07,3.9486e-10,100%,100%,100%,100%,100%,85%,30%,3754,3694,3754,0.0403,1.00,1.00,1,1.00,1.00,100%,100%,N/A,N/A,N/A,N/A,N/A,N/A,N/A,N/A,N/A,N/A,N/A,N/A,N/A,N/A,N/A,N/A,N/A,N/A,N/A,N/A,N/A,N/A,N/A,N/A,N/A
F04-BucheRastrigin,separable,multimodal|separable|global-structure|asymmetric,EA4eig-Simpl,0.211,1.2790e-13,0.0000e+00,100%,100%,100%,100%,100%,100%,100%,2910,2908,2910,0.0702,1.00,1.00,1,1.00,1.00,100%,100%,N/A,N/A,N/A,N/A,N/A,N/A,N/A,N/A,N/A,N/A,N/A,N/A,N/A,N/A,N/A,N/A,N/A,N/A,N/A,N/A,N/A,N/A,N/A,N/A,N/A
F04-BucheRastrigin,separable,multimodal|separable|global-structure|asymmetric,LSHADE-SPACMA,0.237,3.9798e-01,0.0000e+00,60%,60%,60%,60%,60%,60%,60%,1448,1423,4781,0.0880,0.60,0.60,1,0.60,0.60,60%,60%,N/A,N/A,N/A,N/A,N/A,N/A,N/A,N/A,N/A,N/A,N/A,N/A,N/A,N/A,N/A,N/A,N/A,N/A,N/A,N/A,N/A,N/A,N/A,N/A,N/A
F04-BucheRastrigin,separable,multimodal|separable|global-structure|asymmetric,AMALGAM-SO,0.340,2.4457e-04,0.0000e+00,100%,100%,95%,90%,90%,85%,75%,2417,2241,2973,0.0969,0.90,0.90,1,1.00,0.90,100%,90%,N/A,N/A,N/A,N/A,N/A,N/A,N/A,N/A,N/A,N/A,N/A,N/A,N/A,N/A,N/A,N/A,N/A,N/A,N/A,N/A,N/A,N/A,N/A,N/A,N/A
F04-BucheRastrigin,separable,multimodal|separable|global-structure|asymmetric,AMALGAM-SO-DE,0.307,1.1158e-01,1.6797e-11,75%,70%,70%,70%,70%,60%,55%,1721,1006,3864,0.1219,0.70,0.70,1,0.70,0.70,70%,70%,N/A,N/A,N/A,N/A,N/A,N/A,N/A,N/A,N/A,N/A,N/A,N/A,N/A,N/A,N/A,N/A,N/A,N/A,N/A,N/A,N/A,N/A,N/A,N/A,N/A
F04-BucheRastrigin,separable,multimodal|separable|global-structure|asymmetric,HSES,0.022,3.6611e-01,2.2626e-01,30%,5%,0%,0%,0%,0%,0%,inf,inf,inf,0.0031,0.00,0.00,1,0.05,0.00,5%,0%,N/A,N/A,N/A,N/A,N/A,N/A,N/A,N/A,N/A,N/A,N/A,N/A,N/A,N/A,N/A,N/A,N/A,N/A,N/A,N/A,N/A,N/A,N/A,N/A,N/A
F04-BucheRastrigin,separable,multimodal|separable|global-structure|asymmetric,ICMAES-ILS,0.324,8.0918e-01,9.9496e-01,10%,10%,5%,5%,5%,5%,5%,243,243,95243,0.0198,0.05,0.05,1,0.10,0.05,10%,5%,N/A,N/A,N/A,N/A,N/A,N/A,N/A,N/A,N/A,N/A,N/A,N/A,N/A,N/A,N/A,N/A,N/A,N/A,N/A,N/A,N/A,N/A,N/A,N/A,N/A
F04-BucheRastrigin,separable,multimodal|separable|global-structure|asymmetric,MOS,0.363,6.0517e-02,0.0000e+00,90%,85%,80%,75%,70%,70%,70%,1257,746,2923,0.1492,0.75,0.75,1,0.85,0.75,85%,75%,N/A,N/A,N/A,N/A,N/A,N/A,N/A,N/A,N/A,N/A,N/A,N/A,N/A,N/A,N/A,N/A,N/A,N/A,N/A,N/A,N/A,N/A,N/A,N/A,N/A
F04-BucheRastrigin,separable,multimodal|separable|global-structure|asymmetric,UMOEA-II,1.108,0.0000e+00,0.0000e+00,100%,100%,100%,100%,100%,100%,100%,2025,2018,2025,0.1074,1.00,1.00,1,1.00,1.00,100%,100%,N/A,N/A,N/A,N/A,N/A,N/A,N/A,N/A,N/A,N/A,N/A,N/A,N/A,N/A,N/A,N/A,N/A,N/A,N/A,N/A,N/A,N/A,N/A,N/A,N/A
F04-BucheRastrigin,separable,multimodal|separable|global-structure|asymmetric,EBOwithCMAR,0.300,0.0000e+00,0.0000e+00,100%,100%,100%,100%,100%,100%,100%,2219,2238,2219,0.0997,1.00,1.00,1,1.00,1.00,100%,100%,N/A,N/A,N/A,N/A,N/A,N/A,N/A,N/A,N/A,N/A,N/A,N/A,N/A,N/A,N/A,N/A,N/A,N/A,N/A,N/A,N/A,N/A,N/A,N/A,N/A
F04-BucheRastrigin,separable,multimodal|separable|global-structure|asymmetric,HMHH,0.256,5.4693e-08,3.3716e-09,100%,100%,100%,100%,100%,80%,25%,3106,3077,3106,0.0583,1.00,1.00,1,1.00,1.00,100%,100%,N/A,N/A,N/A,N/A,N/A,N/A,N/A,N/A,N/A,N/A,N/A,N/A,N/A,N/A,N/A,N/A,N/A,N/A,N/A,N/A,N/A,N/A,N/A,N/A,N/A
F04-BucheRastrigin,separable,multimodal|separable|global-structure|asymmetric,HMHH-random,0.210,4.4799e-10,5.1443e-12,100%,100%,100%,100%,100%,100%,80%,2406,2414,2406,0.0840,1.00,1.00,1,1.00,1.00,100%,100%,N/A,N/A,N/A,N/A,N/A,N/A,N/A,N/A,N/A,N/A,N/A,N/A,N/A,N/A,N/A,N/A,N/A,N/A,N/A,N/A,N/A,N/A,N/A,N/A,N/A
F04-BucheRastrigin,separable,multimodal|separable|global-structure|asymmetric,PS-CMA-ES,0.154,4.3646e-01,5.8201e-02,55%,45%,30%,20%,5%,0%,0%,4517,4476,24517,0.0067,0.20,0.20,1,0.45,0.20,45%,20%,N/A,N/A,N/A,N/A,N/A,N/A,N/A,N/A,N/A,N/A,N/A,N/A,N/A,N/A,N/A,N/A,N/A,N/A,N/A,N/A,N/A,N/A,N/A,N/A,N/A
F04-BucheRastrigin,separable,multimodal|separable|global-structure|asymmetric,DEPSO,0.118,0.0000e+00,0.0000e+00,100%,100%,100%,100%,100%,100%,100%,1750,1844,1750,0.1291,1.00,1.00,1,1.00,1.00,100%,100%,N/A,N/A,N/A,N/A,N/A,N/A,N/A,N/A,N/A,N/A,N/A,N/A,N/A,N/A,N/A,N/A,N/A,N/A,N/A,N/A,N/A,N/A,N/A,N/A,N/A
F04-BucheRastrigin,separable,multimodal|separable|global-structure|asymmetric,jSO,0.231,0.0000e+00,0.0000e+00,100%,100%,100%,100%,100%,100%,100%,2247,2257,2247,0.1016,1.00,1.00,1,1.00,1.00,100%,100%,N/A,N/A,N/A,N/A,N/A,N/A,N/A,N/A,N/A,N/A,N/A,N/A,N/A,N/A,N/A,N/A,N/A,N/A,N/A,N/A,N/A,N/A,N/A,N/A,N/A
F04-BucheRastrigin,separable,multimodal|separable|global-structure|asymmetric,L-SRTDE,0.258,4.9360e-01,4.5870e-01,50%,50%,50%,50%,50%,50%,50%,1262,1244,6262,0.0843,0.50,0.50,1,0.50,0.50,50%,50%,N/A,N/A,N/A,N/A,N/A,N/A,N/A,N/A,N/A,N/A,N/A,N/A,N/A,N/A,N/A,N/A,N/A,N/A,N/A,N/A,N/A,N/A,N/A,N/A,N/A
F04-BucheRastrigin,separable,multimodal|separable|global-structure|asymmetric,IMODE,0.277,0.0000e+00,0.0000e+00,100%,100%,100%,100%,100%,100%,100%,1694,1733,1694,0.1309,1.00,1.00,1,1.00,1.00,100%,100%,N/A,N/A,N/A,N/A,N/A,N/A,N/A,N/A,N/A,N/A,N/A,N/A,N/A,N/A,N/A,N/A,N/A,N/A,N/A,N/A,N/A,N/A,N/A,N/A,N/A
F04-BucheRastrigin,separable,multimodal|separable|global-structure|asymmetric,ELSHADE-SPACMA,0.275,4.9748e-02,0.0000e+00,95%,95%,95%,95%,95%,95%,95%,1629,1629,1892,0.1275,0.95,0.95,1,0.95,0.95,95%,95%,N/A,N/A,N/A,N/A,N/A,N/A,N/A,N/A,N/A,N/A,N/A,N/A,N/A,N/A,N/A,N/A,N/A,N/A,N/A,N/A,N/A,N/A,N/A,N/A,N/A
F04-BucheRastrigin,separable,multimodal|separable|global-structure|asymmetric,APGSK-IMODE,0.221,8.5265e-15,0.0000e+00,100%,100%,100%,100%,100%,100%,100%,2811,2843,2811,0.0753,1.00,1.00,1,1.00,1.00,100%,100%,N/A,N/A,N/A,N/A,N/A,N/A,N/A,N/A,N/A,N/A,N/A,N/A,N/A,N/A,N/A,N/A,N/A,N/A,N/A,N/A,N/A,N/A,N/A,N/A,N/A
F04-BucheRastrigin,separable,multimodal|separable|global-structure|asymmetric,SPS-L-SHADE-EIG,0.284,0.0000e+00,0.0000e+00,100%,100%,100%,100%,100%,100%,100%,2057,2052,2057,0.1080,1.00,1.00,1,1.00,1.00,100%,100%,N/A,N/A,N/A,N/A,N/A,N/A,N/A,N/A,N/A,N/A,N/A,N/A,N/A,N/A,N/A,N/A,N/A,N/A,N/A,N/A,N/A,N/A,N/A,N/A,N/A
F04-BucheRastrigin,separable,multimodal|separable|global-structure|asymmetric,CoBiDE,0.155,2.8066e-07,5.6101e-08,100%,100%,100%,100%,100%,70%,5%,3682,3642,3682,0.0419,1.00,1.00,1,1.00,1.00,100%,100%,N/A,N/A,N/A,N/A,N/A,N/A,N/A,N/A,N/A,N/A,N/A,N/A,N/A,N/A,N/A,N/A,N/A,N/A,N/A,N/A,N/A,N/A,N/A,N/A,N/A
F04-BucheRastrigin,separable,multimodal|separable|global-structure|asymmetric,LSHADE-cnEpSin,2.016,0.0000e+00,0.0000e+00,100%,100%,100%,100%,100%,100%,100%,2591,2565,2591,0.0884,1.00,1.00,1,1.00,1.00,100%,100%,N/A,N/A,N/A,N/A,N/A,N/A,N/A,N/A,N/A,N/A,N/A,N/A,N/A,N/A,N/A,N/A,N/A,N/A,N/A,N/A,N/A,N/A,N/A,N/A,N/A
F04-BucheRastrigin,separable,multimodal|separable|global-structure|asymmetric,CMA-ES,3.572,2.6366e+00,3.9798e+00,15%,15%,15%,15%,15%,15%,15%,844,989,29178,0.0327,0.15,0.15,1,0.15,0.15,15%,15%,N/A,N/A,N/A,N/A,N/A,N/A,N/A,N/A,N/A,N/A,N/A,N/A,N/A,N/A,N/A,N/A,N/A,N/A,N/A,N/A,N/A,N/A,N/A,N/A,N/A
F04-BucheRastrigin,separable,multimodal|separable|global-structure|asymmetric,IPOP-CMA-ES,0.487,6.8806e-01,9.2485e-01,25%,25%,20%,20%,20%,20%,20%,974,726,20974,0.0464,0.20,0.20,1,0.25,0.20,25%,20%,N/A,N/A,N/A,N/A,N/A,N/A,N/A,N/A,N/A,N/A,N/A,N/A,N/A,N/A,N/A,N/A,N/A,N/A,N/A,N/A,N/A,N/A,N/A,N/A,N/A
F04-BucheRastrigin,separable,multimodal|separable|global-structure|asymmetric,BIPOP-CMA-ES,0.518,8.6962e-01,9.9496e-01,20%,20%,20%,20%,20%,20%,20%,1324,596,21324,0.0445,0.20,0.20,1,0.20,0.20,20%,20%,N/A,N/A,N/A,N/A,N/A,N/A,N/A,N/A,N/A,N/A,N/A,N/A,N/A,N/A,N/A,N/A,N/A,N/A,N/A,N/A,N/A,N/A,N/A,N/A,N/A
F04-BucheRastrigin,separable,multimodal|separable|global-structure|asymmetric,PSO,0.037,1.4924e-01,3.1264e-12,85%,85%,85%,85%,85%,80%,65%,2294,2165,3176,0.0816,0.85,0.85,1,0.85,0.85,85%,85%,N/A,N/A,N/A,N/A,N/A,N/A,N/A,N/A,N/A,N/A,N/A,N/A,N/A,N/A,N/A,N/A,N/A,N/A,N/A,N/A,N/A,N/A,N/A,N/A,N/A
F04-BucheRastrigin,separable,multimodal|separable|global-structure|asymmetric,DE,0.214,9.9496e-02,0.0000e+00,90%,90%,90%,90%,90%,90%,90%,1817,1844,2372,0.1068,0.90,0.90,1,0.90,0.90,90%,90%,N/A,N/A,N/A,N/A,N/A,N/A,N/A,N/A,N/A,N/A,N/A,N/A,N/A,N/A,N/A,N/A,N/A,N/A,N/A,N/A,N/A,N/A,N/A,N/A,N/A
F04-BucheRastrigin,separable,multimodal|separable|global-structure|asymmetric,L-SHADE,0.282,0.0000e+00,0.0000e+00,100%,100%,100%,100%,100%,100%,100%,2341,2307,2341,0.0981,1.00,1.00,1,1.00,1.00,100%,100%,N/A,N/A,N/A,N/A,N/A,N/A,N/A,N/A,N/A,N/A,N/A,N/A,N/A,N/A,N/A,N/A,N/A,N/A,N/A,N/A,N/A,N/A,N/A,N/A,N/A
F04-BucheRastrigin,separable,multimodal|separable|global-structure|asymmetric,SaVOA,0.097,9.9496e-01,4.9748e-01,50%,50%,50%,50%,50%,50%,45%,1941,1598,6941,0.0666,0.50,0.50,1,0.50,0.50,50%,50%,N/A,N/A,N/A,N/A,N/A,N/A,N/A,N/A,N/A,N/A,N/A,N/A,N/A,N/A,N/A,N/A,N/A,N/A,N/A,N/A,N/A,N/A,N/A,N/A,N/A
F04-BucheRastrigin,separable,multimodal|separable|global-structure|asymmetric,NM-Restart,0.178,3.4326e+00,1.9899e+00,15%,15%,15%,15%,15%,15%,15%,2570,3101,30903,0.0258,0.15,0.15,1,0.15,0.15,15%,15%,N/A,N/A,N/A,N/A,N/A,N/A,N/A,N/A,N/A,N/A,N/A,N/A,N/A,N/A,N/A,N/A,N/A,N/A,N/A,N/A,N/A,N/A,N/A,N/A,N/A
F04-BucheRastrigin,separable,multimodal|separable|global-structure|asymmetric,MC-ESO,1.092,4.6253e-08,0.0000e+00,100%,100%,100%,100%,100%,95%,95%,1984,1948,1984,0.1174,1.00,1.00,1,1.00,1.00,100%,100%,N/A,N/A,N/A,N/A,N/A,N/A,N/A,N/A,N/A,N/A,N/A,N/A,N/A,N/A,N/A,N/A,N/A,N/A,N/A,N/A,N/A,N/A,N/A,N/A,N/A
F07-StepEllipsoidal,moderate-cond,unimodal|non-separable|plateau|moderate-cond,EA4eig,0.277,0.0000e+00,0.0000e+00,100%,100%,100%,100%,100%,100%,100%,931,701,931,0.2558,1.00,1.00,1,1.00,1.00,100%,100%,N/A,N/A,N/A,N/A,N/A,N/A,N/A,N/A,N/A,N/A,N/A,N/A,N/A,N/A,N/A,N/A,N/A,N/A,N/A,N/A,N/A,N/A,N/A,N/A,N/A
F07-StepEllipsoidal,moderate-cond,unimodal|non-separable|plateau|moderate-cond,EA4eig-jSO-IDEbd,0.271,0.0000e+00,0.0000e+00,100%,100%,100%,100%,100%,100%,100%,1000,954,1000,0.2409,1.00,1.00,1,1.00,1.00,100%,100%,N/A,N/A,N/A,N/A,N/A,N/A,N/A,N/A,N/A,N/A,N/A,N/A,N/A,N/A,N/A,N/A,N/A,N/A,N/A,N/A,N/A,N/A,N/A,N/A,N/A
F07-StepEllipsoidal,moderate-cond,unimodal|non-separable|plateau|moderate-cond,EA4eig-Simpl,0.195,0.0000e+00,0.0000e+00,100%,100%,100%,100%,100%,100%,100%,832,880,832,0.2596,1.00,1.00,1,1.00,1.00,100%,100%,N/A,N/A,N/A,N/A,N/A,N/A,N/A,N/A,N/A,N/A,N/A,N/A,N/A,N/A,N/A,N/A,N/A,N/A,N/A,N/A,N/A,N/A,N/A,N/A,N/A
F07-StepEllipsoidal,moderate-cond,unimodal|non-separable|plateau|moderate-cond,LSHADE-SPACMA,0.196,0.0000e+00,0.0000e+00,100%,100%,100%,100%,100%,100%,100%,295,330,295,0.3695,1.00,1.00,1,1.00,1.00,100%,100%,N/A,N/A,N/A,N/A,N/A,N/A,N/A,N/A,N/A,N/A,N/A,N/A,N/A,N/A,N/A,N/A,N/A,N/A,N/A,N/A,N/A,N/A,N/A,N/A,N/A
F07-StepEllipsoidal,moderate-cond,unimodal|non-separable|plateau|moderate-cond,AMALGAM-SO,0.360,0.0000e+00,0.0000e+00,100%,100%,100%,100%,100%,100%,100%,162,141,162,0.4253,1.00,1.00,1,1.00,1.00,100%,100%,N/A,N/A,N/A,N/A,N/A,N/A,N/A,N/A,N/A,N/A,N/A,N/A,N/A,N/A,N/A,N/A,N/A,N/A,N/A,N/A,N/A,N/A,N/A,N/A,N/A
F07-StepEllipsoidal,moderate-cond,unimodal|non-separable|plateau|moderate-cond,AMALGAM-SO-DE,0.412,0.0000e+00,0.0000e+00,100%,100%,100%,100%,100%,100%,100%,158,142,158,0.4302,1.00,1.00,1,1.00,1.00,100%,100%,N/A,N/A,N/A,N/A,N/A,N/A,N/A,N/A,N/A,N/A,N/A,N/A,N/A,N/A,N/A,N/A,N/A,N/A,N/A,N/A,N/A,N/A,N/A,N/A,N/A
F07-StepEllipsoidal,moderate-cond,unimodal|non-separable|plateau|moderate-cond,HSES,0.017,0.0000e+00,0.0000e+00,100%,100%,100%,100%,100%,100%,100%,1369,1434,1369,0.2103,1.00,1.00,1,1.00,1.00,100%,100%,N/A,N/A,N/A,N/A,N/A,N/A,N/A,N/A,N/A,N/A,N/A,N/A,N/A,N/A,N/A,N/A,N/A,N/A,N/A,N/A,N/A,N/A,N/A,N/A,N/A
F07-StepEllipsoidal,moderate-cond,unimodal|non-separable|plateau|moderate-cond,ICMAES-ILS,0.374,0.0000e+00,0.0000e+00,100%,100%,100%,100%,100%,100%,100%,203,158,203,0.4016,1.00,1.00,1,1.00,1.00,100%,100%,N/A,N/A,N/A,N/A,N/A,N/A,N/A,N/A,N/A,N/A,N/A,N/A,N/A,N/A,N/A,N/A,N/A,N/A,N/A,N/A,N/A,N/A,N/A,N/A,N/A
F07-StepEllipsoidal,moderate-cond,unimodal|non-separable|plateau|moderate-cond,MOS,0.319,0.0000e+00,0.0000e+00,100%,100%,100%,100%,100%,100%,100%,309,328,309,0.3484,1.00,1.00,1,1.00,1.00,100%,100%,N/A,N/A,N/A,N/A,N/A,N/A,N/A,N/A,N/A,N/A,N/A,N/A,N/A,N/A,N/A,N/A,N/A,N/A,N/A,N/A,N/A,N/A,N/A,N/A,N/A
F07-StepEllipsoidal,moderate-cond,unimodal|non-separable|plateau|moderate-cond,UMOEA-II,0.772,0.0000e+00,0.0000e+00,100%,100%,100%,100%,100%,100%,100%,759,798,759,0.2687,1.00,1.00,1,1.00,1.00,100%,100%,N/A,N/A,N/A,N/A,N/A,N/A,N/A,N/A,N/A,N/A,N/A,N/A,N/A,N/A,N/A,N/A,N/A,N/A,N/A,N/A,N/A,N/A,N/A,N/A,N/A
F07-StepEllipsoidal,moderate-cond,unimodal|non-separable|plateau|moderate-cond,EBOwithCMAR,0.265,0.0000e+00,0.0000e+00,100%,100%,100%,100%,100%,100%,100%,706,732,706,0.2728,1.00,1.00,1,1.00,1.00,100%,100%,N/A,N/A,N/A,N/A,N/A,N/A,N/A,N/A,N/A,N/A,N/A,N/A,N/A,N/A,N/A,N/A,N/A,N/A,N/A,N/A,N/A,N/A,N/A,N/A,N/A
F07-StepEllipsoidal,moderate-cond,unimodal|non-separable|plateau|moderate-cond,HMHH,0.230,0.0000e+00,0.0000e+00,100%,100%,100%,100%,100%,100%,100%,1030,1032,1030,0.2129,1.00,1.00,1,1.00,1.00,100%,100%,N/A,N/A,N/A,N/A,N/A,N/A,N/A,N/A,N/A,N/A,N/A,N/A,N/A,N/A,N/A,N/A,N/A,N/A,N/A,N/A,N/A,N/A,N/A,N/A,N/A
F07-StepEllipsoidal,moderate-cond,unimodal|non-separable|plateau|moderate-cond,HMHH-random,0.252,0.0000e+00,0.0000e+00,100%,100%,100%,100%,100%,100%,100%,868,790,868,0.2285,1.00,1.00,1,1.00,1.00,100%,100%,N/A,N/A,N/A,N/A,N/A,N/A,N/A,N/A,N/A,N/A,N/A,N/A,N/A,N/A,N/A,N/A,N/A,N/A,N/A,N/A,N/A,N/A,N/A,N/A,N/A
F07-StepEllipsoidal,moderate-cond,unimodal|non-separable|plateau|moderate-cond,PS-CMA-ES,0.142,0.0000e+00,0.0000e+00,100%,100%,100%,100%,100%,100%,100%,1478,1510,1478,0.1734,1.00,1.00,1,1.00,1.00,100%,100%,N/A,N/A,N/A,N/A,N/A,N/A,N/A,N/A,N/A,N/A,N/A,N/A,N/A,N/A,N/A,N/A,N/A,N/A,N/A,N/A,N/A,N/A,N/A,N/A,N/A
F07-StepEllipsoidal,moderate-cond,unimodal|non-separable|plateau|moderate-cond,DEPSO,0.105,0.0000e+00,0.0000e+00,100%,100%,100%,100%,100%,100%,100%,727,648,727,0.2870,1.00,1.00,1,1.00,1.00,100%,100%,N/A,N/A,N/A,N/A,N/A,N/A,N/A,N/A,N/A,N/A,N/A,N/A,N/A,N/A,N/A,N/A,N/A,N/A,N/A,N/A,N/A,N/A,N/A,N/A,N/A
F07-StepEllipsoidal,moderate-cond,unimodal|non-separable|plateau|moderate-cond,jSO,0.195,0.0000e+00,0.0000e+00,100%,100%,100%,100%,100%,100%,100%,492,530,492,0.3121,1.00,1.00,1,1.00,1.00,100%,100%,N/A,N/A,N/A,N/A,N/A,N/A,N/A,N/A,N/A,N/A,N/A,N/A,N/A,N/A,N/A,N/A,N/A,N/A,N/A,N/A,N/A,N/A,N/A,N/A,N/A
F07-StepEllipsoidal,moderate-cond,unimodal|non-separable|plateau|moderate-cond,L-SRTDE,0.220,0.0000e+00,0.0000e+00,100%,100%,100%,100%,100%,100%,100%,310,328,310,0.3567,1.00,1.00,1,1.00,1.00,100%,100%,N/A,N/A,N/A,N/A,N/A,N/A,N/A,N/A,N/A,N/A,N/A,N/A,N/A,N/A,N/A,N/A,N/A,N/A,N/A,N/A,N/A,N/A,N/A,N/A,N/A
F07-StepEllipsoidal,moderate-cond,unimodal|non-separable|plateau|moderate-cond,IMODE,0.231,0.0000e+00,0.0000e+00,100%,100%,100%,100%,100%,100%,100%,644,662,644,0.2962,1.00,1.00,1,1.00,1.00,100%,100%,N/A,N/A,N/A,N/A,N/A,N/A,N/A,N/A,N/A,N/A,N/A,N/A,N/A,N/A,N/A,N/A,N/A,N/A,N/A,N/A,N/A,N/A,N/A,N/A,N/A
F07-StepEllipsoidal,moderate-cond,unimodal|non-separable|plateau|moderate-cond,ELSHADE-SPACMA,0.200,0.0000e+00,0.0000e+00,100%,100%,100%,100%,100%,100%,100%,425,453,425,0.3357,1.00,1.00,1,1.00,1.00,100%,100%,N/A,N/A,N/A,N/A,N/A,N/A,N/A,N/A,N/A,N/A,N/A,N/A,N/A,N/A,N/A,N/A,N/A,N/A,N/A,N/A,N/A,N/A,N/A,N/A,N/A
F07-StepEllipsoidal,moderate-cond,unimodal|non-separable|plateau|moderate-cond,APGSK-IMODE,0.151,0.0000e+00,0.0000e+00,100%,100%,100%,100%,100%,100%,100%,1010,1065,1010,0.2396,1.00,1.00,1,1.00,1.00,100%,100%,N/A,N/A,N/A,N/A,N/A,N/A,N/A,N/A,N/A,N/A,N/A,N/A,N/A,N/A,N/A,N/A,N/A,N/A,N/A,N/A,N/A,N/A,N/A,N/A,N/A
F07-StepEllipsoidal,moderate-cond,unimodal|non-separable|plateau|moderate-cond,SPS-L-SHADE-EIG,0.202,0.0000e+00,0.0000e+00,100%,100%,100%,100%,100%,100%,100%,686,720,686,0.2781,1.00,1.00,1,1.00,1.00,100%,100%,N/A,N/A,N/A,N/A,N/A,N/A,N/A,N/A,N/A,N/A,N/A,N/A,N/A,N/A,N/A,N/A,N/A,N/A,N/A,N/A,N/A,N/A,N/A,N/A,N/A
F07-StepEllipsoidal,moderate-cond,unimodal|non-separable|plateau|moderate-cond,CoBiDE,0.165,0.0000e+00,0.0000e+00,100%,100%,100%,100%,100%,100%,100%,1188,1126,1188,0.2162,1.00,1.00,1,1.00,1.00,100%,100%,N/A,N/A,N/A,N/A,N/A,N/A,N/A,N/A,N/A,N/A,N/A,N/A,N/A,N/A,N/A,N/A,N/A,N/A,N/A,N/A,N/A,N/A,N/A,N/A,N/A
F07-StepEllipsoidal,moderate-cond,unimodal|non-separable|plateau|moderate-cond,LSHADE-cnEpSin,2.029,0.0000e+00,0.0000e+00,100%,100%,100%,100%,100%,100%,100%,480,513,480,0.3224,1.00,1.00,1,1.00,1.00,100%,100%,N/A,N/A,N/A,N/A,N/A,N/A,N/A,N/A,N/A,N/A,N/A,N/A,N/A,N/A,N/A,N/A,N/A,N/A,N/A,N/A,N/A,N/A,N/A,N/A,N/A
F07-StepEllipsoidal,moderate-cond,unimodal|non-separable|plateau|moderate-cond,CMA-ES,4.450,2.8076e-01,0.0000e+00,70%,70%,60%,60%,60%,60%,60%,150,144,3484,0.2694,0.60,0.60,1,0.70,0.60,70%,60%,N/A,N/A,N/A,N/A,N/A,N/A,N/A,N/A,N/A,N/A,N/A,N/A,N/A,N/A,N/A,N/A,N/A,N/A,N/A,N/A,N/A,N/A,N/A,N/A,N/A
F07-StepEllipsoidal,moderate-cond,unimodal|non-separable|plateau|moderate-cond,IPOP-CMA-ES,0.340,0.0000e+00,0.0000e+00,100%,100%,100%,100%,100%,100%,100%,216,179,216,0.4000,1.00,1.00,1,1.00,1.00,100%,100%,N/A,N/A,N/A,N/A,N/A,N/A,N/A,N/A,N/A,N/A,N/A,N/A,N/A,N/A,N/A,N/A,N/A,N/A,N/A,N/A,N/A,N/A,N/A,N/A,N/A
F07-StepEllipsoidal,moderate-cond,unimodal|non-separable|plateau|moderate-cond,BIPOP-CMA-ES,0.382,0.0000e+00,0.0000e+00,100%,100%,100%,100%,100%,100%,100%,285,179,285,0.3851,1.00,1.00,1,1.00,1.00,100%,100%,N/A,N/A,N/A,N/A,N/A,N/A,N/A,N/A,N/A,N/A,N/A,N/A,N/A,N/A,N/A,N/A,N/A,N/A,N/A,N/A,N/A,N/A,N/A,N/A,N/A
F07-StepEllipsoidal,moderate-cond,unimodal|non-separable|plateau|moderate-cond,PSO,0.013,0.0000e+00,0.0000e+00,100%,100%,100%,100%,100%,100%,100%,488,400,488,0.3321,1.00,1.00,1,1.00,1.00,100%,100%,N/A,N/A,N/A,N/A,N/A,N/A,N/A,N/A,N/A,N/A,N/A,N/A,N/A,N/A,N/A,N/A,N/A,N/A,N/A,N/A,N/A,N/A,N/A,N/A,N/A
F07-StepEllipsoidal,moderate-cond,unimodal|non-separable|plateau|moderate-cond,DE,0.198,0.0000e+00,0.0000e+00,100%,100%,100%,100%,100%,100%,100%,471,518,471,0.3146,1.00,1.00,1,1.00,1.00,100%,100%,N/A,N/A,N/A,N/A,N/A,N/A,N/A,N/A,N/A,N/A,N/A,N/A,N/A,N/A,N/A,N/A,N/A,N/A,N/A,N/A,N/A,N/A,N/A,N/A,N/A
F07-StepEllipsoidal,moderate-cond,unimodal|non-separable|plateau|moderate-cond,L-SHADE,0.235,0.0000e+00,0.0000e+00,100%,100%,100%,100%,100%,100%,100%,888,928,888,0.2542,1.00,1.00,1,1.00,1.00,100%,100%,N/A,N/A,N/A,N/A,N/A,N/A,N/A,N/A,N/A,N/A,N/A,N/A,N/A,N/A,N/A,N/A,N/A,N/A,N/A,N/A,N/A,N/A,N/A,N/A,N/A
F07-StepEllipsoidal,moderate-cond,unimodal|non-separable|plateau|moderate-cond,SaVOA,0.071,0.0000e+00,0.0000e+00,100%,100%,100%,100%,100%,100%,100%,434,364,434,0.3337,1.00,1.00,1,1.00,1.00,100%,100%,N/A,N/A,N/A,N/A,N/A,N/A,N/A,N/A,N/A,N/A,N/A,N/A,N/A,N/A,N/A,N/A,N/A,N/A,N/A,N/A,N/A,N/A,N/A,N/A,N/A
F07-StepEllipsoidal,moderate-cond,unimodal|non-separable|plateau|moderate-cond,NM-Restart,0.126,2.0234e+00,1.6835e+00,15%,5%,5%,5%,5%,5%,5%,2306,2306,97306,0.0085,0.05,0.05,1,0.05,0.05,5%,5%,N/A,N/A,N/A,N/A,N/A,N/A,N/A,N/A,N/A,N/A,N/A,N/A,N/A,N/A,N/A,N/A,N/A,N/A,N/A,N/A,N/A,N/A,N/A,N/A,N/A
F07-StepEllipsoidal,moderate-cond,unimodal|non-separable|plateau|moderate-cond,MC-ESO,1.065,0.0000e+00,0.0000e+00,100%,100%,100%,100%,100%,100%,100%,196,165,196,0.4229,1.00,1.00,1,1.00,1.00,100%,100%,N/A,N/A,N/A,N/A,N/A,N/A,N/A,N/A,N/A,N/A,N/A,N/A,N/A,N/A,N/A,N/A,N/A,N/A,N/A,N/A,N/A,N/A,N/A,N/A,N/A
F11-Discus,ill-cond,unimodal|non-separable|ill-conditioned,EA4eig,0.233,0.0000e+00,0.0000e+00,100%,100%,100%,100%,100%,100%,100%,2209,2560,2209,0.1070,1.00,1.00,1,1.00,1.00,100%,100%,N/A,N/A,N/A,N/A,N/A,N/A,N/A,N/A,N/A,N/A,N/A,N/A,N/A,N/A,N/A,N/A,N/A,N/A,N/A,N/A,N/A,N/A,N/A,N/A,N/A
F11-Discus,ill-cond,unimodal|non-separable|ill-conditioned,EA4eig-jSO-IDEbd,0.259,2.1316e-14,0.0000e+00,100%,100%,100%,100%,100%,100%,100%,2651,2599,2651,0.0805,1.00,1.00,1,1.00,1.00,100%,100%,N/A,N/A,N/A,N/A,N/A,N/A,N/A,N/A,N/A,N/A,N/A,N/A,N/A,N/A,N/A,N/A,N/A,N/A,N/A,N/A,N/A,N/A,N/A,N/A,N/A
F11-Discus,ill-cond,unimodal|non-separable|ill-conditioned,EA4eig-Simpl,0.194,0.0000e+00,0.0000e+00,100%,100%,100%,100%,100%,100%,100%,2133,2162,2133,0.1025,1.00,1.00,1,1.00,1.00,100%,100%,N/A,N/A,N/A,N/A,N/A,N/A,N/A,N/A,N/A,N/A,N/A,N/A,N/A,N/A,N/A,N/A,N/A,N/A,N/A,N/A,N/A,N/A,N/A,N/A,N/A
F11-Discus,ill-cond,unimodal|non-separable|ill-conditioned,LSHADE-SPACMA,0.215,0.0000e+00,0.0000e+00,100%,100%,100%,100%,100%,100%,100%,986,972,986,0.1903,1.00,1.00,1,1.00,1.00,100%,100%,N/A,N/A,N/A,N/A,N/A,N/A,N/A,N/A,N/A,N/A,N/A,N/A,N/A,N/A,N/A,N/A,N/A,N/A,N/A,N/A,N/A,N/A,N/A,N/A,N/A
F11-Discus,ill-cond,unimodal|non-separable|ill-conditioned,AMALGAM-SO,0.323,0.0000e+00,0.0000e+00,100%,100%,100%,100%,100%,100%,100%,642,649,642,0.2410,1.00,1.00,1,1.00,1.00,100%,100%,N/A,N/A,N/A,N/A,N/A,N/A,N/A,N/A,N/A,N/A,N/A,N/A,N/A,N/A,N/A,N/A,N/A,N/A,N/A,N/A,N/A,N/A,N/A,N/A,N/A
F11-Discus,ill-cond,unimodal|non-separable|ill-conditioned,AMALGAM-SO-DE,0.337,0.0000e+00,0.0000e+00,100%,100%,100%,100%,100%,100%,100%,626,598,626,0.2455,1.00,1.00,1,1.00,1.00,100%,100%,N/A,N/A,N/A,N/A,N/A,N/A,N/A,N/A,N/A,N/A,N/A,N/A,N/A,N/A,N/A,N/A,N/A,N/A,N/A,N/A,N/A,N/A,N/A,N/A,N/A
F11-Discus,ill-cond,unimodal|non-separable|ill-conditioned,HSES,0.021,2.2257e-01,1.8689e-01,40%,10%,0%,0%,0%,0%,0%,inf,inf,inf,0.0065,0.00,0.00,1,0.10,0.00,10%,0%,N/A,N/A,N/A,N/A,N/A,N/A,N/A,N/A,N/A,N/A,N/A,N/A,N/A,N/A,N/A,N/A,N/A,N/A,N/A,N/A,N/A,N/A,N/A,N/A,N/A
F11-Discus,ill-cond,unimodal|non-separable|ill-conditioned,ICMAES-ILS,0.619,1.5910e+00,0.0000e+00,85%,85%,85%,85%,85%,85%,85%,824,387,1706,0.2045,0.85,0.85,1,0.85,0.85,85%,85%,N/A,N/A,N/A,N/A,N/A,N/A,N/A,N/A,N/A,N/A,N/A,N/A,N/A,N/A,N/A,N/A,N/A,N/A,N/A,N/A,N/A,N/A,N/A,N/A,N/A
F11-Discus,ill-cond,unimodal|non-separable|ill-conditioned,MOS,0.311,0.0000e+00,0.0000e+00,100%,100%,100%,100%,100%,100%,100%,917,831,917,0.2049,1.00,1.00,1,1.00,1.00,100%,100%,N/A,N/A,N/A,N/A,N/A,N/A,N/A,N/A,N/A,N/A,N/A,N/A,N/A,N/A,N/A,N/A,N/A,N/A,N/A,N/A,N/A,N/A,N/A,N/A,N/A
F11-Discus,ill-cond,unimodal|non-separable|ill-conditioned,UMOEA-II,1.066,0.0000e+00,0.0000e+00,100%,100%,100%,100%,100%,100%,100%,1924,1913,1924,0.1228,1.00,1.00,1,1.00,1.00,100%,100%,N/A,N/A,N/A,N/A,N/A,N/A,N/A,N/A,N/A,N/A,N/A,N/A,N/A,N/A,N/A,N/A,N/A,N/A,N/A,N/A,N/A,N/A,N/A,N/A,N/A
F11-Discus,ill-cond,unimodal|non-separable|ill-conditioned,EBOwithCMAR,0.314,0.0000e+00,0.0000e+00,100%,100%,100%,100%,100%,100%,100%,1643,1652,1643,0.1326,1.00,1.00,1,1.00,1.00,100%,100%,N/A,N/A,N/A,N/A,N/A,N/A,N/A,N/A,N/A,N/A,N/A,N/A,N/A,N/A,N/A,N/A,N/A,N/A,N/A,N/A,N/A,N/A,N/A,N/A,N/A
F11-Discus,ill-cond,unimodal|non-separable|ill-conditioned,HMHH,0.236,4.0741e-11,0.0000e+00,100%,100%,100%,100%,100%,100%,90%,3207,3214,3207,0.0550,1.00,1.00,1,1.00,1.00,100%,100%,N/A,N/A,N/A,N/A,N/A,N/A,N/A,N/A,N/A,N/A,N/A,N/A,N/A,N/A,N/A,N/A,N/A,N/A,N/A,N/A,N/A,N/A,N/A,N/A,N/A
F11-Discus,ill-cond,unimodal|non-separable|ill-conditioned,HMHH-random,0.300,1.4437e-08,2.7881e-10,100%,100%,100%,100%,100%,95%,45%,3464,3396,3464,0.0506,1.00,1.00,1,1.00,1.00,100%,100%,N/A,N/A,N/A,N/A,N/A,N/A,N/A,N/A,N/A,N/A,N/A,N/A,N/A,N/A,N/A,N/A,N/A,N/A,N/A,N/A,N/A,N/A,N/A,N/A,N/A
F11-Discus,ill-cond,unimodal|non-separable|ill-conditioned,PS-CMA-ES,0.176,1.7369e-01,1.6380e-02,70%,40%,10%,10%,0%,0%,0%,4682,4682,49682,0.0087,0.10,0.10,1,0.40,0.10,40%,10%,N/A,N/A,N/A,N/A,N/A,N/A,N/A,N/A,N/A,N/A,N/A,N/A,N/A,N/A,N/A,N/A,N/A,N/A,N/A,N/A,N/A,N/A,N/A,N/A,N/A
F11-Discus,ill-cond,unimodal|non-separable|ill-conditioned,DEPSO,0.156,1.9532e+00,4.8497e-03,95%,65%,15%,5%,0%,0%,0%,4355,4355,99355,0.0174,0.05,0.05,1,0.65,0.05,65%,5%,N/A,N/A,N/A,N/A,N/A,N/A,N/A,N/A,N/A,N/A,N/A,N/A,N/A,N/A,N/A,N/A,N/A,N/A,N/A,N/A,N/A,N/A,N/A,N/A,N/A
F11-Discus,ill-cond,unimodal|non-separable|ill-conditioned,jSO,0.248,0.0000e+00,0.0000e+00,100%,100%,100%,100%,100%,100%,100%,1086,1104,1086,0.1827,1.00,1.00,1,1.00,1.00,100%,100%,N/A,N/A,N/A,N/A,N/A,N/A,N/A,N/A,N/A,N/A,N/A,N/A,N/A,N/A,N/A,N/A,N/A,N/A,N/A,N/A,N/A,N/A,N/A,N/A,N/A
F11-Discus,ill-cond,unimodal|non-separable|ill-conditioned,L-SRTDE,0.256,0.0000e+00,0.0000e+00,100%,100%,100%,100%,100%,100%,100%,793,797,793,0.2185,1.00,1.00,1,1.00,1.00,100%,100%,N/A,N/A,N/A,N/A,N/A,N/A,N/A,N/A,N/A,N/A,N/A,N/A,N/A,N/A,N/A,N/A,N/A,N/A,N/A,N/A,N/A,N/A,N/A,N/A,N/A
F11-Discus,ill-cond,unimodal|non-separable|ill-conditioned,IMODE,0.292,0.0000e+00,0.0000e+00,100%,100%,100%,100%,100%,100%,100%,1780,1766,1780,0.1212,1.00,1.00,1,1.00,1.00,100%,100%,N/A,N/A,N/A,N/A,N/A,N/A,N/A,N/A,N/A,N/A,N/A,N/A,N/A,N/A,N/A,N/A,N/A,N/A,N/A,N/A,N/A,N/A,N/A,N/A,N/A
F11-Discus,ill-cond,unimodal|non-separable|ill-conditioned,ELSHADE-SPACMA,0.226,0.0000e+00,0.0000e+00,100%,100%,100%,100%,100%,100%,100%,1503,1501,1503,0.1418,1.00,1.00,1,1.00,1.00,100%,100%,N/A,N/A,N/A,N/A,N/A,N/A,N/A,N/A,N/A,N/A,N/A,N/A,N/A,N/A,N/A,N/A,N/A,N/A,N/A,N/A,N/A,N/A,N/A,N/A,N/A
F11-Discus,ill-cond,unimodal|non-separable|ill-conditioned,APGSK-IMODE,0.176,7.1054e-16,0.0000e+00,100%,100%,100%,100%,100%,100%,100%,2598,2570,2598,0.0799,1.00,1.00,1,1.00,1.00,100%,100%,N/A,N/A,N/A,N/A,N/A,N/A,N/A,N/A,N/A,N/A,N/A,N/A,N/A,N/A,N/A,N/A,N/A,N/A,N/A,N/A,N/A,N/A,N/A,N/A,N/A
F11-Discus,ill-cond,unimodal|non-separable|ill-conditioned,SPS-L-SHADE-EIG,0.249,0.0000e+00,0.0000e+00,100%,100%,100%,100%,100%,100%,100%,1647,1651,1647,0.1338,1.00,1.00,1,1.00,1.00,100%,100%,N/A,N/A,N/A,N/A,N/A,N/A,N/A,N/A,N/A,N/A,N/A,N/A,N/A,N/A,N/A,N/A,N/A,N/A,N/A,N/A,N/A,N/A,N/A,N/A,N/A
F11-Discus,ill-cond,unimodal|non-separable|ill-conditioned,CoBiDE,0.186,6.0314e-08,1.8543e-08,100%,100%,100%,100%,100%,85%,0%,3068,3194,3068,0.0592,1.00,1.00,1,1.00,1.00,100%,100%,N/A,N/A,N/A,N/A,N/A,N/A,N/A,N/A,N/A,N/A,N/A,N/A,N/A,N/A,N/A,N/A,N/A,N/A,N/A,N/A,N/A,N/A,N/A,N/A,N/A
F11-Discus,ill-cond,unimodal|non-separable|ill-conditioned,LSHADE-cnEpSin,2.088,0.0000e+00,0.0000e+00,100%,100%,100%,100%,100%,100%,100%,1413,1382,1413,0.1485,1.00,1.00,1,1.00,1.00,100%,100%,N/A,N/A,N/A,N/A,N/A,N/A,N/A,N/A,N/A,N/A,N/A,N/A,N/A,N/A,N/A,N/A,N/A,N/A,N/A,N/A,N/A,N/A,N/A,N/A,N/A
F11-Discus,ill-cond,unimodal|non-separable|ill-conditioned,CMA-ES,1.196,0.0000e+00,0.0000e+00,100%,100%,100%,100%,100%,100%,100%,467,394,467,0.2863,1.00,1.00,1,1.00,1.00,100%,100%,N/A,N/A,N/A,N/A,N/A,N/A,N/A,N/A,N/A,N/A,N/A,N/A,N/A,N/A,N/A,N/A,N/A,N/A,N/A,N/A,N/A,N/A,N/A,N/A,N/A
F11-Discus,ill-cond,unimodal|non-separable|ill-conditioned,IPOP-CMA-ES,0.513,0.0000e+00,0.0000e+00,100%,100%,100%,100%,100%,100%,100%,419,360,419,0.2937,1.00,1.00,1,1.00,1.00,100%,100%,N/A,N/A,N/A,N/A,N/A,N/A,N/A,N/A,N/A,N/A,N/A,N/A,N/A,N/A,N/A,N/A,N/A,N/A,N/A,N/A,N/A,N/A,N/A,N/A,N/A
F11-Discus,ill-cond,unimodal|non-separable|ill-conditioned,BIPOP-CMA-ES,0.642,0.0000e+00,0.0000e+00,100%,100%,100%,100%,100%,100%,100%,419,360,419,0.2937,1.00,1.00,1,1.00,1.00,100%,100%,N/A,N/A,N/A,N/A,N/A,N/A,N/A,N/A,N/A,N/A,N/A,N/A,N/A,N/A,N/A,N/A,N/A,N/A,N/A,N/A,N/A,N/A,N/A,N/A,N/A
F11-Discus,ill-cond,unimodal|non-separable|ill-conditioned,PSO,0.018,2.3074e+00,5.6794e-01,35%,5%,5%,0%,0%,0%,0%,inf,inf,inf,0.0081,0.00,0.00,1,0.05,0.00,5%,0%,N/A,N/A,N/A,N/A,N/A,N/A,N/A,N/A,N/A,N/A,N/A,N/A,N/A,N/A,N/A,N/A,N/A,N/A,N/A,N/A,N/A,N/A,N/A,N/A,N/A
F11-Discus,ill-cond,unimodal|non-separable|ill-conditioned,DE,0.190,1.1034e+00,0.0000e+00,90%,90%,90%,90%,90%,90%,90%,1006,1036,1562,0.1693,0.90,0.90,1,0.90,0.90,90%,90%,N/A,N/A,N/A,N/A,N/A,N/A,N/A,N/A,N/A,N/A,N/A,N/A,N/A,N/A,N/A,N/A,N/A,N/A,N/A,N/A,N/A,N/A,N/A,N/A,N/A
F11-Discus,ill-cond,unimodal|non-separable|ill-conditioned,L-SHADE,0.204,0.0000e+00,0.0000e+00,100%,100%,100%,100%,100%,100%,100%,2028,2017,2028,0.1082,1.00,1.00,1,1.00,1.00,100%,100%,N/A,N/A,N/A,N/A,N/A,N/A,N/A,N/A,N/A,N/A,N/A,N/A,N/A,N/A,N/A,N/A,N/A,N/A,N/A,N/A,N/A,N/A,N/A,N/A,N/A
F11-Discus,ill-cond,unimodal|non-separable|ill-conditioned,SaVOA,0.081,3.8219e+00,1.2441e-01,45%,25%,20%,10%,0%,0%,0%,3913,3913,48913,0.0065,0.10,0.10,1,0.25,0.10,25%,10%,N/A,N/A,N/A,N/A,N/A,N/A,N/A,N/A,N/A,N/A,N/A,N/A,N/A,N/A,N/A,N/A,N/A,N/A,N/A,N/A,N/A,N/A,N/A,N/A,N/A
F11-Discus,ill-cond,unimodal|non-separable|ill-conditioned,NM-Restart,0.138,0.0000e+00,0.0000e+00,100%,100%,100%,100%,100%,100%,100%,154,101,154,0.4321,1.00,1.00,1,1.00,1.00,100%,100%,N/A,N/A,N/A,N/A,N/A,N/A,N/A,N/A,N/A,N/A,N/A,N/A,N/A,N/A,N/A,N/A,N/A,N/A,N/A,N/A,N/A,N/A,N/A,N/A,N/A
F11-Discus,ill-cond,unimodal|non-separable|ill-conditioned,MC-ESO,1.097,0.0000e+00,0.0000e+00,100%,100%,100%,100%,100%,100%,100%,457,444,457,0.2797,1.00,1.00,1,1.00,1.00,100%,100%,N/A,N/A,N/A,N/A,N/A,N/A,N/A,N/A,N/A,N/A,N/A,N/A,N/A,N/A,N/A,N/A,N/A,N/A,N/A,N/A,N/A,N/A,N/A,N/A,N/A
F20-Schwefel,weak-structure,multimodal|separable|weak-structure|deceptive,EA4eig,0.245,0.0000e+00,0.0000e+00,100%,100%,100%,100%,100%,100%,100%,2950,2982,2950,0.0817,1.00,1.00,1,1.00,1.00,100%,100%,N/A,N/A,N/A,N/A,N/A,N/A,N/A,N/A,N/A,N/A,N/A,N/A,N/A,N/A,N/A,N/A,N/A,N/A,N/A,N/A,N/A,N/A,N/A,N/A,N/A
F20-Schwefel,weak-structure,multimodal|separable|weak-structure|deceptive,EA4eig-jSO-IDEbd,0.288,3.2950e-10,4.5475e-13,100%,100%,100%,100%,100%,100%,85%,3383,3372,3383,0.0629,1.00,1.00,1,1.00,1.00,100%,100%,N/A,N/A,N/A,N/A,N/A,N/A,N/A,N/A,N/A,N/A,N/A,N/A,N/A,N/A,N/A,N/A,N/A,N/A,N/A,N/A,N/A,N/A,N/A,N/A,N/A
F20-Schwefel,weak-structure,multimodal|separable|weak-structure|deceptive,EA4eig-Simpl,0.220,0.0000e+00,0.0000e+00,100%,100%,100%,100%,100%,100%,100%,2708,2672,2708,0.0866,1.00,1.00,1,1.00,1.00,100%,100%,N/A,N/A,N/A,N/A,N/A,N/A,N/A,N/A,N/A,N/A,N/A,N/A,N/A,N/A,N/A,N/A,N/A,N/A,N/A,N/A,N/A,N/A,N/A,N/A,N/A
F20-Schwefel,weak-structure,multimodal|separable|weak-structure|deceptive,LSHADE-SPACMA,0.221,1.7766e-01,0.0000e+00,70%,70%,70%,70%,70%,70%,70%,1063,924,3206,0.1320,0.70,0.70,1,0.70,0.70,70%,70%,N/A,N/A,N/A,N/A,N/A,N/A,N/A,N/A,N/A,N/A,N/A,N/A,N/A,N/A,N/A,N/A,N/A,N/A,N/A,N/A,N/A,N/A,N/A,N/A,N/A
F20-Schwefel,weak-structure,multimodal|separable|weak-structure|deceptive,AMALGAM-SO,0.321,2.9610e-02,0.0000e+00,95%,95%,95%,95%,95%,95%,95%,1668,1353,1931,0.1796,0.95,0.95,1,0.95,0.95,95%,95%,N/A,N/A,N/A,N/A,N/A,N/A,N/A,N/A,N/A,N/A,N/A,N/A,N/A,N/A,N/A,N/A,N/A,N/A,N/A,N/A,N/A,N/A,N/A,N/A,N/A
F20-Schwefel,weak-structure,multimodal|separable|weak-structure|deceptive,AMALGAM-SO-DE,0.316,1.0593e-04,0.0000e+00,100%,100%,95%,95%,95%,95%,95%,1058,768,1321,0.2165,0.95,0.95,1,1.00,0.95,100%,95%,N/A,N/A,N/A,N/A,N/A,N/A,N/A,N/A,N/A,N/A,N/A,N/A,N/A,N/A,N/A,N/A,N/A,N/A,N/A,N/A,N/A,N/A,N/A,N/A,N/A
F20-Schwefel,weak-structure,multimodal|separable|weak-structure|deceptive,HSES,0.016,7.7248e-02,2.7325e-06,85%,75%,75%,75%,75%,25%,0%,3803,3885,5470,0.0411,0.75,0.75,1,0.75,0.75,75%,75%,N/A,N/A,N/A,N/A,N/A,N/A,N/A,N/A,N/A,N/A,N/A,N/A,N/A,N/A,N/A,N/A,N/A,N/A,N/A,N/A,N/A,N/A,N/A,N/A,N/A
F20-Schwefel,weak-structure,multimodal|separable|weak-structure|deceptive,ICMAES-ILS,0.328,1.1717e-01,9.1050e-03,70%,50%,35%,35%,35%,30%,30%,1527,661,10813,0.0738,0.35,0.35,1,0.50,0.35,50%,35%,N/A,N/A,N/A,N/A,N/A,N/A,N/A,N/A,N/A,N/A,N/A,N/A,N/A,N/A,N/A,N/A,N/A,N/A,N/A,N/A,N/A,N/A,N/A,N/A,N/A
F20-Schwefel,weak-structure,multimodal|separable|weak-structure|deceptive,MOS,0.340,4.1607e-04,0.0000e+00,100%,100%,95%,95%,95%,90%,85%,1148,695,1411,0.1984,0.95,0.95,1,1.00,0.95,100%,95%,N/A,N/A,N/A,N/A,N/A,N/A,N/A,N/A,N/A,N/A,N/A,N/A,N/A,N/A,N/A,N/A,N/A,N/A,N/A,N/A,N/A,N/A,N/A,N/A,N/A
F20-Schwefel,weak-structure,multimodal|separable|weak-structure|deceptive,UMOEA-II,0.878,0.0000e+00,0.0000e+00,100%,100%,100%,100%,100%,100%,100%,2024,2060,2024,0.1103,1.00,1.00,1,1.00,1.00,100%,100%,N/A,N/A,N/A,N/A,N/A,N/A,N/A,N/A,N/A,N/A,N/A,N/A,N/A,N/A,N/A,N/A,N/A,N/A,N/A,N/A,N/A,N/A,N/A,N/A,N/A
F20-Schwefel,weak-structure,multimodal|separable|weak-structure|deceptive,EBOwithCMAR,0.346,0.0000e+00,0.0000e+00,100%,100%,100%,100%,100%,100%,100%,2400,2454,2400,0.1038,1.00,1.00,1,1.00,1.00,100%,100%,N/A,N/A,N/A,N/A,N/A,N/A,N/A,N/A,N/A,N/A,N/A,N/A,N/A,N/A,N/A,N/A,N/A,N/A,N/A,N/A,N/A,N/A,N/A,N/A,N/A
F20-Schwefel,weak-structure,multimodal|separable|weak-structure|deceptive,HMHH,0.299,1.1844e-01,1.9725e-11,80%,80%,80%,80%,75%,75%,60%,2486,2577,3736,0.0832,0.80,0.80,1,0.80,0.80,80%,80%,N/A,N/A,N/A,N/A,N/A,N/A,N/A,N/A,N/A,N/A,N/A,N/A,N/A,N/A,N/A,N/A,N/A,N/A,N/A,N/A,N/A,N/A,N/A,N/A,N/A
F20-Schwefel,weak-structure,multimodal|separable|weak-structure|deceptive,HMHH-random,0.212,1.1844e-01,1.7053e-13,80%,80%,80%,80%,80%,70%,60%,1962,1532,3212,0.0992,0.80,0.80,1,0.80,0.80,80%,80%,N/A,N/A,N/A,N/A,N/A,N/A,N/A,N/A,N/A,N/A,N/A,N/A,N/A,N/A,N/A,N/A,N/A,N/A,N/A,N/A,N/A,N/A,N/A,N/A,N/A
F20-Schwefel,weak-structure,multimodal|separable|weak-structure|deceptive,PS-CMA-ES,0.148,1.1296e-02,2.5551e-07,100%,75%,75%,75%,70%,45%,0%,3406,3497,5073,0.0454,0.75,0.75,1,0.75,0.75,75%,75%,N/A,N/A,N/A,N/A,N/A,N/A,N/A,N/A,N/A,N/A,N/A,N/A,N/A,N/A,N/A,N/A,N/A,N/A,N/A,N/A,N/A,N/A,N/A,N/A,N/A
F20-Schwefel,weak-structure,multimodal|separable|weak-structure|deceptive,DEPSO,0.111,1.4805e-01,5.6843e-14,75%,75%,75%,75%,75%,75%,75%,1781,1733,3448,0.0978,0.75,0.75,1,0.75,0.75,75%,75%,N/A,N/A,N/A,N/A,N/A,N/A,N/A,N/A,N/A,N/A,N/A,N/A,N/A,N/A,N/A,N/A,N/A,N/A,N/A,N/A,N/A,N/A,N/A,N/A,N/A
F20-Schwefel,weak-structure,multimodal|separable|weak-structure|deceptive,jSO,0.261,5.9219e-02,0.0000e+00,90%,90%,90%,90%,90%,90%,90%,1579,1508,2135,0.1372,0.90,0.90,1,0.90,0.90,90%,90%,N/A,N/A,N/A,N/A,N/A,N/A,N/A,N/A,N/A,N/A,N/A,N/A,N/A,N/A,N/A,N/A,N/A,N/A,N/A,N/A,N/A,N/A,N/A,N/A,N/A
F20-Schwefel,weak-structure,multimodal|separable|weak-structure|deceptive,L-SRTDE,0.241,3.2571e-01,2.9610e-01,50%,50%,50%,50%,50%,50%,50%,858,830,5858,0.1058,0.50,0.50,1,0.50,0.50,50%,50%,N/A,N/A,N/A,N/A,N/A,N/A,N/A,N/A,N/A,N/A,N/A,N/A,N/A,N/A,N/A,N/A,N/A,N/A,N/A,N/A,N/A,N/A,N/A,N/A,N/A
F20-Schwefel,weak-structure,multimodal|separable|weak-structure|deceptive,IMODE,0.250,0.0000e+00,0.0000e+00,100%,100%,100%,100%,100%,100%,100%,2061,2048,2061,0.1225,1.00,1.00,1,1.00,1.00,100%,100%,N/A,N/A,N/A,N/A,N/A,N/A,N/A,N/A,N/A,N/A,N/A,N/A,N/A,N/A,N/A,N/A,N/A,N/A,N/A,N/A,N/A,N/A,N/A,N/A,N/A
F20-Schwefel,weak-structure,multimodal|separable|weak-structure|deceptive,ELSHADE-SPACMA,0.184,5.9219e-02,0.0000e+00,90%,90%,90%,90%,90%,90%,90%,1570,1516,2126,0.1288,0.90,0.90,1,0.90,0.90,90%,90%,N/A,N/A,N/A,N/A,N/A,N/A,N/A,N/A,N/A,N/A,N/A,N/A,N/A,N/A,N/A,N/A,N/A,N/A,N/A,N/A,N/A,N/A,N/A,N/A,N/A
F20-Schwefel,weak-structure,multimodal|separable|weak-structure|deceptive,APGSK-IMODE,0.154,0.0000e+00,0.0000e+00,100%,100%,100%,100%,100%,100%,100%,2788,2883,2788,0.0835,1.00,1.00,1,1.00,1.00,100%,100%,N/A,N/A,N/A,N/A,N/A,N/A,N/A,N/A,N/A,N/A,N/A,N/A,N/A,N/A,N/A,N/A,N/A,N/A,N/A,N/A,N/A,N/A,N/A,N/A,N/A
F20-Schwefel,weak-structure,multimodal|separable|weak-structure|deceptive,SPS-L-SHADE-EIG,0.263,5.9219e-02,0.0000e+00,90%,90%,90%,90%,90%,90%,90%,2157,2080,2712,0.1050,0.90,0.90,1,0.90,0.90,90%,90%,N/A,N/A,N/A,N/A,N/A,N/A,N/A,N/A,N/A,N/A,N/A,N/A,N/A,N/A,N/A,N/A,N/A,N/A,N/A,N/A,N/A,N/A,N/A,N/A,N/A
F20-Schwefel,weak-structure,multimodal|separable|weak-structure|deceptive,CoBiDE,0.168,1.4697e-06,2.0585e-07,100%,100%,100%,100%,95%,40%,0%,3870,3952,3870,0.0462,1.00,1.00,1,1.00,1.00,100%,100%,N/A,N/A,N/A,N/A,N/A,N/A,N/A,N/A,N/A,N/A,N/A,N/A,N/A,N/A,N/A,N/A,N/A,N/A,N/A,N/A,N/A,N/A,N/A,N/A,N/A
F20-Schwefel,weak-structure,multimodal|separable|weak-structure|deceptive,LSHADE-cnEpSin,2.042,2.9610e-02,0.0000e+00,95%,95%,95%,95%,95%,95%,95%,1862,1791,2125,0.1231,0.95,0.95,1,0.95,0.95,95%,95%,N/A,N/A,N/A,N/A,N/A,N/A,N/A,N/A,N/A,N/A,N/A,N/A,N/A,N/A,N/A,N/A,N/A,N/A,N/A,N/A,N/A,N/A,N/A,N/A,N/A
F20-Schwefel,weak-structure,multimodal|separable|weak-structure|deceptive,CMA-ES,3.499,8.8336e-01,8.3895e-01,10%,10%,10%,10%,10%,10%,10%,969,969,45969,0.0190,0.10,0.10,1,0.10,0.10,10%,10%,N/A,N/A,N/A,N/A,N/A,N/A,N/A,N/A,N/A,N/A,N/A,N/A,N/A,N/A,N/A,N/A,N/A,N/A,N/A,N/A,N/A,N/A,N/A,N/A,N/A
F20-Schwefel,weak-structure,multimodal|separable|weak-structure|deceptive,IPOP-CMA-ES,0.283,5.4790e-02,0.0000e+00,90%,80%,75%,75%,75%,70%,65%,2401,2105,4068,0.0816,0.75,0.75,1,0.80,0.75,80%,75%,N/A,N/A,N/A,N/A,N/A,N/A,N/A,N/A,N/A,N/A,N/A,N/A,N/A,N/A,N/A,N/A,N/A,N/A,N/A,N/A,N/A,N/A,N/A,N/A,N/A
F20-Schwefel,weak-structure,multimodal|separable|weak-structure|deceptive,BIPOP-CMA-ES,0.307,2.0134e-01,1.0904e-02,60%,50%,50%,50%,50%,50%,45%,2462,2498,7462,0.0530,0.50,0.50,1,0.50,0.50,50%,50%,N/A,N/A,N/A,N/A,N/A,N/A,N/A,N/A,N/A,N/A,N/A,N/A,N/A,N/A,N/A,N/A,N/A,N/A,N/A,N/A,N/A,N/A,N/A,N/A,N/A
F20-Schwefel,weak-structure,multimodal|separable|weak-structure|deceptive,PSO,0.015,2.3688e-01,2.2737e-13,60%,60%,60%,60%,60%,60%,55%,1539,1434,4872,0.0880,0.60,0.60,1,0.60,0.60,60%,60%,N/A,N/A,N/A,N/A,N/A,N/A,N/A,N/A,N/A,N/A,N/A,N/A,N/A,N/A,N/A,N/A,N/A,N/A,N/A,N/A,N/A,N/A,N/A,N/A,N/A
F20-Schwefel,weak-structure,multimodal|separable|weak-structure|deceptive,DE,0.124,5.9219e-02,0.0000e+00,90%,90%,90%,90%,90%,90%,90%,1474,1426,2030,0.1319,0.90,0.90,1,0.90,0.90,90%,90%,N/A,N/A,N/A,N/A,N/A,N/A,N/A,N/A,N/A,N/A,N/A,N/A,N/A,N/A,N/A,N/A,N/A,N/A,N/A,N/A,N/A,N/A,N/A,N/A,N/A
F20-Schwefel,weak-structure,multimodal|separable|weak-structure|deceptive,L-SHADE,0.146,5.9219e-02,0.0000e+00,90%,90%,90%,90%,90%,90%,90%,2206,2204,2762,0.1014,0.90,0.90,1,0.90,0.90,90%,90%,N/A,N/A,N/A,N/A,N/A,N/A,N/A,N/A,N/A,N/A,N/A,N/A,N/A,N/A,N/A,N/A,N/A,N/A,N/A,N/A,N/A,N/A,N/A,N/A,N/A
F20-Schwefel,weak-structure,multimodal|separable|weak-structure|deceptive,SaVOA,0.057,2.9610e-01,0.0000e+00,55%,55%,55%,55%,55%,55%,55%,761,646,4852,0.1273,0.55,0.55,1,0.55,0.55,55%,55%,N/A,N/A,N/A,N/A,N/A,N/A,N/A,N/A,N/A,N/A,N/A,N/A,N/A,N/A,N/A,N/A,N/A,N/A,N/A,N/A,N/A,N/A,N/A,N/A,N/A
F20-Schwefel,weak-structure,multimodal|separable|weak-structure|deceptive,NM-Restart,0.094,1.7766e-01,0.0000e+00,70%,70%,70%,70%,70%,70%,70%,2345,2040,4488,0.0794,0.70,0.70,1,0.70,0.70,70%,70%,N/A,N/A,N/A,N/A,N/A,N/A,N/A,N/A,N/A,N/A,N/A,N/A,N/A,N/A,N/A,N/A,N/A,N/A,N/A,N/A,N/A,N/A,N/A,N/A,N/A
F20-Schwefel,weak-structure,multimodal|separable|weak-structure|deceptive,MC-ESO,0.722,2.9610e-02,0.0000e+00,95%,95%,95%,95%,95%,95%,95%,1682,1835,1945,0.1512,0.95,0.95,1,0.95,0.95,95%,95%,N/A,N/A,N/A,N/A,N/A,N/A,N/A,N/A,N/A,N/A,N/A,N/A,N/A,N/A,N/A,N/A,N/A,N/A,N/A,N/A,N/A,N/A,N/A,N/A,N/A
