function,method,seed,scenario,regret
F03-RastriginSep,MC-ESO,0,15,0
F03-RastriginSep,MC-ESO,0,16,1312.4
F03-RastriginSep,MC-ESO,0,17,927.403
F03-RastriginSep,MC-ESO,0,18,954.086
F03-RastriginSep,MC-ESO,0,19,936.427
F03-RastriginSep,MC-ESO,0,20,1197.64
F03-RastriginSep,MC-ESO,0,21,705.765
F03-RastriginSep,MC-ESO,0,22,0
F03-RastriginSep,MC-ESO,0,23,0
F03-RastriginSep,MC-ESO,0,24,1130.93
F03-RastriginSep,MC-ESO,0,25,1010.6
F03-RastriginSep,MC-ESO,0,26,1153.45
F03-RastriginSep,MC-ESO,0,27,0
F03-RastriginSep,MC-ESO,0,28,0
F03-RastriginSep,MC-ESO,0,29,0
F03-RastriginSep,MC-ESO,0,30,966.552
F03-RastriginSep,MC-ESO,0,31,0
F03-RastriginSep,MC-ESO,0,32,1178.53
F03-RastriginSep,MC-ESO,0,33,0
F03-RastriginSep,MC-ESO,0,34,0
F03-RastriginSep,MC-ESO,0,35,0
F03-RastriginSep,MC-ESO,0,36,0
F03-RastriginSep,MC-ESO,0,37,0
F03-RastriginSep,MC-ESO,0,38,0
F03-RastriginSep,MC-ESO,0,39,1081.82
F03-RastriginSep,MC-ESO,0,40,1086.9
F03-RastriginSep,MC-ESO,0,41,0
F03-RastriginSep,MC-ESO,0,42,0
F03-RastriginSep,MC-ESO,0,43,1264.83
F03-RastriginSep,MC-ESO,0,44,1083.2
F03-RastriginSep,NMMSO,0,15,1.37787e-06
F03-RastriginSep,NMMSO,0,16,1145.07
F03-RastriginSep,NMMSO,0,17,907.25
F03-RastriginSep,NMMSO,0,18,953.888
F03-RastriginSep,NMMSO,0,19,0.0636371
F03-RastriginSep,NMMSO,0,20,1044.53
F03-RastriginSep,NMMSO,0,21,653.737
F03-RastriginSep,NMMSO,0,22,1.37787e-06
F03-RastriginSep,NMMSO,0,23,1.37787e-06
F03-RastriginSep,NMMSO,0,24,958.496
F03-RastriginSep,NMMSO,0,25,908.71
F03-RastriginSep,NMMSO,0,26,987.483
F03-RastriginSep,NMMSO,0,27,1.37787e-06
F03-RastriginSep,NMMSO,0,28,1.37787e-06
F03-RastriginSep,NMMSO,0,29,1.37787e-06
F03-RastriginSep,NMMSO,0,30,0.367659
F03-RastriginSep,NMMSO,0,31,1.37787e-06
F03-RastriginSep,NMMSO,0,32,1021.36
F03-RastriginSep,NMMSO,0,33,1.37787e-06
F03-RastriginSep,NMMSO,0,34,1.37787e-06
F03-RastriginSep,NMMSO,0,35,1.37787e-06
F03-RastriginSep,NMMSO,0,36,1.37787e-06
F03-RastriginSep,NMMSO,0,37,1.37787e-06
F03-RastriginSep,NMMSO,0,38,1.37787e-06
F03-RastriginSep,NMMSO,0,39,940.58
F03-RastriginSep,NMMSO,0,40,915.557
F03-RastriginSep,NMMSO,0,41,1.37787e-06
F03-RastriginSep,NMMSO,0,42,1.37787e-06
F03-RastriginSep,NMMSO,0,43,1154.74
F03-RastriginSep,NMMSO,0,44,1029.48
F03-RastriginSep,NCDE,0,15,0.0147139
F03-RastriginSep,NCDE,0,16,1143.72
F03-RastriginSep,NCDE,0,17,907.034
F03-RastriginSep,NCDE,0,18,953.706
F03-RastriginSep,NCDE,0,19,0.173523
F03-RastriginSep,NCDE,0,20,1043.44
F03-RastriginSep,NCDE,0,21,654.013
F03-RastriginSep,NCDE,0,22,0.0147139
F03-RastriginSep,NCDE,0,23,0.0147139
F03-RastriginSep,NCDE,0,24,956.872
F03-RastriginSep,NCDE,0,25,908.256
F03-RastriginSep,NCDE,0,26,986.164
F03-RastriginSep,NCDE,0,27,0.0147139
F03-RastriginSep,NCDE,0,28,0.0147139
F03-RastriginSep,NCDE,0,29,0.0147139
F03-RastriginSep,NCDE,0,30,0.0463634
F03-RastriginSep,NCDE,0,31,0.0147139
F03-RastriginSep,NCDE,0,32,1019.57
F03-RastriginSep,NCDE,0,33,0.0147139
F03-RastriginSep,NCDE,0,34,0.0147139
F03-RastriginSep,NCDE,0,35,0.0147139
F03-RastriginSep,NCDE,0,36,0.0147139
F03-RastriginSep,NCDE,0,37,0.0147139
F03-RastriginSep,NCDE,0,38,0.0147139
F03-RastriginSep,NCDE,0,39,939.667
F03-RastriginSep,NCDE,0,40,913.889
F03-RastriginSep,NCDE,0,41,0.0147139
F03-RastriginSep,NCDE,0,42,0.0147139
F03-RastriginSep,NCDE,0,43,1154.2
F03-RastriginSep,NCDE,0,44,1029.48
F03-RastriginSep,r3pso,0,15,8.80505e-11
F03-RastriginSep,r3pso,0,16,1312.4
F03-RastriginSep,r3pso,0,17,949.807
F03-RastriginSep,r3pso,0,18,954.086
F03-RastriginSep,r3pso,0,19,1004.51
F03-RastriginSep,r3pso,0,20,1197.64
F03-RastriginSep,r3pso,0,21,760.649
F03-RastriginSep,r3pso,0,22,8.80505e-11
F03-RastriginSep,r3pso,0,23,8.80505e-11
F03-RastriginSep,r3pso,0,24,1130.93
F03-RastriginSep,r3pso,0,25,1010.6
F03-RastriginSep,r3pso,0,26,1153.45
F03-RastriginSep,r3pso,0,27,8.80505e-11
F03-RastriginSep,r3pso,0,28,8.80505e-11
F03-RastriginSep,r3pso,0,29,8.80505e-11
F03-RastriginSep,r3pso,0,30,966.552
F03-RastriginSep,r3pso,0,31,8.80505e-11
F03-RastriginSep,r3pso,0,32,1178.53
F03-RastriginSep,r3pso,0,33,8.80505e-11
F03-RastriginSep,r3pso,0,34,8.80505e-11
F03-RastriginSep,r3pso,0,35,8.80505e-11
F03-RastriginSep,r3pso,0,36,8.80505e-11
F03-RastriginSep,r3pso,0,37,8.80505e-11
F03-RastriginSep,r3pso,0,38,8.80505e-11
F03-RastriginSep,r3pso,0,39,1081.82
F03-RastriginSep,r3pso,0,40,1086.9
F03-RastriginSep,r3pso,0,41,8.80505e-11
F03-RastriginSep,r3pso,0,42,8.80505e-11
F03-RastriginSep,r3pso,0,43,1264.83
F03-RastriginSep,r3pso,0,44,1083.2
F03-RastriginSep,NM-Restart,0,15,1.98992
F03-RastriginSep,NM-Restart,0,16,1057.38
F03-RastriginSep,NM-Restart,0,17,875.787
F03-RastriginSep,NM-Restart,0,18,877.076
F03-RastriginSep,NM-Restart,0,19,0
F03-RastriginSep,NM-Restart,0,20,964.702
F03-RastriginSep,NM-Restart,0,21,655.106
F03-RastriginSep,NM-Restart,0,22,1.98992
F03-RastriginSep,NM-Restart,0,23,1.98992
F03-RastriginSep,NM-Restart,0,24,0
F03-RastriginSep,NM-Restart,0,25,0.994939
F03-RastriginSep,NM-Restart,0,26,900.55
F03-RastriginSep,NM-Restart,0,27,1.98992
F03-RastriginSep,NM-Restart,0,28,1.98992
F03-RastriginSep,NM-Restart,0,29,1.98992
F03-RastriginSep,NM-Restart,0,30,4.97477
F03-RastriginSep,NM-Restart,0,31,1.98992
F03-RastriginSep,NM-Restart,0,32,938.502
F03-RastriginSep,NM-Restart,0,33,1.98992
F03-RastriginSep,NM-Restart,0,34,1.98992
F03-RastriginSep,NM-Restart,0,35,3.97983
F03-RastriginSep,NM-Restart,0,36,3.97983
F03-RastriginSep,NM-Restart,0,37,1.98992
F03-RastriginSep,NM-Restart,0,38,1.98992
F03-RastriginSep,NM-Restart,0,39,0
F03-RastriginSep,NM-Restart,0,40,0
F03-RastriginSep,NM-Restart,0,41,1.98992
F03-RastriginSep,NM-Restart,0,42,1.98992
F03-RastriginSep,NM-Restart,0,43,1098.41
F03-RastriginSep,NM-Restart,0,44,1003.69
F03-RastriginSep,IPOP-CMA-ES,0,15,0
F03-RastriginSep,IPOP-CMA-ES,0,16,1312.4
F03-RastriginSep,IPOP-CMA-ES,0,17,926.927
F03-RastriginSep,IPOP-CMA-ES,0,18,954.086
F03-RastriginSep,IPOP-CMA-ES,0,19,935.661
F03-RastriginSep,IPOP-CMA-ES,0,20,1197.64
F03-RastriginSep,IPOP-CMA-ES,0,21,705.064
F03-RastriginSep,IPOP-CMA-ES,0,22,0
F03-RastriginSep,IPOP-CMA-ES,0,23,0
F03-RastriginSep,IPOP-CMA-ES,0,24,1130.93
F03-RastriginSep,IPOP-CMA-ES,0,25,1010.6
F03-RastriginSep,IPOP-CMA-ES,0,26,1153.45
F03-RastriginSep,IPOP-CMA-ES,0,27,0
F03-RastriginSep,IPOP-CMA-ES,0,28,0
F03-RastriginSep,IPOP-CMA-ES,0,29,0
F03-RastriginSep,IPOP-CMA-ES,0,30,966.552
F03-RastriginSep,IPOP-CMA-ES,0,31,0
F03-RastriginSep,IPOP-CMA-ES,0,32,1178.53
F03-RastriginSep,IPOP-CMA-ES,0,33,0
F03-RastriginSep,IPOP-CMA-ES,0,34,0
F03-RastriginSep,IPOP-CMA-ES,0,35,0
F03-RastriginSep,IPOP-CMA-ES,0,36,0
F03-RastriginSep,IPOP-CMA-ES,0,37,0
F03-RastriginSep,IPOP-CMA-ES,0,38,0
F03-RastriginSep,IPOP-CMA-ES,0,39,1081.82
F03-RastriginSep,IPOP-CMA-ES,0,40,1086.9
F03-RastriginSep,IPOP-CMA-ES,0,41,0
F03-RastriginSep,IPOP-CMA-ES,0,42,0
F03-RastriginSep,IPOP-CMA-ES,0,43,1264.83
F03-RastriginSep,IPOP-CMA-ES,0,44,1083.2
F03-RastriginSep,DE,0,15,0
F03-RastriginSep,DE,0,16,1312.4
F03-RastriginSep,DE,0,17,949.807
F03-RastriginSep,DE,0,18,954.086
F03-RastriginSep,DE,0,19,1004.51
F03-RastriginSep,DE,0,20,1197.64
F03-RastriginSep,DE,0,21,760.649
F03-RastriginSep,DE,0,22,0
F03-RastriginSep,DE,0,23,0
F03-RastriginSep,DE,0,24,1130.93
F03-RastriginSep,DE,0,25,1010.6
F03-RastriginSep,DE,0,26,1153.45
F03-RastriginSep,DE,0,27,0
F03-RastriginSep,DE,0,28,0
F03-RastriginSep,DE,0,29,0
F03-RastriginSep,DE,0,30,966.552
F03-RastriginSep,DE,0,31,0
F03-RastriginSep,DE,0,32,1178.53
F03-RastriginSep,DE,0,33,0
F03-RastriginSep,DE,0,34,0
F03-RastriginSep,DE,0,35,0
F03-RastriginSep,DE,0,36,0
F03-RastriginSep,DE,0,37,0
F03-RastriginSep,DE,0,38,0
F03-RastriginSep,DE,0,39,1081.82
F03-RastriginSep,DE,0,40,1086.9
F03-RastriginSep,DE,0,41,0
F03-RastriginSep,DE,0,42,0
F03-RastriginSep,DE,0,43,1264.83
F03-RastriginSep,DE,0,44,1083.2
F03-RastriginSep,PSO,0,15,1.63141e-11
F03-RastriginSep,PSO,0,16,1312.4
F03-RastriginSep,PSO,0,17,949.807
F03-RastriginSep,PSO,0,18,954.086
F03-RastriginSep,PSO,0,19,1004.51
F03-RastriginSep,PSO,0,20,1197.64
F03-RastriginSep,PSO,0,21,760.649
F03-RastriginSep,PSO,0,22,1.63141e-11
F03-RastriginSep,PSO,0,23,1.63141e-11
F03-RastriginSep,PSO,0,24,1130.93
F03-RastriginSep,PSO,0,25,1010.6
F03-RastriginSep,PSO,0,26,1153.45
F03-RastriginSep,PSO,0,27,1.63141e-11
F03-RastriginSep,PSO,0,28,1.63141e-11
F03-RastriginSep,PSO,0,29,1.63141e-11
F03-RastriginSep,PSO,0,30,966.552
F03-RastriginSep,PSO,0,31,1.63141e-11
F03-RastriginSep,PSO,0,32,1178.53
F03-RastriginSep,PSO,0,33,1.63141e-11
F03-RastriginSep,PSO,0,34,1.63141e-11
F03-RastriginSep,PSO,0,35,1.63141e-11
F03-RastriginSep,PSO,0,36,1.63141e-11
F03-RastriginSep,PSO,0,37,1.63141e-11
F03-RastriginSep,PSO,0,38,1.63141e-11
F03-RastriginSep,PSO,0,39,1081.82
F03-RastriginSep,PSO,0,40,1086.9
F03-RastriginSep,PSO,0,41,1.63141e-11
F03-RastriginSep,PSO,0,42,1.63141e-11
F03-RastriginSep,PSO,0,43,1264.83
F03-RastriginSep,PSO,0,44,1083.2
F03-RastriginSep,Crowding-DE,0,15,0.0824818
F03-RastriginSep,Crowding-DE,0,16,1143.22
F03-RastriginSep,Crowding-DE,0,17,908.031
F03-RastriginSep,Crowding-DE,0,18,953.856
F03-RastriginSep,Crowding-DE,0,19,0.00400559
F03-RastriginSep,Crowding-DE,0,20,1042.89
F03-RastriginSep,Crowding-DE,0,21,655.388
F03-RastriginSep,Crowding-DE,0,22,0.0824818
F03-RastriginSep,Crowding-DE,0,23,0.0824818
F03-RastriginSep,Crowding-DE,0,24,956.481
F03-RastriginSep,Crowding-DE,0,25,907.686
F03-RastriginSep,Crowding-DE,0,26,985.657
F03-RastriginSep,Crowding-DE,0,27,0.0824818
F03-RastriginSep,Crowding-DE,0,28,0.0824818
F03-RastriginSep,Crowding-DE,0,29,0.0824818
F03-RastriginSep,Crowding-DE,0,30,0.0258355
F03-RastriginSep,Crowding-DE,0,31,0.0824818
F03-RastriginSep,Crowding-DE,0,32,1019.35
F03-RastriginSep,Crowding-DE,0,33,0.0824818
F03-RastriginSep,Crowding-DE,0,34,0.0824818
F03-RastriginSep,Crowding-DE,0,35,0.0824818
F03-RastriginSep,Crowding-DE,0,36,0.0824818
F03-RastriginSep,Crowding-DE,0,37,0.0824818
F03-RastriginSep,Crowding-DE,0,38,0.0824818
F03-RastriginSep,Crowding-DE,0,39,939.1
F03-RastriginSep,Crowding-DE,0,40,913.526
F03-RastriginSep,Crowding-DE,0,41,0.0824818
F03-RastriginSep,Crowding-DE,0,42,0.0824818
F03-RastriginSep,Crowding-DE,0,43,1153.63
F03-RastriginSep,Crowding-DE,0,44,1028.96
F03-RastriginSep,MAP-Elites,0,15,0.698622
F03-RastriginSep,MAP-Elites,0,16,1224.95
F03-RastriginSep,MAP-Elites,0,17,902.243
F03-RastriginSep,MAP-Elites,0,18,929.581
F03-RastriginSep,MAP-Elites,0,19,897.508
F03-RastriginSep,MAP-Elites,0,20,1118.17
F03-RastriginSep,MAP-Elites,0,21,683.962
F03-RastriginSep,MAP-Elites,0,22,0.698622
F03-RastriginSep,MAP-Elites,0,23,0.698622
F03-RastriginSep,MAP-Elites,0,24,1040.18
F03-RastriginSep,MAP-Elites,0,25,959.143
F03-RastriginSep,MAP-Elites,0,26,1066.78
F03-RastriginSep,MAP-Elites,0,27,0.698622
F03-RastriginSep,MAP-Elites,0,28,0.698622
F03-RastriginSep,MAP-Elites,0,29,0.698622
F03-RastriginSep,MAP-Elites,0,30,927.114
F03-RastriginSep,MAP-Elites,0,31,0.698622
F03-RastriginSep,MAP-Elites,0,32,1095.3
F03-RastriginSep,MAP-Elites,0,33,0.698622
F03-RastriginSep,MAP-Elites,0,34,0.698622
F03-RastriginSep,MAP-Elites,0,35,0.698622
F03-RastriginSep,MAP-Elites,0,36,0.698622
F03-RastriginSep,MAP-Elites,0,37,0.698622
F03-RastriginSep,MAP-Elites,0,38,0.698622
F03-RastriginSep,MAP-Elites,0,39,1008.91
F03-RastriginSep,MAP-Elites,0,40,996.613
F03-RastriginSep,MAP-Elites,0,41,0.698622
F03-RastriginSep,MAP-Elites,0,42,0.698622
F03-RastriginSep,MAP-Elites,0,43,1208.92
F03-RastriginSep,MAP-Elites,0,44,1057.76
F03-RastriginSep,MC-ESO-crowd,0,15,3.4505e-06
F03-RastriginSep,MC-ESO-crowd,0,16,1142.22
F03-RastriginSep,MC-ESO-crowd,0,17,907.485
F03-RastriginSep,MC-ESO-crowd,0,18,954.089
F03-RastriginSep,MC-ESO-crowd,0,19,0.751079
F03-RastriginSep,MC-ESO-crowd,0,20,1042.53
F03-RastriginSep,MC-ESO-crowd,0,21,651.905
F03-RastriginSep,MC-ESO-crowd,0,22,3.4505e-06
F03-RastriginSep,MC-ESO-crowd,0,23,3.4505e-06
F03-RastriginSep,MC-ESO-crowd,0,24,954.767
F03-RastriginSep,MC-ESO-crowd,0,25,908.757
F03-RastriginSep,MC-ESO-crowd,0,26,984.732
F03-RastriginSep,MC-ESO-crowd,0,27,3.4505e-06
F03-RastriginSep,MC-ESO-crowd,0,28,3.4505e-06
F03-RastriginSep,MC-ESO-crowd,0,29,3.4505e-06
F03-RastriginSep,MC-ESO-crowd,0,30,0.926789
F03-RastriginSep,MC-ESO-crowd,0,31,3.4505e-06
F03-RastriginSep,MC-ESO-crowd,0,32,1017.12
F03-RastriginSep,MC-ESO-crowd,0,33,3.4505e-06
F03-RastriginSep,MC-ESO-crowd,0,34,3.4505e-06
F03-RastriginSep,MC-ESO-crowd,0,35,3.4505e-06
F03-RastriginSep,MC-ESO-crowd,0,36,3.4505e-06
F03-RastriginSep,MC-ESO-crowd,0,37,3.4505e-06
F03-RastriginSep,MC-ESO-crowd,0,38,3.4505e-06
F03-RastriginSep,MC-ESO-crowd,0,39,939.137
F03-RastriginSep,MC-ESO-crowd,0,40,911.691
F03-RastriginSep,MC-ESO-crowd,0,41,3.4505e-06
F03-RastriginSep,MC-ESO-crowd,0,42,3.4505e-06
F03-RastriginSep,MC-ESO-crowd,0,43,1154.51
F03-RastriginSep,MC-ESO-crowd,0,44,1031.01
F03-RastriginSep,quality,0,15,9.09495e-13
F03-RastriginSep,quality,0,16,1226.91
F03-RastriginSep,quality,0,17,924.022
F03-RastriginSep,quality,0,18,927.336
F03-RastriginSep,quality,0,19,936.521
F03-RastriginSep,quality,0,20,1119.39
F03-RastriginSep,quality,0,21,705.845
F03-RastriginSep,quality,0,22,9.09495e-13
F03-RastriginSep,quality,0,23,9.09495e-13
F03-RastriginSep,quality,0,24,1041.92
F03-RastriginSep,quality,0,25,958.28
F03-RastriginSep,quality,0,26,1068.66
F03-RastriginSep,quality,0,27,9.09495e-13
F03-RastriginSep,quality,0,28,9.09495e-13
F03-RastriginSep,quality,0,29,9.09495e-13
F03-RastriginSep,quality,0,30,899.988
F03-RastriginSep,quality,0,31,9.09495e-13
F03-RastriginSep,quality,0,32,1085.79
F03-RastriginSep,quality,0,33,9.09495e-13
F03-RastriginSep,quality,0,34,9.09495e-13
F03-RastriginSep,quality,0,35,9.09495e-13
F03-RastriginSep,quality,0,36,9.09495e-13
F03-RastriginSep,quality,0,37,9.09495e-13
F03-RastriginSep,quality,0,38,9.09495e-13
F03-RastriginSep,quality,0,39,1009.59
F03-RastriginSep,quality,0,40,996.285
F03-RastriginSep,quality,0,41,9.09495e-13
F03-RastriginSep,quality,0,42,9.09495e-13
F03-RastriginSep,quality,0,43,1208.37
F03-RastriginSep,quality,0,44,1055.22
F03-RastriginSep,complement,0,15,3.97983
F03-RastriginSep,complement,0,16,7.9594
F03-RastriginSep,complement,0,17,270.57
F03-RastriginSep,complement,0,18,319.321
F03-RastriginSep,complement,0,19,0
F03-RastriginSep,complement,0,20,7.9594
F03-RastriginSep,complement,0,21,0
F03-RastriginSep,complement,0,22,3.97983
F03-RastriginSep,complement,0,23,3.97983
F03-RastriginSep,complement,0,24,7.9596
F03-RastriginSep,complement,0,25,8.95454
F03-RastriginSep,complement,0,26,3.97977
F03-RastriginSep,complement,0,27,16.9142
F03-RastriginSep,complement,0,28,3.97983
F03-RastriginSep,complement,0,29,3.97983
F03-RastriginSep,complement,0,30,12.9344
F03-RastriginSep,complement,0,31,3.97983
F03-RastriginSep,complement,0,32,0
F03-RastriginSep,complement,0,33,3.97983
F03-RastriginSep,complement,0,34,3.97983
F03-RastriginSep,complement,0,35,3.97983
F03-RastriginSep,complement,0,36,3.97983
F03-RastriginSep,complement,0,37,3.97983
F03-RastriginSep,complement,0,38,3.97983
F03-RastriginSep,complement,0,39,7.9596
F03-RastriginSep,complement,0,40,7.9596
F03-RastriginSep,complement,0,41,3.97983
F03-RastriginSep,complement,0,42,3.97983
F03-RastriginSep,complement,0,43,254.651
F03-RastriginSep,complement,0,44,320.316
F03-RastriginSep,MC-ESO,1,15,0
F03-RastriginSep,MC-ESO,1,16,0
F03-RastriginSep,MC-ESO,1,17,0
F03-RastriginSep,MC-ESO,1,18,0
F03-RastriginSep,MC-ESO,1,19,1096.72
F03-RastriginSep,MC-ESO,1,20,0
F03-RastriginSep,MC-ESO,1,21,0
F03-RastriginSep,MC-ESO,1,22,1020.84
F03-RastriginSep,MC-ESO,1,23,1193.95
F03-RastriginSep,MC-ESO,1,24,8.32686e-07
F03-RastriginSep,MC-ESO,1,25,1116.14
F03-RastriginSep,MC-ESO,1,26,0
F03-RastriginSep,MC-ESO,1,27,1162.05
F03-RastriginSep,MC-ESO,1,28,0
F03-RastriginSep,MC-ESO,1,29,0
F03-RastriginSep,MC-ESO,1,30,1024.69
F03-RastriginSep,MC-ESO,1,31,949.433
F03-RastriginSep,MC-ESO,1,32,8.32686e-07
F03-RastriginSep,MC-ESO,1,33,1036.26
F03-RastriginSep,MC-ESO,1,34,0
F03-RastriginSep,MC-ESO,1,35,1181.36
F03-RastriginSep,MC-ESO,1,36,0
F03-RastriginSep,MC-ESO,1,37,0
F03-RastriginSep,MC-ESO,1,38,0
F03-RastriginSep,MC-ESO,1,39,1203.95
F03-RastriginSep,MC-ESO,1,40,0
F03-RastriginSep,MC-ESO,1,41,0
F03-RastriginSep,MC-ESO,1,42,0
F03-RastriginSep,MC-ESO,1,43,0
F03-RastriginSep,MC-ESO,1,44,0
F03-RastriginSep,NMMSO,1,15,1.93517e-06
F03-RastriginSep,NMMSO,1,16,1.93517e-06
F03-RastriginSep,NMMSO,1,17,1.93517e-06
F03-RastriginSep,NMMSO,1,18,1.93517e-06
F03-RastriginSep,NMMSO,1,19,918.553
F03-RastriginSep,NMMSO,1,20,1.93517e-06
F03-RastriginSep,NMMSO,1,21,1.93517e-06
F03-RastriginSep,NMMSO,1,22,979.158
F03-RastriginSep,NMMSO,1,23,1037.85
F03-RastriginSep,NMMSO,1,24,914.939
F03-RastriginSep,NMMSO,1,25,972.211
F03-RastriginSep,NMMSO,1,26,1.93517e-06
F03-RastriginSep,NMMSO,1,27,998.912
F03-RastriginSep,NMMSO,1,28,1.93517e-06
F03-RastriginSep,NMMSO,1,29,1.93517e-06
F03-RastriginSep,NMMSO,1,30,992.166
F03-RastriginSep,NMMSO,1,31,1.98991
F03-RastriginSep,NMMSO,1,32,1.98991
F03-RastriginSep,NMMSO,1,33,1034.62
F03-RastriginSep,NMMSO,1,34,1.93517e-06
F03-RastriginSep,NMMSO,1,35,1027.46
F03-RastriginSep,NMMSO,1,36,1.93517e-06
F03-RastriginSep,NMMSO,1,37,1.93517e-06
F03-RastriginSep,NMMSO,1,38,1.93517e-06
F03-RastriginSep,NMMSO,1,39,1047.89
F03-RastriginSep,NMMSO,1,40,1.93517e-06
F03-RastriginSep,NMMSO,1,41,1.93517e-06
F03-RastriginSep,NMMSO,1,42,1.93517e-06
F03-RastriginSep,NMMSO,1,43,1.93517e-06
F03-RastriginSep,NMMSO,1,44,1.93517e-06
F03-RastriginSep,NCDE,1,15,1.34307e-05
F03-RastriginSep,NCDE,1,16,1.34307e-05
F03-RastriginSep,NCDE,1,17,1.34307e-05
F03-RastriginSep,NCDE,1,18,1.34307e-05
F03-RastriginSep,NCDE,1,19,918.343
F03-RastriginSep,NCDE,1,20,1.34307e-05
F03-RastriginSep,NCDE,1,21,1.34307e-05
F03-RastriginSep,NCDE,1,22,1022.54
F03-RastriginSep,NCDE,1,23,1037.55
F03-RastriginSep,NCDE,1,24,2.00184
F03-RastriginSep,NCDE,1,25,972.193
F03-RastriginSep,NCDE,1,26,1.34307e-05
F03-RastriginSep,NCDE,1,27,998.616
F03-RastriginSep,NCDE,1,28,1.34307e-05
F03-RastriginSep,NCDE,1,29,1.34307e-05
F03-RastriginSep,NCDE,1,30,1050.76
F03-RastriginSep,NCDE,1,31,2.00544
F03-RastriginSep,NCDE,1,32,2.00184
F03-RastriginSep,NCDE,1,33,1037.29
F03-RastriginSep,NCDE,1,34,1.34307e-05
F03-RastriginSep,NCDE,1,35,1027.15
F03-RastriginSep,NCDE,1,36,1.34307e-05
F03-RastriginSep,NCDE,1,37,1.34307e-05
F03-RastriginSep,NCDE,1,38,1.34307e-05
F03-RastriginSep,NCDE,1,39,1047.83
F03-RastriginSep,NCDE,1,40,1.34307e-05
F03-RastriginSep,NCDE,1,41,1.34307e-05
F03-RastriginSep,NCDE,1,42,1.34307e-05
F03-RastriginSep,NCDE,1,43,1.34307e-05
F03-RastriginSep,NCDE,1,44,1.34307e-05
F03-RastriginSep,r3pso,1,15,1.5541e-10
F03-RastriginSep,r3pso,1,16,1.5541e-10
F03-RastriginSep,r3pso,1,17,1.5541e-10
F03-RastriginSep,r3pso,1,18,1.5541e-10
F03-RastriginSep,r3pso,1,19,1008.15
F03-RastriginSep,r3pso,1,20,1.5541e-10
F03-RastriginSep,r3pso,1,21,1.5541e-10
F03-RastriginSep,r3pso,1,22,1037.4
F03-RastriginSep,r3pso,1,23,1100.47
F03-RastriginSep,r3pso,1,24,989.286
F03-RastriginSep,r3pso,1,25,1063.59
F03-RastriginSep,r3pso,1,26,1.5541e-10
F03-RastriginSep,r3pso,1,27,1067.67
F03-RastriginSep,r3pso,1,28,1.5541e-10
F03-RastriginSep,r3pso,1,29,1.5541e-10
F03-RastriginSep,r3pso,1,30,1050.75
F03-RastriginSep,r3pso,1,31,0
F03-RastriginSep,r3pso,1,32,941.322
F03-RastriginSep,r3pso,1,33,1089.94
F03-RastriginSep,r3pso,1,34,1.5541e-10
F03-RastriginSep,r3pso,1,35,1088.26
F03-RastriginSep,r3pso,1,36,1.5541e-10
F03-RastriginSep,r3pso,1,37,1.5541e-10
F03-RastriginSep,r3pso,1,38,1.5541e-10
F03-RastriginSep,r3pso,1,39,1141.87
F03-RastriginSep,r3pso,1,40,1.5541e-10
F03-RastriginSep,r3pso,1,41,1.5541e-10
F03-RastriginSep,r3pso,1,42,1.5541e-10
F03-RastriginSep,r3pso,1,43,1.5541e-10
F03-RastriginSep,r3pso,1,44,1.5541e-10
F03-RastriginSep,NM-Restart,1,15,49.7474
F03-RastriginSep,NM-Restart,1,16,7.95966
F03-RastriginSep,NM-Restart,1,17,7.95966
F03-RastriginSep,NM-Restart,1,18,49.7474
F03-RastriginSep,NM-Restart,1,19,39.7979
F03-RastriginSep,NM-Restart,1,20,49.7474
F03-RastriginSep,NM-Restart,1,21,7.95966
F03-RastriginSep,NM-Restart,1,22,191.015
F03-RastriginSep,NM-Restart,1,23,33.8282
F03-RastriginSep,NM-Restart,1,24,5.96974
F03-RastriginSep,NM-Restart,1,25,39.7979
F03-RastriginSep,NM-Restart,1,26,49.7474
F03-RastriginSep,NM-Restart,1,27,33.8282
F03-RastriginSep,NM-Restart,1,28,7.95966
F03-RastriginSep,NM-Restart,1,29,7.95966
F03-RastriginSep,NM-Restart,1,30,179.076
F03-RastriginSep,NM-Restart,1,31,47.7575
F03-RastriginSep,NM-Restart,1,32,5.96974
F03-RastriginSep,NM-Restart,1,33,250.692
F03-RastriginSep,NM-Restart,1,34,7.95966
F03-RastriginSep,NM-Restart,1,35,33.8282
F03-RastriginSep,NM-Restart,1,36,7.95966
F03-RastriginSep,NM-Restart,1,37,7.95966
F03-RastriginSep,NM-Restart,1,38,7.95966
F03-RastriginSep,NM-Restart,1,39,33.8282
F03-RastriginSep,NM-Restart,1,40,7.95966
F03-RastriginSep,NM-Restart,1,41,7.95966
F03-RastriginSep,NM-Restart,1,42,7.95966
F03-RastriginSep,NM-Restart,1,43,49.7474
F03-RastriginSep,NM-Restart,1,44,7.95966
F03-RastriginSep,IPOP-CMA-ES,1,15,0.000475765
F03-RastriginSep,IPOP-CMA-ES,1,16,0.000475765
F03-RastriginSep,IPOP-CMA-ES,1,17,0.000475765
F03-RastriginSep,IPOP-CMA-ES,1,18,0.000475765
F03-RastriginSep,IPOP-CMA-ES,1,19,1007.6
F03-RastriginSep,IPOP-CMA-ES,1,20,0.000475765
F03-RastriginSep,IPOP-CMA-ES,1,21,0.000475765
F03-RastriginSep,IPOP-CMA-ES,1,22,1027.87
F03-RastriginSep,IPOP-CMA-ES,1,23,1116.66
F03-RastriginSep,IPOP-CMA-ES,1,24,989.189
F03-RastriginSep,IPOP-CMA-ES,1,25,1043.09
F03-RastriginSep,IPOP-CMA-ES,1,26,0.000475765
F03-RastriginSep,IPOP-CMA-ES,1,27,1081.11
F03-RastriginSep,IPOP-CMA-ES,1,28,0.000475765
F03-RastriginSep,IPOP-CMA-ES,1,29,0.000475765
F03-RastriginSep,IPOP-CMA-ES,1,30,1050.57
F03-RastriginSep,IPOP-CMA-ES,1,31,920.78
F03-RastriginSep,IPOP-CMA-ES,1,32,941.299
F03-RastriginSep,IPOP-CMA-ES,1,33,1089.92
F03-RastriginSep,IPOP-CMA-ES,1,34,0.000475765
F03-RastriginSep,IPOP-CMA-ES,1,35,1105.2
F03-RastriginSep,IPOP-CMA-ES,1,36,0.000475765
F03-RastriginSep,IPOP-CMA-ES,1,37,0.000475765
F03-RastriginSep,IPOP-CMA-ES,1,38,0.000475765
F03-RastriginSep,IPOP-CMA-ES,1,39,1125.04
F03-RastriginSep,IPOP-CMA-ES,1,40,0.000475765
F03-RastriginSep,IPOP-CMA-ES,1,41,0.000475765
F03-RastriginSep,IPOP-CMA-ES,1,42,0.000475765
F03-RastriginSep,IPOP-CMA-ES,1,43,0.000475765
F03-RastriginSep,IPOP-CMA-ES,1,44,0.000475765
F03-RastriginSep,DE,1,15,0
F03-RastriginSep,DE,1,16,0
F03-RastriginSep,DE,1,17,0
F03-RastriginSep,DE,1,18,0
F03-RastriginSep,DE,1,19,1096.72
F03-RastriginSep,DE,1,20,0
F03-RastriginSep,DE,1,21,0
F03-RastriginSep,DE,1,22,1037.4
F03-RastriginSep,DE,1,23,1193.95
F03-RastriginSep,DE,1,24,989.286
F03-RastriginSep,DE,1,25,1116.14
F03-RastriginSep,DE,1,26,0
F03-RastriginSep,DE,1,27,1162.05
F03-RastriginSep,DE,1,28,0
F03-RastriginSep,DE,1,29,0
F03-RastriginSep,DE,1,30,1050.75
F03-RastriginSep,DE,1,31,949.433
F03-RastriginSep,DE,1,32,941.322
F03-RastriginSep,DE,1,33,1089.94
F03-RastriginSep,DE,1,34,0
F03-RastriginSep,DE,1,35,1181.36
F03-RastriginSep,DE,1,36,0
F03-RastriginSep,DE,1,37,0
F03-RastriginSep,DE,1,38,0
F03-RastriginSep,DE,1,39,1203.95
F03-RastriginSep,DE,1,40,0
F03-RastriginSep,DE,1,41,0
F03-RastriginSep,DE,1,42,0
F03-RastriginSep,DE,1,43,0
F03-RastriginSep,DE,1,44,0
F03-RastriginSep,PSO,1,15,1.68427e-10
F03-RastriginSep,PSO,1,16,1.68427e-10
F03-RastriginSep,PSO,1,17,1.68427e-10
F03-RastriginSep,PSO,1,18,1.68427e-10
F03-RastriginSep,PSO,1,19,1096.72
F03-RastriginSep,PSO,1,20,1.68427e-10
F03-RastriginSep,PSO,1,21,1.68427e-10
F03-RastriginSep,PSO,1,22,1037.4
F03-RastriginSep,PSO,1,23,1193.95
F03-RastriginSep,PSO,1,24,19.3403
F03-RastriginSep,PSO,1,25,1116.14
F03-RastriginSep,PSO,1,26,1.68427e-10
F03-RastriginSep,PSO,1,27,1162.05
F03-RastriginSep,PSO,1,28,1.68427e-10
F03-RastriginSep,PSO,1,29,1.68427e-10
F03-RastriginSep,PSO,1,30,1050.75
F03-RastriginSep,PSO,1,31,949.433
F03-RastriginSep,PSO,1,32,19.3403
F03-RastriginSep,PSO,1,33,1068.78
F03-RastriginSep,PSO,1,34,1.68427e-10
F03-RastriginSep,PSO,1,35,1181.36
F03-RastriginSep,PSO,1,36,1.68427e-10
F03-RastriginSep,PSO,1,37,1.68427e-10
F03-RastriginSep,PSO,1,38,1.68427e-10
F03-RastriginSep,PSO,1,39,1203.95
F03-RastriginSep,PSO,1,40,1.68427e-10
F03-RastriginSep,PSO,1,41,1.68427e-10
F03-RastriginSep,PSO,1,42,1.68427e-10
F03-RastriginSep,PSO,1,43,1.68427e-10
F03-RastriginSep,PSO,1,44,1.68427e-10
F03-RastriginSep,Crowding-DE,1,15,0.0147739
F03-RastriginSep,Crowding-DE,1,16,0.0147739
F03-RastriginSep,Crowding-DE,1,17,0.0147739
F03-RastriginSep,Crowding-DE,1,18,0.0147739
F03-RastriginSep,Crowding-DE,1,19,1005.83
F03-RastriginSep,Crowding-DE,1,20,0.0147739
F03-RastriginSep,Crowding-DE,1,21,0.0147739
F03-RastriginSep,Crowding-DE,1,22,980.127
F03-RastriginSep,Crowding-DE,1,23,1113.93
F03-RastriginSep,Crowding-DE,1,24,2.10446
F03-RastriginSep,Crowding-DE,1,25,1042.9
F03-RastriginSep,Crowding-DE,1,26,0.0147739
F03-RastriginSep,Crowding-DE,1,27,1078.52
F03-RastriginSep,Crowding-DE,1,28,0.0147739
F03-RastriginSep,Crowding-DE,1,29,0.0147739
F03-RastriginSep,Crowding-DE,1,30,993.236
F03-RastriginSep,Crowding-DE,1,31,917.666
F03-RastriginSep,Crowding-DE,1,32,2.10446
F03-RastriginSep,Crowding-DE,1,33,1035.94
F03-RastriginSep,Crowding-DE,1,34,0.0147739
F03-RastriginSep,Crowding-DE,1,35,1102.44
F03-RastriginSep,Crowding-DE,1,36,0.0147739
F03-RastriginSep,Crowding-DE,1,37,0.0147739
F03-RastriginSep,Crowding-DE,1,38,0.0147739
F03-RastriginSep,Crowding-DE,1,39,1124.52
F03-RastriginSep,Crowding-DE,1,40,0.0147739
F03-RastriginSep,Crowding-DE,1,41,0.0147739
F03-RastriginSep,Crowding-DE,1,42,0.0147739
F03-RastriginSep,Crowding-DE,1,43,0.0147739
F03-RastriginSep,Crowding-DE,1,44,0.0147739
F03-RastriginSep,MAP-Elites,1,15,2.25046
F03-RastriginSep,MAP-Elites,1,16,2.25046
F03-RastriginSep,MAP-Elites,1,17,2.25046
F03-RastriginSep,MAP-Elites,1,18,2.25046
F03-RastriginSep,MAP-Elites,1,19,1006.22
F03-RastriginSep,MAP-Elites,1,20,2.25046
F03-RastriginSep,MAP-Elites,1,21,2.25046
F03-RastriginSep,MAP-Elites,1,22,1001.56
F03-RastriginSep,MAP-Elites,1,23,1100.48
F03-RastriginSep,MAP-Elites,1,24,936.345
F03-RastriginSep,MAP-Elites,1,25,1026.53
F03-RastriginSep,MAP-Elites,1,26,2.25046
F03-RastriginSep,MAP-Elites,1,27,1067.36
F03-RastriginSep,MAP-Elites,1,28,2.25046
F03-RastriginSep,MAP-Elites,1,29,2.25046
F03-RastriginSep,MAP-Elites,1,30,1024.3
F03-RastriginSep,MAP-Elites,1,31,1.25678
F03-RastriginSep,MAP-Elites,1,32,916.862
F03-RastriginSep,MAP-Elites,1,33,1065.49
F03-RastriginSep,MAP-Elites,1,34,2.25046
F03-RastriginSep,MAP-Elites,1,35,1088.37
F03-RastriginSep,MAP-Elites,1,36,2.25046
F03-RastriginSep,MAP-Elites,1,37,2.25046
F03-RastriginSep,MAP-Elites,1,38,2.25046
F03-RastriginSep,MAP-Elites,1,39,1111.21
F03-RastriginSep,MAP-Elites,1,40,2.25046
F03-RastriginSep,MAP-Elites,1,41,2.25046
F03-RastriginSep,MAP-Elites,1,42,2.25046
F03-RastriginSep,MAP-Elites,1,43,2.34254
F03-RastriginSep,MAP-Elites,1,44,2.25046
F03-RastriginSep,MC-ESO-crowd,1,15,0.000616728
F03-RastriginSep,MC-ESO-crowd,1,16,0.000616728
F03-RastriginSep,MC-ESO-crowd,1,17,0.000616728
F03-RastriginSep,MC-ESO-crowd,1,18,0.000616728
F03-RastriginSep,MC-ESO-crowd,1,19,922.591
F03-RastriginSep,MC-ESO-crowd,1,20,0.000616728
F03-RastriginSep,MC-ESO-crowd,1,21,0.000616728
F03-RastriginSep,MC-ESO-crowd,1,22,971.215
F03-RastriginSep,MC-ESO-crowd,1,23,1025.89
F03-RastriginSep,MC-ESO-crowd,1,24,933.948
F03-RastriginSep,MC-ESO-crowd,1,25,994.512
F03-RastriginSep,MC-ESO-crowd,1,26,0.000616728
F03-RastriginSep,MC-ESO-crowd,1,27,989.612
F03-RastriginSep,MC-ESO-crowd,1,28,0.000616728
F03-RastriginSep,MC-ESO-crowd,1,29,0.000616728
F03-RastriginSep,MC-ESO-crowd,1,30,993.277
F03-RastriginSep,MC-ESO-crowd,1,31,3.37358
F03-RastriginSep,MC-ESO-crowd,1,32,914.776
F03-RastriginSep,MC-ESO-crowd,1,33,1063.93
F03-RastriginSep,MC-ESO-crowd,1,34,0.000616728
F03-RastriginSep,MC-ESO-crowd,1,35,1014.76
F03-RastriginSep,MC-ESO-crowd,1,36,0.000616728
F03-RastriginSep,MC-ESO-crowd,1,37,0.000616728
F03-RastriginSep,MC-ESO-crowd,1,38,0.000616728
F03-RastriginSep,MC-ESO-crowd,1,39,1066.91
F03-RastriginSep,MC-ESO-crowd,1,40,0.000616728
F03-RastriginSep,MC-ESO-crowd,1,41,0.000616728
F03-RastriginSep,MC-ESO-crowd,1,42,0.000616728
F03-RastriginSep,MC-ESO-crowd,1,43,0.000616728
F03-RastriginSep,MC-ESO-crowd,1,44,0.000616728
F03-RastriginSep,quality,1,15,0.994959
F03-RastriginSep,quality,1,16,0.994959
F03-RastriginSep,quality,1,17,0.994959
F03-RastriginSep,quality,1,18,0.994959
F03-RastriginSep,quality,1,19,1006.93
F03-RastriginSep,quality,1,20,0.994959
F03-RastriginSep,quality,1,21,0.994959
F03-RastriginSep,quality,1,22,1020.84
F03-RastriginSep,quality,1,23,1092.12
F03-RastriginSep,quality,1,24,0
F03-RastriginSep,quality,1,25,1043.41
F03-RastriginSep,quality,1,26,0.994959
F03-RastriginSep,quality,1,27,1061.2
F03-RastriginSep,quality,1,28,0.994959
F03-RastriginSep,quality,1,29,0.994959
F03-RastriginSep,quality,1,30,1024.69
F03-RastriginSep,quality,1,31,2.98487
F03-RastriginSep,quality,1,32,0
F03-RastriginSep,quality,1,33,1036.27
F03-RastriginSep,quality,1,34,0.994959
F03-RastriginSep,quality,1,35,1079.4
F03-RastriginSep,quality,1,36,0.994959
F03-RastriginSep,quality,1,37,0.994959
F03-RastriginSep,quality,1,38,0.994959
F03-RastriginSep,quality,1,39,1125.18
F03-RastriginSep,quality,1,40,0.994959
F03-RastriginSep,quality,1,41,0.994959
F03-RastriginSep,quality,1,42,0.994959
F03-RastriginSep,quality,1,43,0.994959
F03-RastriginSep,quality,1,44,0.994959
F03-RastriginSep,complement,1,15,0.994959
F03-RastriginSep,complement,1,16,0.994959
F03-RastriginSep,complement,1,17,0.994959
F03-RastriginSep,complement,1,18,0.994959
F03-RastriginSep,complement,1,19,23.8788
F03-RastriginSep,complement,1,20,0.994959
F03-RastriginSep,complement,1,21,0.994959
F03-RastriginSep,complement,1,22,936.288
F03-RastriginSep,complement,1,23,17.9091
F03-RastriginSep,complement,1,24,0
F03-RastriginSep,complement,1,25,23.8788
F03-RastriginSep,complement,1,26,0.994959
F03-RastriginSep,complement,1,27,17.9091
F03-RastriginSep,complement,1,28,0.994959
F03-RastriginSep,complement,1,29,0.994959
F03-RastriginSep,complement,1,30,996.376
F03-RastriginSep,complement,1,31,31.8384
F03-RastriginSep,complement,1,32,0
F03-RastriginSep,complement,1,33,981.821
F03-RastriginSep,complement,1,34,0.994959
F03-RastriginSep,complement,1,35,17.9091
F03-RastriginSep,complement,1,36,0.994959
F03-RastriginSep,complement,1,37,0.994959
F03-RastriginSep,complement,1,38,0.994959
F03-RastriginSep,complement,1,39,17.9091
F03-RastriginSep,complement,1,40,0.994959
F03-RastriginSep,complement,1,41,0.994959
F03-RastriginSep,complement,1,42,0.994959
F03-RastriginSep,complement,1,43,0.994959
F03-RastriginSep,complement,1,44,0.994959
F03-RastriginSep,MC-ESO,2,15,0
F03-RastriginSep,MC-ESO,2,16,588.847
F03-RastriginSep,MC-ESO,2,17,0
F03-RastriginSep,MC-ESO,2,18,0
F03-RastriginSep,MC-ESO,2,19,0
F03-RastriginSep,MC-ESO,2,20,0
F03-RastriginSep,MC-ESO,2,21,610.912
F03-RastriginSep,MC-ESO,2,22,721.38
F03-RastriginSep,MC-ESO,2,23,768.273
F03-RastriginSep,MC-ESO,2,24,583.471
F03-RastriginSep,MC-ESO,2,25,551.66
F03-RastriginSep,MC-ESO,2,26,732.077
F03-RastriginSep,MC-ESO,2,27,658.625
F03-RastriginSep,MC-ESO,2,28,0
F03-RastriginSep,MC-ESO,2,29,569.835
F03-RastriginSep,MC-ESO,2,30,0
F03-RastriginSep,MC-ESO,2,31,0
F03-RastriginSep,MC-ESO,2,32,0
F03-RastriginSep,MC-ESO,2,33,0
F03-RastriginSep,MC-ESO,2,34,609.309
F03-RastriginSep,MC-ESO,2,35,0
F03-RastriginSep,MC-ESO,2,36,716.13
F03-RastriginSep,MC-ESO,2,37,0
F03-RastriginSep,MC-ESO,2,38,555.768
F03-RastriginSep,MC-ESO,2,39,678.418
F03-RastriginSep,MC-ESO,2,40,660.572
F03-RastriginSep,MC-ESO,2,41,0
F03-RastriginSep,MC-ESO,2,42,748.051
F03-RastriginSep,MC-ESO,2,43,593.038
F03-RastriginSep,MC-ESO,2,44,0
F03-RastriginSep,NMMSO,2,15,4.14468e-09
F03-RastriginSep,NMMSO,2,16,578.841
F03-RastriginSep,NMMSO,2,17,4.14468e-09
F03-RastriginSep,NMMSO,2,18,4.14468e-09
F03-RastriginSep,NMMSO,2,19,4.14468e-09
F03-RastriginSep,NMMSO,2,20,4.14468e-09
F03-RastriginSep,NMMSO,2,21,1.54395e-08
F03-RastriginSep,NMMSO,2,22,647.707
F03-RastriginSep,NMMSO,2,23,675.108
F03-RastriginSep,NMMSO,2,24,538.61
F03-RastriginSep,NMMSO,2,25,528.812
F03-RastriginSep,NMMSO,2,26,635.205
F03-RastriginSep,NMMSO,2,27,570.086
F03-RastriginSep,NMMSO,2,28,4.14468e-09
F03-RastriginSep,NMMSO,2,29,539.45
F03-RastriginSep,NMMSO,2,30,4.14468e-09
F03-RastriginSep,NMMSO,2,31,4.14468e-09
F03-RastriginSep,NMMSO,2,32,4.14468e-09
F03-RastriginSep,NMMSO,2,33,4.14468e-09
F03-RastriginSep,NMMSO,2,34,586.261
F03-RastriginSep,NMMSO,2,35,4.14468e-09
F03-RastriginSep,NMMSO,2,36,619.33
F03-RastriginSep,NMMSO,2,37,4.14468e-09
F03-RastriginSep,NMMSO,2,38,0
F03-RastriginSep,NMMSO,2,39,577.088
F03-RastriginSep,NMMSO,2,40,586.067
F03-RastriginSep,NMMSO,2,41,4.14468e-09
F03-RastriginSep,NMMSO,2,42,647.211
F03-RastriginSep,NMMSO,2,43,580.696
F03-RastriginSep,NMMSO,2,44,4.14468e-09
F03-RastriginSep,NCDE,2,15,0.0793135
F03-RastriginSep,NCDE,2,16,556.962
F03-RastriginSep,NCDE,2,17,0.0793135
F03-RastriginSep,NCDE,2,18,0.0793135
F03-RastriginSep,NCDE,2,19,0.0793135
F03-RastriginSep,NCDE,2,20,0.0793135
F03-RastriginSep,NCDE,2,21,0.248643
F03-RastriginSep,NCDE,2,22,648.851
F03-RastriginSep,NCDE,2,23,676.276
F03-RastriginSep,NCDE,2,24,539.624
F03-RastriginSep,NCDE,2,25,0
F03-RastriginSep,NCDE,2,26,636.36
F03-RastriginSep,NCDE,2,27,570.836
F03-RastriginSep,NCDE,2,28,0.0793135
F03-RastriginSep,NCDE,2,29,539.44
F03-RastriginSep,NCDE,2,30,0.0793135
F03-RastriginSep,NCDE,2,31,0.0793135
F03-RastriginSep,NCDE,2,32,0.0793135
F03-RastriginSep,NCDE,2,33,0.0793135
F03-RastriginSep,NCDE,2,34,578.384
F03-RastriginSep,NCDE,2,35,0.0793135
F03-RastriginSep,NCDE,2,36,620.485
F03-RastriginSep,NCDE,2,37,0.0793135
F03-RastriginSep,NCDE,2,38,0.0408691
F03-RastriginSep,NCDE,2,39,578.175
F03-RastriginSep,NCDE,2,40,587.214
F03-RastriginSep,NCDE,2,41,0.0793135
F03-RastriginSep,NCDE,2,42,648.317
F03-RastriginSep,NCDE,2,43,561.281
F03-RastriginSep,NCDE,2,44,0.0793135
F03-RastriginSep,r3pso,2,15,3.5925e-11
F03-RastriginSep,r3pso,2,16,588.847
F03-RastriginSep,r3pso,2,17,3.5925e-11
F03-RastriginSep,r3pso,2,18,3.5925e-11
F03-RastriginSep,r3pso,2,19,3.5925e-11
F03-RastriginSep,r3pso,2,20,3.5925e-11
F03-RastriginSep,r3pso,2,21,566.503
F03-RastriginSep,r3pso,2,22,697.575
F03-RastriginSep,r3pso,2,23,729.306
F03-RastriginSep,r3pso,2,24,577.998
F03-RastriginSep,r3pso,2,25,551.66
F03-RastriginSep,r3pso,2,26,689.432
F03-RastriginSep,r3pso,2,27,605.395
F03-RastriginSep,r3pso,2,28,3.5925e-11
F03-RastriginSep,r3pso,2,29,569.835
F03-RastriginSep,r3pso,2,30,3.5925e-11
F03-RastriginSep,r3pso,2,31,3.5925e-11
F03-RastriginSep,r3pso,2,32,3.5925e-11
F03-RastriginSep,r3pso,2,33,3.5925e-11
F03-RastriginSep,r3pso,2,34,609.309
F03-RastriginSep,r3pso,2,35,3.5925e-11
F03-RastriginSep,r3pso,2,36,673.563
F03-RastriginSep,r3pso,2,37,3.5925e-11
F03-RastriginSep,r3pso,2,38,555.768
F03-RastriginSep,r3pso,2,39,629.138
F03-RastriginSep,r3pso,2,40,636.188
F03-RastriginSep,r3pso,2,41,3.5925e-11
F03-RastriginSep,r3pso,2,42,700.015
F03-RastriginSep,r3pso,2,43,593.038
F03-RastriginSep,r3pso,2,44,3.5925e-11
F03-RastriginSep,NM-Restart,2,15,3.97983
F03-RastriginSep,NM-Restart,2,16,546.899
F03-RastriginSep,NM-Restart,2,17,3.97983
F03-RastriginSep,NM-Restart,2,18,3.97983
F03-RastriginSep,NM-Restart,2,19,551.327
F03-RastriginSep,NM-Restart,2,20,3.97983
F03-RastriginSep,NM-Restart,2,21,0
F03-RastriginSep,NM-Restart,2,22,596.4
F03-RastriginSep,NM-Restart,2,23,598.983
F03-RastriginSep,NM-Restart,2,24,2.98487
F03-RastriginSep,NM-Restart,2,25,3.95777
F03-RastriginSep,NM-Restart,2,26,553.566
F03-RastriginSep,NM-Restart,2,27,0
F03-RastriginSep,NM-Restart,2,28,3.97983
F03-RastriginSep,NM-Restart,2,29,578.787
F03-RastriginSep,NM-Restart,2,30,3.97983
F03-RastriginSep,NM-Restart,2,31,3.97983
F03-RastriginSep,NM-Restart,2,32,3.97983
F03-RastriginSep,NM-Restart,2,33,538.508
F03-RastriginSep,NM-Restart,2,34,555.21
F03-RastriginSep,NM-Restart,2,35,561.886
F03-RastriginSep,NM-Restart,2,36,537.803
F03-RastriginSep,NM-Restart,2,37,3.97983
F03-RastriginSep,NM-Restart,2,38,642.734
F03-RastriginSep,NM-Restart,2,39,0
F03-RastriginSep,NM-Restart,2,40,533.77
F03-RastriginSep,NM-Restart,2,41,3.97983
F03-RastriginSep,NM-Restart,2,42,558.212
F03-RastriginSep,NM-Restart,2,43,548.871
F03-RastriginSep,NM-Restart,2,44,3.97983
F03-RastriginSep,IPOP-CMA-ES,2,15,0
F03-RastriginSep,IPOP-CMA-ES,2,16,578.84
F03-RastriginSep,IPOP-CMA-ES,2,17,0
F03-RastriginSep,IPOP-CMA-ES,2,18,0
F03-RastriginSep,IPOP-CMA-ES,2,19,0
F03-RastriginSep,IPOP-CMA-ES,2,20,0
F03-RastriginSep,IPOP-CMA-ES,2,21,0
F03-RastriginSep,IPOP-CMA-ES,2,22,647.706
F03-RastriginSep,IPOP-CMA-ES,2,23,675.107
F03-RastriginSep,IPOP-CMA-ES,2,24,538.61
F03-RastriginSep,IPOP-CMA-ES,2,25,528.812
F03-RastriginSep,IPOP-CMA-ES,2,26,635.205
F03-RastriginSep,IPOP-CMA-ES,2,27,570.086
F03-RastriginSep,IPOP-CMA-ES,2,28,0
F03-RastriginSep,IPOP-CMA-ES,2,29,539.526
F03-RastriginSep,IPOP-CMA-ES,2,30,0
F03-RastriginSep,IPOP-CMA-ES,2,31,0
F03-RastriginSep,IPOP-CMA-ES,2,32,0
F03-RastriginSep,IPOP-CMA-ES,2,33,0
F03-RastriginSep,IPOP-CMA-ES,2,34,586.261
F03-RastriginSep,IPOP-CMA-ES,2,35,0
F03-RastriginSep,IPOP-CMA-ES,2,36,619.33
F03-RastriginSep,IPOP-CMA-ES,2,37,0
F03-RastriginSep,IPOP-CMA-ES,2,38,3.20112
F03-RastriginSep,IPOP-CMA-ES,2,39,577.088
F03-RastriginSep,IPOP-CMA-ES,2,40,586.067
F03-RastriginSep,IPOP-CMA-ES,2,41,0
F03-RastriginSep,IPOP-CMA-ES,2,42,647.211
F03-RastriginSep,IPOP-CMA-ES,2,43,580.696
F03-RastriginSep,IPOP-CMA-ES,2,44,0
F03-RastriginSep,DE,2,15,0
F03-RastriginSep,DE,2,16,588.847
F03-RastriginSep,DE,2,17,0
F03-RastriginSep,DE,2,18,0
F03-RastriginSep,DE,2,19,0
F03-RastriginSep,DE,2,20,0
F03-RastriginSep,DE,2,21,610.912
F03-RastriginSep,DE,2,22,721.38
F03-RastriginSep,DE,2,23,768.273
F03-RastriginSep,DE,2,24,583.471
F03-RastriginSep,DE,2,25,551.66
F03-RastriginSep,DE,2,26,732.077
F03-RastriginSep,DE,2,27,658.625
F03-RastriginSep,DE,2,28,0
F03-RastriginSep,DE,2,29,569.835
F03-RastriginSep,DE,2,30,0
F03-RastriginSep,DE,2,31,0
F03-RastriginSep,DE,2,32,0
F03-RastriginSep,DE,2,33,0
F03-RastriginSep,DE,2,34,609.309
F03-RastriginSep,DE,2,35,0
F03-RastriginSep,DE,2,36,716.13
F03-RastriginSep,DE,2,37,0
F03-RastriginSep,DE,2,38,555.768
F03-RastriginSep,DE,2,39,678.418
F03-RastriginSep,DE,2,40,660.572
F03-RastriginSep,DE,2,41,0
F03-RastriginSep,DE,2,42,748.051
F03-RastriginSep,DE,2,43,593.038
F03-RastriginSep,DE,2,44,0
F03-RastriginSep,PSO,2,15,1.13687e-13
F03-RastriginSep,PSO,2,16,588.847
F03-RastriginSep,PSO,2,17,1.13687e-13
F03-RastriginSep,PSO,2,18,1.13687e-13
F03-RastriginSep,PSO,2,19,1.13687e-13
F03-RastriginSep,PSO,2,20,1.13687e-13
F03-RastriginSep,PSO,2,21,610.912
F03-RastriginSep,PSO,2,22,721.38
F03-RastriginSep,PSO,2,23,768.273
F03-RastriginSep,PSO,2,24,583.471
F03-RastriginSep,PSO,2,25,551.66
F03-RastriginSep,PSO,2,26,732.077
F03-RastriginSep,PSO,2,27,658.625
F03-RastriginSep,PSO,2,28,1.13687e-13
F03-RastriginSep,PSO,2,29,569.835
F03-RastriginSep,PSO,2,30,1.13687e-13
F03-RastriginSep,PSO,2,31,1.13687e-13
F03-RastriginSep,PSO,2,32,1.13687e-13
F03-RastriginSep,PSO,2,33,1.13687e-13
F03-RastriginSep,PSO,2,34,609.309
F03-RastriginSep,PSO,2,35,1.13687e-13
F03-RastriginSep,PSO,2,36,716.13
F03-RastriginSep,PSO,2,37,1.13687e-13
F03-RastriginSep,PSO,2,38,29.6
F03-RastriginSep,PSO,2,39,678.418
F03-RastriginSep,PSO,2,40,660.572
F03-RastriginSep,PSO,2,41,1.13687e-13
F03-RastriginSep,PSO,2,42,748.051
F03-RastriginSep,PSO,2,43,593.038
F03-RastriginSep,PSO,2,44,1.13687e-13
F03-RastriginSep,Crowding-DE,2,15,0.0373622
F03-RastriginSep,Crowding-DE,2,16,557.072
F03-RastriginSep,Crowding-DE,2,17,0.0373622
F03-RastriginSep,Crowding-DE,2,18,0.0373622
F03-RastriginSep,Crowding-DE,2,19,0.0373622
F03-RastriginSep,Crowding-DE,2,20,0.0373622
F03-RastriginSep,Crowding-DE,2,21,561.081
F03-RastriginSep,Crowding-DE,2,22,683.662
F03-RastriginSep,Crowding-DE,2,23,720.988
F03-RastriginSep,Crowding-DE,2,24,555.961
F03-RastriginSep,Crowding-DE,2,25,0.124895
F03-RastriginSep,Crowding-DE,2,26,682.99
F03-RastriginSep,Crowding-DE,2,27,613.975
F03-RastriginSep,Crowding-DE,2,28,0.0373622
F03-RastriginSep,Crowding-DE,2,29,539.183
F03-RastriginSep,Crowding-DE,2,30,0.0373622
F03-RastriginSep,Crowding-DE,2,31,0.0373622
F03-RastriginSep,Crowding-DE,2,32,0.0373622
F03-RastriginSep,Crowding-DE,2,33,0.0373622
F03-RastriginSep,Crowding-DE,2,34,578.596
F03-RastriginSep,Crowding-DE,2,35,0.0373622
F03-RastriginSep,Crowding-DE,2,36,667.078
F03-RastriginSep,Crowding-DE,2,37,0.0373622
F03-RastriginSep,Crowding-DE,2,38,0.0504264
F03-RastriginSep,Crowding-DE,2,39,627.207
F03-RastriginSep,Crowding-DE,2,40,622.445
F03-RastriginSep,Crowding-DE,2,41,0.0373622
F03-RastriginSep,Crowding-DE,2,42,697.063
F03-RastriginSep,Crowding-DE,2,43,561.409
F03-RastriginSep,Crowding-DE,2,44,0.0373622
F03-RastriginSep,MAP-Elites,2,15,1.176
F03-RastriginSep,MAP-Elites,2,16,574.187
F03-RastriginSep,MAP-Elites,2,17,1.176
F03-RastriginSep,MAP-Elites,2,18,1.176
F03-RastriginSep,MAP-Elites,2,19,1.176
F03-RastriginSep,MAP-Elites,2,20,1.176
F03-RastriginSep,MAP-Elites,2,21,569.982
F03-RastriginSep,MAP-Elites,2,22,700.723
F03-RastriginSep,MAP-Elites,2,23,732.74
F03-RastriginSep,MAP-Elites,2,24,571.229
F03-RastriginSep,MAP-Elites,2,25,537.65
F03-RastriginSep,MAP-Elites,2,26,692.902
F03-RastriginSep,MAP-Elites,2,27,608.349
F03-RastriginSep,MAP-Elites,2,28,1.176
F03-RastriginSep,MAP-Elites,2,29,539.669
F03-RastriginSep,MAP-Elites,2,30,1.176
F03-RastriginSep,MAP-Elites,2,31,1.176
F03-RastriginSep,MAP-Elites,2,32,1.176
F03-RastriginSep,MAP-Elites,2,33,1.176
F03-RastriginSep,MAP-Elites,2,34,595.312
F03-RastriginSep,MAP-Elites,2,35,1.176
F03-RastriginSep,MAP-Elites,2,36,677.032
F03-RastriginSep,MAP-Elites,2,37,1.176
F03-RastriginSep,MAP-Elites,2,38,1.35405
F03-RastriginSep,MAP-Elites,2,39,632.6
F03-RastriginSep,MAP-Elites,2,40,639.35
F03-RastriginSep,MAP-Elites,2,41,1.176
F03-RastriginSep,MAP-Elites,2,42,703.489
F03-RastriginSep,MAP-Elites,2,43,578.476
F03-RastriginSep,MAP-Elites,2,44,1.176
F03-RastriginSep,MC-ESO-crowd,2,15,0.4286
F03-RastriginSep,MC-ESO-crowd,2,16,584.211
F03-RastriginSep,MC-ESO-crowd,2,17,0.4286
F03-RastriginSep,MC-ESO-crowd,2,18,0.4286
F03-RastriginSep,MC-ESO-crowd,2,19,0.4286
F03-RastriginSep,MC-ESO-crowd,2,20,0.4286
F03-RastriginSep,MC-ESO-crowd,2,21,1.10948
F03-RastriginSep,MC-ESO-crowd,2,22,661.498
F03-RastriginSep,MC-ESO-crowd,2,23,683.204
F03-RastriginSep,MC-ESO-crowd,2,24,556.65
F03-RastriginSep,MC-ESO-crowd,2,25,540.533
F03-RastriginSep,MC-ESO-crowd,2,26,641.406
F03-RastriginSep,MC-ESO-crowd,2,27,561.278
F03-RastriginSep,MC-ESO-crowd,2,28,0.4286
F03-RastriginSep,MC-ESO-crowd,2,29,553.39
F03-RastriginSep,MC-ESO-crowd,2,30,0.4286
F03-RastriginSep,MC-ESO-crowd,2,31,0.4286
F03-RastriginSep,MC-ESO-crowd,2,32,0.4286
F03-RastriginSep,MC-ESO-crowd,2,33,0.4286
F03-RastriginSep,MC-ESO-crowd,2,34,598.081
F03-RastriginSep,MC-ESO-crowd,2,35,0.4286
F03-RastriginSep,MC-ESO-crowd,2,36,625.574
F03-RastriginSep,MC-ESO-crowd,2,37,0.4286
F03-RastriginSep,MC-ESO-crowd,2,38,0.0261951
F03-RastriginSep,MC-ESO-crowd,2,39,578.748
F03-RastriginSep,MC-ESO-crowd,2,40,599.685
F03-RastriginSep,MC-ESO-crowd,2,41,0.4286
F03-RastriginSep,MC-ESO-crowd,2,42,649.896
F03-RastriginSep,MC-ESO-crowd,2,43,587.222
F03-RastriginSep,MC-ESO-crowd,2,44,0.4286
F03-RastriginSep,quality,2,15,0
F03-RastriginSep,quality,2,16,573.646
F03-RastriginSep,quality,2,17,0
F03-RastriginSep,quality,2,18,0
F03-RastriginSep,quality,2,19,0
F03-RastriginSep,quality,2,20,0
F03-RastriginSep,quality,2,21,560.873
F03-RastriginSep,quality,2,22,683.67
F03-RastriginSep,quality,2,23,720.848
F03-RastriginSep,quality,2,24,560.122
F03-RastriginSep,quality,2,25,536.851
F03-RastriginSep,quality,2,26,682.805
F03-RastriginSep,quality,2,27,613.506
F03-RastriginSep,quality,2,28,0
F03-RastriginSep,quality,2,29,555.424
F03-RastriginSep,quality,2,30,0
F03-RastriginSep,quality,2,31,0
F03-RastriginSep,quality,2,32,0
F03-RastriginSep,quality,2,33,0
F03-RastriginSep,quality,2,34,594.509
F03-RastriginSep,quality,2,35,0
F03-RastriginSep,quality,2,36,666.894
F03-RastriginSep,quality,2,37,0
F03-RastriginSep,quality,2,38,0.994959
F03-RastriginSep,quality,2,39,626.924
F03-RastriginSep,quality,2,40,622.448
F03-RastriginSep,quality,2,41,0
F03-RastriginSep,quality,2,42,696.801
F03-RastriginSep,quality,2,43,577.889
F03-RastriginSep,quality,2,44,0
F03-RastriginSep,complement,2,15,33.8283
F03-RastriginSep,complement,2,16,39.7961
F03-RastriginSep,complement,2,17,4.97479
F03-RastriginSep,complement,2,18,4.97479
F03-RastriginSep,complement,2,19,4.97479
F03-RastriginSep,complement,2,20,4.97479
F03-RastriginSep,complement,2,21,29.8485
F03-RastriginSep,complement,2,22,107.451
F03-RastriginSep,complement,2,23,99.4916
F03-RastriginSep,complement,2,24,79.5939
F03-RastriginSep,complement,2,25,80.5668
F03-RastriginSep,complement,2,26,112.426
F03-RastriginSep,complement,2,27,23.8788
F03-RastriginSep,complement,2,28,4.97479
F03-RastriginSep,complement,2,29,0
F03-RastriginSep,complement,2,30,4.97479
F03-RastriginSep,complement,2,31,4.97479
F03-RastriginSep,complement,2,32,4.97479
F03-RastriginSep,complement,2,33,4.97479
F03-RastriginSep,complement,2,34,107.451
F03-RastriginSep,complement,2,35,4.97479
F03-RastriginSep,complement,2,36,112.426
F03-RastriginSep,complement,2,37,4.97479
F03-RastriginSep,complement,2,38,3.97983
F03-RastriginSep,complement,2,39,131.329
F03-RastriginSep,complement,2,40,0
F03-RastriginSep,complement,2,41,4.97479
F03-RastriginSep,complement,2,42,112.426
F03-RastriginSep,complement,2,43,43.7758
F03-RastriginSep,complement,2,44,4.97479
F03-RastriginSep,MC-ESO,3,15,697.479
F03-RastriginSep,MC-ESO,3,16,705.603
F03-RastriginSep,MC-ESO,3,17,0
F03-RastriginSep,MC-ESO,3,18,682.991
F03-RastriginSep,MC-ESO,3,19,0
F03-RastriginSep,MC-ESO,3,20,4.49144
F03-RastriginSep,MC-ESO,3,21,0
F03-RastriginSep,MC-ESO,3,22,0
F03-RastriginSep,MC-ESO,3,23,7.47631
F03-RastriginSep,MC-ESO,3,24,0
F03-RastriginSep,MC-ESO,3,25,0
F03-RastriginSep,MC-ESO,3,26,646.485
F03-RastriginSep,MC-ESO,3,27,695.349
F03-RastriginSep,MC-ESO,3,28,0
F03-RastriginSep,MC-ESO,3,29,0
F03-RastriginSep,MC-ESO,3,30,5.4864
F03-RastriginSep,MC-ESO,3,31,723.321
F03-RastriginSep,MC-ESO,3,32,1.99036
F03-RastriginSep,MC-ESO,3,33,0
F03-RastriginSep,MC-ESO,3,34,0
F03-RastriginSep,MC-ESO,3,35,0
F03-RastriginSep,MC-ESO,3,36,716.928
F03-RastriginSep,MC-ESO,3,37,0
F03-RastriginSep,MC-ESO,3,38,721.976
F03-RastriginSep,MC-ESO,3,39,0
F03-RastriginSep,MC-ESO,3,40,0
F03-RastriginSep,MC-ESO,3,41,0
F03-RastriginSep,MC-ESO,3,42,0
F03-RastriginSep,MC-ESO,3,43,754.175
F03-RastriginSep,MC-ESO,3,44,0
F03-RastriginSep,NMMSO,3,15,661.636
F03-RastriginSep,NMMSO,3,16,700.053
F03-RastriginSep,NMMSO,3,17,685.766
F03-RastriginSep,NMMSO,3,18,703.367
F03-RastriginSep,NMMSO,3,19,0.00131332
F03-RastriginSep,NMMSO,3,20,653.457
F03-RastriginSep,NMMSO,3,21,0.00131332
F03-RastriginSep,NMMSO,3,22,0.00131332
F03-RastriginSep,NMMSO,3,23,1.98991
F03-RastriginSep,NMMSO,3,24,670.863
F03-RastriginSep,NMMSO,3,25,0.00131332
F03-RastriginSep,NMMSO,3,26,606.593
F03-RastriginSep,NMMSO,3,27,705.413
F03-RastriginSep,NMMSO,3,28,660.147
F03-RastriginSep,NMMSO,3,29,0.00131332
F03-RastriginSep,NMMSO,3,30,0
F03-RastriginSep,NMMSO,3,31,726.489
F03-RastriginSep,NMMSO,3,32,0
F03-RastriginSep,NMMSO,3,33,0.00131332
F03-RastriginSep,NMMSO,3,34,0.00131332
F03-RastriginSep,NMMSO,3,35,0.00131332
F03-RastriginSep,NMMSO,3,36,686.042
F03-RastriginSep,NMMSO,3,37,2.98866
F03-RastriginSep,NMMSO,3,38,686.678
F03-RastriginSep,NMMSO,3,39,668.241
F03-RastriginSep,NMMSO,3,40,0.00131332
F03-RastriginSep,NMMSO,3,41,652.618
F03-RastriginSep,NMMSO,3,42,0.00131332
F03-RastriginSep,NMMSO,3,43,811.983
F03-RastriginSep,NMMSO,3,44,0.00131332
F03-RastriginSep,NCDE,3,15,661.772
F03-RastriginSep,NCDE,3,16,700.462
F03-RastriginSep,NCDE,3,17,685.796
F03-RastriginSep,NCDE,3,18,710.841
F03-RastriginSep,NCDE,3,19,0.0300633
F03-RastriginSep,NCDE,3,20,653.302
F03-RastriginSep,NCDE,3,21,0.0300633
F03-RastriginSep,NCDE,3,22,0.0300633
F03-RastriginSep,NCDE,3,23,2.01394
F03-RastriginSep,NCDE,3,24,671.027
F03-RastriginSep,NCDE,3,25,0.0300633
F03-RastriginSep,NCDE,3,26,606.686
F03-RastriginSep,NCDE,3,27,696.407
F03-RastriginSep,NCDE,3,28,660.202
F03-RastriginSep,NCDE,3,29,0.0300633
F03-RastriginSep,NCDE,3,30,0.0240317
F03-RastriginSep,NCDE,3,31,743.562
F03-RastriginSep,NCDE,3,32,0.0239916
F03-RastriginSep,NCDE,3,33,0.0300633
F03-RastriginSep,NCDE,3,34,0.0300633
F03-RastriginSep,NCDE,3,35,0.0300633
F03-RastriginSep,NCDE,3,36,686.229
F03-RastriginSep,NCDE,3,37,0.204017
F03-RastriginSep,NCDE,3,38,686.82
F03-RastriginSep,NCDE,3,39,668.333
F03-RastriginSep,NCDE,3,40,0.0300633
F03-RastriginSep,NCDE,3,41,0.204017
F03-RastriginSep,NCDE,3,42,0.0300633
F03-RastriginSep,NCDE,3,43,811.891
F03-RastriginSep,NCDE,3,44,0.0300633
F03-RastriginSep,r3pso,3,15,702.174
F03-RastriginSep,r3pso,3,16,735.446
F03-RastriginSep,r3pso,3,17,809.667
F03-RastriginSep,r3pso,3,18,768.828
F03-RastriginSep,r3pso,3,19,4.0267e-07
F03-RastriginSep,r3pso,3,20,738.121
F03-RastriginSep,r3pso,3,21,4.0267e-07
F03-RastriginSep,r3pso,3,22,4.0267e-07
F03-RastriginSep,r3pso,3,23,690.462
F03-RastriginSep,r3pso,3,24,752.548
F03-RastriginSep,r3pso,3,25,4.0267e-07
F03-RastriginSep,r3pso,3,26,647.273
F03-RastriginSep,r3pso,3,27,735.847
F03-RastriginSep,r3pso,3,28,780.582
F03-RastriginSep,r3pso,3,29,4.0267e-07
F03-RastriginSep,r3pso,3,30,702.428
F03-RastriginSep,r3pso,3,31,787.064
F03-RastriginSep,r3pso,3,32,685.525
F03-RastriginSep,r3pso,3,33,4.0267e-07
F03-RastriginSep,r3pso,3,34,4.0267e-07
F03-RastriginSep,r3pso,3,35,4.0267e-07
F03-RastriginSep,r3pso,3,36,726.202
F03-RastriginSep,r3pso,3,37,662.76
F03-RastriginSep,r3pso,3,38,727.185
F03-RastriginSep,r3pso,3,39,780.53
F03-RastriginSep,r3pso,3,40,4.0267e-07
F03-RastriginSep,r3pso,3,41,667.892
F03-RastriginSep,r3pso,3,42,4.0267e-07
F03-RastriginSep,r3pso,3,43,927.074
F03-RastriginSep,r3pso,3,44,4.0267e-07
F03-RastriginSep,NM-Restart,3,15,664.447
F03-RastriginSep,NM-Restart,3,16,745.072
F03-RastriginSep,NM-Restart,3,17,0.483331
F03-RastriginSep,NM-Restart,3,18,665.148
F03-RastriginSep,NM-Restart,3,19,4.97479
F03-RastriginSep,NM-Restart,3,20,0
F03-RastriginSep,NM-Restart,3,21,4.97479
F03-RastriginSep,NM-Restart,3,22,4.97479
F03-RastriginSep,NM-Restart,3,23,2.98487
F03-RastriginSep,NM-Restart,3,24,0.483331
F03-RastriginSep,NM-Restart,3,25,4.97479
F03-RastriginSep,NM-Restart,3,26,601.484
F03-RastriginSep,NM-Restart,3,27,730.304
F03-RastriginSep,NM-Restart,3,28,0.483331
F03-RastriginSep,NM-Restart,3,29,4.97479
F03-RastriginSep,NM-Restart,3,30,0.994959
F03-RastriginSep,NM-Restart,3,31,694.652
F03-RastriginSep,NM-Restart,3,32,3.97983
F03-RastriginSep,NM-Restart,3,33,4.97479
F03-RastriginSep,NM-Restart,3,34,4.97479
F03-RastriginSep,NM-Restart,3,35,4.97479
F03-RastriginSep,NM-Restart,3,36,698.218
F03-RastriginSep,NM-Restart,3,37,3.97983
F03-RastriginSep,NM-Restart,3,38,690.536
F03-RastriginSep,NM-Restart,3,39,0.483331
F03-RastriginSep,NM-Restart,3,40,4.97479
F03-RastriginSep,NM-Restart,3,41,3.97983
F03-RastriginSep,NM-Restart,3,42,4.97479
F03-RastriginSep,NM-Restart,3,43,765.24
F03-RastriginSep,NM-Restart,3,44,4.97479
F03-RastriginSep,IPOP-CMA-ES,3,15,702.175
F03-RastriginSep,IPOP-CMA-ES,3,16,735.447
F03-RastriginSep,IPOP-CMA-ES,3,17,809.666
F03-RastriginSep,IPOP-CMA-ES,3,18,768.828
F03-RastriginSep,IPOP-CMA-ES,3,19,0
F03-RastriginSep,IPOP-CMA-ES,3,20,738.121
F03-RastriginSep,IPOP-CMA-ES,3,21,0
F03-RastriginSep,IPOP-CMA-ES,3,22,0
F03-RastriginSep,IPOP-CMA-ES,3,23,690.461
F03-RastriginSep,IPOP-CMA-ES,3,24,752.547
F03-RastriginSep,IPOP-CMA-ES,3,25,0
F03-RastriginSep,IPOP-CMA-ES,3,26,647.274
F03-RastriginSep,IPOP-CMA-ES,3,27,735.848
F03-RastriginSep,IPOP-CMA-ES,3,28,780.581
F03-RastriginSep,IPOP-CMA-ES,3,29,0
F03-RastriginSep,IPOP-CMA-ES,3,30,702.427
F03-RastriginSep,IPOP-CMA-ES,3,31,787.065
F03-RastriginSep,IPOP-CMA-ES,3,32,685.524
F03-RastriginSep,IPOP-CMA-ES,3,33,0
F03-RastriginSep,IPOP-CMA-ES,3,34,0
F03-RastriginSep,IPOP-CMA-ES,3,35,0
F03-RastriginSep,IPOP-CMA-ES,3,36,726.203
F03-RastriginSep,IPOP-CMA-ES,3,37,662.762
F03-RastriginSep,IPOP-CMA-ES,3,38,727.186
F03-RastriginSep,IPOP-CMA-ES,3,39,780.529
F03-RastriginSep,IPOP-CMA-ES,3,40,0
F03-RastriginSep,IPOP-CMA-ES,3,41,667.893
F03-RastriginSep,IPOP-CMA-ES,3,42,0
F03-RastriginSep,IPOP-CMA-ES,3,43,927.073
F03-RastriginSep,IPOP-CMA-ES,3,44,0
F03-RastriginSep,DE,3,15,702.175
F03-RastriginSep,DE,3,16,735.447
F03-RastriginSep,DE,3,17,809.666
F03-RastriginSep,DE,3,18,768.828
F03-RastriginSep,DE,3,19,0
F03-RastriginSep,DE,3,20,738.121
F03-RastriginSep,DE,3,21,0
F03-RastriginSep,DE,3,22,0
F03-RastriginSep,DE,3,23,690.461
F03-RastriginSep,DE,3,24,752.547
F03-RastriginSep,DE,3,25,0
F03-RastriginSep,DE,3,26,647.274
F03-RastriginSep,DE,3,27,735.848
F03-RastriginSep,DE,3,28,780.581
F03-RastriginSep,DE,3,29,0
F03-RastriginSep,DE,3,30,702.427
F03-RastriginSep,DE,3,31,787.065
F03-RastriginSep,DE,3,32,685.524
F03-RastriginSep,DE,3,33,0
F03-RastriginSep,DE,3,34,0
F03-RastriginSep,DE,3,35,0
F03-RastriginSep,DE,3,36,726.203
F03-RastriginSep,DE,3,37,662.762
F03-RastriginSep,DE,3,38,727.186
F03-RastriginSep,DE,3,39,780.529
F03-RastriginSep,DE,3,40,0
F03-RastriginSep,DE,3,41,667.893
F03-RastriginSep,DE,3,42,0
F03-RastriginSep,DE,3,43,927.073
F03-RastriginSep,DE,3,44,0
F03-RastriginSep,PSO,3,15,702.175
F03-RastriginSep,PSO,3,16,735.447
F03-RastriginSep,PSO,3,17,737.324
F03-RastriginSep,PSO,3,18,746.278
F03-RastriginSep,PSO,3,19,1.64846e-12
F03-RastriginSep,PSO,3,20,695.691
F03-RastriginSep,PSO,3,21,1.64846e-12
F03-RastriginSep,PSO,3,22,1.64846e-12
F03-RastriginSep,PSO,3,23,672.391
F03-RastriginSep,PSO,3,24,710.433
F03-RastriginSep,PSO,3,25,1.64846e-12
F03-RastriginSep,PSO,3,26,647.274
F03-RastriginSep,PSO,3,27,735.848
F03-RastriginSep,PSO,3,28,710.639
F03-RastriginSep,PSO,3,29,1.64846e-12
F03-RastriginSep,PSO,3,30,675.096
F03-RastriginSep,PSO,3,31,775.206
F03-RastriginSep,PSO,3,32,20.6508
F03-RastriginSep,PSO,3,33,1.64846e-12
F03-RastriginSep,PSO,3,34,1.64846e-12
F03-RastriginSep,PSO,3,35,1.64846e-12
F03-RastriginSep,PSO,3,36,726.203
F03-RastriginSep,PSO,3,37,662.762
F03-RastriginSep,PSO,3,38,727.186
F03-RastriginSep,PSO,3,39,716.361
F03-RastriginSep,PSO,3,40,1.64846e-12
F03-RastriginSep,PSO,3,41,667.893
F03-RastriginSep,PSO,3,42,1.64846e-12
F03-RastriginSep,PSO,3,43,861.915
F03-RastriginSep,PSO,3,44,1.64846e-12
F03-RastriginSep,Crowding-DE,3,15,661.899
F03-RastriginSep,Crowding-DE,3,16,678.41
F03-RastriginSep,Crowding-DE,3,17,747.593
F03-RastriginSep,Crowding-DE,3,18,734.098
F03-RastriginSep,Crowding-DE,3,19,0.0158886
F03-RastriginSep,Crowding-DE,3,20,695.285
F03-RastriginSep,Crowding-DE,3,21,0.0158886
F03-RastriginSep,Crowding-DE,3,22,0.0158886
F03-RastriginSep,Crowding-DE,3,23,665.689
F03-RastriginSep,Crowding-DE,3,24,711.415
F03-RastriginSep,Crowding-DE,3,25,0.0158886
F03-RastriginSep,Crowding-DE,3,26,606.883
F03-RastriginSep,Crowding-DE,3,27,657.727
F03-RastriginSep,Crowding-DE,3,28,720.237
F03-RastriginSep,Crowding-DE,3,29,0.0158886
F03-RastriginSep,Crowding-DE,3,30,671.367
F03-RastriginSep,Crowding-DE,3,31,749.964
F03-RastriginSep,Crowding-DE,3,32,0.0666623
F03-RastriginSep,Crowding-DE,3,33,0.0158886
F03-RastriginSep,Crowding-DE,3,34,0.0158886
F03-RastriginSep,Crowding-DE,3,35,0.0158886
F03-RastriginSep,Crowding-DE,3,36,686.271
F03-RastriginSep,Crowding-DE,3,37,0.0259597
F03-RastriginSep,Crowding-DE,3,38,686.937
F03-RastriginSep,Crowding-DE,3,39,724.234
F03-RastriginSep,Crowding-DE,3,40,0.0158886
F03-RastriginSep,Crowding-DE,3,41,0.0259597
F03-RastriginSep,Crowding-DE,3,42,0.0158886
F03-RastriginSep,Crowding-DE,3,43,869.261
F03-RastriginSep,Crowding-DE,3,44,0.0158886
F03-RastriginSep,MAP-Elites,3,15,678.666
F03-RastriginSep,MAP-Elites,3,16,682.038
F03-RastriginSep,MAP-Elites,3,17,750.834
F03-RastriginSep,MAP-Elites,3,18,722.289
F03-RastriginSep,MAP-Elites,3,19,0.267774
F03-RastriginSep,MAP-Elites,3,20,681.01
F03-RastriginSep,MAP-Elites,3,21,0.267774
F03-RastriginSep,MAP-Elites,3,22,0.267774
F03-RastriginSep,MAP-Elites,3,23,684.264
F03-RastriginSep,MAP-Elites,3,24,726.451
F03-RastriginSep,MAP-Elites,3,25,0.267774
F03-RastriginSep,MAP-Elites,3,26,627.661
F03-RastriginSep,MAP-Elites,3,27,662.524
F03-RastriginSep,MAP-Elites,3,28,725.722
F03-RastriginSep,MAP-Elites,3,29,0.267774
F03-RastriginSep,MAP-Elites,3,30,688.829
F03-RastriginSep,MAP-Elites,3,31,746.797
F03-RastriginSep,MAP-Elites,3,32,1.1039
F03-RastriginSep,MAP-Elites,3,33,0.267774
F03-RastriginSep,MAP-Elites,3,34,0.267774
F03-RastriginSep,MAP-Elites,3,35,0.267774
F03-RastriginSep,MAP-Elites,3,36,698.232
F03-RastriginSep,MAP-Elites,3,37,2.99112
F03-RastriginSep,MAP-Elites,3,38,703.17
F03-RastriginSep,MAP-Elites,3,39,732.928
F03-RastriginSep,MAP-Elites,3,40,0.267774
F03-RastriginSep,MAP-Elites,3,41,2.99112
F03-RastriginSep,MAP-Elites,3,42,0.267774
F03-RastriginSep,MAP-Elites,3,43,861.227
F03-RastriginSep,MAP-Elites,3,44,0.267774
F03-RastriginSep,MC-ESO-crowd,3,15,678.29
F03-RastriginSep,MC-ESO-crowd,3,16,679.107
F03-RastriginSep,MC-ESO-crowd,3,17,686.165
F03-RastriginSep,MC-ESO-crowd,3,18,711.509
F03-RastriginSep,MC-ESO-crowd,3,19,9.29213e-05
F03-RastriginSep,MC-ESO-crowd,3,20,653.985
F03-RastriginSep,MC-ESO-crowd,3,21,9.29213e-05
F03-RastriginSep,MC-ESO-crowd,3,22,9.29213e-05
F03-RastriginSep,MC-ESO-crowd,3,23,2.04625
F03-RastriginSep,MC-ESO-crowd,3,24,670.974
F03-RastriginSep,MC-ESO-crowd,3,25,9.29213e-05
F03-RastriginSep,MC-ESO-crowd,3,26,627.265
F03-RastriginSep,MC-ESO-crowd,3,27,658.519
F03-RastriginSep,MC-ESO-crowd,3,28,660.504
F03-RastriginSep,MC-ESO-crowd,3,29,9.29213e-05
F03-RastriginSep,MC-ESO-crowd,3,30,0.0563377
F03-RastriginSep,MC-ESO-crowd,3,31,744.207
F03-RastriginSep,MC-ESO-crowd,3,32,1.29934
F03-RastriginSep,MC-ESO-crowd,3,33,9.29213e-05
F03-RastriginSep,MC-ESO-crowd,3,34,9.29213e-05
F03-RastriginSep,MC-ESO-crowd,3,35,9.29213e-05
F03-RastriginSep,MC-ESO-crowd,3,36,697.871
F03-RastriginSep,MC-ESO-crowd,3,37,1.04876
F03-RastriginSep,MC-ESO-crowd,3,38,702.796
F03-RastriginSep,MC-ESO-crowd,3,39,668.53
F03-RastriginSep,MC-ESO-crowd,3,40,9.29213e-05
F03-RastriginSep,MC-ESO-crowd,3,41,1.04876
F03-RastriginSep,MC-ESO-crowd,3,42,9.29213e-05
F03-RastriginSep,MC-ESO-crowd,3,43,812.513
F03-RastriginSep,MC-ESO-crowd,3,44,9.29213e-05
F03-RastriginSep,quality,3,15,689.821
F03-RastriginSep,quality,3,16,678.898
F03-RastriginSep,quality,3,17,743.802
F03-RastriginSep,quality,3,18,722.326
F03-RastriginSep,quality,3,19,1.98992
F03-RastriginSep,quality,3,20,681.224
F03-RastriginSep,quality,3,21,1.98992
F03-RastriginSep,quality,3,22,1.98992
F03-RastriginSep,quality,3,23,0
F03-RastriginSep,quality,3,24,694.223
F03-RastriginSep,quality,3,25,1.98992
F03-RastriginSep,quality,3,26,630.94
F03-RastriginSep,quality,3,27,658.388
F03-RastriginSep,quality,3,28,713.822
F03-RastriginSep,quality,3,29,1.98992
F03-RastriginSep,quality,3,30,651.607
F03-RastriginSep,quality,3,31,746.746
F03-RastriginSep,quality,3,32,0.994959
F03-RastriginSep,quality,3,33,1.98992
F03-RastriginSep,quality,3,34,1.98992
F03-RastriginSep,quality,3,35,1.98992
F03-RastriginSep,quality,3,36,710.026
F03-RastriginSep,quality,3,37,0.994957
F03-RastriginSep,quality,3,38,715.361
F03-RastriginSep,quality,3,39,714.118
F03-RastriginSep,quality,3,40,1.98992
F03-RastriginSep,quality,3,41,0.994957
F03-RastriginSep,quality,3,42,1.98992
F03-RastriginSep,quality,3,43,861.674
F03-RastriginSep,quality,3,44,1.98992
F03-RastriginSep,complement,3,15,661.711
F03-RastriginSep,complement,3,16,700.206
F03-RastriginSep,complement,3,17,3.4682
F03-RastriginSep,complement,3,18,0
F03-RastriginSep,complement,3,19,1.98992
F03-RastriginSep,complement,3,20,7.95964
F03-RastriginSep,complement,3,21,1.98992
F03-RastriginSep,complement,3,22,1.98992
F03-RastriginSep,complement,3,23,26.8636
F03-RastriginSep,complement,3,24,19.3873
F03-RastriginSep,complement,3,25,1.98992
F03-RastriginSep,complement,3,26,606.654
F03-RastriginSep,complement,3,27,705.597
F03-RastriginSep,complement,3,28,3.4682
F03-RastriginSep,complement,3,29,1.98992
F03-RastriginSep,complement,3,30,8.9546
F03-RastriginSep,complement,3,31,645.113
F03-RastriginSep,complement,3,32,11.9395
F03-RastriginSep,complement,3,33,1.98992
F03-RastriginSep,complement,3,34,1.98992
F03-RastriginSep,complement,3,35,1.98992
F03-RastriginSep,complement,3,36,686.132
F03-RastriginSep,complement,3,37,0.994957
F03-RastriginSep,complement,3,38,686.754
F03-RastriginSep,complement,3,39,3.4682
F03-RastriginSep,complement,3,40,1.98992
F03-RastriginSep,complement,3,41,0.994957
F03-RastriginSep,complement,3,42,1.98992
F03-RastriginSep,complement,3,43,0
F03-RastriginSep,complement,3,44,1.98992
F03-RastriginSep,MC-ESO,4,15,0
F03-RastriginSep,MC-ESO,4,16,0
F03-RastriginSep,MC-ESO,4,17,50.1431
F03-RastriginSep,MC-ESO,4,18,0
F03-RastriginSep,MC-ESO,4,19,848.826
F03-RastriginSep,MC-ESO,4,20,0
F03-RastriginSep,MC-ESO,4,21,43.1785
F03-RastriginSep,MC-ESO,4,22,0
F03-RastriginSep,MC-ESO,4,23,806.585
F03-RastriginSep,MC-ESO,4,24,50.1431
F03-RastriginSep,MC-ESO,4,25,0
F03-RastriginSep,MC-ESO,4,26,59.0977
F03-RastriginSep,MC-ESO,4,27,82.6832
F03-RastriginSep,MC-ESO,4,28,26.4441
F03-RastriginSep,MC-ESO,4,29,59.0977
F03-RastriginSep,MC-ESO,4,30,0
F03-RastriginSep,MC-ESO,4,31,52.133
F03-RastriginSep,MC-ESO,4,32,0
F03-RastriginSep,MC-ESO,4,33,56.1129
F03-RastriginSep,MC-ESO,4,34,62.2617
F03-RastriginSep,MC-ESO,4,35,0
F03-RastriginSep,MC-ESO,4,36,50.3222
F03-RastriginSep,MC-ESO,4,37,0
F03-RastriginSep,MC-ESO,4,38,26.4441
F03-RastriginSep,MC-ESO,4,39,0
F03-RastriginSep,MC-ESO,4,40,0
F03-RastriginSep,MC-ESO,4,41,0
F03-RastriginSep,MC-ESO,4,42,0
F03-RastriginSep,MC-ESO,4,43,729.824
F03-RastriginSep,MC-ESO,4,44,0
F03-RastriginSep,NMMSO,4,15,2.03579e-09
F03-RastriginSep,NMMSO,4,16,2.03579e-09
F03-RastriginSep,NMMSO,4,17,783.131
F03-RastriginSep,NMMSO,4,18,2.03579e-09
F03-RastriginSep,NMMSO,4,19,740.815
F03-RastriginSep,NMMSO,4,20,2.03579e-09
F03-RastriginSep,NMMSO,4,21,808.068
F03-RastriginSep,NMMSO,4,22,2.03579e-09
F03-RastriginSep,NMMSO,4,23,3.92072e-09
F03-RastriginSep,NMMSO,4,24,743.351
F03-RastriginSep,NMMSO,4,25,2.03579e-09
F03-RastriginSep,NMMSO,4,26,0.0424826
F03-RastriginSep,NMMSO,4,27,752.149
F03-RastriginSep,NMMSO,4,28,843.969
F03-RastriginSep,NMMSO,4,29,0.0424826
F03-RastriginSep,NMMSO,4,30,2.03579e-09
F03-RastriginSep,NMMSO,4,31,754.254
F03-RastriginSep,NMMSO,4,32,2.03579e-09
F03-RastriginSep,NMMSO,4,33,743.914
F03-RastriginSep,NMMSO,4,34,797.803
F03-RastriginSep,NMMSO,4,35,2.03579e-09
F03-RastriginSep,NMMSO,4,36,807.21
F03-RastriginSep,NMMSO,4,37,2.03579e-09
F03-RastriginSep,NMMSO,4,38,835.517
F03-RastriginSep,NMMSO,4,39,2.03579e-09
F03-RastriginSep,NMMSO,4,40,2.03579e-09
F03-RastriginSep,NMMSO,4,41,2.03579e-09
F03-RastriginSep,NMMSO,4,42,2.03579e-09
F03-RastriginSep,NMMSO,4,43,846.262
F03-RastriginSep,NMMSO,4,44,2.03579e-09
F03-RastriginSep,NCDE,4,15,0.0375251
F03-RastriginSep,NCDE,4,16,0.0375251
F03-RastriginSep,NCDE,4,17,831.893
F03-RastriginSep,NCDE,4,18,0.0375251
F03-RastriginSep,NCDE,4,19,740.648
F03-RastriginSep,NCDE,4,20,0.0375251
F03-RastriginSep,NCDE,4,21,878.907
F03-RastriginSep,NCDE,4,22,0.0375251
F03-RastriginSep,NCDE,4,23,0.016703
F03-RastriginSep,NCDE,4,24,813.837
F03-RastriginSep,NCDE,4,25,0.0375251
F03-RastriginSep,NCDE,4,26,0.018166
F03-RastriginSep,NCDE,4,27,752.088
F03-RastriginSep,NCDE,4,28,890.717
F03-RastriginSep,NCDE,4,29,0.018166
F03-RastriginSep,NCDE,4,30,0.0375251
F03-RastriginSep,NCDE,4,31,771.331
F03-RastriginSep,NCDE,4,32,0.0375251
F03-RastriginSep,NCDE,4,33,0.0108016
F03-RastriginSep,NCDE,4,34,755.027
F03-RastriginSep,NCDE,4,35,0.0375251
F03-RastriginSep,NCDE,4,36,795.87
F03-RastriginSep,NCDE,4,37,0.0375251
F03-RastriginSep,NCDE,4,38,873.529
F03-RastriginSep,NCDE,4,39,0.0375251
F03-RastriginSep,NCDE,4,40,0.0375251
F03-RastriginSep,NCDE,4,41,0.0375251
F03-RastriginSep,NCDE,4,42,0.0375251
F03-RastriginSep,NCDE,4,43,817.187
F03-RastriginSep,NCDE,4,44,0.0375251
F03-RastriginSep,r3pso,4,15,5.69003e-11
F03-RastriginSep,r3pso,4,16,5.69003e-11
F03-RastriginSep,r3pso,4,17,881.679
F03-RastriginSep,r3pso,4,18,5.69003e-11
F03-RastriginSep,r3pso,4,19,848.826
F03-RastriginSep,r3pso,4,20,5.69003e-11
F03-RastriginSep,r3pso,4,21,950.697
F03-RastriginSep,r3pso,4,22,5.69003e-11
F03-RastriginSep,r3pso,4,23,806.585
F03-RastriginSep,r3pso,4,24,885.291
F03-RastriginSep,r3pso,4,25,5.69003e-11
F03-RastriginSep,r3pso,4,26,765.346
F03-RastriginSep,r3pso,4,27,836.226
F03-RastriginSep,r3pso,4,28,938.511
F03-RastriginSep,r3pso,4,29,758.982
F03-RastriginSep,r3pso,4,30,5.69003e-11
F03-RastriginSep,r3pso,4,31,813.069
F03-RastriginSep,r3pso,4,32,5.69003e-11
F03-RastriginSep,r3pso,4,33,770.533
F03-RastriginSep,r3pso,4,34,801.677
F03-RastriginSep,r3pso,4,35,5.69003e-11
F03-RastriginSep,r3pso,4,36,840.833
F03-RastriginSep,r3pso,4,37,5.69003e-11
F03-RastriginSep,r3pso,4,38,912.683
F03-RastriginSep,r3pso,4,39,5.69003e-11
F03-RastriginSep,r3pso,4,40,5.69003e-11
F03-RastriginSep,r3pso,4,41,5.69003e-11
F03-RastriginSep,r3pso,4,42,5.69003e-11
F03-RastriginSep,r3pso,4,43,863.353
F03-RastriginSep,r3pso,4,44,5.69003e-11
F03-RastriginSep,NM-Restart,4,15,0.994959
F03-RastriginSep,NM-Restart,4,16,0.994959
F03-RastriginSep,NM-Restart,4,17,754.732
F03-RastriginSep,NM-Restart,4,18,0.994959
F03-RastriginSep,NM-Restart,4,19,740.815
F03-RastriginSep,NM-Restart,4,20,0.994959
F03-RastriginSep,NM-Restart,4,21,734.996
F03-RastriginSep,NM-Restart,4,22,0.994959
F03-RastriginSep,NM-Restart,4,23,0
F03-RastriginSep,NM-Restart,4,24,0
F03-RastriginSep,NM-Restart,4,25,0.994959
F03-RastriginSep,NM-Restart,4,26,3.97983
F03-RastriginSep,NM-Restart,4,27,752.149
F03-RastriginSep,NM-Restart,4,28,818.333
F03-RastriginSep,NM-Restart,4,29,3.97983
F03-RastriginSep,NM-Restart,4,30,0.994959
F03-RastriginSep,NM-Restart,4,31,751.527
F03-RastriginSep,NM-Restart,4,32,0.994959
F03-RastriginSep,NM-Restart,4,33,759.928
F03-RastriginSep,NM-Restart,4,34,806.582
F03-RastriginSep,NM-Restart,4,35,0.994959
F03-RastriginSep,NM-Restart,4,36,819.272
F03-RastriginSep,NM-Restart,4,37,0.994959
F03-RastriginSep,NM-Restart,4,38,821.362
F03-RastriginSep,NM-Restart,4,39,0.994959
F03-RastriginSep,NM-Restart,4,40,0.994959
F03-RastriginSep,NM-Restart,4,41,0.994959
F03-RastriginSep,NM-Restart,4,42,0.994959
F03-RastriginSep,NM-Restart,4,43,867.55
F03-RastriginSep,NM-Restart,4,44,0.994959
F03-RastriginSep,IPOP-CMA-ES,4,15,1.79386e-07
F03-RastriginSep,IPOP-CMA-ES,4,16,1.79386e-07
F03-RastriginSep,IPOP-CMA-ES,4,17,849.324
F03-RastriginSep,IPOP-CMA-ES,4,18,1.79386e-07
F03-RastriginSep,IPOP-CMA-ES,4,19,820.997
F03-RastriginSep,IPOP-CMA-ES,4,20,1.79386e-07
F03-RastriginSep,IPOP-CMA-ES,4,21,950.699
F03-RastriginSep,IPOP-CMA-ES,4,22,1.79386e-07
F03-RastriginSep,IPOP-CMA-ES,4,23,778.713
F03-RastriginSep,IPOP-CMA-ES,4,24,885.293
F03-RastriginSep,IPOP-CMA-ES,4,25,1.79386e-07
F03-RastriginSep,IPOP-CMA-ES,4,26,765.348
F03-RastriginSep,IPOP-CMA-ES,4,27,800.168
F03-RastriginSep,IPOP-CMA-ES,4,28,904.871
F03-RastriginSep,IPOP-CMA-ES,4,29,758.985
F03-RastriginSep,IPOP-CMA-ES,4,30,1.79386e-07
F03-RastriginSep,IPOP-CMA-ES,4,31,771.276
F03-RastriginSep,IPOP-CMA-ES,4,32,1.79386e-07
F03-RastriginSep,IPOP-CMA-ES,4,33,0
F03-RastriginSep,IPOP-CMA-ES,4,34,755.128
F03-RastriginSep,IPOP-CMA-ES,4,35,1.79386e-07
F03-RastriginSep,IPOP-CMA-ES,4,36,795.888
F03-RastriginSep,IPOP-CMA-ES,4,37,1.79386e-07
F03-RastriginSep,IPOP-CMA-ES,4,38,874.431
F03-RastriginSep,IPOP-CMA-ES,4,39,1.79386e-07
F03-RastriginSep,IPOP-CMA-ES,4,40,1.79386e-07
F03-RastriginSep,IPOP-CMA-ES,4,41,1.79386e-07
F03-RastriginSep,IPOP-CMA-ES,4,42,1.79386e-07
F03-RastriginSep,IPOP-CMA-ES,4,43,817.252
F03-RastriginSep,IPOP-CMA-ES,4,44,1.79386e-07
F03-RastriginSep,DE,4,15,0
F03-RastriginSep,DE,4,16,0
F03-RastriginSep,DE,4,17,881.679
F03-RastriginSep,DE,4,18,0
F03-RastriginSep,DE,4,19,848.826
F03-RastriginSep,DE,4,20,0
F03-RastriginSep,DE,4,21,950.697
F03-RastriginSep,DE,4,22,0
F03-RastriginSep,DE,4,23,806.585
F03-RastriginSep,DE,4,24,885.291
F03-RastriginSep,DE,4,25,0
F03-RastriginSep,DE,4,26,765.346
F03-RastriginSep,DE,4,27,836.225
F03-RastriginSep,DE,4,28,938.511
F03-RastriginSep,DE,4,29,758.982
F03-RastriginSep,DE,4,30,0
F03-RastriginSep,DE,4,31,813.069
F03-RastriginSep,DE,4,32,0
F03-RastriginSep,DE,4,33,770.533
F03-RastriginSep,DE,4,34,801.677
F03-RastriginSep,DE,4,35,0
F03-RastriginSep,DE,4,36,840.833
F03-RastriginSep,DE,4,37,0
F03-RastriginSep,DE,4,38,912.683
F03-RastriginSep,DE,4,39,0
F03-RastriginSep,DE,4,40,0
F03-RastriginSep,DE,4,41,0
F03-RastriginSep,DE,4,42,0
F03-RastriginSep,DE,4,43,863.353
F03-RastriginSep,DE,4,44,0
F03-RastriginSep,PSO,4,15,1.61123e-09
F03-RastriginSep,PSO,4,16,1.61123e-09
F03-RastriginSep,PSO,4,17,881.679
F03-RastriginSep,PSO,4,18,1.61123e-09
F03-RastriginSep,PSO,4,19,848.826
F03-RastriginSep,PSO,4,20,1.61123e-09
F03-RastriginSep,PSO,4,21,950.697
F03-RastriginSep,PSO,4,22,1.61123e-09
F03-RastriginSep,PSO,4,23,806.585
F03-RastriginSep,PSO,4,24,885.291
F03-RastriginSep,PSO,4,25,1.61123e-09
F03-RastriginSep,PSO,4,26,765.346
F03-RastriginSep,PSO,4,27,836.225
F03-RastriginSep,PSO,4,28,938.511
F03-RastriginSep,PSO,4,29,758.982
F03-RastriginSep,PSO,4,30,1.61123e-09
F03-RastriginSep,PSO,4,31,813.069
F03-RastriginSep,PSO,4,32,1.61123e-09
F03-RastriginSep,PSO,4,33,770.533
F03-RastriginSep,PSO,4,34,801.677
F03-RastriginSep,PSO,4,35,1.61123e-09
F03-RastriginSep,PSO,4,36,840.833
F03-RastriginSep,PSO,4,37,1.61123e-09
F03-RastriginSep,PSO,4,38,912.683
F03-RastriginSep,PSO,4,39,1.61123e-09
F03-RastriginSep,PSO,4,40,1.61123e-09
F03-RastriginSep,PSO,4,41,1.61123e-09
F03-RastriginSep,PSO,4,42,1.61123e-09
F03-RastriginSep,PSO,4,43,863.353
F03-RastriginSep,PSO,4,44,1.61123e-09
F03-RastriginSep,Crowding-DE,4,15,0.000429765
F03-RastriginSep,Crowding-DE,4,16,0.000429765
F03-RastriginSep,Crowding-DE,4,17,831.698
F03-RastriginSep,Crowding-DE,4,18,0.000429765
F03-RastriginSep,Crowding-DE,4,19,739.759
F03-RastriginSep,Crowding-DE,4,20,0.000429765
F03-RastriginSep,Crowding-DE,4,21,878.341
F03-RastriginSep,Crowding-DE,4,22,0.000429765
F03-RastriginSep,Crowding-DE,4,23,0.0353991
F03-RastriginSep,Crowding-DE,4,24,813.264
F03-RastriginSep,Crowding-DE,4,25,0.000429765
F03-RastriginSep,Crowding-DE,4,26,0.0573691
F03-RastriginSep,Crowding-DE,4,27,751.318
F03-RastriginSep,Crowding-DE,4,28,890.545
F03-RastriginSep,Crowding-DE,4,29,0.0573691
F03-RastriginSep,Crowding-DE,4,30,0.000429765
F03-RastriginSep,Crowding-DE,4,31,770.88
F03-RastriginSep,Crowding-DE,4,32,0.000429765
F03-RastriginSep,Crowding-DE,4,33,0.0419611
F03-RastriginSep,Crowding-DE,4,34,755.131
F03-RastriginSep,Crowding-DE,4,35,0.000429765
F03-RastriginSep,Crowding-DE,4,36,795.676
F03-RastriginSep,Crowding-DE,4,37,0.000429765
F03-RastriginSep,Crowding-DE,4,38,873.447
F03-RastriginSep,Crowding-DE,4,39,0.000429765
F03-RastriginSep,Crowding-DE,4,40,0.000429765
F03-RastriginSep,Crowding-DE,4,41,0.000429765
F03-RastriginSep,Crowding-DE,4,42,0.000429765
F03-RastriginSep,Crowding-DE,4,43,817.159
F03-RastriginSep,Crowding-DE,4,44,0.000429765
F03-RastriginSep,MAP-Elites,4,15,1.63985
F03-RastriginSep,MAP-Elites,4,16,1.63985
F03-RastriginSep,MAP-Elites,4,17,818.172
F03-RastriginSep,MAP-Elites,4,18,1.63985
F03-RastriginSep,MAP-Elites,4,19,741.479
F03-RastriginSep,MAP-Elites,4,20,1.63985
F03-RastriginSep,MAP-Elites,4,21,881.533
F03-RastriginSep,MAP-Elites,4,22,1.63985
F03-RastriginSep,MAP-Elites,4,23,0.0198766
F03-RastriginSep,MAP-Elites,4,24,817.309
F03-RastriginSep,MAP-Elites,4,25,1.63985
F03-RastriginSep,MAP-Elites,4,26,3.46416
F03-RastriginSep,MAP-Elites,4,27,752.728
F03-RastriginSep,MAP-Elites,4,28,876.54
F03-RastriginSep,MAP-Elites,4,29,3.46416
F03-RastriginSep,MAP-Elites,4,30,1.63985
F03-RastriginSep,MAP-Elites,4,31,766.164
F03-RastriginSep,MAP-Elites,4,32,2.62439
F03-RastriginSep,MAP-Elites,4,33,738.705
F03-RastriginSep,MAP-Elites,4,34,779.903
F03-RastriginSep,MAP-Elites,4,35,1.63985
F03-RastriginSep,MAP-Elites,4,36,805.626
F03-RastriginSep,MAP-Elites,4,37,1.63985
F03-RastriginSep,MAP-Elites,4,38,857.771
F03-RastriginSep,MAP-Elites,4,39,1.63985
F03-RastriginSep,MAP-Elites,4,40,1.63985
F03-RastriginSep,MAP-Elites,4,41,1.63985
F03-RastriginSep,MAP-Elites,4,42,1.63985
F03-RastriginSep,MAP-Elites,4,43,836.201
F03-RastriginSep,MAP-Elites,4,44,1.63985
F03-RastriginSep,MC-ESO-crowd,4,15,0.0305129
F03-RastriginSep,MC-ESO-crowd,4,16,0.0305129
F03-RastriginSep,MC-ESO-crowd,4,17,783.535
F03-RastriginSep,MC-ESO-crowd,4,18,0.0305129
F03-RastriginSep,MC-ESO-crowd,4,19,738.637
F03-RastriginSep,MC-ESO-crowd,4,20,0.0305129
F03-RastriginSep,MC-ESO-crowd,4,21,808.531
F03-RastriginSep,MC-ESO-crowd,4,22,0.0305129
F03-RastriginSep,MC-ESO-crowd,4,23,0.497984
F03-RastriginSep,MC-ESO-crowd,4,24,743.809
F03-RastriginSep,MC-ESO-crowd,4,25,0.0305129
F03-RastriginSep,MC-ESO-crowd,4,26,1.05625
F03-RastriginSep,MC-ESO-crowd,4,27,750.779
F03-RastriginSep,MC-ESO-crowd,4,28,844.363
F03-RastriginSep,MC-ESO-crowd,4,29,1.05625
F03-RastriginSep,MC-ESO-crowd,4,30,0.0305129
F03-RastriginSep,MC-ESO-crowd,4,31,754.553
F03-RastriginSep,MC-ESO-crowd,4,32,0.0305129
F03-RastriginSep,MC-ESO-crowd,4,33,744.121
F03-RastriginSep,MC-ESO-crowd,4,34,797.942
F03-RastriginSep,MC-ESO-crowd,4,35,0.0305129
F03-RastriginSep,MC-ESO-crowd,4,36,807.437
F03-RastriginSep,MC-ESO-crowd,4,37,0.0305129
F03-RastriginSep,MC-ESO-crowd,4,38,835.865
F03-RastriginSep,MC-ESO-crowd,4,39,0.0305129
F03-RastriginSep,MC-ESO-crowd,4,40,0.0305129
F03-RastriginSep,MC-ESO-crowd,4,41,0.0305129
F03-RastriginSep,MC-ESO-crowd,4,42,0.0305129
F03-RastriginSep,MC-ESO-crowd,4,43,846.44
F03-RastriginSep,MC-ESO-crowd,4,44,0.0305129
F03-RastriginSep,quality,4,15,1.05729e-11
F03-RastriginSep,quality,4,16,1.05729e-11
F03-RastriginSep,quality,4,17,831.572
F03-RastriginSep,quality,4,18,1.05729e-11
F03-RastriginSep,quality,4,19,792.765
F03-RastriginSep,quality,4,20,1.05729e-11
F03-RastriginSep,quality,4,21,878.618
F03-RastriginSep,quality,4,22,1.05729e-11
F03-RastriginSep,quality,4,23,750.575
F03-RastriginSep,quality,4,24,813.555
F03-RastriginSep,quality,4,25,1.05729e-11
F03-RastriginSep,quality,4,26,0
F03-RastriginSep,quality,4,27,792.358
F03-RastriginSep,quality,4,28,890.4
F03-RastriginSep,quality,4,29,0
F03-RastriginSep,quality,4,30,1.05729e-11
F03-RastriginSep,quality,4,31,782.765
F03-RastriginSep,quality,4,32,1.05729e-11
F03-RastriginSep,quality,4,33,749.211
F03-RastriginSep,quality,4,34,779.889
F03-RastriginSep,quality,4,35,1.05729e-11
F03-RastriginSep,quality,4,36,819.769
F03-RastriginSep,quality,4,37,1.05729e-11
F03-RastriginSep,quality,4,38,873.232
F03-RastriginSep,quality,4,39,1.05729e-11
F03-RastriginSep,quality,4,40,1.05729e-11
F03-RastriginSep,quality,4,41,1.05729e-11
F03-RastriginSep,quality,4,42,1.05729e-11
F03-RastriginSep,quality,4,43,841.767
F03-RastriginSep,quality,4,44,1.05729e-11
F03-RastriginSep,complement,4,15,1.05729e-11
F03-RastriginSep,complement,4,16,1.05729e-11
F03-RastriginSep,complement,4,17,38.8024
F03-RastriginSep,complement,4,18,1.05729e-11
F03-RastriginSep,complement,4,19,764.936
F03-RastriginSep,complement,4,20,1.05729e-11
F03-RastriginSep,complement,4,21,31.8378
F03-RastriginSep,complement,4,22,1.05729e-11
F03-RastriginSep,complement,4,23,0.994959
F03-RastriginSep,complement,4,24,38.8024
F03-RastriginSep,complement,4,25,1.05729e-11
F03-RastriginSep,complement,4,26,0
F03-RastriginSep,complement,4,27,756.301
F03-RastriginSep,complement,4,28,0
F03-RastriginSep,complement,4,29,0
F03-RastriginSep,complement,4,30,1.05729e-11
F03-RastriginSep,complement,4,31,0
F03-RastriginSep,complement,4,32,1.05729e-11
F03-RastriginSep,complement,4,33,3.97983
F03-RastriginSep,complement,4,34,751.255
F03-RastriginSep,complement,4,35,1.05729e-11
F03-RastriginSep,complement,4,36,762.266
F03-RastriginSep,complement,4,37,1.05729e-11
F03-RastriginSep,complement,4,38,0
F03-RastriginSep,complement,4,39,1.05729e-11
F03-RastriginSep,complement,4,40,1.05729e-11
F03-RastriginSep,complement,4,41,1.05729e-11
F03-RastriginSep,complement,4,42,1.05729e-11
F03-RastriginSep,complement,4,43,800.162
F03-RastriginSep,complement,4,44,1.05729e-11
F03-RastriginSep,MC-ESO,5,15,4.20789e-09
F03-RastriginSep,MC-ESO,5,16,0
F03-RastriginSep,MC-ESO,5,17,794.113
F03-RastriginSep,MC-ESO,5,18,0
F03-RastriginSep,MC-ESO,5,19,0
F03-RastriginSep,MC-ESO,5,20,945.489
F03-RastriginSep,MC-ESO,5,21,757.02
F03-RastriginSep,MC-ESO,5,22,0
F03-RastriginSep,MC-ESO,5,23,2.80268
F03-RastriginSep,MC-ESO,5,24,794.251
F03-RastriginSep,MC-ESO,5,25,0
F03-RastriginSep,MC-ESO,5,26,0
F03-RastriginSep,MC-ESO,5,27,0
F03-RastriginSep,MC-ESO,5,28,0
F03-RastriginSep,MC-ESO,5,29,0
F03-RastriginSep,MC-ESO,5,30,878
F03-RastriginSep,MC-ESO,5,31,0
F03-RastriginSep,MC-ESO,5,32,3.28616
F03-RastriginSep,MC-ESO,5,33,3.28616
F03-RastriginSep,MC-ESO,5,34,921.596
F03-RastriginSep,MC-ESO,5,35,0
F03-RastriginSep,MC-ESO,5,36,764.883
F03-RastriginSep,MC-ESO,5,37,0
F03-RastriginSep,MC-ESO,5,38,914.214
F03-RastriginSep,MC-ESO,5,39,0
F03-RastriginSep,MC-ESO,5,40,840.029
F03-RastriginSep,MC-ESO,5,41,0
F03-RastriginSep,MC-ESO,5,42,930.619
F03-RastriginSep,MC-ESO,5,43,829.011
F03-RastriginSep,MC-ESO,5,44,823.512
F03-RastriginSep,NMMSO,5,15,5.49829e-06
F03-RastriginSep,NMMSO,5,16,2.84504e-07
F03-RastriginSep,NMMSO,5,17,778.819
F03-RastriginSep,NMMSO,5,18,2.84504e-07
F03-RastriginSep,NMMSO,5,19,2.84504e-07
F03-RastriginSep,NMMSO,5,20,918.697
F03-RastriginSep,NMMSO,5,21,0
F03-RastriginSep,NMMSO,5,22,2.84504e-07
F03-RastriginSep,NMMSO,5,23,0
F03-RastriginSep,NMMSO,5,24,752.339
F03-RastriginSep,NMMSO,5,25,2.84504e-07
F03-RastriginSep,NMMSO,5,26,2.84504e-07
F03-RastriginSep,NMMSO,5,27,2.84504e-07
F03-RastriginSep,NMMSO,5,28,2.84504e-07
F03-RastriginSep,NMMSO,5,29,2.84504e-07
F03-RastriginSep,NMMSO,5,30,866.866
F03-RastriginSep,NMMSO,5,31,2.84504e-07
F03-RastriginSep,NMMSO,5,32,5.71225e-09
F03-RastriginSep,NMMSO,5,33,5.71225e-09
F03-RastriginSep,NMMSO,5,34,876.72
F03-RastriginSep,NMMSO,5,35,2.84504e-07
F03-RastriginSep,NMMSO,5,36,746.426
F03-RastriginSep,NMMSO,5,37,2.84504e-07
F03-RastriginSep,NMMSO,5,38,878.984
F03-RastriginSep,NMMSO,5,39,2.84504e-07
F03-RastriginSep,NMMSO,5,40,838.707
F03-RastriginSep,NMMSO,5,41,2.84504e-07
F03-RastriginSep,NMMSO,5,42,908.423
F03-RastriginSep,NMMSO,5,43,768.891
F03-RastriginSep,NMMSO,5,44,821.152
F03-RastriginSep,NCDE,5,15,0.128846
F03-RastriginSep,NCDE,5,16,9.11549e-05
F03-RastriginSep,NCDE,5,17,767.502
F03-RastriginSep,NCDE,5,18,9.11549e-05
F03-RastriginSep,NCDE,5,19,9.11549e-05
F03-RastriginSep,NCDE,5,20,918.363
F03-RastriginSep,NCDE,5,21,742.417
F03-RastriginSep,NCDE,5,22,9.11549e-05
F03-RastriginSep,NCDE,5,23,750.741
F03-RastriginSep,NCDE,5,24,751.965
F03-RastriginSep,NCDE,5,25,9.11549e-05
F03-RastriginSep,NCDE,5,26,9.11549e-05
F03-RastriginSep,NCDE,5,27,9.11549e-05
F03-RastriginSep,NCDE,5,28,9.11549e-05
F03-RastriginSep,NCDE,5,29,9.11549e-05
F03-RastriginSep,NCDE,5,30,846.381
F03-RastriginSep,NCDE,5,31,9.11549e-05
F03-RastriginSep,NCDE,5,32,0.00362093
F03-RastriginSep,NCDE,5,33,0.00362093
F03-RastriginSep,NCDE,5,34,876.341
F03-RastriginSep,NCDE,5,35,9.11549e-05
F03-RastriginSep,NCDE,5,36,783.673
F03-RastriginSep,NCDE,5,37,9.11549e-05
F03-RastriginSep,NCDE,5,38,878.625
F03-RastriginSep,NCDE,5,39,9.11549e-05
F03-RastriginSep,NCDE,5,40,793.779
F03-RastriginSep,NCDE,5,41,9.11549e-05
F03-RastriginSep,NCDE,5,42,908.105
F03-RastriginSep,NCDE,5,43,768.769
F03-RastriginSep,NCDE,5,44,781.927
F03-RastriginSep,r3pso,5,15,0.00302991
F03-RastriginSep,r3pso,5,16,3.41061e-12
F03-RastriginSep,r3pso,5,17,794.202
F03-RastriginSep,r3pso,5,18,3.41061e-12
F03-RastriginSep,r3pso,5,19,3.41061e-12
F03-RastriginSep,r3pso,5,20,972.565
F03-RastriginSep,r3pso,5,21,758.344
F03-RastriginSep,r3pso,5,22,3.41061e-12
F03-RastriginSep,r3pso,5,23,750.482
F03-RastriginSep,r3pso,5,24,834.87
F03-RastriginSep,r3pso,5,25,3.41061e-12
F03-RastriginSep,r3pso,5,26,3.41061e-12
F03-RastriginSep,r3pso,5,27,3.41061e-12
F03-RastriginSep,r3pso,5,28,3.41061e-12
F03-RastriginSep,r3pso,5,29,3.41061e-12
F03-RastriginSep,r3pso,5,30,878.093
F03-RastriginSep,r3pso,5,31,3.41061e-12
F03-RastriginSep,r3pso,5,32,743.751
F03-RastriginSep,r3pso,5,33,3.97986
F03-RastriginSep,r3pso,5,34,960.818
F03-RastriginSep,r3pso,5,35,3.41061e-12
F03-RastriginSep,r3pso,5,36,783.189
F03-RastriginSep,r3pso,5,37,3.41061e-12
F03-RastriginSep,r3pso,5,38,950.844
F03-RastriginSep,r3pso,5,39,3.41061e-12
F03-RastriginSep,r3pso,5,40,840.029
F03-RastriginSep,r3pso,5,41,3.41061e-12
F03-RastriginSep,r3pso,5,42,952.481
F03-RastriginSep,r3pso,5,43,810.637
F03-RastriginSep,r3pso,5,44,823.61
F03-RastriginSep,NM-Restart,5,15,0
F03-RastriginSep,NM-Restart,5,16,0.994959
F03-RastriginSep,NM-Restart,5,17,0
F03-RastriginSep,NM-Restart,5,18,0.994959
F03-RastriginSep,NM-Restart,5,19,0.994959
F03-RastriginSep,NM-Restart,5,20,873.453
F03-RastriginSep,NM-Restart,5,21,3.97983
F03-RastriginSep,NM-Restart,5,22,0.994959
F03-RastriginSep,NM-Restart,5,23,3.97983
F03-RastriginSep,NM-Restart,5,24,0.994959
F03-RastriginSep,NM-Restart,5,25,0.994959
F03-RastriginSep,NM-Restart,5,26,0.994959
F03-RastriginSep,NM-Restart,5,27,0.994959
F03-RastriginSep,NM-Restart,5,28,0.994959
F03-RastriginSep,NM-Restart,5,29,0.994959
F03-RastriginSep,NM-Restart,5,30,821.136
F03-RastriginSep,NM-Restart,5,31,0.994959
F03-RastriginSep,NM-Restart,5,32,3.97983
F03-RastriginSep,NM-Restart,5,33,2.98487
F03-RastriginSep,NM-Restart,5,34,815.105
F03-RastriginSep,NM-Restart,5,35,0.994959
F03-RastriginSep,NM-Restart,5,36,2.98487
F03-RastriginSep,NM-Restart,5,37,3.97983
F03-RastriginSep,NM-Restart,5,38,825.777
F03-RastriginSep,NM-Restart,5,39,3.97983
F03-RastriginSep,NM-Restart,5,40,801.83
F03-RastriginSep,NM-Restart,5,41,0.994959
F03-RastriginSep,NM-Restart,5,42,867.71
F03-RastriginSep,NM-Restart,5,43,0.994959
F03-RastriginSep,NM-Restart,5,44,774.548
F03-RastriginSep,IPOP-CMA-ES,5,15,2.00682
F03-RastriginSep,IPOP-CMA-ES,5,16,0
F03-RastriginSep,IPOP-CMA-ES,5,17,812.102
F03-RastriginSep,IPOP-CMA-ES,5,18,0
F03-RastriginSep,IPOP-CMA-ES,5,19,0
F03-RastriginSep,IPOP-CMA-ES,5,20,970.234
F03-RastriginSep,IPOP-CMA-ES,5,21,783.884
F03-RastriginSep,IPOP-CMA-ES,5,22,0
F03-RastriginSep,IPOP-CMA-ES,5,23,766.61
F03-RastriginSep,IPOP-CMA-ES,5,24,816.637
F03-RastriginSep,IPOP-CMA-ES,5,25,0
F03-RastriginSep,IPOP-CMA-ES,5,26,0
F03-RastriginSep,IPOP-CMA-ES,5,27,0
F03-RastriginSep,IPOP-CMA-ES,5,28,0
F03-RastriginSep,IPOP-CMA-ES,5,29,0
F03-RastriginSep,IPOP-CMA-ES,5,30,891.669
F03-RastriginSep,IPOP-CMA-ES,5,31,0
F03-RastriginSep,IPOP-CMA-ES,5,32,0.994959
F03-RastriginSep,IPOP-CMA-ES,5,33,0.994959
F03-RastriginSep,IPOP-CMA-ES,5,34,943.254
F03-RastriginSep,IPOP-CMA-ES,5,35,0
F03-RastriginSep,IPOP-CMA-ES,5,36,806.802
F03-RastriginSep,IPOP-CMA-ES,5,37,0
F03-RastriginSep,IPOP-CMA-ES,5,38,937.893
F03-RastriginSep,IPOP-CMA-ES,5,39,0
F03-RastriginSep,IPOP-CMA-ES,5,40,840.029
F03-RastriginSep,IPOP-CMA-ES,5,41,0
F03-RastriginSep,IPOP-CMA-ES,5,42,952.481
F03-RastriginSep,IPOP-CMA-ES,5,43,817.377
F03-RastriginSep,IPOP-CMA-ES,5,44,828.069
F03-RastriginSep,DE,5,15,747.101
F03-RastriginSep,DE,5,16,0
F03-RastriginSep,DE,5,17,812.102
F03-RastriginSep,DE,5,18,0
F03-RastriginSep,DE,5,19,0
F03-RastriginSep,DE,5,20,972.565
F03-RastriginSep,DE,5,21,785.015
F03-RastriginSep,DE,5,22,0
F03-RastriginSep,DE,5,23,813.6
F03-RastriginSep,DE,5,24,838.425
F03-RastriginSep,DE,5,25,0
F03-RastriginSep,DE,5,26,0
F03-RastriginSep,DE,5,27,0
F03-RastriginSep,DE,5,28,0
F03-RastriginSep,DE,5,29,0
F03-RastriginSep,DE,5,30,891.669
F03-RastriginSep,DE,5,31,0
F03-RastriginSep,DE,5,32,807.281
F03-RastriginSep,DE,5,33,759.361
F03-RastriginSep,DE,5,34,969.111
F03-RastriginSep,DE,5,35,0
F03-RastriginSep,DE,5,36,823.339
F03-RastriginSep,DE,5,37,0
F03-RastriginSep,DE,5,38,950.844
F03-RastriginSep,DE,5,39,0
F03-RastriginSep,DE,5,40,840.029
F03-RastriginSep,DE,5,41,0
F03-RastriginSep,DE,5,42,952.481
F03-RastriginSep,DE,5,43,892.379
F03-RastriginSep,DE,5,44,828.069
F03-RastriginSep,PSO,5,15,747.101
F03-RastriginSep,PSO,5,16,1.7053e-13
F03-RastriginSep,PSO,5,17,812.102
F03-RastriginSep,PSO,5,18,1.7053e-13
F03-RastriginSep,PSO,5,19,1.7053e-13
F03-RastriginSep,PSO,5,20,972.565
F03-RastriginSep,PSO,5,21,785.015
F03-RastriginSep,PSO,5,22,1.7053e-13
F03-RastriginSep,PSO,5,23,813.6
F03-RastriginSep,PSO,5,24,838.425
F03-RastriginSep,PSO,5,25,1.7053e-13
F03-RastriginSep,PSO,5,26,1.7053e-13
F03-RastriginSep,PSO,5,27,1.7053e-13
F03-RastriginSep,PSO,5,28,1.7053e-13
F03-RastriginSep,PSO,5,29,1.7053e-13
F03-RastriginSep,PSO,5,30,891.669
F03-RastriginSep,PSO,5,31,1.7053e-13
F03-RastriginSep,PSO,5,32,807.281
F03-RastriginSep,PSO,5,33,759.361
F03-RastriginSep,PSO,5,34,969.111
F03-RastriginSep,PSO,5,35,1.7053e-13
F03-RastriginSep,PSO,5,36,823.339
F03-RastriginSep,PSO,5,37,1.7053e-13
F03-RastriginSep,PSO,5,38,950.844
F03-RastriginSep,PSO,5,39,1.7053e-13
F03-RastriginSep,PSO,5,40,840.029
F03-RastriginSep,PSO,5,41,1.7053e-13
F03-RastriginSep,PSO,5,42,952.481
F03-RastriginSep,PSO,5,43,892.379
F03-RastriginSep,PSO,5,44,828.069
F03-RastriginSep,Crowding-DE,5,15,0.0174336
F03-RastriginSep,Crowding-DE,5,16,0.00155524
F03-RastriginSep,Crowding-DE,5,17,766.772
F03-RastriginSep,Crowding-DE,5,18,0.00155524
F03-RastriginSep,Crowding-DE,5,19,0.00155524
F03-RastriginSep,Crowding-DE,5,20,918.658
F03-RastriginSep,Crowding-DE,5,21,741.6
F03-RastriginSep,Crowding-DE,5,22,0.00155524
F03-RastriginSep,Crowding-DE,5,23,750.072
F03-RastriginSep,Crowding-DE,5,24,752.121
F03-RastriginSep,Crowding-DE,5,25,0.00155524
F03-RastriginSep,Crowding-DE,5,26,0.00155524
F03-RastriginSep,Crowding-DE,5,27,0.00155524
F03-RastriginSep,Crowding-DE,5,28,0.00155524
F03-RastriginSep,Crowding-DE,5,29,0.00155524
F03-RastriginSep,Crowding-DE,5,30,845.696
F03-RastriginSep,Crowding-DE,5,31,0.00155524
F03-RastriginSep,Crowding-DE,5,32,0.00506859
F03-RastriginSep,Crowding-DE,5,33,0.00506859
F03-RastriginSep,Crowding-DE,5,34,876.465
F03-RastriginSep,Crowding-DE,5,35,0.00155524
F03-RastriginSep,Crowding-DE,5,36,782.808
F03-RastriginSep,Crowding-DE,5,37,0.00155524
F03-RastriginSep,Crowding-DE,5,38,878.846
F03-RastriginSep,Crowding-DE,5,39,0.00155524
F03-RastriginSep,Crowding-DE,5,40,793.29
F03-RastriginSep,Crowding-DE,5,41,0.00155524
F03-RastriginSep,Crowding-DE,5,42,908.437
F03-RastriginSep,Crowding-DE,5,43,768.242
F03-RastriginSep,Crowding-DE,5,44,781.344
F03-RastriginSep,MAP-Elites,5,15,1.33643
F03-RastriginSep,MAP-Elites,5,16,1.1323
F03-RastriginSep,MAP-Elites,5,17,774.41
F03-RastriginSep,MAP-Elites,5,18,1.1323
F03-RastriginSep,MAP-Elites,5,19,1.1323
F03-RastriginSep,MAP-Elites,5,20,953.476
F03-RastriginSep,MAP-Elites,5,21,0.037589
F03-RastriginSep,MAP-Elites,5,22,1.1323
F03-RastriginSep,MAP-Elites,5,23,0.037589
F03-RastriginSep,MAP-Elites,5,24,816.836
F03-RastriginSep,MAP-Elites,5,25,1.1323
F03-RastriginSep,MAP-Elites,5,26,1.1323
F03-RastriginSep,MAP-Elites,5,27,1.1323
F03-RastriginSep,MAP-Elites,5,28,1.1323
F03-RastriginSep,MAP-Elites,5,29,1.1323
F03-RastriginSep,MAP-Elites,5,30,857.838
F03-RastriginSep,MAP-Elites,5,31,1.1323
F03-RastriginSep,MAP-Elites,5,32,2.19896
F03-RastriginSep,MAP-Elites,5,33,2.19896
F03-RastriginSep,MAP-Elites,5,34,943.293
F03-RastriginSep,MAP-Elites,5,35,1.1323
F03-RastriginSep,MAP-Elites,5,36,745.618
F03-RastriginSep,MAP-Elites,5,37,1.1323
F03-RastriginSep,MAP-Elites,5,38,933.274
F03-RastriginSep,MAP-Elites,5,39,1.1323
F03-RastriginSep,MAP-Elites,5,40,818.78
F03-RastriginSep,MAP-Elites,5,41,1.1323
F03-RastriginSep,MAP-Elites,5,42,932.749
F03-RastriginSep,MAP-Elites,5,43,815.546
F03-RastriginSep,MAP-Elites,5,44,802.651
F03-RastriginSep,MC-ESO-crowd,5,15,0.337019
F03-RastriginSep,MC-ESO-crowd,5,16,0.000578287
F03-RastriginSep,MC-ESO-crowd,5,17,793.349
F03-RastriginSep,MC-ESO-crowd,5,18,0.000578287
F03-RastriginSep,MC-ESO-crowd,5,19,0.000578287
F03-RastriginSep,MC-ESO-crowd,5,20,945.253
F03-RastriginSep,MC-ESO-crowd,5,21,757.363
F03-RastriginSep,MC-ESO-crowd,5,22,0.000578287
F03-RastriginSep,MC-ESO-crowd,5,23,1.02777
F03-RastriginSep,MC-ESO-crowd,5,24,792.963
F03-RastriginSep,MC-ESO-crowd,5,25,0.000578287
F03-RastriginSep,MC-ESO-crowd,5,26,0.000578287
F03-RastriginSep,MC-ESO-crowd,5,27,0.000578287
F03-RastriginSep,MC-ESO-crowd,5,28,0.000578287
F03-RastriginSep,MC-ESO-crowd,5,29,0.000578287
F03-RastriginSep,MC-ESO-crowd,5,30,877.307
F03-RastriginSep,MC-ESO-crowd,5,31,0.000578287
F03-RastriginSep,MC-ESO-crowd,5,32,0.769512
F03-RastriginSep,MC-ESO-crowd,5,33,0.769512
F03-RastriginSep,MC-ESO-crowd,5,34,915.562
F03-RastriginSep,MC-ESO-crowd,5,35,0.000578287
F03-RastriginSep,MC-ESO-crowd,5,36,768.647
F03-RastriginSep,MC-ESO-crowd,5,37,0.000578287
F03-RastriginSep,MC-ESO-crowd,5,38,914.254
F03-RastriginSep,MC-ESO-crowd,5,39,0.000578287
F03-RastriginSep,MC-ESO-crowd,5,40,840.047
F03-RastriginSep,MC-ESO-crowd,5,41,0.000578287
F03-RastriginSep,MC-ESO-crowd,5,42,930.223
F03-RastriginSep,MC-ESO-crowd,5,43,747.539
F03-RastriginSep,MC-ESO-crowd,5,44,822.977
F03-RastriginSep,quality,5,15,1.93268e-12
F03-RastriginSep,quality,5,16,6.87805e-12
F03-RastriginSep,quality,5,17,794.113
F03-RastriginSep,quality,5,18,6.87805e-12
F03-RastriginSep,quality,5,19,6.87805e-12
F03-RastriginSep,quality,5,20,924.674
F03-RastriginSep,quality,5,21,758.261
F03-RastriginSep,quality,5,22,6.87805e-12
F03-RastriginSep,quality,5,23,750.455
F03-RastriginSep,quality,5,24,777.394
F03-RastriginSep,quality,5,25,6.87805e-12
F03-RastriginSep,quality,5,26,6.87805e-12
F03-RastriginSep,quality,5,27,6.87805e-12
F03-RastriginSep,quality,5,28,6.87805e-12
F03-RastriginSep,quality,5,29,6.87805e-12
F03-RastriginSep,quality,5,30,878
F03-RastriginSep,quality,5,31,6.87805e-12
F03-RastriginSep,quality,5,32,0
F03-RastriginSep,quality,5,33,0
F03-RastriginSep,quality,5,34,905.732
F03-RastriginSep,quality,5,35,6.87805e-12
F03-RastriginSep,quality,5,36,783.121
F03-RastriginSep,quality,5,37,6.87805e-12
F03-RastriginSep,quality,5,38,895.404
F03-RastriginSep,quality,5,39,6.87805e-12
F03-RastriginSep,quality,5,40,816.841
F03-RastriginSep,quality,5,41,6.87805e-12
F03-RastriginSep,quality,5,42,908.896
F03-RastriginSep,quality,5,43,817.377
F03-RastriginSep,quality,5,44,812.808
F03-RastriginSep,complement,5,15,123.369
F03-RastriginSep,complement,5,16,124.364
F03-RastriginSep,complement,5,17,116.404
F03-RastriginSep,complement,5,18,12.9344
F03-RastriginSep,complement,5,19,12.9344
F03-RastriginSep,complement,5,20,0
F03-RastriginSep,complement,5,21,120.384
F03-RastriginSep,complement,5,22,12.9344
F03-RastriginSep,complement,5,23,120.384
F03-RastriginSep,complement,5,24,3.97983
F03-RastriginSep,complement,5,25,12.9344
F03-RastriginSep,complement,5,26,12.9344
F03-RastriginSep,complement,5,27,124.364
F03-RastriginSep,complement,5,28,12.9344
F03-RastriginSep,complement,5,29,12.9344
F03-RastriginSep,complement,5,30,0
F03-RastriginSep,complement,5,31,12.9344
F03-RastriginSep,complement,5,32,11.9395
F03-RastriginSep,complement,5,33,11.9395
F03-RastriginSep,complement,5,34,32.8327
F03-RastriginSep,complement,5,35,12.9344
F03-RastriginSep,complement,5,36,119.389
F03-RastriginSep,complement,5,37,12.9344
F03-RastriginSep,complement,5,38,32.8327
F03-RastriginSep,complement,5,39,12.9344
F03-RastriginSep,complement,5,40,0
F03-RastriginSep,complement,5,41,124.364
F03-RastriginSep,complement,5,42,0
F03-RastriginSep,complement,5,43,3.97983
F03-RastriginSep,complement,5,44,35.8115
F03-RastriginSep,MC-ESO,6,15,533.158
F03-RastriginSep,MC-ESO,6,16,506.356
F03-RastriginSep,MC-ESO,6,17,0
F03-RastriginSep,MC-ESO,6,18,0
F03-RastriginSep,MC-ESO,6,19,0
F03-RastriginSep,MC-ESO,6,20,0
F03-RastriginSep,MC-ESO,6,21,0
F03-RastriginSep,MC-ESO,6,22,0
F03-RastriginSep,MC-ESO,6,23,0
F03-RastriginSep,MC-ESO,6,24,436.329
F03-RastriginSep,MC-ESO,6,25,0
F03-RastriginSep,MC-ESO,6,26,429.138
F03-RastriginSep,MC-ESO,6,27,409.868
F03-RastriginSep,MC-ESO,6,28,0
F03-RastriginSep,MC-ESO,6,29,429.98
F03-RastriginSep,MC-ESO,6,30,0
F03-RastriginSep,MC-ESO,6,31,504.455
F03-RastriginSep,MC-ESO,6,32,0
F03-RastriginSep,MC-ESO,6,33,0
F03-RastriginSep,MC-ESO,6,34,0
F03-RastriginSep,MC-ESO,6,35,431.001
F03-RastriginSep,MC-ESO,6,36,0
F03-RastriginSep,MC-ESO,6,37,0
F03-RastriginSep,MC-ESO,6,38,413.456
F03-RastriginSep,MC-ESO,6,39,409.217
F03-RastriginSep,MC-ESO,6,40,0
F03-RastriginSep,MC-ESO,6,41,461.884
F03-RastriginSep,MC-ESO,6,42,0
F03-RastriginSep,MC-ESO,6,43,431.408
F03-RastriginSep,MC-ESO,6,44,374.116
F03-RastriginSep,NMMSO,6,15,491.058
F03-RastriginSep,NMMSO,6,16,474.091
F03-RastriginSep,NMMSO,6,17,2.1424e-07
F03-RastriginSep,NMMSO,6,18,2.1424e-07
F03-RastriginSep,NMMSO,6,19,2.1424e-07
F03-RastriginSep,NMMSO,6,20,2.1424e-07
F03-RastriginSep,NMMSO,6,21,2.1424e-07
F03-RastriginSep,NMMSO,6,22,2.1424e-07
F03-RastriginSep,NMMSO,6,23,2.1424e-07
F03-RastriginSep,NMMSO,6,24,404.881
F03-RastriginSep,NMMSO,6,25,2.1424e-07
F03-RastriginSep,NMMSO,6,26,407.449
F03-RastriginSep,NMMSO,6,27,0
F03-RastriginSep,NMMSO,6,28,2.1424e-07
F03-RastriginSep,NMMSO,6,29,411.278
F03-RastriginSep,NMMSO,6,30,2.1424e-07
F03-RastriginSep,NMMSO,6,31,458.559
F03-RastriginSep,NMMSO,6,32,2.1424e-07
F03-RastriginSep,NMMSO,6,33,2.1424e-07
F03-RastriginSep,NMMSO,6,34,2.1424e-07
F03-RastriginSep,NMMSO,6,35,0
F03-RastriginSep,NMMSO,6,36,2.1424e-07
F03-RastriginSep,NMMSO,6,37,2.1424e-07
F03-RastriginSep,NMMSO,6,38,398.647
F03-RastriginSep,NMMSO,6,39,0.992874
F03-RastriginSep,NMMSO,6,40,2.1424e-07
F03-RastriginSep,NMMSO,6,41,422.464
F03-RastriginSep,NMMSO,6,42,2.1424e-07
F03-RastriginSep,NMMSO,6,43,415.073
F03-RastriginSep,NMMSO,6,44,350.993
F03-RastriginSep,NCDE,6,15,491.222
F03-RastriginSep,NCDE,6,16,474.261
F03-RastriginSep,NCDE,6,17,0.00963437
F03-RastriginSep,NCDE,6,18,0.00963437
F03-RastriginSep,NCDE,6,19,0.00963437
F03-RastriginSep,NCDE,6,20,0.00963437
F03-RastriginSep,NCDE,6,21,0.00963437
F03-RastriginSep,NCDE,6,22,0.00963437
F03-RastriginSep,NCDE,6,23,0.00963437
F03-RastriginSep,NCDE,6,24,404.954
F03-RastriginSep,NCDE,6,25,0.00963437
F03-RastriginSep,NCDE,6,26,416.462
F03-RastriginSep,NCDE,6,27,0.0132834
F03-RastriginSep,NCDE,6,28,0.00963437
F03-RastriginSep,NCDE,6,29,411.306
F03-RastriginSep,NCDE,6,30,0.00963437
F03-RastriginSep,NCDE,6,31,458.71
F03-RastriginSep,NCDE,6,32,0.00963437
F03-RastriginSep,NCDE,6,33,0.00963437
F03-RastriginSep,NCDE,6,34,0.00963437
F03-RastriginSep,NCDE,6,35,0.0132834
F03-RastriginSep,NCDE,6,36,0.00963437
F03-RastriginSep,NCDE,6,37,0.00963437
F03-RastriginSep,NCDE,6,38,390.492
F03-RastriginSep,NCDE,6,39,0
F03-RastriginSep,NCDE,6,40,0.00963437
F03-RastriginSep,NCDE,6,41,422.633
F03-RastriginSep,NCDE,6,42,0.00963437
F03-RastriginSep,NCDE,6,43,415.095
F03-RastriginSep,NCDE,6,44,350.705
F03-RastriginSep,r3pso,6,15,531.233
F03-RastriginSep,r3pso,6,16,513.178
F03-RastriginSep,r3pso,6,17,1.29432e-10
F03-RastriginSep,r3pso,6,18,1.29432e-10
F03-RastriginSep,r3pso,6,19,1.29432e-10
F03-RastriginSep,r3pso,6,20,1.29432e-10
F03-RastriginSep,r3pso,6,21,1.29432e-10
F03-RastriginSep,r3pso,6,22,1.29432e-10
F03-RastriginSep,r3pso,6,23,1.29432e-10
F03-RastriginSep,r3pso,6,24,425.016
F03-RastriginSep,r3pso,6,25,1.29432e-10
F03-RastriginSep,r3pso,6,26,442.969
F03-RastriginSep,r3pso,6,27,396.902
F03-RastriginSep,r3pso,6,28,1.29432e-10
F03-RastriginSep,r3pso,6,29,440.311
F03-RastriginSep,r3pso,6,30,1.29432e-10
F03-RastriginSep,r3pso,6,31,496.502
F03-RastriginSep,r3pso,6,32,1.29432e-10
F03-RastriginSep,r3pso,6,33,1.29432e-10
F03-RastriginSep,r3pso,6,34,1.29432e-10
F03-RastriginSep,r3pso,6,35,418.845
F03-RastriginSep,r3pso,6,36,1.29432e-10
F03-RastriginSep,r3pso,6,37,1.29432e-10
F03-RastriginSep,r3pso,6,38,413.456
F03-RastriginSep,r3pso,6,39,409.217
F03-RastriginSep,r3pso,6,40,1.29432e-10
F03-RastriginSep,r3pso,6,41,462.973
F03-RastriginSep,r3pso,6,42,1.29432e-10
F03-RastriginSep,r3pso,6,43,447.406
F03-RastriginSep,r3pso,6,44,374.116
F03-RastriginSep,NM-Restart,6,15,495.171
F03-RastriginSep,NM-Restart,6,16,483.239
F03-RastriginSep,NM-Restart,6,17,4.97479
F03-RastriginSep,NM-Restart,6,18,4.97479
F03-RastriginSep,NM-Restart,6,19,4.97479
F03-RastriginSep,NM-Restart,6,20,4.97479
F03-RastriginSep,NM-Restart,6,21,4.97479
F03-RastriginSep,NM-Restart,6,22,4.97479
F03-RastriginSep,NM-Restart,6,23,4.97479
F03-RastriginSep,NM-Restart,6,24,396.852
F03-RastriginSep,NM-Restart,6,25,4.97479
F03-RastriginSep,NM-Restart,6,26,430.58
F03-RastriginSep,NM-Restart,6,27,0.994959
F03-RastriginSep,NM-Restart,6,28,4.97479
F03-RastriginSep,NM-Restart,6,29,0.994959
F03-RastriginSep,NM-Restart,6,30,4.97479
F03-RastriginSep,NM-Restart,6,31,459.48
F03-RastriginSep,NM-Restart,6,32,4.97479
F03-RastriginSep,NM-Restart,6,33,4.97479
F03-RastriginSep,NM-Restart,6,34,4.97479
F03-RastriginSep,NM-Restart,6,35,0.994959
F03-RastriginSep,NM-Restart,6,36,4.97479
F03-RastriginSep,NM-Restart,6,37,4.97479
F03-RastriginSep,NM-Restart,6,38,392.328
F03-RastriginSep,NM-Restart,6,39,0.992874
F03-RastriginSep,NM-Restart,6,40,4.97479
F03-RastriginSep,NM-Restart,6,41,428.246
F03-RastriginSep,NM-Restart,6,42,4.97479
F03-RastriginSep,NM-Restart,6,43,0.994959
F03-RastriginSep,NM-Restart,6,44,368.233
F03-RastriginSep,IPOP-CMA-ES,6,15,564.81
F03-RastriginSep,IPOP-CMA-ES,6,16,535.676
F03-RastriginSep,IPOP-CMA-ES,6,17,0
F03-RastriginSep,IPOP-CMA-ES,6,18,0
F03-RastriginSep,IPOP-CMA-ES,6,19,0
F03-RastriginSep,IPOP-CMA-ES,6,20,0
F03-RastriginSep,IPOP-CMA-ES,6,21,0
F03-RastriginSep,IPOP-CMA-ES,6,22,0
F03-RastriginSep,IPOP-CMA-ES,6,23,0
F03-RastriginSep,IPOP-CMA-ES,6,24,462.865
F03-RastriginSep,IPOP-CMA-ES,6,25,0
F03-RastriginSep,IPOP-CMA-ES,6,26,442.995
F03-RastriginSep,IPOP-CMA-ES,6,27,437.009
F03-RastriginSep,IPOP-CMA-ES,6,28,0
F03-RastriginSep,IPOP-CMA-ES,6,29,440.311
F03-RastriginSep,IPOP-CMA-ES,6,30,0
F03-RastriginSep,IPOP-CMA-ES,6,31,534.21
F03-RastriginSep,IPOP-CMA-ES,6,32,0
F03-RastriginSep,IPOP-CMA-ES,6,33,0
F03-RastriginSep,IPOP-CMA-ES,6,34,0
F03-RastriginSep,IPOP-CMA-ES,6,35,458.588
F03-RastriginSep,IPOP-CMA-ES,6,36,0
F03-RastriginSep,IPOP-CMA-ES,6,37,0
F03-RastriginSep,IPOP-CMA-ES,6,38,413.456
F03-RastriginSep,IPOP-CMA-ES,6,39,409.217
F03-RastriginSep,IPOP-CMA-ES,6,40,0
F03-RastriginSep,IPOP-CMA-ES,6,41,493.564
F03-RastriginSep,IPOP-CMA-ES,6,42,0
F03-RastriginSep,IPOP-CMA-ES,6,43,447.406
F03-RastriginSep,IPOP-CMA-ES,6,44,374.116
F03-RastriginSep,DE,6,15,564.81
F03-RastriginSep,DE,6,16,535.676
F03-RastriginSep,DE,6,17,0
F03-RastriginSep,DE,6,18,0
F03-RastriginSep,DE,6,19,0
F03-RastriginSep,DE,6,20,0
F03-RastriginSep,DE,6,21,0
F03-RastriginSep,DE,6,22,0
F03-RastriginSep,DE,6,23,0
F03-RastriginSep,DE,6,24,462.865
F03-RastriginSep,DE,6,25,0
F03-RastriginSep,DE,6,26,442.995
F03-RastriginSep,DE,6,27,437.009
F03-RastriginSep,DE,6,28,0
F03-RastriginSep,DE,6,29,440.311
F03-RastriginSep,DE,6,30,0
F03-RastriginSep,DE,6,31,534.21
F03-RastriginSep,DE,6,32,0
F03-RastriginSep,DE,6,33,0
F03-RastriginSep,DE,6,34,0
F03-RastriginSep,DE,6,35,458.588
F03-RastriginSep,DE,6,36,0
F03-RastriginSep,DE,6,37,0
F03-RastriginSep,DE,6,38,413.456
F03-RastriginSep,DE,6,39,409.217
F03-RastriginSep,DE,6,40,0
F03-RastriginSep,DE,6,41,493.564
F03-RastriginSep,DE,6,42,0
F03-RastriginSep,DE,6,43,447.406
F03-RastriginSep,DE,6,44,374.116
F03-RastriginSep,PSO,6,15,564.81
F03-RastriginSep,PSO,6,16,535.676
F03-RastriginSep,PSO,6,17,0
F03-RastriginSep,PSO,6,18,0
F03-RastriginSep,PSO,6,19,0
F03-RastriginSep,PSO,6,20,0
F03-RastriginSep,PSO,6,21,0
F03-RastriginSep,PSO,6,22,0
F03-RastriginSep,PSO,6,23,0
F03-RastriginSep,PSO,6,24,462.865
F03-RastriginSep,PSO,6,25,0
F03-RastriginSep,PSO,6,26,442.995
F03-RastriginSep,PSO,6,27,437.009
F03-RastriginSep,PSO,6,28,0
F03-RastriginSep,PSO,6,29,440.311
F03-RastriginSep,PSO,6,30,0
F03-RastriginSep,PSO,6,31,534.21
F03-RastriginSep,PSO,6,32,0
F03-RastriginSep,PSO,6,33,0
F03-RastriginSep,PSO,6,34,0
F03-RastriginSep,PSO,6,35,458.588
F03-RastriginSep,PSO,6,36,0
F03-RastriginSep,PSO,6,37,0
F03-RastriginSep,PSO,6,38,413.456
F03-RastriginSep,PSO,6,39,409.217
F03-RastriginSep,PSO,6,40,0
F03-RastriginSep,PSO,6,41,493.564
F03-RastriginSep,PSO,6,42,0
F03-RastriginSep,PSO,6,43,447.406
F03-RastriginSep,PSO,6,44,374.116
F03-RastriginSep,Crowding-DE,6,15,491.009
F03-RastriginSep,Crowding-DE,6,16,474.134
F03-RastriginSep,Crowding-DE,6,17,0.014497
F03-RastriginSep,Crowding-DE,6,18,0.014497
F03-RastriginSep,Crowding-DE,6,19,0.014497
F03-RastriginSep,Crowding-DE,6,20,0.014497
F03-RastriginSep,Crowding-DE,6,21,0.014497
F03-RastriginSep,Crowding-DE,6,22,0.014497
F03-RastriginSep,Crowding-DE,6,23,0.014497
F03-RastriginSep,Crowding-DE,6,24,404.693
F03-RastriginSep,Crowding-DE,6,25,0.014497
F03-RastriginSep,Crowding-DE,6,26,416.504
F03-RastriginSep,Crowding-DE,6,27,0.051652
F03-RastriginSep,Crowding-DE,6,28,0.014497
F03-RastriginSep,Crowding-DE,6,29,0.0312143
F03-RastriginSep,Crowding-DE,6,30,0.014497
F03-RastriginSep,Crowding-DE,6,31,458.463
F03-RastriginSep,Crowding-DE,6,32,0.014497
F03-RastriginSep,Crowding-DE,6,33,0.014497
F03-RastriginSep,Crowding-DE,6,34,0.014497
F03-RastriginSep,Crowding-DE,6,35,0.051652
F03-RastriginSep,Crowding-DE,6,36,0.014497
F03-RastriginSep,Crowding-DE,6,37,0.014497
F03-RastriginSep,Crowding-DE,6,38,403.3
F03-RastriginSep,Crowding-DE,6,39,407.686
F03-RastriginSep,Crowding-DE,6,40,0.014497
F03-RastriginSep,Crowding-DE,6,41,422.444
F03-RastriginSep,Crowding-DE,6,42,0.014497
F03-RastriginSep,Crowding-DE,6,43,0.0312143
F03-RastriginSep,Crowding-DE,6,44,374.07
F03-RastriginSep,MAP-Elites,6,15,528.212
F03-RastriginSep,MAP-Elites,6,16,504.795
F03-RastriginSep,MAP-Elites,6,17,0.855944
F03-RastriginSep,MAP-Elites,6,18,0.855944
F03-RastriginSep,MAP-Elites,6,19,0.855944
F03-RastriginSep,MAP-Elites,6,20,0.855944
F03-RastriginSep,MAP-Elites,6,21,0.855944
F03-RastriginSep,MAP-Elites,6,22,0.855944
F03-RastriginSep,MAP-Elites,6,23,0.855944
F03-RastriginSep,MAP-Elites,6,24,435.184
F03-RastriginSep,MAP-Elites,6,25,0.855944
F03-RastriginSep,MAP-Elites,6,26,429.272
F03-RastriginSep,MAP-Elites,6,27,401.869
F03-RastriginSep,MAP-Elites,6,28,0.855944
F03-RastriginSep,MAP-Elites,6,29,1.29887
F03-RastriginSep,MAP-Elites,6,30,0.855944
F03-RastriginSep,MAP-Elites,6,31,496.915
F03-RastriginSep,MAP-Elites,6,32,0.855944
F03-RastriginSep,MAP-Elites,6,33,0.855944
F03-RastriginSep,MAP-Elites,6,34,0.855944
F03-RastriginSep,MAP-Elites,6,35,426.472
F03-RastriginSep,MAP-Elites,6,36,0.855944
F03-RastriginSep,MAP-Elites,6,37,0.855944
F03-RastriginSep,MAP-Elites,6,38,392.336
F03-RastriginSep,MAP-Elites,6,39,1.36548
F03-RastriginSep,MAP-Elites,6,40,0.855944
F03-RastriginSep,MAP-Elites,6,41,458.166
F03-RastriginSep,MAP-Elites,6,42,0.855944
F03-RastriginSep,MAP-Elites,6,43,1.29887
F03-RastriginSep,MAP-Elites,6,44,368.719
F03-RastriginSep,MC-ESO-crowd,6,15,495.112
F03-RastriginSep,MC-ESO-crowd,6,16,483.315
F03-RastriginSep,MC-ESO-crowd,6,17,0.000404167
F03-RastriginSep,MC-ESO-crowd,6,18,0.000404167
F03-RastriginSep,MC-ESO-crowd,6,19,0.000404167
F03-RastriginSep,MC-ESO-crowd,6,20,0.000404167
F03-RastriginSep,MC-ESO-crowd,6,21,0.000404167
F03-RastriginSep,MC-ESO-crowd,6,22,0.000404167
F03-RastriginSep,MC-ESO-crowd,6,23,0.000404167
F03-RastriginSep,MC-ESO-crowd,6,24,396.564
F03-RastriginSep,MC-ESO-crowd,6,25,0.000404167
F03-RastriginSep,MC-ESO-crowd,6,26,430.844
F03-RastriginSep,MC-ESO-crowd,6,27,1.03857
F03-RastriginSep,MC-ESO-crowd,6,28,0.000404167
F03-RastriginSep,MC-ESO-crowd,6,29,410.999
F03-RastriginSep,MC-ESO-crowd,6,30,0.000404167
F03-RastriginSep,MC-ESO-crowd,6,31,459.347
F03-RastriginSep,MC-ESO-crowd,6,32,0.000404167
F03-RastriginSep,MC-ESO-crowd,6,33,0.000404167
F03-RastriginSep,MC-ESO-crowd,6,34,0.000404167
F03-RastriginSep,MC-ESO-crowd,6,35,1.03857
F03-RastriginSep,MC-ESO-crowd,6,36,0.000404167
F03-RastriginSep,MC-ESO-crowd,6,37,0.000404167
F03-RastriginSep,MC-ESO-crowd,6,38,407.69
F03-RastriginSep,MC-ESO-crowd,6,39,408.125
F03-RastriginSep,MC-ESO-crowd,6,40,0.000404167
F03-RastriginSep,MC-ESO-crowd,6,41,428.229
F03-RastriginSep,MC-ESO-crowd,6,42,0.000404167
F03-RastriginSep,MC-ESO-crowd,6,43,414.688
F03-RastriginSep,MC-ESO-crowd,6,44,374.129
F03-RastriginSep,quality,6,15,536.414
F03-RastriginSep,quality,6,16,522.017
F03-RastriginSep,quality,6,17,0.994959
F03-RastriginSep,quality,6,18,0.994959
F03-RastriginSep,quality,6,19,0.994959
F03-RastriginSep,quality,6,20,0.994959
F03-RastriginSep,quality,6,21,0.994959
F03-RastriginSep,quality,6,22,0.994959
F03-RastriginSep,quality,6,23,0.994959
F03-RastriginSep,quality,6,24,421.411
F03-RastriginSep,quality,6,25,3.97983
F03-RastriginSep,quality,6,26,432.607
F03-RastriginSep,quality,6,27,0.994959
F03-RastriginSep,quality,6,28,0.994959
F03-RastriginSep,quality,6,29,0
F03-RastriginSep,quality,6,30,0.994959
F03-RastriginSep,quality,6,31,499.368
F03-RastriginSep,quality,6,32,0.994959
F03-RastriginSep,quality,6,33,0.994959
F03-RastriginSep,quality,6,34,0.994959
F03-RastriginSep,quality,6,35,416.907
F03-RastriginSep,quality,6,36,0.994959
F03-RastriginSep,quality,6,37,0.994959
F03-RastriginSep,quality,6,38,402.319
F03-RastriginSep,quality,6,39,397.905
F03-RastriginSep,quality,6,40,0.994959
F03-RastriginSep,quality,6,41,469.364
F03-RastriginSep,quality,6,42,0.994959
F03-RastriginSep,quality,6,43,0
F03-RastriginSep,quality,6,44,362.781
F03-RastriginSep,complement,6,15,24.8732
F03-RastriginSep,complement,6,16,20.8934
F03-RastriginSep,complement,6,17,0.994959
F03-RastriginSep,complement,6,18,0.994959
F03-RastriginSep,complement,6,19,0.994959
F03-RastriginSep,complement,6,20,0.994959
F03-RastriginSep,complement,6,21,0.994959
F03-RastriginSep,complement,6,22,0.994959
F03-RastriginSep,complement,6,23,0.994959
F03-RastriginSep,complement,6,24,41.7873
F03-RastriginSep,complement,6,25,49.747
F03-RastriginSep,complement,6,26,32.8327
F03-RastriginSep,complement,6,27,45.7671
F03-RastriginSep,complement,6,28,0.994959
F03-RastriginSep,complement,6,29,0
F03-RastriginSep,complement,6,30,0.994959
F03-RastriginSep,complement,6,31,24.8732
F03-RastriginSep,complement,6,32,0.994959
F03-RastriginSep,complement,6,33,0.994959
F03-RastriginSep,complement,6,34,0.994959
F03-RastriginSep,complement,6,35,45.7671
F03-RastriginSep,complement,6,36,0.994959
F03-RastriginSep,complement,6,37,0.994959
F03-RastriginSep,complement,6,38,102.471
F03-RastriginSep,complement,6,39,180.073
F03-RastriginSep,complement,6,40,0.994959
F03-RastriginSep,complement,6,41,33.8277
F03-RastriginSep,complement,6,42,0.994959
F03-RastriginSep,complement,6,43,0
F03-RastriginSep,complement,6,44,0
F03-RastriginSep,MC-ESO,7,15,0
F03-RastriginSep,MC-ESO,7,16,0
F03-RastriginSep,MC-ESO,7,17,1148.29
F03-RastriginSep,MC-ESO,7,18,0
F03-RastriginSep,MC-ESO,7,19,902.926
F03-RastriginSep,MC-ESO,7,20,1132.3
F03-RastriginSep,MC-ESO,7,21,873.596
F03-RastriginSep,MC-ESO,7,22,0
F03-RastriginSep,MC-ESO,7,23,1089.63
F03-RastriginSep,MC-ESO,7,24,882.694
F03-RastriginSep,MC-ESO,7,25,0
F03-RastriginSep,MC-ESO,7,26,872.274
F03-RastriginSep,MC-ESO,7,27,0
F03-RastriginSep,MC-ESO,7,28,0
F03-RastriginSep,MC-ESO,7,29,974.316
F03-RastriginSep,MC-ESO,7,30,0
F03-RastriginSep,MC-ESO,7,31,903.173
F03-RastriginSep,MC-ESO,7,32,870.932
F03-RastriginSep,MC-ESO,7,33,860.439
F03-RastriginSep,MC-ESO,7,34,0
F03-RastriginSep,MC-ESO,7,35,0
F03-RastriginSep,MC-ESO,7,36,0
F03-RastriginSep,MC-ESO,7,37,0
F03-RastriginSep,MC-ESO,7,38,1086.89
F03-RastriginSep,MC-ESO,7,39,927.175
F03-RastriginSep,MC-ESO,7,40,0
F03-RastriginSep,MC-ESO,7,41,887.36
F03-RastriginSep,MC-ESO,7,42,979.417
F03-RastriginSep,MC-ESO,7,43,942.465
F03-RastriginSep,MC-ESO,7,44,0
F03-RastriginSep,NMMSO,7,15,7.51604e-08
F03-RastriginSep,NMMSO,7,16,7.51604e-08
F03-RastriginSep,NMMSO,7,17,1148.29
F03-RastriginSep,NMMSO,7,18,7.51604e-08
F03-RastriginSep,NMMSO,7,19,902.926
F03-RastriginSep,NMMSO,7,20,1132.3
F03-RastriginSep,NMMSO,7,21,873.596
F03-RastriginSep,NMMSO,7,22,7.51604e-08
F03-RastriginSep,NMMSO,7,23,1089.63
F03-RastriginSep,NMMSO,7,24,842.089
F03-RastriginSep,NMMSO,7,25,7.51604e-08
F03-RastriginSep,NMMSO,7,26,872.275
F03-RastriginSep,NMMSO,7,27,7.51604e-08
F03-RastriginSep,NMMSO,7,28,7.51604e-08
F03-RastriginSep,NMMSO,7,29,962.22
F03-RastriginSep,NMMSO,7,30,7.51604e-08
F03-RastriginSep,NMMSO,7,31,851.297
F03-RastriginSep,NMMSO,7,32,870.932
F03-RastriginSep,NMMSO,7,33,860.44
F03-RastriginSep,NMMSO,7,34,7.51604e-08
F03-RastriginSep,NMMSO,7,35,7.51604e-08
F03-RastriginSep,NMMSO,7,36,7.51604e-08
F03-RastriginSep,NMMSO,7,37,7.51604e-08
F03-RastriginSep,NMMSO,7,38,1086.89
F03-RastriginSep,NMMSO,7,39,927.175
F03-RastriginSep,NMMSO,7,40,7.51604e-08
F03-RastriginSep,NMMSO,7,41,887.36
F03-RastriginSep,NMMSO,7,42,979.417
F03-RastriginSep,NMMSO,7,43,889.018
F03-RastriginSep,NMMSO,7,44,7.51604e-08
F03-RastriginSep,NCDE,7,15,0.000870109
F03-RastriginSep,NCDE,7,16,0.000870109
F03-RastriginSep,NCDE,7,17,1148.35
F03-RastriginSep,NCDE,7,18,0.000870109
F03-RastriginSep,NCDE,7,19,902.638
F03-RastriginSep,NCDE,7,20,1132.41
F03-RastriginSep,NCDE,7,21,873.401
F03-RastriginSep,NCDE,7,22,0.000870109
F03-RastriginSep,NCDE,7,23,1089.72
F03-RastriginSep,NCDE,7,24,842.391
F03-RastriginSep,NCDE,7,25,0.000870109
F03-RastriginSep,NCDE,7,26,871.951
F03-RastriginSep,NCDE,7,27,0.000870109
F03-RastriginSep,NCDE,7,28,0.000870109
F03-RastriginSep,NCDE,7,29,962.443
F03-RastriginSep,NCDE,7,30,0.000870109
F03-RastriginSep,NCDE,7,31,851.667
F03-RastriginSep,NCDE,7,32,870.724
F03-RastriginSep,NCDE,7,33,860.125
F03-RastriginSep,NCDE,7,34,0.000870109
F03-RastriginSep,NCDE,7,35,0.000870109
F03-RastriginSep,NCDE,7,36,0.000870109
F03-RastriginSep,NCDE,7,37,0.000870109
F03-RastriginSep,NCDE,7,38,1087
F03-RastriginSep,NCDE,7,39,927.177
F03-RastriginSep,NCDE,7,40,0.000870109
F03-RastriginSep,NCDE,7,41,887.488
F03-RastriginSep,NCDE,7,42,979.138
F03-RastriginSep,NCDE,7,43,889.357
F03-RastriginSep,NCDE,7,44,0.000870109
F03-RastriginSep,r3pso,7,15,5.68434e-13
F03-RastriginSep,r3pso,7,16,5.68434e-13
F03-RastriginSep,r3pso,7,17,1148.61
F03-RastriginSep,r3pso,7,18,5.68434e-13
F03-RastriginSep,r3pso,7,19,904.713
F03-RastriginSep,r3pso,7,20,1132.39
F03-RastriginSep,r3pso,7,21,874.976
F03-RastriginSep,r3pso,7,22,5.68434e-13
F03-RastriginSep,r3pso,7,23,1089.82
F03-RastriginSep,r3pso,7,24,882.1
F03-RastriginSep,r3pso,7,25,5.68434e-13
F03-RastriginSep,r3pso,7,26,874.233
F03-RastriginSep,r3pso,7,27,5.68434e-13
F03-RastriginSep,r3pso,7,28,5.68434e-13
F03-RastriginSep,r3pso,7,29,974.045
F03-RastriginSep,r3pso,7,30,5.68434e-13
F03-RastriginSep,r3pso,7,31,903.173
F03-RastriginSep,r3pso,7,32,872.367
F03-RastriginSep,r3pso,7,33,862.367
F03-RastriginSep,r3pso,7,34,5.68434e-13
F03-RastriginSep,r3pso,7,35,5.68434e-13
F03-RastriginSep,r3pso,7,36,5.68434e-13
F03-RastriginSep,r3pso,7,37,5.68434e-13
F03-RastriginSep,r3pso,7,38,1087
F03-RastriginSep,r3pso,7,39,927.725
F03-RastriginSep,r3pso,7,40,5.68434e-13
F03-RastriginSep,r3pso,7,41,887.382
F03-RastriginSep,r3pso,7,42,981.158
F03-RastriginSep,r3pso,7,43,942.465
F03-RastriginSep,r3pso,7,44,5.68434e-13
F03-RastriginSep,NM-Restart,7,15,3.97983
F03-RastriginSep,NM-Restart,7,16,3.97983
F03-RastriginSep,NM-Restart,7,17,910.434
F03-RastriginSep,NM-Restart,7,18,3.97983
F03-RastriginSep,NM-Restart,7,19,0
F03-RastriginSep,NM-Restart,7,20,932.274
F03-RastriginSep,NM-Restart,7,21,5.96973
F03-RastriginSep,NM-Restart,7,22,3.97983
F03-RastriginSep,NM-Restart,7,23,873.078
F03-RastriginSep,NM-Restart,7,24,839.127
F03-RastriginSep,NM-Restart,7,25,3.97983
F03-RastriginSep,NM-Restart,7,26,0
F03-RastriginSep,NM-Restart,7,27,3.97983
F03-RastriginSep,NM-Restart,7,28,3.97983
F03-RastriginSep,NM-Restart,7,29,850.321
F03-RastriginSep,NM-Restart,7,30,3.97983
F03-RastriginSep,NM-Restart,7,31,851.297
F03-RastriginSep,NM-Restart,7,32,5.96973
F03-RastriginSep,NM-Restart,7,33,2.94534
F03-RastriginSep,NM-Restart,7,34,3.97983
F03-RastriginSep,NM-Restart,7,35,3.97983
F03-RastriginSep,NM-Restart,7,36,3.97983
F03-RastriginSep,NM-Restart,7,37,3.97983
F03-RastriginSep,NM-Restart,7,38,883.681
F03-RastriginSep,NM-Restart,7,39,0
F03-RastriginSep,NM-Restart,7,40,3.97983
F03-RastriginSep,NM-Restart,7,41,4.65136
F03-RastriginSep,NM-Restart,7,42,11.9393
F03-RastriginSep,NM-Restart,7,43,889.018
F03-RastriginSep,NM-Restart,7,44,3.97983
F03-RastriginSep,IPOP-CMA-ES,7,15,0
F03-RastriginSep,IPOP-CMA-ES,7,16,0
F03-RastriginSep,IPOP-CMA-ES,7,17,1211.97
F03-RastriginSep,IPOP-CMA-ES,7,18,0
F03-RastriginSep,IPOP-CMA-ES,7,19,973.917
F03-RastriginSep,IPOP-CMA-ES,7,20,1186.64
F03-RastriginSep,IPOP-CMA-ES,7,21,955.582
F03-RastriginSep,IPOP-CMA-ES,7,22,0
F03-RastriginSep,IPOP-CMA-ES,7,23,1148.05
F03-RastriginSep,IPOP-CMA-ES,7,24,894.829
F03-RastriginSep,IPOP-CMA-ES,7,25,0
F03-RastriginSep,IPOP-CMA-ES,7,26,913.266
F03-RastriginSep,IPOP-CMA-ES,7,27,0
F03-RastriginSep,IPOP-CMA-ES,7,28,0
F03-RastriginSep,IPOP-CMA-ES,7,29,1009.86
F03-RastriginSep,IPOP-CMA-ES,7,30,0
F03-RastriginSep,IPOP-CMA-ES,7,31,903.173
F03-RastriginSep,IPOP-CMA-ES,7,32,952.442
F03-RastriginSep,IPOP-CMA-ES,7,33,887.601
F03-RastriginSep,IPOP-CMA-ES,7,34,0
F03-RastriginSep,IPOP-CMA-ES,7,35,0
F03-RastriginSep,IPOP-CMA-ES,7,36,0
F03-RastriginSep,IPOP-CMA-ES,7,37,0
F03-RastriginSep,IPOP-CMA-ES,7,38,1142.01
F03-RastriginSep,IPOP-CMA-ES,7,39,998.431
F03-RastriginSep,IPOP-CMA-ES,7,40,0
F03-RastriginSep,IPOP-CMA-ES,7,41,938.678
F03-RastriginSep,IPOP-CMA-ES,7,42,1052.92
F03-RastriginSep,IPOP-CMA-ES,7,43,942.465
F03-RastriginSep,IPOP-CMA-ES,7,44,0
F03-RastriginSep,DE,7,15,0
F03-RastriginSep,DE,7,16,0
F03-RastriginSep,DE,7,17,1211.97
F03-RastriginSep,DE,7,18,0
F03-RastriginSep,DE,7,19,973.917
F03-RastriginSep,DE,7,20,1186.64
F03-RastriginSep,DE,7,21,955.582
F03-RastriginSep,DE,7,22,0
F03-RastriginSep,DE,7,23,1148.05
F03-RastriginSep,DE,7,24,894.829
F03-RastriginSep,DE,7,25,0
F03-RastriginSep,DE,7,26,913.266
F03-RastriginSep,DE,7,27,0
F03-RastriginSep,DE,7,28,0
F03-RastriginSep,DE,7,29,1009.86
F03-RastriginSep,DE,7,30,0
F03-RastriginSep,DE,7,31,903.173
F03-RastriginSep,DE,7,32,952.442
F03-RastriginSep,DE,7,33,887.601
F03-RastriginSep,DE,7,34,0
F03-RastriginSep,DE,7,35,0
F03-RastriginSep,DE,7,36,0
F03-RastriginSep,DE,7,37,0
F03-RastriginSep,DE,7,38,1142.01
F03-RastriginSep,DE,7,39,998.431
F03-RastriginSep,DE,7,40,0
F03-RastriginSep,DE,7,41,938.678
F03-RastriginSep,DE,7,42,1052.92
F03-RastriginSep,DE,7,43,942.465
F03-RastriginSep,DE,7,44,0
F03-RastriginSep,PSO,7,15,0
F03-RastriginSep,PSO,7,16,0
F03-RastriginSep,PSO,7,17,1211.97
F03-RastriginSep,PSO,7,18,0
F03-RastriginSep,PSO,7,19,973.917
F03-RastriginSep,PSO,7,20,1186.64
F03-RastriginSep,PSO,7,21,955.582
F03-RastriginSep,PSO,7,22,0
F03-RastriginSep,PSO,7,23,1148.05
F03-RastriginSep,PSO,7,24,894.829
F03-RastriginSep,PSO,7,25,0
F03-RastriginSep,PSO,7,26,913.266
F03-RastriginSep,PSO,7,27,0
F03-RastriginSep,PSO,7,28,0
F03-RastriginSep,PSO,7,29,1009.86
F03-RastriginSep,PSO,7,30,0
F03-RastriginSep,PSO,7,31,903.173
F03-RastriginSep,PSO,7,32,952.442
F03-RastriginSep,PSO,7,33,887.601
F03-RastriginSep,PSO,7,34,0
F03-RastriginSep,PSO,7,35,0
F03-RastriginSep,PSO,7,36,0
F03-RastriginSep,PSO,7,37,0
F03-RastriginSep,PSO,7,38,1142.01
F03-RastriginSep,PSO,7,39,998.431
F03-RastriginSep,PSO,7,40,0
F03-RastriginSep,PSO,7,41,938.678
F03-RastriginSep,PSO,7,42,1052.92
F03-RastriginSep,PSO,7,43,942.465
F03-RastriginSep,PSO,7,44,0
F03-RastriginSep,Crowding-DE,7,15,0.00886932
F03-RastriginSep,Crowding-DE,7,16,0.00886932
F03-RastriginSep,Crowding-DE,7,17,1086.29
F03-RastriginSep,Crowding-DE,7,18,0.00886932
F03-RastriginSep,Crowding-DE,7,19,833.505
F03-RastriginSep,Crowding-DE,7,20,1079.7
F03-RastriginSep,Crowding-DE,7,21,0.00134998
F03-RastriginSep,Crowding-DE,7,22,0.00886932
F03-RastriginSep,Crowding-DE,7,23,1032.93
F03-RastriginSep,Crowding-DE,7,24,872.539
F03-RastriginSep,Crowding-DE,7,25,0.00886932
F03-RastriginSep,Crowding-DE,7,26,832.994
F03-RastriginSep,Crowding-DE,7,27,0.00886932
F03-RastriginSep,Crowding-DE,7,28,0.00886932
F03-RastriginSep,Crowding-DE,7,29,940.616
F03-RastriginSep,Crowding-DE,7,30,0.00886932
F03-RastriginSep,Crowding-DE,7,31,869.025
F03-RastriginSep,Crowding-DE,7,32,0.00134998
F03-RastriginSep,Crowding-DE,7,33,1.95173
F03-RastriginSep,Crowding-DE,7,34,0.00886932
F03-RastriginSep,Crowding-DE,7,35,0.00886932
F03-RastriginSep,Crowding-DE,7,36,0.00886932
F03-RastriginSep,Crowding-DE,7,37,0.00886932
F03-RastriginSep,Crowding-DE,7,38,1033.5
F03-RastriginSep,Crowding-DE,7,39,857.55
F03-RastriginSep,Crowding-DE,7,40,0.00886932
F03-RastriginSep,Crowding-DE,7,41,837.798
F03-RastriginSep,Crowding-DE,7,42,907.472
F03-RastriginSep,Crowding-DE,7,43,942.599
F03-RastriginSep,Crowding-DE,7,44,0.00886932
F03-RastriginSep,MAP-Elites,7,15,1.24673
F03-RastriginSep,MAP-Elites,7,16,1.24673
F03-RastriginSep,MAP-Elites,7,17,1070.34
F03-RastriginSep,MAP-Elites,7,18,1.24673
F03-RastriginSep,MAP-Elites,7,19,848.024
F03-RastriginSep,MAP-Elites,7,20,1060.66
F03-RastriginSep,MAP-Elites,7,21,1.31837
F03-RastriginSep,MAP-Elites,7,22,1.24673
F03-RastriginSep,MAP-Elites,7,23,1015.11
F03-RastriginSep,MAP-Elites,7,24,847.253
F03-RastriginSep,MAP-Elites,7,25,1.24673
F03-RastriginSep,MAP-Elites,7,26,848.532
F03-RastriginSep,MAP-Elites,7,27,1.24673
F03-RastriginSep,MAP-Elites,7,28,1.24673
F03-RastriginSep,MAP-Elites,7,29,917.604
F03-RastriginSep,MAP-Elites,7,30,1.24673
F03-RastriginSep,MAP-Elites,7,31,867.789
F03-RastriginSep,MAP-Elites,7,32,1.31837
F03-RastriginSep,MAP-Elites,7,33,2.10664
F03-RastriginSep,MAP-Elites,7,34,1.24673
F03-RastriginSep,MAP-Elites,7,35,1.24673
F03-RastriginSep,MAP-Elites,7,36,1.24673
F03-RastriginSep,MAP-Elites,7,37,1.24673
F03-RastriginSep,MAP-Elites,7,38,1014.68
F03-RastriginSep,MAP-Elites,7,39,845.121
F03-RastriginSep,MAP-Elites,7,40,1.24673
F03-RastriginSep,MAP-Elites,7,41,0
F03-RastriginSep,MAP-Elites,7,42,920.484
F03-RastriginSep,MAP-Elites,7,43,924.118
F03-RastriginSep,MAP-Elites,7,44,1.24673
F03-RastriginSep,MC-ESO-crowd,7,15,0.0205482
F03-RastriginSep,MC-ESO-crowd,7,16,0.0205482
F03-RastriginSep,MC-ESO-crowd,7,17,1086.14
F03-RastriginSep,MC-ESO-crowd,7,18,0.0205482
F03-RastriginSep,MC-ESO-crowd,7,19,833.293
F03-RastriginSep,MC-ESO-crowd,7,20,1079.59
F03-RastriginSep,MC-ESO-crowd,7,21,0.00457766
F03-RastriginSep,MC-ESO-crowd,7,22,0.0205482
F03-RastriginSep,MC-ESO-crowd,7,23,1032.8
F03-RastriginSep,MC-ESO-crowd,7,24,859.361
F03-RastriginSep,MC-ESO-crowd,7,25,0.0205482
F03-RastriginSep,MC-ESO-crowd,7,26,832.848
F03-RastriginSep,MC-ESO-crowd,7,27,0.0205482
F03-RastriginSep,MC-ESO-crowd,7,28,0.0205482
F03-RastriginSep,MC-ESO-crowd,7,29,940.559
F03-RastriginSep,MC-ESO-crowd,7,30,0.0205482
F03-RastriginSep,MC-ESO-crowd,7,31,884.472
F03-RastriginSep,MC-ESO-crowd,7,32,0.00457766
F03-RastriginSep,MC-ESO-crowd,7,33,0
F03-RastriginSep,MC-ESO-crowd,7,34,0.0205482
F03-RastriginSep,MC-ESO-crowd,7,35,0.0205482
F03-RastriginSep,MC-ESO-crowd,7,36,0.0205482
F03-RastriginSep,MC-ESO-crowd,7,37,0.0205482
F03-RastriginSep,MC-ESO-crowd,7,38,1033.38
F03-RastriginSep,MC-ESO-crowd,7,39,857.38
F03-RastriginSep,MC-ESO-crowd,7,40,0.0205482
F03-RastriginSep,MC-ESO-crowd,7,41,837.693
F03-RastriginSep,MC-ESO-crowd,7,42,907.256
F03-RastriginSep,MC-ESO-crowd,7,43,921.341
F03-RastriginSep,MC-ESO-crowd,7,44,0.0205482
F03-RastriginSep,quality,7,15,4.26326e-11
F03-RastriginSep,quality,7,16,4.26326e-11
F03-RastriginSep,quality,7,17,1086.19
F03-RastriginSep,quality,7,18,4.26326e-11
F03-RastriginSep,quality,7,19,833.47
F03-RastriginSep,quality,7,20,1079.61
F03-RastriginSep,quality,7,21,0
F03-RastriginSep,quality,7,22,4.26326e-11
F03-RastriginSep,quality,7,23,1032.83
F03-RastriginSep,quality,7,24,872.466
F03-RastriginSep,quality,7,25,4.26326e-11
F03-RastriginSep,quality,7,26,833.008
F03-RastriginSep,quality,7,27,4.26326e-11
F03-RastriginSep,quality,7,28,4.26326e-11
F03-RastriginSep,quality,7,29,940.528
F03-RastriginSep,quality,7,30,4.26326e-11
F03-RastriginSep,quality,7,31,860.567
F03-RastriginSep,quality,7,32,0
F03-RastriginSep,quality,7,33,1.95038
F03-RastriginSep,quality,7,34,4.26326e-11
F03-RastriginSep,quality,7,35,4.26326e-11
F03-RastriginSep,quality,7,36,4.26326e-11
F03-RastriginSep,quality,7,37,4.26326e-11
F03-RastriginSep,quality,7,38,1033.4
F03-RastriginSep,quality,7,39,857.454
F03-RastriginSep,quality,7,40,4.26326e-11
F03-RastriginSep,quality,7,41,837.702
F03-RastriginSep,quality,7,42,907.431
F03-RastriginSep,quality,7,43,916.99
F03-RastriginSep,quality,7,44,4.26326e-11
F03-RastriginSep,complement,7,15,4.26326e-11
F03-RastriginSep,complement,7,16,4.26326e-11
F03-RastriginSep,complement,7,17,126.344
F03-RastriginSep,complement,7,18,4.26326e-11
F03-RastriginSep,complement,7,19,5.96968
F03-RastriginSep,complement,7,20,126.344
F03-RastriginSep,complement,7,21,0
F03-RastriginSep,complement,7,22,4.26326e-11
F03-RastriginSep,complement,7,23,0
F03-RastriginSep,complement,7,24,29.8483
F03-RastriginSep,complement,7,25,4.26326e-11
F03-RastriginSep,complement,7,26,5.96968
F03-RastriginSep,complement,7,27,4.26326e-11
F03-RastriginSep,complement,7,28,4.26326e-11
F03-RastriginSep,complement,7,29,0
F03-RastriginSep,complement,7,30,4.26326e-11
F03-RastriginSep,complement,7,31,194.995
F03-RastriginSep,complement,7,32,0
F03-RastriginSep,complement,7,33,1.95038
F03-RastriginSep,complement,7,34,4.26326e-11
F03-RastriginSep,complement,7,35,4.26326e-11
F03-RastriginSep,complement,7,36,4.26326e-11
F03-RastriginSep,complement,7,37,4.26326e-11
F03-RastriginSep,complement,7,38,0
F03-RastriginSep,complement,7,39,5.96968
F03-RastriginSep,complement,7,40,4.26326e-11
F03-RastriginSep,complement,7,41,10.621
F03-RastriginSep,complement,7,42,2.98481
F03-RastriginSep,complement,7,43,790.913
F03-RastriginSep,complement,7,44,4.26326e-11
F03-RastriginSep,MC-ESO,8,15,0
F03-RastriginSep,MC-ESO,8,16,0
F03-RastriginSep,MC-ESO,8,17,0
F03-RastriginSep,MC-ESO,8,18,1762.09
F03-RastriginSep,MC-ESO,8,19,0
F03-RastriginSep,MC-ESO,8,20,12.5661
F03-RastriginSep,MC-ESO,8,21,0
F03-RastriginSep,MC-ESO,8,22,12.5661
F03-RastriginSep,MC-ESO,8,23,1721.92
F03-RastriginSep,MC-ESO,8,24,1769.24
F03-RastriginSep,MC-ESO,8,25,0
F03-RastriginSep,MC-ESO,8,26,0
F03-RastriginSep,MC-ESO,8,27,1811.62
F03-RastriginSep,MC-ESO,8,28,1713.08
F03-RastriginSep,MC-ESO,8,29,12.5661
F03-RastriginSep,MC-ESO,8,30,0
F03-RastriginSep,MC-ESO,8,31,1707.41
F03-RastriginSep,MC-ESO,8,32,0
F03-RastriginSep,MC-ESO,8,33,0
F03-RastriginSep,MC-ESO,8,34,1839.08
F03-RastriginSep,MC-ESO,8,35,0
F03-RastriginSep,MC-ESO,8,36,6.59638
F03-RastriginSep,MC-ESO,8,37,3.9297
F03-RastriginSep,MC-ESO,8,38,0
F03-RastriginSep,MC-ESO,8,39,0
F03-RastriginSep,MC-ESO,8,40,1811.09
F03-RastriginSep,MC-ESO,8,41,1836.83
F03-RastriginSep,MC-ESO,8,42,3.9297
F03-RastriginSep,MC-ESO,8,43,1647.67
F03-RastriginSep,MC-ESO,8,44,2094.68
F03-RastriginSep,NMMSO,8,15,1.9158e-08
F03-RastriginSep,NMMSO,8,16,1.9158e-08
F03-RastriginSep,NMMSO,8,17,1.9158e-08
F03-RastriginSep,NMMSO,8,18,1791.38
F03-RastriginSep,NMMSO,8,19,1.9158e-08
F03-RastriginSep,NMMSO,8,20,1740.17
F03-RastriginSep,NMMSO,8,21,1.9158e-08
F03-RastriginSep,NMMSO,8,22,1686.6
F03-RastriginSep,NMMSO,8,23,1947.88
F03-RastriginSep,NMMSO,8,24,2066.83
F03-RastriginSep,NMMSO,8,25,1.9158e-08
F03-RastriginSep,NMMSO,8,26,1.9158e-08
F03-RastriginSep,NMMSO,8,27,1796.5
F03-RastriginSep,NMMSO,8,28,1998.04
F03-RastriginSep,NMMSO,8,29,1677.71
F03-RastriginSep,NMMSO,8,30,1.9158e-08
F03-RastriginSep,NMMSO,8,31,1746.72
F03-RastriginSep,NMMSO,8,32,1.9158e-08
F03-RastriginSep,NMMSO,8,33,1.9158e-08
F03-RastriginSep,NMMSO,8,34,1666.48
F03-RastriginSep,NMMSO,8,35,1.9158e-08
F03-RastriginSep,NMMSO,8,36,1587.13
F03-RastriginSep,NMMSO,8,37,0.999962
F03-RastriginSep,NMMSO,8,38,1.9158e-08
F03-RastriginSep,NMMSO,8,39,1.9158e-08
F03-RastriginSep,NMMSO,8,40,1855.29
F03-RastriginSep,NMMSO,8,41,1597.3
F03-RastriginSep,NMMSO,8,42,0.999962
F03-RastriginSep,NMMSO,8,43,1945.21
F03-RastriginSep,NMMSO,8,44,2239.6
F03-RastriginSep,NCDE,8,15,0.0115438
F03-RastriginSep,NCDE,8,16,0.0115438
F03-RastriginSep,NCDE,8,17,0.0115438
F03-RastriginSep,NCDE,8,18,1791.5
F03-RastriginSep,NCDE,8,19,0.0115438
F03-RastriginSep,NCDE,8,20,1699.88
F03-RastriginSep,NCDE,8,21,0.0115438
F03-RastriginSep,NCDE,8,22,1677.8
F03-RastriginSep,NCDE,8,23,1973.16
F03-RastriginSep,NCDE,8,24,2053.07
F03-RastriginSep,NCDE,8,25,0.0115438
F03-RastriginSep,NCDE,8,26,0.0115438
F03-RastriginSep,NCDE,8,27,1796.76
F03-RastriginSep,NCDE,8,28,1969.12
F03-RastriginSep,NCDE,8,29,1666.96
F03-RastriginSep,NCDE,8,30,0.0115438
F03-RastriginSep,NCDE,8,31,1746.82
F03-RastriginSep,NCDE,8,32,0.0115438
F03-RastriginSep,NCDE,8,33,0.0115438
F03-RastriginSep,NCDE,8,34,1666.1
F03-RastriginSep,NCDE,8,35,0.0115438
F03-RastriginSep,NCDE,8,36,1587.36
F03-RastriginSep,NCDE,8,37,0.0102604
F03-RastriginSep,NCDE,8,38,0.0115438
F03-RastriginSep,NCDE,8,39,0.0115438
F03-RastriginSep,NCDE,8,40,1855.37
F03-RastriginSep,NCDE,8,41,1597.09
F03-RastriginSep,NCDE,8,42,0.0102604
F03-RastriginSep,NCDE,8,43,1932.74
F03-RastriginSep,NCDE,8,44,2239.48
F03-RastriginSep,r3pso,8,15,1.11754e-10
F03-RastriginSep,r3pso,8,16,1.11754e-10
F03-RastriginSep,r3pso,8,17,1.11754e-10
F03-RastriginSep,r3pso,8,18,1849.44
F03-RastriginSep,r3pso,8,19,1.11754e-10
F03-RastriginSep,r3pso,8,20,1700.06
F03-RastriginSep,r3pso,8,21,1.11754e-10
F03-RastriginSep,r3pso,8,22,1677.72
F03-RastriginSep,r3pso,8,23,1972.86
F03-RastriginSep,r3pso,8,24,2053.03
F03-RastriginSep,r3pso,8,25,1.11754e-10
F03-RastriginSep,r3pso,8,26,1.11754e-10
F03-RastriginSep,r3pso,8,27,1879.35
F03-RastriginSep,r3pso,8,28,1969.2
F03-RastriginSep,r3pso,8,29,1666.9
F03-RastriginSep,r3pso,8,30,1.11754e-10
F03-RastriginSep,r3pso,8,31,1798.96
F03-RastriginSep,r3pso,8,32,1.11754e-10
F03-RastriginSep,r3pso,8,33,1.11754e-10
F03-RastriginSep,r3pso,8,34,1752.7
F03-RastriginSep,r3pso,8,35,1.11754e-10
F03-RastriginSep,r3pso,8,36,1665.71
F03-RastriginSep,r3pso,8,37,9.52567e-05
F03-RastriginSep,r3pso,8,38,1.11754e-10
F03-RastriginSep,r3pso,8,39,1.11754e-10
F03-RastriginSep,r3pso,8,40,1904.66
F03-RastriginSep,r3pso,8,41,1716.07
F03-RastriginSep,r3pso,8,42,9.52567e-05
F03-RastriginSep,r3pso,8,43,1932.68
F03-RastriginSep,r3pso,8,44,2247.44
F03-RastriginSep,NM-Restart,8,15,0
F03-RastriginSep,NM-Restart,8,16,0
F03-RastriginSep,NM-Restart,8,17,0
F03-RastriginSep,NM-Restart,8,18,1732.11
F03-RastriginSep,NM-Restart,8,19,0
F03-RastriginSep,NM-Restart,8,20,0
F03-RastriginSep,NM-Restart,8,21,0
F03-RastriginSep,NM-Restart,8,22,0
F03-RastriginSep,NM-Restart,8,23,0
F03-RastriginSep,NM-Restart,8,24,1604.44
F03-RastriginSep,NM-Restart,8,25,0
F03-RastriginSep,NM-Restart,8,26,0
F03-RastriginSep,NM-Restart,8,27,1826.76
F03-RastriginSep,NM-Restart,8,28,0
F03-RastriginSep,NM-Restart,8,29,0
F03-RastriginSep,NM-Restart,8,30,0
F03-RastriginSep,NM-Restart,8,31,1667.21
F03-RastriginSep,NM-Restart,8,32,0
F03-RastriginSep,NM-Restart,8,33,0
F03-RastriginSep,NM-Restart,8,34,1803.14
F03-RastriginSep,NM-Restart,8,35,0
F03-RastriginSep,NM-Restart,8,36,1601.54
F03-RastriginSep,NM-Restart,8,37,0.994976
F03-RastriginSep,NM-Restart,8,38,0
F03-RastriginSep,NM-Restart,8,39,0
F03-RastriginSep,NM-Restart,8,40,1765.92
F03-RastriginSep,NM-Restart,8,41,1702.83
F03-RastriginSep,NM-Restart,8,42,0.994976
F03-RastriginSep,NM-Restart,8,43,0
F03-RastriginSep,NM-Restart,8,44,2014.55
F03-RastriginSep,IPOP-CMA-ES,8,15,0.585447
F03-RastriginSep,IPOP-CMA-ES,8,16,0.585447
F03-RastriginSep,IPOP-CMA-ES,8,17,0.585447
F03-RastriginSep,IPOP-CMA-ES,8,18,1895.57
F03-RastriginSep,IPOP-CMA-ES,8,19,0.585447
F03-RastriginSep,IPOP-CMA-ES,8,20,1740.32
F03-RastriginSep,IPOP-CMA-ES,8,21,0.585447
F03-RastriginSep,IPOP-CMA-ES,8,22,1686.95
F03-RastriginSep,IPOP-CMA-ES,8,23,1948.31
F03-RastriginSep,IPOP-CMA-ES,8,24,2067.16
F03-RastriginSep,IPOP-CMA-ES,8,25,0.585447
F03-RastriginSep,IPOP-CMA-ES,8,26,0.585447
F03-RastriginSep,IPOP-CMA-ES,8,27,1904.23
F03-RastriginSep,IPOP-CMA-ES,8,28,1998.28
F03-RastriginSep,IPOP-CMA-ES,8,29,1678.05
F03-RastriginSep,IPOP-CMA-ES,8,30,0.585447
F03-RastriginSep,IPOP-CMA-ES,8,31,1849.82
F03-RastriginSep,IPOP-CMA-ES,8,32,0.585447
F03-RastriginSep,IPOP-CMA-ES,8,33,0.585447
F03-RastriginSep,IPOP-CMA-ES,8,34,1749.56
F03-RastriginSep,IPOP-CMA-ES,8,35,0.585447
F03-RastriginSep,IPOP-CMA-ES,8,36,1694.39
F03-RastriginSep,IPOP-CMA-ES,8,37,0.994959
F03-RastriginSep,IPOP-CMA-ES,8,38,0.585447
F03-RastriginSep,IPOP-CMA-ES,8,39,0.585447
F03-RastriginSep,IPOP-CMA-ES,8,40,1957.81
F03-RastriginSep,IPOP-CMA-ES,8,41,1712.91
F03-RastriginSep,IPOP-CMA-ES,8,42,0.994959
F03-RastriginSep,IPOP-CMA-ES,8,43,1945.54
F03-RastriginSep,IPOP-CMA-ES,8,44,2297.48
F03-RastriginSep,DE,8,15,0
F03-RastriginSep,DE,8,16,0
F03-RastriginSep,DE,8,17,0
F03-RastriginSep,DE,8,18,1892.5
F03-RastriginSep,DE,8,19,0
F03-RastriginSep,DE,8,20,1814.89
F03-RastriginSep,DE,8,21,0
F03-RastriginSep,DE,8,22,1833.84
F03-RastriginSep,DE,8,23,2114.07
F03-RastriginSep,DE,8,24,2206.58
F03-RastriginSep,DE,8,25,0
F03-RastriginSep,DE,8,26,0
F03-RastriginSep,DE,8,27,1900.82
F03-RastriginSep,DE,8,28,2106.68
F03-RastriginSep,DE,8,29,1822.16
F03-RastriginSep,DE,8,30,0
F03-RastriginSep,DE,8,31,1846.83
F03-RastriginSep,DE,8,32,0
F03-RastriginSep,DE,8,33,0
F03-RastriginSep,DE,8,34,1839.08
F03-RastriginSep,DE,8,35,0
F03-RastriginSep,DE,8,36,1691.03
F03-RastriginSep,DE,8,37,1672.49
F03-RastriginSep,DE,8,38,0
F03-RastriginSep,DE,8,39,0
F03-RastriginSep,DE,8,40,1954.86
F03-RastriginSep,DE,8,41,1836.83
F03-RastriginSep,DE,8,42,1646.22
F03-RastriginSep,DE,8,43,2087.03
F03-RastriginSep,DE,8,44,2329.04
F03-RastriginSep,PSO,8,15,5.19947e-10
F03-RastriginSep,PSO,8,16,5.19947e-10
F03-RastriginSep,PSO,8,17,5.19947e-10
F03-RastriginSep,PSO,8,18,1892.5
F03-RastriginSep,PSO,8,19,5.19947e-10
F03-RastriginSep,PSO,8,20,1814.89
F03-RastriginSep,PSO,8,21,5.19947e-10
F03-RastriginSep,PSO,8,22,1833.84
F03-RastriginSep,PSO,8,23,2114.07
F03-RastriginSep,PSO,8,24,2206.58
F03-RastriginSep,PSO,8,25,5.19947e-10
F03-RastriginSep,PSO,8,26,5.19947e-10
F03-RastriginSep,PSO,8,27,1900.82
F03-RastriginSep,PSO,8,28,2106.68
F03-RastriginSep,PSO,8,29,1822.16
F03-RastriginSep,PSO,8,30,5.19947e-10
F03-RastriginSep,PSO,8,31,1846.83
F03-RastriginSep,PSO,8,32,5.19947e-10
F03-RastriginSep,PSO,8,33,5.19947e-10
F03-RastriginSep,PSO,8,34,1839.08
F03-RastriginSep,PSO,8,35,5.19947e-10
F03-RastriginSep,PSO,8,36,1691.03
F03-RastriginSep,PSO,8,37,1672.49
F03-RastriginSep,PSO,8,38,5.19947e-10
F03-RastriginSep,PSO,8,39,5.19947e-10
F03-RastriginSep,PSO,8,40,1954.86
F03-RastriginSep,PSO,8,41,1836.83
F03-RastriginSep,PSO,8,42,1646.22
F03-RastriginSep,PSO,8,43,2087.03
F03-RastriginSep,PSO,8,44,2329.04
F03-RastriginSep,Crowding-DE,8,15,0.0707321
F03-RastriginSep,Crowding-DE,8,16,0.0707321
F03-RastriginSep,Crowding-DE,8,17,0.0707321
F03-RastriginSep,Crowding-DE,8,18,1807.2
F03-RastriginSep,Crowding-DE,8,19,0.0707321
F03-RastriginSep,Crowding-DE,8,20,0.0663145
F03-RastriginSep,Crowding-DE,8,21,0.0707321
F03-RastriginSep,Crowding-DE,8,22,0.0663145
F03-RastriginSep,Crowding-DE,8,23,1831.77
F03-RastriginSep,Crowding-DE,8,24,1899.01
F03-RastriginSep,Crowding-DE,8,25,0.0707321
F03-RastriginSep,Crowding-DE,8,26,0.0707321
F03-RastriginSep,Crowding-DE,8,27,1859.02
F03-RastriginSep,Crowding-DE,8,28,1831.36
F03-RastriginSep,Crowding-DE,8,29,0.0663145
F03-RastriginSep,Crowding-DE,8,30,0.0707321
F03-RastriginSep,Crowding-DE,8,31,1751.85
F03-RastriginSep,Crowding-DE,8,32,0.0707321
F03-RastriginSep,Crowding-DE,8,33,0.0707321
F03-RastriginSep,Crowding-DE,8,34,1668.24
F03-RastriginSep,Crowding-DE,8,35,0.0707321
F03-RastriginSep,Crowding-DE,8,36,1641.46
F03-RastriginSep,Crowding-DE,8,37,0.101643
F03-RastriginSep,Crowding-DE,8,38,0.0707321
F03-RastriginSep,Crowding-DE,8,39,0.0707321
F03-RastriginSep,Crowding-DE,8,40,1855.18
F03-RastriginSep,Crowding-DE,8,41,1599.54
F03-RastriginSep,Crowding-DE,8,42,0.101643
F03-RastriginSep,Crowding-DE,8,43,1777.89
F03-RastriginSep,Crowding-DE,8,44,2166.13
F03-RastriginSep,MAP-Elites,8,15,0.414444
F03-RastriginSep,MAP-Elites,8,16,0.414444
F03-RastriginSep,MAP-Elites,8,17,0.414444
F03-RastriginSep,MAP-Elites,8,18,1791.76
F03-RastriginSep,MAP-Elites,8,19,0.414444
F03-RastriginSep,MAP-Elites,8,20,1675.53
F03-RastriginSep,MAP-Elites,8,21,0.414444
F03-RastriginSep,MAP-Elites,8,22,1683.06
F03-RastriginSep,MAP-Elites,8,23,1948.39
F03-RastriginSep,MAP-Elites,8,24,2053.89
F03-RastriginSep,MAP-Elites,8,25,0.414444
F03-RastriginSep,MAP-Elites,8,26,0.414444
F03-RastriginSep,MAP-Elites,8,27,1798.15
F03-RastriginSep,MAP-Elites,8,28,1955.9
F03-RastriginSep,MAP-Elites,8,29,1670.49
F03-RastriginSep,MAP-Elites,8,30,0.414444
F03-RastriginSep,MAP-Elites,8,31,1746.82
F03-RastriginSep,MAP-Elites,8,32,0.414444
F03-RastriginSep,MAP-Elites,8,33,0.414444
F03-RastriginSep,MAP-Elites,8,34,1743.25
F03-RastriginSep,MAP-Elites,8,35,0.414444
F03-RastriginSep,MAP-Elites,8,36,1588.56
F03-RastriginSep,MAP-Elites,8,37,2.99699
F03-RastriginSep,MAP-Elites,8,38,0.414444
F03-RastriginSep,MAP-Elites,8,39,0.414444
F03-RastriginSep,MAP-Elites,8,40,1855.24
F03-RastriginSep,MAP-Elites,8,41,1704.33
F03-RastriginSep,MAP-Elites,8,42,2.99699
F03-RastriginSep,MAP-Elites,8,43,1934.72
F03-RastriginSep,MAP-Elites,8,44,2212.31
F03-RastriginSep,MC-ESO-crowd,8,15,0.252917
F03-RastriginSep,MC-ESO-crowd,8,16,0.252917
F03-RastriginSep,MC-ESO-crowd,8,17,0.252917
F03-RastriginSep,MC-ESO-crowd,8,18,1807.72
F03-RastriginSep,MC-ESO-crowd,8,19,0.252917
F03-RastriginSep,MC-ESO-crowd,8,20,0.0979483
F03-RastriginSep,MC-ESO-crowd,8,21,0.252917
F03-RastriginSep,MC-ESO-crowd,8,22,0.0979483
F03-RastriginSep,MC-ESO-crowd,8,23,1830.9
F03-RastriginSep,MC-ESO-crowd,8,24,1898.56
F03-RastriginSep,MC-ESO-crowd,8,25,0.252917
F03-RastriginSep,MC-ESO-crowd,8,26,0.252917
F03-RastriginSep,MC-ESO-crowd,8,27,1859.64
F03-RastriginSep,MC-ESO-crowd,8,28,1831.16
F03-RastriginSep,MC-ESO-crowd,8,29,0.0979483
F03-RastriginSep,MC-ESO-crowd,8,30,0.252917
F03-RastriginSep,MC-ESO-crowd,8,31,1752.33
F03-RastriginSep,MC-ESO-crowd,8,32,0.252917
F03-RastriginSep,MC-ESO-crowd,8,33,0.252917
F03-RastriginSep,MC-ESO-crowd,8,34,1706.15
F03-RastriginSep,MC-ESO-crowd,8,35,0.252917
F03-RastriginSep,MC-ESO-crowd,8,36,1642.06
F03-RastriginSep,MC-ESO-crowd,8,37,0.0657244
F03-RastriginSep,MC-ESO-crowd,8,38,0.252917
F03-RastriginSep,MC-ESO-crowd,8,39,0.252917
F03-RastriginSep,MC-ESO-crowd,8,40,1855.65
F03-RastriginSep,MC-ESO-crowd,8,41,1624.57
F03-RastriginSep,MC-ESO-crowd,8,42,0.0657244
F03-RastriginSep,MC-ESO-crowd,8,43,1777.42
F03-RastriginSep,MC-ESO-crowd,8,44,2166.41
F03-RastriginSep,quality,8,15,2.84217e-12
F03-RastriginSep,quality,8,16,2.84217e-12
F03-RastriginSep,quality,8,17,2.84217e-12
F03-RastriginSep,quality,8,18,1791.38
F03-RastriginSep,quality,8,19,2.84217e-12
F03-RastriginSep,quality,8,20,1667.3
F03-RastriginSep,quality,8,21,2.84217e-12
F03-RastriginSep,quality,8,22,1671.64
F03-RastriginSep,quality,8,23,1948.31
F03-RastriginSep,quality,8,24,2042.74
F03-RastriginSep,quality,8,25,2.84217e-12
F03-RastriginSep,quality,8,26,2.84217e-12
F03-RastriginSep,quality,8,27,1796.5
F03-RastriginSep,quality,8,28,1946.06
F03-RastriginSep,quality,8,29,1659.17
F03-RastriginSep,quality,8,30,2.84217e-12
F03-RastriginSep,quality,8,31,1746.72
F03-RastriginSep,quality,8,32,2.84217e-12
F03-RastriginSep,quality,8,33,2.84217e-12
F03-RastriginSep,quality,8,34,1752.96
F03-RastriginSep,quality,8,35,2.84217e-12
F03-RastriginSep,quality,8,36,1587.13
F03-RastriginSep,quality,8,37,0
F03-RastriginSep,quality,8,38,2.84217e-12
F03-RastriginSep,quality,8,39,2.84217e-12
F03-RastriginSep,quality,8,40,1855.29
F03-RastriginSep,quality,8,41,1772.66
F03-RastriginSep,quality,8,42,0
F03-RastriginSep,quality,8,43,1923.49
F03-RastriginSep,quality,8,44,2206.29
F03-RastriginSep,complement,8,15,1.98992
F03-RastriginSep,complement,8,16,1.98992
F03-RastriginSep,complement,8,17,1.98992
F03-RastriginSep,complement,8,18,0
F03-RastriginSep,complement,8,19,1.98992
F03-RastriginSep,complement,8,20,29.8485
F03-RastriginSep,complement,8,21,1.98992
F03-RastriginSep,complement,8,22,29.8485
F03-RastriginSep,complement,8,23,17.9091
F03-RastriginSep,complement,8,24,13.9292
F03-RastriginSep,complement,8,25,1.98992
F03-RastriginSep,complement,8,26,1.98992
F03-RastriginSep,complement,8,27,11.9371
F03-RastriginSep,complement,8,28,17.9091
F03-RastriginSep,complement,8,29,29.8485
F03-RastriginSep,complement,8,30,1.98992
F03-RastriginSep,complement,8,31,13.9292
F03-RastriginSep,complement,8,32,1.98992
F03-RastriginSep,complement,8,33,1.98992
F03-RastriginSep,complement,8,34,161.171
F03-RastriginSep,complement,8,35,1.98992
F03-RastriginSep,complement,8,36,23.8788
F03-RastriginSep,complement,8,37,0.994959
F03-RastriginSep,complement,8,38,1.98992
F03-RastriginSep,complement,8,39,1.98992
F03-RastriginSep,complement,8,40,0
F03-RastriginSep,complement,8,41,164.156
F03-RastriginSep,complement,8,42,0.994959
F03-RastriginSep,complement,8,43,17.9091
F03-RastriginSep,complement,8,44,11.9371
F03-RastriginSep,MC-ESO,9,15,0
F03-RastriginSep,MC-ESO,9,16,0
F03-RastriginSep,MC-ESO,9,17,0
F03-RastriginSep,MC-ESO,9,18,0
F03-RastriginSep,MC-ESO,9,19,812.303
F03-RastriginSep,MC-ESO,9,20,707.709
F03-RastriginSep,MC-ESO,9,21,0
F03-RastriginSep,MC-ESO,9,22,1125.03
F03-RastriginSep,MC-ESO,9,23,0
F03-RastriginSep,MC-ESO,9,24,0.0861382
F03-RastriginSep,MC-ESO,9,25,1164
F03-RastriginSep,MC-ESO,9,26,1149.32
F03-RastriginSep,MC-ESO,9,27,0.240003
F03-RastriginSep,MC-ESO,9,28,0
F03-RastriginSep,MC-ESO,9,29,1089.71
F03-RastriginSep,MC-ESO,9,30,1043.08
F03-RastriginSep,MC-ESO,9,31,0
F03-RastriginSep,MC-ESO,9,32,930.775
F03-RastriginSep,MC-ESO,9,33,0
F03-RastriginSep,MC-ESO,9,34,1049.33
F03-RastriginSep,MC-ESO,9,35,0
F03-RastriginSep,MC-ESO,9,36,0
F03-RastriginSep,MC-ESO,9,37,0
F03-RastriginSep,MC-ESO,9,38,897.434
F03-RastriginSep,MC-ESO,9,39,0
F03-RastriginSep,MC-ESO,9,40,0
F03-RastriginSep,MC-ESO,9,41,0
F03-RastriginSep,MC-ESO,9,42,868.681
F03-RastriginSep,MC-ESO,9,43,865.861
F03-RastriginSep,MC-ESO,9,44,1042.65
F03-RastriginSep,NMMSO,9,15,1.11416e-06
F03-RastriginSep,NMMSO,9,16,1.11416e-06
F03-RastriginSep,NMMSO,9,17,1.11416e-06
F03-RastriginSep,NMMSO,9,18,1.11416e-06
F03-RastriginSep,NMMSO,9,19,1.07048e-09
F03-RastriginSep,NMMSO,9,20,726.135
F03-RastriginSep,NMMSO,9,21,1.11416e-06
F03-RastriginSep,NMMSO,9,22,1043.61
F03-RastriginSep,NMMSO,9,23,1.11416e-06
F03-RastriginSep,NMMSO,9,24,812.769
F03-RastriginSep,NMMSO,9,25,1027.27
F03-RastriginSep,NMMSO,9,26,1011.72
F03-RastriginSep,NMMSO,9,27,0.00302941
F03-RastriginSep,NMMSO,9,28,1.11416e-06
F03-RastriginSep,NMMSO,9,29,1047.11
F03-RastriginSep,NMMSO,9,30,885.685
F03-RastriginSep,NMMSO,9,31,1.11416e-06
F03-RastriginSep,NMMSO,9,32,872.791
F03-RastriginSep,NMMSO,9,33,1.11416e-06
F03-RastriginSep,NMMSO,9,34,895.71
F03-RastriginSep,NMMSO,9,35,1.11416e-06
F03-RastriginSep,NMMSO,9,36,1.11416e-06
F03-RastriginSep,NMMSO,9,37,1.11416e-06
F03-RastriginSep,NMMSO,9,38,0
F03-RastriginSep,NMMSO,9,39,1.11416e-06
F03-RastriginSep,NMMSO,9,40,1.11416e-06
F03-RastriginSep,NMMSO,9,41,1.11416e-06
F03-RastriginSep,NMMSO,9,42,844.002
F03-RastriginSep,NMMSO,9,43,865.808
F03-RastriginSep,NMMSO,9,44,931.901
F03-RastriginSep,NCDE,9,15,0.000689291
F03-RastriginSep,NCDE,9,16,0.000689291
F03-RastriginSep,NCDE,9,17,0.000689291
F03-RastriginSep,NCDE,9,18,0.000689291
F03-RastriginSep,NCDE,9,19,0.00546036
F03-RastriginSep,NCDE,9,20,706.296
F03-RastriginSep,NCDE,9,21,0.000689291
F03-RastriginSep,NCDE,9,22,1043.44
F03-RastriginSep,NCDE,9,23,0.000689291
F03-RastriginSep,NCDE,9,24,0.161098
F03-RastriginSep,NCDE,9,25,1027.13
F03-RastriginSep,NCDE,9,26,1011.58
F03-RastriginSep,NCDE,9,27,0.013088
F03-RastriginSep,NCDE,9,28,0.000689291
F03-RastriginSep,NCDE,9,29,1046.94
F03-RastriginSep,NCDE,9,30,885.595
F03-RastriginSep,NCDE,9,31,0.000689291
F03-RastriginSep,NCDE,9,32,872.624
F03-RastriginSep,NCDE,9,33,0.000689291
F03-RastriginSep,NCDE,9,34,895.594
F03-RastriginSep,NCDE,9,35,0.000689291
F03-RastriginSep,NCDE,9,36,0.000689291
F03-RastriginSep,NCDE,9,37,0.000689291
F03-RastriginSep,NCDE,9,38,0.00626677
F03-RastriginSep,NCDE,9,39,0.000689291
F03-RastriginSep,NCDE,9,40,0.000689291
F03-RastriginSep,NCDE,9,41,0.000689291
F03-RastriginSep,NCDE,9,42,843.838
F03-RastriginSep,NCDE,9,43,871.884
F03-RastriginSep,NCDE,9,44,931.746
F03-RastriginSep,r3pso,9,15,1.02318e-11
F03-RastriginSep,r3pso,9,16,1.02318e-11
F03-RastriginSep,r3pso,9,17,1.02318e-11
F03-RastriginSep,r3pso,9,18,1.02318e-11
F03-RastriginSep,r3pso,9,19,812.303
F03-RastriginSep,r3pso,9,20,772.382
F03-RastriginSep,r3pso,9,21,1.02318e-11
F03-RastriginSep,r3pso,9,22,1158.66
F03-RastriginSep,r3pso,9,23,1.02318e-11
F03-RastriginSep,r3pso,9,24,870.384
F03-RastriginSep,r3pso,9,25,1177.15
F03-RastriginSep,r3pso,9,26,1162.02
F03-RastriginSep,r3pso,9,27,841.609
F03-RastriginSep,r3pso,9,28,1.02318e-11
F03-RastriginSep,r3pso,9,29,1132.12
F03-RastriginSep,r3pso,9,30,1043.08
F03-RastriginSep,r3pso,9,31,1.02318e-11
F03-RastriginSep,r3pso,9,32,970.109
F03-RastriginSep,r3pso,9,33,1.02318e-11
F03-RastriginSep,r3pso,9,34,1052.23
F03-RastriginSep,r3pso,9,35,1.02318e-11
F03-RastriginSep,r3pso,9,36,1.02318e-11
F03-RastriginSep,r3pso,9,37,1.02318e-11
F03-RastriginSep,r3pso,9,38,915.551
F03-RastriginSep,r3pso,9,39,1.02318e-11
F03-RastriginSep,r3pso,9,40,1.02318e-11
F03-RastriginSep,r3pso,9,41,1.02318e-11
F03-RastriginSep,r3pso,9,42,914.091
F03-RastriginSep,r3pso,9,43,915.044
F03-RastriginSep,r3pso,9,44,1067.03
F03-RastriginSep,NM-Restart,9,15,1.98992
F03-RastriginSep,NM-Restart,9,16,4.97479
F03-RastriginSep,NM-Restart,9,17,1.98992
F03-RastriginSep,NM-Restart,9,18,1.98992
F03-RastriginSep,NM-Restart,9,19,0.994959
F03-RastriginSep,NM-Restart,9,20,734.915
F03-RastriginSep,NM-Restart,9,21,1.98992
F03-RastriginSep,NM-Restart,9,22,1007.27
F03-RastriginSep,NM-Restart,9,23,1.98992
F03-RastriginSep,NM-Restart,9,24,0.994959
F03-RastriginSep,NM-Restart,9,25,962.012
F03-RastriginSep,NM-Restart,9,26,946.008
F03-RastriginSep,NM-Restart,9,27,3.97983
F03-RastriginSep,NM-Restart,9,28,1.98992
F03-RastriginSep,NM-Restart,9,29,1031.04
F03-RastriginSep,NM-Restart,9,30,805.524
F03-RastriginSep,NM-Restart,9,31,1.98992
F03-RastriginSep,NM-Restart,9,32,848.692
F03-RastriginSep,NM-Restart,9,33,1.98992
F03-RastriginSep,NM-Restart,9,34,821.61
F03-RastriginSep,NM-Restart,9,35,1.98992
F03-RastriginSep,NM-Restart,9,36,1.98992
F03-RastriginSep,NM-Restart,9,37,1.98992
F03-RastriginSep,NM-Restart,9,38,5.96973
F03-RastriginSep,NM-Restart,9,39,1.98992
F03-RastriginSep,NM-Restart,9,40,1.98992
F03-RastriginSep,NM-Restart,9,41,1.98992
F03-RastriginSep,NM-Restart,9,42,837.291
F03-RastriginSep,NM-Restart,9,43,881.432
F03-RastriginSep,NM-Restart,9,44,880.231
F03-RastriginSep,IPOP-CMA-ES,9,15,0.000111361
F03-RastriginSep,IPOP-CMA-ES,9,16,0.000111361
F03-RastriginSep,IPOP-CMA-ES,9,17,0.000111361
F03-RastriginSep,IPOP-CMA-ES,9,18,0.000111361
F03-RastriginSep,IPOP-CMA-ES,9,19,812.302
F03-RastriginSep,IPOP-CMA-ES,9,20,739.513
F03-RastriginSep,IPOP-CMA-ES,9,21,0.000111361
F03-RastriginSep,IPOP-CMA-ES,9,22,1158.69
F03-RastriginSep,IPOP-CMA-ES,9,23,0.000111361
F03-RastriginSep,IPOP-CMA-ES,9,24,2.02432
F03-RastriginSep,IPOP-CMA-ES,9,25,1177.18
F03-RastriginSep,IPOP-CMA-ES,9,26,1162.05
F03-RastriginSep,IPOP-CMA-ES,9,27,5.00919
F03-RastriginSep,IPOP-CMA-ES,9,28,0.000111361
F03-RastriginSep,IPOP-CMA-ES,9,29,1132.15
F03-RastriginSep,IPOP-CMA-ES,9,30,1043.1
F03-RastriginSep,IPOP-CMA-ES,9,31,0.000111361
F03-RastriginSep,IPOP-CMA-ES,9,32,970.139
F03-RastriginSep,IPOP-CMA-ES,9,33,0.000111361
F03-RastriginSep,IPOP-CMA-ES,9,34,1052.26
F03-RastriginSep,IPOP-CMA-ES,9,35,0.000111361
F03-RastriginSep,IPOP-CMA-ES,9,36,0.000111361
F03-RastriginSep,IPOP-CMA-ES,9,37,0.000111361
F03-RastriginSep,IPOP-CMA-ES,9,38,915.581
F03-RastriginSep,IPOP-CMA-ES,9,39,0.000111361
F03-RastriginSep,IPOP-CMA-ES,9,40,0.000111361
F03-RastriginSep,IPOP-CMA-ES,9,41,0.000111361
F03-RastriginSep,IPOP-CMA-ES,9,42,914.119
F03-RastriginSep,IPOP-CMA-ES,9,43,915.069
F03-RastriginSep,IPOP-CMA-ES,9,44,1067.06
F03-RastriginSep,DE,9,15,0
F03-RastriginSep,DE,9,16,0
F03-RastriginSep,DE,9,17,0
F03-RastriginSep,DE,9,18,0
F03-RastriginSep,DE,9,19,812.303
F03-RastriginSep,DE,9,20,772.382
F03-RastriginSep,DE,9,21,0
F03-RastriginSep,DE,9,22,1158.66
F03-RastriginSep,DE,9,23,0
F03-RastriginSep,DE,9,24,870.384
F03-RastriginSep,DE,9,25,1177.15
F03-RastriginSep,DE,9,26,1162.02
F03-RastriginSep,DE,9,27,841.609
F03-RastriginSep,DE,9,28,0
F03-RastriginSep,DE,9,29,1132.12
F03-RastriginSep,DE,9,30,1043.08
F03-RastriginSep,DE,9,31,0
F03-RastriginSep,DE,9,32,970.109
F03-RastriginSep,DE,9,33,0
F03-RastriginSep,DE,9,34,1052.23
F03-RastriginSep,DE,9,35,0
F03-RastriginSep,DE,9,36,0
F03-RastriginSep,DE,9,37,0
F03-RastriginSep,DE,9,38,915.551
F03-RastriginSep,DE,9,39,0
F03-RastriginSep,DE,9,40,0
F03-RastriginSep,DE,9,41,0
F03-RastriginSep,DE,9,42,914.091
F03-RastriginSep,DE,9,43,915.044
F03-RastriginSep,DE,9,44,1067.03
F03-RastriginSep,PSO,9,15,5.68434e-14
F03-RastriginSep,PSO,9,16,5.68434e-14
F03-RastriginSep,PSO,9,17,5.68434e-14
F03-RastriginSep,PSO,9,18,5.68434e-14
F03-RastriginSep,PSO,9,19,812.303
F03-RastriginSep,PSO,9,20,772.382
F03-RastriginSep,PSO,9,21,5.68434e-14
F03-RastriginSep,PSO,9,22,1158.66
F03-RastriginSep,PSO,9,23,5.68434e-14
F03-RastriginSep,PSO,9,24,870.384
F03-RastriginSep,PSO,9,25,1177.15
F03-RastriginSep,PSO,9,26,1162.02
F03-RastriginSep,PSO,9,27,841.609
F03-RastriginSep,PSO,9,28,5.68434e-14
F03-RastriginSep,PSO,9,29,1132.12
F03-RastriginSep,PSO,9,30,1043.08
F03-RastriginSep,PSO,9,31,5.68434e-14
F03-RastriginSep,PSO,9,32,970.109
F03-RastriginSep,PSO,9,33,5.68434e-14
F03-RastriginSep,PSO,9,34,1052.23
F03-RastriginSep,PSO,9,35,5.68434e-14
F03-RastriginSep,PSO,9,36,5.68434e-14
F03-RastriginSep,PSO,9,37,5.68434e-14
F03-RastriginSep,PSO,9,38,915.551
F03-RastriginSep,PSO,9,39,5.68434e-14
F03-RastriginSep,PSO,9,40,5.68434e-14
F03-RastriginSep,PSO,9,41,5.68434e-14
F03-RastriginSep,PSO,9,42,914.091
F03-RastriginSep,PSO,9,43,915.044
F03-RastriginSep,PSO,9,44,1067.03
F03-RastriginSep,Crowding-DE,9,15,0.00879983
F03-RastriginSep,Crowding-DE,9,16,0.00879983
F03-RastriginSep,Crowding-DE,9,17,0.00879983
F03-RastriginSep,Crowding-DE,9,18,0.00879983
F03-RastriginSep,Crowding-DE,9,19,0.0542492
F03-RastriginSep,Crowding-DE,9,20,707.718
F03-RastriginSep,Crowding-DE,9,21,0.00879983
F03-RastriginSep,Crowding-DE,9,22,1099.87
F03-RastriginSep,Crowding-DE,9,23,0.00879983
F03-RastriginSep,Crowding-DE,9,24,0.00590175
F03-RastriginSep,Crowding-DE,9,25,1101.04
F03-RastriginSep,Crowding-DE,9,26,1085.7
F03-RastriginSep,Crowding-DE,9,27,0.0277906
F03-RastriginSep,Crowding-DE,9,28,0.00879983
F03-RastriginSep,Crowding-DE,9,29,1088.33
F03-RastriginSep,Crowding-DE,9,30,963.323
F03-RastriginSep,Crowding-DE,9,31,0.00879983
F03-RastriginSep,Crowding-DE,9,32,920.169
F03-RastriginSep,Crowding-DE,9,33,0.00879983
F03-RastriginSep,Crowding-DE,9,34,972.851
F03-RastriginSep,Crowding-DE,9,35,0.00879983
F03-RastriginSep,Crowding-DE,9,36,0.00879983
F03-RastriginSep,Crowding-DE,9,37,0.00879983
F03-RastriginSep,Crowding-DE,9,38,842.141
F03-RastriginSep,Crowding-DE,9,39,0.00879983
F03-RastriginSep,Crowding-DE,9,40,0.00879983
F03-RastriginSep,Crowding-DE,9,41,0.00879983
F03-RastriginSep,Crowding-DE,9,42,869.019
F03-RastriginSep,Crowding-DE,9,43,866.109
F03-RastriginSep,Crowding-DE,9,44,998.237
F03-RastriginSep,MAP-Elites,9,15,1.55182
F03-RastriginSep,MAP-Elites,9,16,1.55182
F03-RastriginSep,MAP-Elites,9,17,1.55182
F03-RastriginSep,MAP-Elites,9,18,1.55182
F03-RastriginSep,MAP-Elites,9,19,0.668699
F03-RastriginSep,MAP-Elites,9,20,692.735
F03-RastriginSep,MAP-Elites,9,21,1.55182
F03-RastriginSep,MAP-Elites,9,22,1046.87
F03-RastriginSep,MAP-Elites,9,23,1.55182
F03-RastriginSep,MAP-Elites,9,24,0.692318
F03-RastriginSep,MAP-Elites,9,25,1030.15
F03-RastriginSep,MAP-Elites,9,26,1014.59
F03-RastriginSep,MAP-Elites,9,27,3.67719
F03-RastriginSep,MAP-Elites,9,28,1.55182
F03-RastriginSep,MAP-Elites,9,29,1050.41
F03-RastriginSep,MAP-Elites,9,30,887.938
F03-RastriginSep,MAP-Elites,9,31,1.55182
F03-RastriginSep,MAP-Elites,9,32,876.092
F03-RastriginSep,MAP-Elites,9,33,1.55182
F03-RastriginSep,MAP-Elites,9,34,898.307
F03-RastriginSep,MAP-Elites,9,35,1.55182
F03-RastriginSep,MAP-Elites,9,36,1.55182
F03-RastriginSep,MAP-Elites,9,37,1.55182
F03-RastriginSep,MAP-Elites,9,38,1.02089
F03-RastriginSep,MAP-Elites,9,39,1.55182
F03-RastriginSep,MAP-Elites,9,40,1.55182
F03-RastriginSep,MAP-Elites,9,41,1.55182
F03-RastriginSep,MAP-Elites,9,42,847.275
F03-RastriginSep,MAP-Elites,9,43,875.209
F03-RastriginSep,MAP-Elites,9,44,935.026
F03-RastriginSep,MC-ESO-crowd,9,15,7.23779e-06
F03-RastriginSep,MC-ESO-crowd,9,16,7.23779e-06
F03-RastriginSep,MC-ESO-crowd,9,17,7.23779e-06
F03-RastriginSep,MC-ESO-crowd,9,18,7.23779e-06
F03-RastriginSep,MC-ESO-crowd,9,19,0.661767
F03-RastriginSep,MC-ESO-crowd,9,20,704.772
F03-RastriginSep,MC-ESO-crowd,9,21,7.23779e-06
F03-RastriginSep,MC-ESO-crowd,9,22,1063.59
F03-RastriginSep,MC-ESO-crowd,9,23,7.23779e-06
F03-RastriginSep,MC-ESO-crowd,9,24,1.87196
F03-RastriginSep,MC-ESO-crowd,9,25,1036.68
F03-RastriginSep,MC-ESO-crowd,9,26,1020.9
F03-RastriginSep,MC-ESO-crowd,9,27,0.733229
F03-RastriginSep,MC-ESO-crowd,9,28,7.23779e-06
F03-RastriginSep,MC-ESO-crowd,9,29,1071.65
F03-RastriginSep,MC-ESO-crowd,9,30,884.374
F03-RastriginSep,MC-ESO-crowd,9,31,7.23779e-06
F03-RastriginSep,MC-ESO-crowd,9,32,895.729
F03-RastriginSep,MC-ESO-crowd,9,33,7.23779e-06
F03-RastriginSep,MC-ESO-crowd,9,34,899.862
F03-RastriginSep,MC-ESO-crowd,9,35,7.23779e-06
F03-RastriginSep,MC-ESO-crowd,9,36,7.23779e-06
F03-RastriginSep,MC-ESO-crowd,9,37,7.23779e-06
F03-RastriginSep,MC-ESO-crowd,9,38,1.06223
F03-RastriginSep,MC-ESO-crowd,9,39,7.23779e-06
F03-RastriginSep,MC-ESO-crowd,9,40,7.23779e-06
F03-RastriginSep,MC-ESO-crowd,9,41,7.23779e-06
F03-RastriginSep,MC-ESO-crowd,9,42,870.12
F03-RastriginSep,MC-ESO-crowd,9,43,892.587
F03-RastriginSep,MC-ESO-crowd,9,44,947.086
F03-RastriginSep,quality,9,15,0.994959
F03-RastriginSep,quality,9,16,0.994959
F03-RastriginSep,quality,9,17,0.994959
F03-RastriginSep,quality,9,18,0.994959
F03-RastriginSep,quality,9,19,0
F03-RastriginSep,quality,9,20,707.64
F03-RastriginSep,quality,9,21,0.994959
F03-RastriginSep,quality,9,22,1121.08
F03-RastriginSep,quality,9,23,0.994959
F03-RastriginSep,quality,9,24,0
F03-RastriginSep,quality,9,25,1111.45
F03-RastriginSep,quality,9,26,1095.88
F03-RastriginSep,quality,9,27,0
F03-RastriginSep,quality,9,28,0.994959
F03-RastriginSep,quality,9,29,1112.2
F03-RastriginSep,quality,9,30,962.639
F03-RastriginSep,quality,9,31,0.994959
F03-RastriginSep,quality,9,32,944.357
F03-RastriginSep,quality,9,33,0.994959
F03-RastriginSep,quality,9,34,977.837
F03-RastriginSep,quality,9,35,0.994959
F03-RastriginSep,quality,9,36,0.994959
F03-RastriginSep,quality,9,37,0.994959
F03-RastriginSep,quality,9,38,855.176
F03-RastriginSep,quality,9,39,0.994959
F03-RastriginSep,quality,9,40,0.994959
F03-RastriginSep,quality,9,41,0.994959
F03-RastriginSep,quality,9,42,892.817
F03-RastriginSep,quality,9,43,892.069
F03-RastriginSep,quality,9,44,1014.57
F03-RastriginSep,complement,9,15,3.97983
F03-RastriginSep,complement,9,16,3.97983
F03-RastriginSep,complement,9,17,3.97983
F03-RastriginSep,complement,9,18,3.97983
F03-RastriginSep,complement,9,19,7.95964
F03-RastriginSep,complement,9,20,726.326
F03-RastriginSep,complement,9,21,3.97983
F03-RastriginSep,complement,9,22,0
F03-RastriginSep,complement,9,23,3.97983
F03-RastriginSep,complement,9,24,836.374
F03-RastriginSep,complement,9,25,34.823
F03-RastriginSep,complement,9,26,3.97983
F03-RastriginSep,complement,9,27,2.98487
F03-RastriginSep,complement,9,28,3.97983
F03-RastriginSep,complement,9,29,0
F03-RastriginSep,complement,9,30,15.9191
F03-RastriginSep,complement,9,31,3.97983
F03-RastriginSep,complement,9,32,18.904
F03-RastriginSep,complement,9,33,3.97983
F03-RastriginSep,complement,9,34,8.95448
F03-RastriginSep,complement,9,35,3.97983
F03-RastriginSep,complement,9,36,3.97983
F03-RastriginSep,complement,9,37,3.97983
F03-RastriginSep,complement,9,38,4.97477
F03-RastriginSep,complement,9,39,3.97983
F03-RastriginSep,complement,9,40,3.97983
F03-RastriginSep,complement,9,41,3.97983
F03-RastriginSep,complement,9,42,18.904
F03-RastriginSep,complement,9,43,8.95448
F03-RastriginSep,complement,9,44,8.95448
F03-RastriginSep,MC-ESO,10,15,0
F03-RastriginSep,MC-ESO,10,16,0
F03-RastriginSep,MC-ESO,10,17,787.742
F03-RastriginSep,MC-ESO,10,18,781.306
F03-RastriginSep,MC-ESO,10,19,0
F03-RastriginSep,MC-ESO,10,20,850.389
F03-RastriginSep,MC-ESO,10,21,965.555
F03-RastriginSep,MC-ESO,10,22,0.987477
F03-RastriginSep,MC-ESO,10,23,0
F03-RastriginSep,MC-ESO,10,24,0.987477
F03-RastriginSep,MC-ESO,10,25,889.193
F03-RastriginSep,MC-ESO,10,26,880.172
F03-RastriginSep,MC-ESO,10,27,876.841
F03-RastriginSep,MC-ESO,10,28,0.987477
F03-RastriginSep,MC-ESO,10,29,872.298
F03-RastriginSep,MC-ESO,10,30,0
F03-RastriginSep,MC-ESO,10,31,0
F03-RastriginSep,MC-ESO,10,32,0
F03-RastriginSep,MC-ESO,10,33,905.998
F03-RastriginSep,MC-ESO,10,34,0
F03-RastriginSep,MC-ESO,10,35,894.46
F03-RastriginSep,MC-ESO,10,36,761.787
F03-RastriginSep,MC-ESO,10,37,861.465
F03-RastriginSep,MC-ESO,10,38,0
F03-RastriginSep,MC-ESO,10,39,0
F03-RastriginSep,MC-ESO,10,40,887.256
F03-RastriginSep,MC-ESO,10,41,0
F03-RastriginSep,MC-ESO,10,42,0
F03-RastriginSep,MC-ESO,10,43,0
F03-RastriginSep,MC-ESO,10,44,0
F03-RastriginSep,NMMSO,10,15,1.04435
F03-RastriginSep,NMMSO,10,16,1.04435
F03-RastriginSep,NMMSO,10,17,0.994939
F03-RastriginSep,NMMSO,10,18,0.994939
F03-RastriginSep,NMMSO,10,19,1.04435
F03-RastriginSep,NMMSO,10,20,813.478
F03-RastriginSep,NMMSO,10,21,924.898
F03-RastriginSep,NMMSO,10,22,0.0493872
F03-RastriginSep,NMMSO,10,23,1.04435
F03-RastriginSep,NMMSO,10,24,0.0493872
F03-RastriginSep,NMMSO,10,25,842.924
F03-RastriginSep,NMMSO,10,26,856.039
F03-RastriginSep,NMMSO,10,27,803.358
F03-RastriginSep,NMMSO,10,28,0.0493872
F03-RastriginSep,NMMSO,10,29,801.669
F03-RastriginSep,NMMSO,10,30,1.04435
F03-RastriginSep,NMMSO,10,31,1.04435
F03-RastriginSep,NMMSO,10,32,1.04435
F03-RastriginSep,NMMSO,10,33,874.312
F03-RastriginSep,NMMSO,10,34,1.04435
F03-RastriginSep,NMMSO,10,35,859.381
F03-RastriginSep,NMMSO,10,36,0.994939
F03-RastriginSep,NMMSO,10,37,798.837
F03-RastriginSep,NMMSO,10,38,1.04435
F03-RastriginSep,NMMSO,10,39,1.04435
F03-RastriginSep,NMMSO,10,40,818.542
F03-RastriginSep,NMMSO,10,41,1.04435
F03-RastriginSep,NMMSO,10,42,1.35723
F03-RastriginSep,NMMSO,10,43,1.04435
F03-RastriginSep,NMMSO,10,44,1.04435
F03-RastriginSep,NCDE,10,15,0.000775847
F03-RastriginSep,NCDE,10,16,0.000775847
F03-RastriginSep,NCDE,10,17,788.639
F03-RastriginSep,NCDE,10,18,782.074
F03-RastriginSep,NCDE,10,19,0.000775847
F03-RastriginSep,NCDE,10,20,828.097
F03-RastriginSep,NCDE,10,21,964.126
F03-RastriginSep,NCDE,10,22,0.000319424
F03-RastriginSep,NCDE,10,23,0.000775847
F03-RastriginSep,NCDE,10,24,0.000319424
F03-RastriginSep,NCDE,10,25,849.116
F03-RastriginSep,NCDE,10,26,878.487
F03-RastriginSep,NCDE,10,27,877.087
F03-RastriginSep,NCDE,10,28,0.000319424
F03-RastriginSep,NCDE,10,29,872.719
F03-RastriginSep,NCDE,10,30,0.000775847
F03-RastriginSep,NCDE,10,31,0.000775847
F03-RastriginSep,NCDE,10,32,0.000775847
F03-RastriginSep,NCDE,10,33,893.381
F03-RastriginSep,NCDE,10,34,0.000775847
F03-RastriginSep,NCDE,10,35,892.935
F03-RastriginSep,NCDE,10,36,762.567
F03-RastriginSep,NCDE,10,37,862.141
F03-RastriginSep,NCDE,10,38,0.000775847
F03-RastriginSep,NCDE,10,39,0.000775847
F03-RastriginSep,NCDE,10,40,886.617
F03-RastriginSep,NCDE,10,41,0.000775847
F03-RastriginSep,NCDE,10,42,0.000775847
F03-RastriginSep,NCDE,10,43,0.000775847
F03-RastriginSep,NCDE,10,44,0.000775847
F03-RastriginSep,r3pso,10,15,1.81473e-09
F03-RastriginSep,r3pso,10,16,1.81473e-09
F03-RastriginSep,r3pso,10,17,837.585
F03-RastriginSep,r3pso,10,18,839.871
F03-RastriginSep,r3pso,10,19,1.81473e-09
F03-RastriginSep,r3pso,10,20,860.908
F03-RastriginSep,r3pso,10,21,1003.32
F03-RastriginSep,r3pso,10,22,3.38121e-08
F03-RastriginSep,r3pso,10,23,1.81473e-09
F03-RastriginSep,r3pso,10,24,3.38121e-08
F03-RastriginSep,r3pso,10,25,891.206
F03-RastriginSep,r3pso,10,26,901.685
F03-RastriginSep,r3pso,10,27,949.128
F03-RastriginSep,r3pso,10,28,3.38121e-08
F03-RastriginSep,r3pso,10,29,942.196
F03-RastriginSep,r3pso,10,30,1.81473e-09
F03-RastriginSep,r3pso,10,31,1.81473e-09
F03-RastriginSep,r3pso,10,32,1.81473e-09
F03-RastriginSep,r3pso,10,33,921.018
F03-RastriginSep,r3pso,10,34,1.81473e-09
F03-RastriginSep,r3pso,10,35,926.719
F03-RastriginSep,r3pso,10,36,819.676
F03-RastriginSep,r3pso,10,37,924.222
F03-RastriginSep,r3pso,10,38,1.81473e-09
F03-RastriginSep,r3pso,10,39,1.81473e-09
F03-RastriginSep,r3pso,10,40,953.297
F03-RastriginSep,r3pso,10,41,1.81473e-09
F03-RastriginSep,r3pso,10,42,1.81473e-09
F03-RastriginSep,r3pso,10,43,1.81473e-09
F03-RastriginSep,r3pso,10,44,1.81473e-09
F03-RastriginSep,NM-Restart,10,15,0.994959
F03-RastriginSep,NM-Restart,10,16,0.994959
F03-RastriginSep,NM-Restart,10,17,0.994939
F03-RastriginSep,NM-Restart,10,18,0.994939
F03-RastriginSep,NM-Restart,10,19,0.994959
F03-RastriginSep,NM-Restart,10,20,837.526
F03-RastriginSep,NM-Restart,10,21,924.899
F03-RastriginSep,NM-Restart,10,22,0
F03-RastriginSep,NM-Restart,10,23,0.994959
F03-RastriginSep,NM-Restart,10,24,0
F03-RastriginSep,NM-Restart,10,25,866.206
F03-RastriginSep,NM-Restart,10,26,856.039
F03-RastriginSep,NM-Restart,10,27,803.36
F03-RastriginSep,NM-Restart,10,28,0
F03-RastriginSep,NM-Restart,10,29,801.672
F03-RastriginSep,NM-Restart,10,30,0.994959
F03-RastriginSep,NM-Restart,10,31,0.994959
F03-RastriginSep,NM-Restart,10,32,0.994959
F03-RastriginSep,NM-Restart,10,33,888.512
F03-RastriginSep,NM-Restart,10,34,0.994959
F03-RastriginSep,NM-Restart,10,35,859.382
F03-RastriginSep,NM-Restart,10,36,0.994939
F03-RastriginSep,NM-Restart,10,37,798.839
F03-RastriginSep,NM-Restart,10,38,0.994959
F03-RastriginSep,NM-Restart,10,39,0.994959
F03-RastriginSep,NM-Restart,10,40,818.544
F03-RastriginSep,NM-Restart,10,41,0.994959
F03-RastriginSep,NM-Restart,10,42,0.994959
F03-RastriginSep,NM-Restart,10,43,0.994959
F03-RastriginSep,NM-Restart,10,44,0.994959
F03-RastriginSep,IPOP-CMA-ES,10,15,0
F03-RastriginSep,IPOP-CMA-ES,10,16,0
F03-RastriginSep,IPOP-CMA-ES,10,17,18.6661
F03-RastriginSep,IPOP-CMA-ES,10,18,18.6661
F03-RastriginSep,IPOP-CMA-ES,10,19,0
F03-RastriginSep,IPOP-CMA-ES,10,20,803.109
F03-RastriginSep,IPOP-CMA-ES,10,21,840.846
F03-RastriginSep,IPOP-CMA-ES,10,22,25.4538
F03-RastriginSep,IPOP-CMA-ES,10,23,0
F03-RastriginSep,IPOP-CMA-ES,10,24,16.0967
F03-RastriginSep,IPOP-CMA-ES,10,25,866.913
F03-RastriginSep,IPOP-CMA-ES,10,26,801.121
F03-RastriginSep,IPOP-CMA-ES,10,27,10.7065
F03-RastriginSep,IPOP-CMA-ES,10,28,16.0967
F03-RastriginSep,IPOP-CMA-ES,10,29,10.7065
F03-RastriginSep,IPOP-CMA-ES,10,30,0
F03-RastriginSep,IPOP-CMA-ES,10,31,0
F03-RastriginSep,IPOP-CMA-ES,10,32,0
F03-RastriginSep,IPOP-CMA-ES,10,33,845.632
F03-RastriginSep,IPOP-CMA-ES,10,34,0
F03-RastriginSep,IPOP-CMA-ES,10,35,785.023
F03-RastriginSep,IPOP-CMA-ES,10,36,18.4891
F03-RastriginSep,IPOP-CMA-ES,10,37,10.7065
F03-RastriginSep,IPOP-CMA-ES,10,38,0
F03-RastriginSep,IPOP-CMA-ES,10,39,0
F03-RastriginSep,IPOP-CMA-ES,10,40,10.7065
F03-RastriginSep,IPOP-CMA-ES,10,41,0
F03-RastriginSep,IPOP-CMA-ES,10,42,0
F03-RastriginSep,IPOP-CMA-ES,10,43,0
F03-RastriginSep,IPOP-CMA-ES,10,44,0
F03-RastriginSep,DE,10,15,0
F03-RastriginSep,DE,10,16,0
F03-RastriginSep,DE,10,17,888.457
F03-RastriginSep,DE,10,18,899.573
F03-RastriginSep,DE,10,19,0
F03-RastriginSep,DE,10,20,875.183
F03-RastriginSep,DE,10,21,1044.41
F03-RastriginSep,DE,10,22,824.064
F03-RastriginSep,DE,10,23,0
F03-RastriginSep,DE,10,24,782.657
F03-RastriginSep,DE,10,25,897.068
F03-RastriginSep,DE,10,26,926.808
F03-RastriginSep,DE,10,27,1023.04
F03-RastriginSep,DE,10,28,773.258
F03-RastriginSep,DE,10,29,1013.55
F03-RastriginSep,DE,10,30,0
F03-RastriginSep,DE,10,31,0
F03-RastriginSep,DE,10,32,0
F03-RastriginSep,DE,10,33,939.739
F03-RastriginSep,DE,10,34,0
F03-RastriginSep,DE,10,35,962.411
F03-RastriginSep,DE,10,36,878.693
F03-RastriginSep,DE,10,37,988.197
F03-RastriginSep,DE,10,38,0
F03-RastriginSep,DE,10,39,0
F03-RastriginSep,DE,10,40,1021.84
F03-RastriginSep,DE,10,41,0
F03-RastriginSep,DE,10,42,0
F03-RastriginSep,DE,10,43,0
F03-RastriginSep,DE,10,44,0
F03-RastriginSep,PSO,10,15,5.7355e-10
F03-RastriginSep,PSO,10,16,5.7355e-10
F03-RastriginSep,PSO,10,17,888.457
F03-RastriginSep,PSO,10,18,892.26
F03-RastriginSep,PSO,10,19,5.7355e-10
F03-RastriginSep,PSO,10,20,856.936
F03-RastriginSep,PSO,10,21,1011.44
F03-RastriginSep,PSO,10,22,784.871
F03-RastriginSep,PSO,10,23,5.7355e-10
F03-RastriginSep,PSO,10,24,17.6925
F03-RastriginSep,PSO,10,25,884.237
F03-RastriginSep,PSO,10,26,902.098
F03-RastriginSep,PSO,10,27,994.474
F03-RastriginSep,PSO,10,28,17.6925
F03-RastriginSep,PSO,10,29,990.298
F03-RastriginSep,PSO,10,30,5.7355e-10
F03-RastriginSep,PSO,10,31,5.7355e-10
F03-RastriginSep,PSO,10,32,5.7355e-10
F03-RastriginSep,PSO,10,33,918.77
F03-RastriginSep,PSO,10,34,5.7355e-10
F03-RastriginSep,PSO,10,35,932.042
F03-RastriginSep,PSO,10,36,872.171
F03-RastriginSep,PSO,10,37,975.702
F03-RastriginSep,PSO,10,38,5.7355e-10
F03-RastriginSep,PSO,10,39,5.7355e-10
F03-RastriginSep,PSO,10,40,981.202
F03-RastriginSep,PSO,10,41,5.7355e-10
F03-RastriginSep,PSO,10,42,5.7355e-10
F03-RastriginSep,PSO,10,43,5.7355e-10
F03-RastriginSep,PSO,10,44,5.7355e-10
F03-RastriginSep,Crowding-DE,10,15,0.0110975
F03-RastriginSep,Crowding-DE,10,16,0.0110975
F03-RastriginSep,Crowding-DE,10,17,788.495
F03-RastriginSep,Crowding-DE,10,18,781.875
F03-RastriginSep,Crowding-DE,10,19,0.0110975
F03-RastriginSep,Crowding-DE,10,20,827.644
F03-RastriginSep,Crowding-DE,10,21,963.831
F03-RastriginSep,Crowding-DE,10,22,0.0133389
F03-RastriginSep,Crowding-DE,10,23,0.0110975
F03-RastriginSep,Crowding-DE,10,24,0.0133389
F03-RastriginSep,Crowding-DE,10,25,848.749
F03-RastriginSep,Crowding-DE,10,26,878.25
F03-RastriginSep,Crowding-DE,10,27,876.772
F03-RastriginSep,Crowding-DE,10,28,0.0133389
F03-RastriginSep,Crowding-DE,10,29,872.431
F03-RastriginSep,Crowding-DE,10,30,0.0110975
F03-RastriginSep,Crowding-DE,10,31,0.0110975
F03-RastriginSep,Crowding-DE,10,32,0.0110975
F03-RastriginSep,Crowding-DE,10,33,892.885
F03-RastriginSep,Crowding-DE,10,34,0.0110975
F03-RastriginSep,Crowding-DE,10,35,892.659
F03-RastriginSep,Crowding-DE,10,36,762.372
F03-RastriginSep,Crowding-DE,10,37,861.913
F03-RastriginSep,Crowding-DE,10,38,0.0110975
F03-RastriginSep,Crowding-DE,10,39,0.0110975
F03-RastriginSep,Crowding-DE,10,40,886.252
F03-RastriginSep,Crowding-DE,10,41,0.0110975
F03-RastriginSep,Crowding-DE,10,42,0.0110975
F03-RastriginSep,Crowding-DE,10,43,0.0110975
F03-RastriginSep,Crowding-DE,10,44,0.0110975
F03-RastriginSep,MAP-Elites,10,15,0.709182
F03-RastriginSep,MAP-Elites,10,16,0.709182
F03-RastriginSep,MAP-Elites,10,17,787.31
F03-RastriginSep,MAP-Elites,10,18,780.851
F03-RastriginSep,MAP-Elites,10,19,0.709182
F03-RastriginSep,MAP-Elites,10,20,827.429
F03-RastriginSep,MAP-Elites,10,21,966.666
F03-RastriginSep,MAP-Elites,10,22,2.04556
F03-RastriginSep,MAP-Elites,10,23,0.709182
F03-RastriginSep,MAP-Elites,10,24,2.04556
F03-RastriginSep,MAP-Elites,10,25,848.99
F03-RastriginSep,MAP-Elites,10,26,880.489
F03-RastriginSep,MAP-Elites,10,27,876.54
F03-RastriginSep,MAP-Elites,10,28,2.04556
F03-RastriginSep,MAP-Elites,10,29,871.92
F03-RastriginSep,MAP-Elites,10,30,0.709182
F03-RastriginSep,MAP-Elites,10,31,0.709182
F03-RastriginSep,MAP-Elites,10,32,0.709182
F03-RastriginSep,MAP-Elites,10,33,892.429
F03-RastriginSep,MAP-Elites,10,34,0.709182
F03-RastriginSep,MAP-Elites,10,35,895.693
F03-RastriginSep,MAP-Elites,10,36,761.331
F03-RastriginSep,MAP-Elites,10,37,861.016
F03-RastriginSep,MAP-Elites,10,38,0.709182
F03-RastriginSep,MAP-Elites,10,39,0.709182
F03-RastriginSep,MAP-Elites,10,40,887.561
F03-RastriginSep,MAP-Elites,10,41,0.709182
F03-RastriginSep,MAP-Elites,10,42,0.709182
F03-RastriginSep,MAP-Elites,10,43,0.709182
F03-RastriginSep,MAP-Elites,10,44,0.709182
F03-RastriginSep,MC-ESO-crowd,10,15,0.000999986
F03-RastriginSep,MC-ESO-crowd,10,16,0.000999986
F03-RastriginSep,MC-ESO-crowd,10,17,836.364
F03-RastriginSep,MC-ESO-crowd,10,18,838.585
F03-RastriginSep,MC-ESO-crowd,10,19,0.000999986
F03-RastriginSep,MC-ESO-crowd,10,20,827.566
F03-RastriginSep,MC-ESO-crowd,10,21,1003.79
F03-RastriginSep,MC-ESO-crowd,10,22,0.56845
F03-RastriginSep,MC-ESO-crowd,10,23,0.000999986
F03-RastriginSep,MC-ESO-crowd,10,24,0.56845
F03-RastriginSep,MC-ESO-crowd,10,25,848.466
F03-RastriginSep,MC-ESO-crowd,10,26,881.487
F03-RastriginSep,MC-ESO-crowd,10,27,947.945
F03-RastriginSep,MC-ESO-crowd,10,28,0.56845
F03-RastriginSep,MC-ESO-crowd,10,29,940.942
F03-RastriginSep,MC-ESO-crowd,10,30,0.000999986
F03-RastriginSep,MC-ESO-crowd,10,31,0.000999986
F03-RastriginSep,MC-ESO-crowd,10,32,0.000999986
F03-RastriginSep,MC-ESO-crowd,10,33,892.917
F03-RastriginSep,MC-ESO-crowd,10,34,0.000999986
F03-RastriginSep,MC-ESO-crowd,10,35,920.586
F03-RastriginSep,MC-ESO-crowd,10,36,818.394
F03-RastriginSep,MC-ESO-crowd,10,37,922.924
F03-RastriginSep,MC-ESO-crowd,10,38,0.000999986
F03-RastriginSep,MC-ESO-crowd,10,39,0.000999986
F03-RastriginSep,MC-ESO-crowd,10,40,952.788
F03-RastriginSep,MC-ESO-crowd,10,41,0.000999986
F03-RastriginSep,MC-ESO-crowd,10,42,0.000999986
F03-RastriginSep,MC-ESO-crowd,10,43,0.000999986
F03-RastriginSep,MC-ESO-crowd,10,44,0.000999986
F03-RastriginSep,quality,10,15,5.68434e-13
F03-RastriginSep,quality,10,16,5.68434e-13
F03-RastriginSep,quality,10,17,818.395
F03-RastriginSep,quality,10,18,824.216
F03-RastriginSep,quality,10,19,5.68434e-13
F03-RastriginSep,quality,10,20,852.996
F03-RastriginSep,quality,10,21,1025.69
F03-RastriginSep,quality,10,22,0.994959
F03-RastriginSep,quality,10,23,5.68434e-13
F03-RastriginSep,quality,10,24,0.994959
F03-RastriginSep,quality,10,25,874.496
F03-RastriginSep,quality,10,26,905.575
F03-RastriginSep,quality,10,27,945.14
F03-RastriginSep,quality,10,28,9.83391e-12
F03-RastriginSep,quality,10,29,934.582
F03-RastriginSep,quality,10,30,5.68434e-13
F03-RastriginSep,quality,10,31,5.68434e-13
F03-RastriginSep,quality,10,32,5.68434e-13
F03-RastriginSep,quality,10,33,917.878
F03-RastriginSep,quality,10,34,5.68434e-13
F03-RastriginSep,quality,10,35,942.67
F03-RastriginSep,quality,10,36,803.699
F03-RastriginSep,quality,10,37,910.834
F03-RastriginSep,quality,10,38,5.68434e-13
F03-RastriginSep,quality,10,39,5.68434e-13
F03-RastriginSep,quality,10,40,965.534
F03-RastriginSep,quality,10,41,5.68434e-13
F03-RastriginSep,quality,10,42,5.68434e-13
F03-RastriginSep,quality,10,43,5.68434e-13
F03-RastriginSep,quality,10,44,5.68434e-13
F03-RastriginSep,complement,10,15,1.98992
F03-RastriginSep,complement,10,16,1.98992
F03-RastriginSep,complement,10,17,17.909
F03-RastriginSep,complement,10,18,17.909
F03-RastriginSep,complement,10,19,1.98992
F03-RastriginSep,complement,10,20,0
F03-RastriginSep,complement,10,21,0
F03-RastriginSep,complement,10,22,0.994959
F03-RastriginSep,complement,10,23,1.98992
F03-RastriginSep,complement,10,24,0.994959
F03-RastriginSep,complement,10,25,0
F03-RastriginSep,complement,10,26,44.7709
F03-RastriginSep,complement,10,27,9.94944
F03-RastriginSep,complement,10,28,0.994959
F03-RastriginSep,complement,10,29,9.94944
F03-RastriginSep,complement,10,30,1.98992
F03-RastriginSep,complement,10,31,1.98992
F03-RastriginSep,complement,10,32,1.98992
F03-RastriginSep,complement,10,33,0
F03-RastriginSep,complement,10,34,1.98992
F03-RastriginSep,complement,10,35,52.7305
F03-RastriginSep,complement,10,36,17.909
F03-RastriginSep,complement,10,37,9.94944
F03-RastriginSep,complement,10,38,1.98992
F03-RastriginSep,complement,10,39,1.98992
F03-RastriginSep,complement,10,40,9.94944
F03-RastriginSep,complement,10,41,1.98992
F03-RastriginSep,complement,10,42,786.948
F03-RastriginSep,complement,10,43,1.98992
F03-RastriginSep,complement,10,44,1.98992
F03-RastriginSep,MC-ESO,11,15,0
F03-RastriginSep,MC-ESO,11,16,688.532
F03-RastriginSep,MC-ESO,11,17,685.953
F03-RastriginSep,MC-ESO,11,18,565.516
F03-RastriginSep,MC-ESO,11,19,7.98197e-06
F03-RastriginSep,MC-ESO,11,20,0
F03-RastriginSep,MC-ESO,11,21,676.087
F03-RastriginSep,MC-ESO,11,22,711.305
F03-RastriginSep,MC-ESO,11,23,561.931
F03-RastriginSep,MC-ESO,11,24,0
F03-RastriginSep,MC-ESO,11,25,0.197679
F03-RastriginSep,MC-ESO,11,26,1.85714
F03-RastriginSep,MC-ESO,11,27,0
F03-RastriginSep,MC-ESO,11,28,0
F03-RastriginSep,MC-ESO,11,29,598.571
F03-RastriginSep,MC-ESO,11,30,716.506
F03-RastriginSep,MC-ESO,11,31,600.361
F03-RastriginSep,MC-ESO,11,32,0
F03-RastriginSep,MC-ESO,11,33,0
F03-RastriginSep,MC-ESO,11,34,0
F03-RastriginSep,MC-ESO,11,35,0
F03-RastriginSep,MC-ESO,11,36,0
F03-RastriginSep,MC-ESO,11,37,0
F03-RastriginSep,MC-ESO,11,38,0
F03-RastriginSep,MC-ESO,11,39,0
F03-RastriginSep,MC-ESO,11,40,0
F03-RastriginSep,MC-ESO,11,41,0
F03-RastriginSep,MC-ESO,11,42,0
F03-RastriginSep,MC-ESO,11,43,717.543
F03-RastriginSep,MC-ESO,11,44,711.699
F03-RastriginSep,NMMSO,11,15,5.0585e-10
F03-RastriginSep,NMMSO,11,16,696.906
F03-RastriginSep,NMMSO,11,17,698.275
F03-RastriginSep,NMMSO,11,18,581.605
F03-RastriginSep,NMMSO,11,19,0
F03-RastriginSep,NMMSO,11,20,5.0585e-10
F03-RastriginSep,NMMSO,11,21,665.237
F03-RastriginSep,NMMSO,11,22,702.708
F03-RastriginSep,NMMSO,11,23,563.715
F03-RastriginSep,NMMSO,11,24,5.0585e-10
F03-RastriginSep,NMMSO,11,25,1.98991
F03-RastriginSep,NMMSO,11,26,0
F03-RastriginSep,NMMSO,11,27,5.0585e-10
F03-RastriginSep,NMMSO,11,28,5.0585e-10
F03-RastriginSep,NMMSO,11,29,611.535
F03-RastriginSep,NMMSO,11,30,723.881
F03-RastriginSep,NMMSO,11,31,613.619
F03-RastriginSep,NMMSO,11,32,5.0585e-10
F03-RastriginSep,NMMSO,11,33,5.0585e-10
F03-RastriginSep,NMMSO,11,34,5.0585e-10
F03-RastriginSep,NMMSO,11,35,5.0585e-10
F03-RastriginSep,NMMSO,11,36,5.0585e-10
F03-RastriginSep,NMMSO,11,37,5.0585e-10
F03-RastriginSep,NMMSO,11,38,5.0585e-10
F03-RastriginSep,NMMSO,11,39,5.0585e-10
F03-RastriginSep,NMMSO,11,40,5.0585e-10
F03-RastriginSep,NMMSO,11,41,5.0585e-10
F03-RastriginSep,NMMSO,11,42,5.0585e-10
F03-RastriginSep,NMMSO,11,43,712.262
F03-RastriginSep,NMMSO,11,44,719.673
F03-RastriginSep,NCDE,11,15,0.262596
F03-RastriginSep,NCDE,11,16,648.182
F03-RastriginSep,NCDE,11,17,659.247
F03-RastriginSep,NCDE,11,18,582.022
F03-RastriginSep,NCDE,11,19,0.126353
F03-RastriginSep,NCDE,11,20,0.262596
F03-RastriginSep,NCDE,11,21,618.967
F03-RastriginSep,NCDE,11,22,652.438
F03-RastriginSep,NCDE,11,23,561.146
F03-RastriginSep,NCDE,11,24,0.262596
F03-RastriginSep,NCDE,11,25,2.01012
F03-RastriginSep,NCDE,11,26,0.12431
F03-RastriginSep,NCDE,11,27,0.262596
F03-RastriginSep,NCDE,11,28,0.262596
F03-RastriginSep,NCDE,11,29,611.76
F03-RastriginSep,NCDE,11,30,673.486
F03-RastriginSep,NCDE,11,31,613.859
F03-RastriginSep,NCDE,11,32,0.262596
F03-RastriginSep,NCDE,11,33,0.262596
F03-RastriginSep,NCDE,11,34,0.262596
F03-RastriginSep,NCDE,11,35,0.262596
F03-RastriginSep,NCDE,11,36,0.262596
F03-RastriginSep,NCDE,11,37,0.262596
F03-RastriginSep,NCDE,11,38,0.262596
F03-RastriginSep,NCDE,11,39,0.262596
F03-RastriginSep,NCDE,11,40,0.262596
F03-RastriginSep,NCDE,11,41,0.262596
F03-RastriginSep,NCDE,11,42,0.262596
F03-RastriginSep,NCDE,11,43,658.135
F03-RastriginSep,NCDE,11,44,670.248
F03-RastriginSep,r3pso,11,15,5.98845e-10
F03-RastriginSep,r3pso,11,16,696.78
F03-RastriginSep,r3pso,11,17,698.149
F03-RastriginSep,r3pso,11,18,599.808
F03-RastriginSep,r3pso,11,19,0.0405816
F03-RastriginSep,r3pso,11,20,5.98845e-10
F03-RastriginSep,r3pso,11,21,665.195
F03-RastriginSep,r3pso,11,22,702.65
F03-RastriginSep,r3pso,11,23,578.275
F03-RastriginSep,r3pso,11,24,5.98845e-10
F03-RastriginSep,r3pso,11,25,599.316
F03-RastriginSep,r3pso,11,26,608.33
F03-RastriginSep,r3pso,11,27,5.98845e-10
F03-RastriginSep,r3pso,11,28,5.98845e-10
F03-RastriginSep,r3pso,11,29,645.129
F03-RastriginSep,r3pso,11,30,723.755
F03-RastriginSep,r3pso,11,31,646.163
F03-RastriginSep,r3pso,11,32,5.98845e-10
F03-RastriginSep,r3pso,11,33,5.98845e-10
F03-RastriginSep,r3pso,11,34,5.98845e-10
F03-RastriginSep,r3pso,11,35,5.98845e-10
F03-RastriginSep,r3pso,11,36,5.98845e-10
F03-RastriginSep,r3pso,11,37,5.98845e-10
F03-RastriginSep,r3pso,11,38,5.98845e-10
F03-RastriginSep,r3pso,11,39,5.98845e-10
F03-RastriginSep,r3pso,11,40,5.98845e-10
F03-RastriginSep,r3pso,11,41,5.98845e-10
F03-RastriginSep,r3pso,11,42,5.98845e-10
F03-RastriginSep,r3pso,11,43,712.183
F03-RastriginSep,r3pso,11,44,719.547
F03-RastriginSep,NM-Restart,11,15,0.994959
F03-RastriginSep,NM-Restart,11,16,640.489
F03-RastriginSep,NM-Restart,11,17,647.485
F03-RastriginSep,NM-Restart,11,18,548.259
F03-RastriginSep,NM-Restart,11,19,2.98487
F03-RastriginSep,NM-Restart,11,20,0.994959
F03-RastriginSep,NM-Restart,11,21,630.303
F03-RastriginSep,NM-Restart,11,22,661.602
F03-RastriginSep,NM-Restart,11,23,544.946
F03-RastriginSep,NM-Restart,11,24,0.994959
F03-RastriginSep,NM-Restart,11,25,1.98991
F03-RastriginSep,NM-Restart,11,26,3.97983
F03-RastriginSep,NM-Restart,11,27,0.994959
F03-RastriginSep,NM-Restart,11,28,0.994959
F03-RastriginSep,NM-Restart,11,29,584.928
F03-RastriginSep,NM-Restart,11,30,666.812
F03-RastriginSep,NM-Restart,11,31,0
F03-RastriginSep,NM-Restart,11,32,0.994959
F03-RastriginSep,NM-Restart,11,33,0.994959
F03-RastriginSep,NM-Restart,11,34,0.994959
F03-RastriginSep,NM-Restart,11,35,0.994959
F03-RastriginSep,NM-Restart,11,36,0.994959
F03-RastriginSep,NM-Restart,11,37,0.994959
F03-RastriginSep,NM-Restart,11,38,0.994959
F03-RastriginSep,NM-Restart,11,39,0.994959
F03-RastriginSep,NM-Restart,11,40,0.994959
F03-RastriginSep,NM-Restart,11,41,0.994959
F03-RastriginSep,NM-Restart,11,42,0.994959
F03-RastriginSep,NM-Restart,11,43,664.072
F03-RastriginSep,NM-Restart,11,44,662.964
F03-RastriginSep,IPOP-CMA-ES,11,15,1.49458e-09
F03-RastriginSep,IPOP-CMA-ES,11,16,696.906
F03-RastriginSep,IPOP-CMA-ES,11,17,698.275
F03-RastriginSep,IPOP-CMA-ES,11,18,621.194
F03-RastriginSep,IPOP-CMA-ES,11,19,602.285
F03-RastriginSep,IPOP-CMA-ES,11,20,1.49458e-09
F03-RastriginSep,IPOP-CMA-ES,11,21,665.236
F03-RastriginSep,IPOP-CMA-ES,11,22,702.708
F03-RastriginSep,IPOP-CMA-ES,11,23,578.379
F03-RastriginSep,IPOP-CMA-ES,11,24,1.49458e-09
F03-RastriginSep,IPOP-CMA-ES,11,25,599.417
F03-RastriginSep,IPOP-CMA-ES,11,26,659.032
F03-RastriginSep,IPOP-CMA-ES,11,27,1.49458e-09
F03-RastriginSep,IPOP-CMA-ES,11,28,1.49458e-09
F03-RastriginSep,IPOP-CMA-ES,11,29,682.42
F03-RastriginSep,IPOP-CMA-ES,11,30,723.88
F03-RastriginSep,IPOP-CMA-ES,11,31,682.371
F03-RastriginSep,IPOP-CMA-ES,11,32,1.49458e-09
F03-RastriginSep,IPOP-CMA-ES,11,33,1.49458e-09
F03-RastriginSep,IPOP-CMA-ES,11,34,1.49458e-09
F03-RastriginSep,IPOP-CMA-ES,11,35,1.49458e-09
F03-RastriginSep,IPOP-CMA-ES,11,36,1.49458e-09
F03-RastriginSep,IPOP-CMA-ES,11,37,1.49458e-09
F03-RastriginSep,IPOP-CMA-ES,11,38,1.49458e-09
F03-RastriginSep,IPOP-CMA-ES,11,39,1.49458e-09
F03-RastriginSep,IPOP-CMA-ES,11,40,1.49458e-09
F03-RastriginSep,IPOP-CMA-ES,11,41,1.49458e-09
F03-RastriginSep,IPOP-CMA-ES,11,42,1.49458e-09
F03-RastriginSep,IPOP-CMA-ES,11,43,712.261
F03-RastriginSep,IPOP-CMA-ES,11,44,719.673
F03-RastriginSep,DE,11,15,0
F03-RastriginSep,DE,11,16,747.232
F03-RastriginSep,DE,11,17,739.037
F03-RastriginSep,DE,11,18,621.193
F03-RastriginSep,DE,11,19,602.285
F03-RastriginSep,DE,11,20,0
F03-RastriginSep,DE,11,21,712.942
F03-RastriginSep,DE,11,22,754.398
F03-RastriginSep,DE,11,23,597.598
F03-RastriginSep,DE,11,24,0
F03-RastriginSep,DE,11,25,616.303
F03-RastriginSep,DE,11,26,659.032
F03-RastriginSep,DE,11,27,0
F03-RastriginSep,DE,11,28,0
F03-RastriginSep,DE,11,29,682.419
F03-RastriginSep,DE,11,30,775.85
F03-RastriginSep,DE,11,31,682.371
F03-RastriginSep,DE,11,32,0
F03-RastriginSep,DE,11,33,0
F03-RastriginSep,DE,11,34,0
F03-RastriginSep,DE,11,35,0
F03-RastriginSep,DE,11,36,0
F03-RastriginSep,DE,11,37,0
F03-RastriginSep,DE,11,38,0
F03-RastriginSep,DE,11,39,0
F03-RastriginSep,DE,11,40,0
F03-RastriginSep,DE,11,41,0
F03-RastriginSep,DE,11,42,0
F03-RastriginSep,DE,11,43,767.802
F03-RastriginSep,DE,11,44,770.688
F03-RastriginSep,PSO,11,15,5.68434e-14
F03-RastriginSep,PSO,11,16,747.232
F03-RastriginSep,PSO,11,17,739.037
F03-RastriginSep,PSO,11,18,621.193
F03-RastriginSep,PSO,11,19,602.285
F03-RastriginSep,PSO,11,20,5.68434e-14
F03-RastriginSep,PSO,11,21,712.942
F03-RastriginSep,PSO,11,22,754.398
F03-RastriginSep,PSO,11,23,597.598
F03-RastriginSep,PSO,11,24,5.68434e-14
F03-RastriginSep,PSO,11,25,616.303
F03-RastriginSep,PSO,11,26,659.032
F03-RastriginSep,PSO,11,27,5.68434e-14
F03-RastriginSep,PSO,11,28,5.68434e-14
F03-RastriginSep,PSO,11,29,682.419
F03-RastriginSep,PSO,11,30,775.85
F03-RastriginSep,PSO,11,31,682.371
F03-RastriginSep,PSO,11,32,5.68434e-14
F03-RastriginSep,PSO,11,33,5.68434e-14
F03-RastriginSep,PSO,11,34,5.68434e-14
F03-RastriginSep,PSO,11,35,5.68434e-14
F03-RastriginSep,PSO,11,36,5.68434e-14
F03-RastriginSep,PSO,11,37,5.68434e-14
F03-RastriginSep,PSO,11,38,5.68434e-14
F03-RastriginSep,PSO,11,39,5.68434e-14
F03-RastriginSep,PSO,11,40,5.68434e-14
F03-RastriginSep,PSO,11,41,5.68434e-14
F03-RastriginSep,PSO,11,42,5.68434e-14
F03-RastriginSep,PSO,11,43,767.802
F03-RastriginSep,PSO,11,44,770.688
F03-RastriginSep,Crowding-DE,11,15,0.0101461
F03-RastriginSep,Crowding-DE,11,16,697.143
F03-RastriginSep,Crowding-DE,11,17,698.413
F03-RastriginSep,Crowding-DE,11,18,581.828
F03-RastriginSep,Crowding-DE,11,19,0.0114948
F03-RastriginSep,Crowding-DE,11,20,0.0101461
F03-RastriginSep,Crowding-DE,11,21,665.672
F03-RastriginSep,Crowding-DE,11,22,703.141
F03-RastriginSep,Crowding-DE,11,23,563.632
F03-RastriginSep,Crowding-DE,11,24,0.0101461
F03-RastriginSep,Crowding-DE,11,25,1.99465
F03-RastriginSep,Crowding-DE,11,26,0.0162342
F03-RastriginSep,Crowding-DE,11,27,0.0101461
F03-RastriginSep,Crowding-DE,11,28,0.0101461
F03-RastriginSep,Crowding-DE,11,29,611.747
F03-RastriginSep,Crowding-DE,11,30,724.137
F03-RastriginSep,Crowding-DE,11,31,613.833
F03-RastriginSep,Crowding-DE,11,32,0.0101461
F03-RastriginSep,Crowding-DE,11,33,0.0101461
F03-RastriginSep,Crowding-DE,11,34,0.0101461
F03-RastriginSep,Crowding-DE,11,35,0.0101461
F03-RastriginSep,Crowding-DE,11,36,0.0101461
F03-RastriginSep,Crowding-DE,11,37,0.0101461
F03-RastriginSep,Crowding-DE,11,38,0.0101461
F03-RastriginSep,Crowding-DE,11,39,0.0101461
F03-RastriginSep,Crowding-DE,11,40,0.0101461
F03-RastriginSep,Crowding-DE,11,41,0.0101461
F03-RastriginSep,Crowding-DE,11,42,0.0101461
F03-RastriginSep,Crowding-DE,11,43,712.68
F03-RastriginSep,Crowding-DE,11,44,719.918
F03-RastriginSep,MAP-Elites,11,15,1.69646
F03-RastriginSep,MAP-Elites,11,16,698.395
F03-RastriginSep,MAP-Elites,11,17,700.039
F03-RastriginSep,MAP-Elites,11,18,582.583
F03-RastriginSep,MAP-Elites,11,19,1.19867
F03-RastriginSep,MAP-Elites,11,20,1.69646
F03-RastriginSep,MAP-Elites,11,21,665.374
F03-RastriginSep,MAP-Elites,11,22,703.005
F03-RastriginSep,MAP-Elites,11,23,580.429
F03-RastriginSep,MAP-Elites,11,24,1.69646
F03-RastriginSep,MAP-Elites,11,25,599.66
F03-RastriginSep,MAP-Elites,11,26,1.03216
F03-RastriginSep,MAP-Elites,11,27,1.69646
F03-RastriginSep,MAP-Elites,11,28,1.69646
F03-RastriginSep,MAP-Elites,11,29,613.473
F03-RastriginSep,MAP-Elites,11,30,725.299
F03-RastriginSep,MAP-Elites,11,31,615.486
F03-RastriginSep,MAP-Elites,11,32,1.69646
F03-RastriginSep,MAP-Elites,11,33,1.69646
F03-RastriginSep,MAP-Elites,11,34,1.69646
F03-RastriginSep,MAP-Elites,11,35,1.69646
F03-RastriginSep,MAP-Elites,11,36,1.69646
F03-RastriginSep,MAP-Elites,11,37,1.69646
F03-RastriginSep,MAP-Elites,11,38,1.69646
F03-RastriginSep,MAP-Elites,11,39,1.69646
F03-RastriginSep,MAP-Elites,11,40,1.69646
F03-RastriginSep,MAP-Elites,11,41,1.69646
F03-RastriginSep,MAP-Elites,11,42,1.69646
F03-RastriginSep,MAP-Elites,11,43,712.792
F03-RastriginSep,MAP-Elites,11,44,721.133
F03-RastriginSep,MC-ESO-crowd,11,15,0.000437503
F03-RastriginSep,MC-ESO-crowd,11,16,648.557
F03-RastriginSep,MC-ESO-crowd,11,17,659.377
F03-RastriginSep,MC-ESO-crowd,11,18,580.056
F03-RastriginSep,MC-ESO-crowd,11,19,0.123313
F03-RastriginSep,MC-ESO-crowd,11,20,0.000437503
F03-RastriginSep,MC-ESO-crowd,11,21,619.965
F03-RastriginSep,MC-ESO-crowd,11,22,653.405
F03-RastriginSep,MC-ESO-crowd,11,23,560.889
F03-RastriginSep,MC-ESO-crowd,11,24,0.000437503
F03-RastriginSep,MC-ESO-crowd,11,25,2.11988
F03-RastriginSep,MC-ESO-crowd,11,26,1.13219
F03-RastriginSep,MC-ESO-crowd,11,27,0.000437503
F03-RastriginSep,MC-ESO-crowd,11,28,0.000437503
F03-RastriginSep,MC-ESO-crowd,11,29,608.704
F03-RastriginSep,MC-ESO-crowd,11,30,673.914
F03-RastriginSep,MC-ESO-crowd,11,31,610.872
F03-RastriginSep,MC-ESO-crowd,11,32,0.000437503
F03-RastriginSep,MC-ESO-crowd,11,33,0.000437503
F03-RastriginSep,MC-ESO-crowd,11,34,0.000437503
F03-RastriginSep,MC-ESO-crowd,11,35,0.000437503
F03-RastriginSep,MC-ESO-crowd,11,36,0.000437503
F03-RastriginSep,MC-ESO-crowd,11,37,0.000437503
F03-RastriginSep,MC-ESO-crowd,11,38,0.000437503
F03-RastriginSep,MC-ESO-crowd,11,39,0.000437503
F03-RastriginSep,MC-ESO-crowd,11,40,0.000437503
F03-RastriginSep,MC-ESO-crowd,11,41,0.000437503
F03-RastriginSep,MC-ESO-crowd,11,42,0.000437503
F03-RastriginSep,MC-ESO-crowd,11,43,659.034
F03-RastriginSep,MC-ESO-crowd,11,44,670.644
F03-RastriginSep,quality,11,15,6.243e-09
F03-RastriginSep,quality,11,16,689.148
F03-RastriginSep,quality,11,17,686.521
F03-RastriginSep,quality,11,18,621.194
F03-RastriginSep,quality,11,19,602.285
F03-RastriginSep,quality,11,20,6.243e-09
F03-RastriginSep,quality,11,21,654.471
F03-RastriginSep,quality,11,22,694.463
F03-RastriginSep,quality,11,23,562.303
F03-RastriginSep,quality,11,24,6.243e-09
F03-RastriginSep,quality,11,25,0
F03-RastriginSep,quality,11,26,659.032
F03-RastriginSep,quality,11,27,6.243e-09
F03-RastriginSep,quality,11,28,6.243e-09
F03-RastriginSep,quality,11,29,682.42
F03-RastriginSep,quality,11,30,717.125
F03-RastriginSep,quality,11,31,682.371
F03-RastriginSep,quality,11,32,6.243e-09
F03-RastriginSep,quality,11,33,6.243e-09
F03-RastriginSep,quality,11,34,6.243e-09
F03-RastriginSep,quality,11,35,6.243e-09
F03-RastriginSep,quality,11,36,6.243e-09
F03-RastriginSep,quality,11,37,6.243e-09
F03-RastriginSep,quality,11,38,6.243e-09
F03-RastriginSep,quality,11,39,6.243e-09
F03-RastriginSep,quality,11,40,6.243e-09
F03-RastriginSep,quality,11,41,6.243e-09
F03-RastriginSep,quality,11,42,6.243e-09
F03-RastriginSep,quality,11,43,707.754
F03-RastriginSep,quality,11,44,712.317
F03-RastriginSep,complement,11,15,6.243e-09
F03-RastriginSep,complement,11,16,23.8788
F03-RastriginSep,complement,11,17,0
F03-RastriginSep,complement,11,18,621.194
F03-RastriginSep,complement,11,19,602.285
F03-RastriginSep,complement,11,20,6.243e-09
F03-RastriginSep,complement,11,21,30.8434
F03-RastriginSep,complement,11,22,0
F03-RastriginSep,complement,11,23,458.768
F03-RastriginSep,complement,11,24,6.243e-09
F03-RastriginSep,complement,11,25,2.98487
F03-RastriginSep,complement,11,26,659.032
F03-RastriginSep,complement,11,27,6.243e-09
F03-RastriginSep,complement,11,28,6.243e-09
F03-RastriginSep,complement,11,29,682.42
F03-RastriginSep,complement,11,30,23.8788
F03-RastriginSep,complement,11,31,682.371
F03-RastriginSep,complement,11,32,6.243e-09
F03-RastriginSep,complement,11,33,6.243e-09
F03-RastriginSep,complement,11,34,6.243e-09
F03-RastriginSep,complement,11,35,6.243e-09
F03-RastriginSep,complement,11,36,6.243e-09
F03-RastriginSep,complement,11,37,6.243e-09
F03-RastriginSep,complement,11,38,6.243e-09
F03-RastriginSep,complement,11,39,6.243e-09
F03-RastriginSep,complement,11,40,6.243e-09
F03-RastriginSep,complement,11,41,6.243e-09
F03-RastriginSep,complement,11,42,6.243e-09
F03-RastriginSep,complement,11,43,23.8788
F03-RastriginSep,complement,11,44,0
F03-RastriginSep,MC-ESO,12,15,0
F03-RastriginSep,MC-ESO,12,16,0
F03-RastriginSep,MC-ESO,12,17,0
F03-RastriginSep,MC-ESO,12,18,603.133
F03-RastriginSep,MC-ESO,12,19,0
F03-RastriginSep,MC-ESO,12,20,0
F03-RastriginSep,MC-ESO,12,21,572.491
F03-RastriginSep,MC-ESO,12,22,0
F03-RastriginSep,MC-ESO,12,23,0
F03-RastriginSep,MC-ESO,12,24,559.227
F03-RastriginSep,MC-ESO,12,25,0
F03-RastriginSep,MC-ESO,12,26,520.192
F03-RastriginSep,MC-ESO,12,27,0
F03-RastriginSep,MC-ESO,12,28,509.659
F03-RastriginSep,MC-ESO,12,29,659.21
F03-RastriginSep,MC-ESO,12,30,0
F03-RastriginSep,MC-ESO,12,31,678.076
F03-RastriginSep,MC-ESO,12,32,0
F03-RastriginSep,MC-ESO,12,33,0
F03-RastriginSep,MC-ESO,12,34,0
F03-RastriginSep,MC-ESO,12,35,0
F03-RastriginSep,MC-ESO,12,36,0
F03-RastriginSep,MC-ESO,12,37,710.393
F03-RastriginSep,MC-ESO,12,38,0
F03-RastriginSep,MC-ESO,12,39,595.15
F03-RastriginSep,MC-ESO,12,40,0
F03-RastriginSep,MC-ESO,12,41,593.358
F03-RastriginSep,MC-ESO,12,42,544.053
F03-RastriginSep,MC-ESO,12,43,645.383
F03-RastriginSep,MC-ESO,12,44,0
F03-RastriginSep,NMMSO,12,15,1.87583e-11
F03-RastriginSep,NMMSO,12,16,1.87583e-11
F03-RastriginSep,NMMSO,12,17,1.87583e-11
F03-RastriginSep,NMMSO,12,18,540.66
F03-RastriginSep,NMMSO,12,19,1.87583e-11
F03-RastriginSep,NMMSO,12,20,1.87583e-11
F03-RastriginSep,NMMSO,12,21,0.0551276
F03-RastriginSep,NMMSO,12,22,1.87583e-11
F03-RastriginSep,NMMSO,12,23,1.87583e-11
F03-RastriginSep,NMMSO,12,24,2.0691e-11
F03-RastriginSep,NMMSO,12,25,1.87583e-11
F03-RastriginSep,NMMSO,12,26,497.901
F03-RastriginSep,NMMSO,12,27,1.87583e-11
F03-RastriginSep,NMMSO,12,28,498.134
F03-RastriginSep,NMMSO,12,29,561.21
F03-RastriginSep,NMMSO,12,30,1.87583e-11
F03-RastriginSep,NMMSO,12,31,580.441
F03-RastriginSep,NMMSO,12,32,1.87583e-11
F03-RastriginSep,NMMSO,12,33,1.87583e-11
F03-RastriginSep,NMMSO,12,34,1.87583e-11
F03-RastriginSep,NMMSO,12,35,1.87583e-11
F03-RastriginSep,NMMSO,12,36,1.87583e-11
F03-RastriginSep,NMMSO,12,37,612.503
F03-RastriginSep,NMMSO,12,38,1.87583e-11
F03-RastriginSep,NMMSO,12,39,535.331
F03-RastriginSep,NMMSO,12,40,1.87583e-11
F03-RastriginSep,NMMSO,12,41,560.96
F03-RastriginSep,NMMSO,12,42,537.176
F03-RastriginSep,NMMSO,12,43,551.656
F03-RastriginSep,NMMSO,12,44,1.87583e-11
F03-RastriginSep,NCDE,12,15,0.0684095
F03-RastriginSep,NCDE,12,16,0.0684095
F03-RastriginSep,NCDE,12,17,0.0684095
F03-RastriginSep,NCDE,12,18,541.537
F03-RastriginSep,NCDE,12,19,0.0684095
F03-RastriginSep,NCDE,12,20,0.0684095
F03-RastriginSep,NCDE,12,21,0.00266674
F03-RastriginSep,NCDE,12,22,0.0684095
F03-RastriginSep,NCDE,12,23,0.0684095
F03-RastriginSep,NCDE,12,24,0.0702108
F03-RastriginSep,NCDE,12,25,0.0684095
F03-RastriginSep,NCDE,12,26,498.215
F03-RastriginSep,NCDE,12,27,0.0684095
F03-RastriginSep,NCDE,12,28,497.727
F03-RastriginSep,NCDE,12,29,560.861
F03-RastriginSep,NCDE,12,30,0.0684095
F03-RastriginSep,NCDE,12,31,580.079
F03-RastriginSep,NCDE,12,32,0.0684095
F03-RastriginSep,NCDE,12,33,0.0684095
F03-RastriginSep,NCDE,12,34,0.0684095
F03-RastriginSep,NCDE,12,35,0.0684095
F03-RastriginSep,NCDE,12,36,0.0684095
F03-RastriginSep,NCDE,12,37,612.148
F03-RastriginSep,NCDE,12,38,0.0684095
F03-RastriginSep,NCDE,12,39,534.858
F03-RastriginSep,NCDE,12,40,0.0684095
F03-RastriginSep,NCDE,12,41,560.513
F03-RastriginSep,NCDE,12,42,536.779
F03-RastriginSep,NCDE,12,43,551.429
F03-RastriginSep,NCDE,12,44,0.0684095
F03-RastriginSep,r3pso,12,15,0
F03-RastriginSep,r3pso,12,16,0
F03-RastriginSep,r3pso,12,17,0
F03-RastriginSep,r3pso,12,18,603.133
F03-RastriginSep,r3pso,12,19,0
F03-RastriginSep,r3pso,12,20,0
F03-RastriginSep,r3pso,12,21,572.491
F03-RastriginSep,r3pso,12,22,0
F03-RastriginSep,r3pso,12,23,0
F03-RastriginSep,r3pso,12,24,559.227
F03-RastriginSep,r3pso,12,25,0
F03-RastriginSep,r3pso,12,26,520.192
F03-RastriginSep,r3pso,12,27,0
F03-RastriginSep,r3pso,12,28,509.659
F03-RastriginSep,r3pso,12,29,659.21
F03-RastriginSep,r3pso,12,30,0
F03-RastriginSep,r3pso,12,31,678.076
F03-RastriginSep,r3pso,12,32,0
F03-RastriginSep,r3pso,12,33,0
F03-RastriginSep,r3pso,12,34,0
F03-RastriginSep,r3pso,12,35,0
F03-RastriginSep,r3pso,12,36,0
F03-RastriginSep,r3pso,12,37,710.393
F03-RastriginSep,r3pso,12,38,0
F03-RastriginSep,r3pso,12,39,595.15
F03-RastriginSep,r3pso,12,40,0
F03-RastriginSep,r3pso,12,41,593.358
F03-RastriginSep,r3pso,12,42,544.053
F03-RastriginSep,r3pso,12,43,645.383
F03-RastriginSep,r3pso,12,44,0
F03-RastriginSep,NM-Restart,12,15,0
F03-RastriginSep,NM-Restart,12,16,0
F03-RastriginSep,NM-Restart,12,17,0
F03-RastriginSep,NM-Restart,12,18,540.919
F03-RastriginSep,NM-Restart,12,19,0
F03-RastriginSep,NM-Restart,12,20,0
F03-RastriginSep,NM-Restart,12,21,5.96973
F03-RastriginSep,NM-Restart,12,22,0
F03-RastriginSep,NM-Restart,12,23,0
F03-RastriginSep,NM-Restart,12,24,8.9546
F03-RastriginSep,NM-Restart,12,25,0
F03-RastriginSep,NM-Restart,12,26,490.228
F03-RastriginSep,NM-Restart,12,27,0
F03-RastriginSep,NM-Restart,12,28,478.895
F03-RastriginSep,NM-Restart,12,29,512.753
F03-RastriginSep,NM-Restart,12,30,0
F03-RastriginSep,NM-Restart,12,31,531.448
F03-RastriginSep,NM-Restart,12,32,0
F03-RastriginSep,NM-Restart,12,33,0
F03-RastriginSep,NM-Restart,12,34,0
F03-RastriginSep,NM-Restart,12,35,0
F03-RastriginSep,NM-Restart,12,36,0
F03-RastriginSep,NM-Restart,12,37,563.837
F03-RastriginSep,NM-Restart,12,38,0
F03-RastriginSep,NM-Restart,12,39,0
F03-RastriginSep,NM-Restart,12,40,0
F03-RastriginSep,NM-Restart,12,41,532.579
F03-RastriginSep,NM-Restart,12,42,513.076
F03-RastriginSep,NM-Restart,12,43,511.122
F03-RastriginSep,NM-Restart,12,44,0
F03-RastriginSep,IPOP-CMA-ES,12,15,0
F03-RastriginSep,IPOP-CMA-ES,12,16,0
F03-RastriginSep,IPOP-CMA-ES,12,17,0
F03-RastriginSep,IPOP-CMA-ES,12,18,555.769
F03-RastriginSep,IPOP-CMA-ES,12,19,0
F03-RastriginSep,IPOP-CMA-ES,12,20,0
F03-RastriginSep,IPOP-CMA-ES,12,21,572.491
F03-RastriginSep,IPOP-CMA-ES,12,22,0
F03-RastriginSep,IPOP-CMA-ES,12,23,0
F03-RastriginSep,IPOP-CMA-ES,12,24,559.227
F03-RastriginSep,IPOP-CMA-ES,12,25,0
F03-RastriginSep,IPOP-CMA-ES,12,26,516.808
F03-RastriginSep,IPOP-CMA-ES,12,27,0
F03-RastriginSep,IPOP-CMA-ES,12,28,509.659
F03-RastriginSep,IPOP-CMA-ES,12,29,659.21
F03-RastriginSep,IPOP-CMA-ES,12,30,0
F03-RastriginSep,IPOP-CMA-ES,12,31,678.076
F03-RastriginSep,IPOP-CMA-ES,12,32,0
F03-RastriginSep,IPOP-CMA-ES,12,33,0
F03-RastriginSep,IPOP-CMA-ES,12,34,0
F03-RastriginSep,IPOP-CMA-ES,12,35,0
F03-RastriginSep,IPOP-CMA-ES,12,36,0
F03-RastriginSep,IPOP-CMA-ES,12,37,710.393
F03-RastriginSep,IPOP-CMA-ES,12,38,0
F03-RastriginSep,IPOP-CMA-ES,12,39,595.15
F03-RastriginSep,IPOP-CMA-ES,12,40,0
F03-RastriginSep,IPOP-CMA-ES,12,41,593.358
F03-RastriginSep,IPOP-CMA-ES,12,42,544.053
F03-RastriginSep,IPOP-CMA-ES,12,43,645.383
F03-RastriginSep,IPOP-CMA-ES,12,44,0
F03-RastriginSep,DE,12,15,0
F03-RastriginSep,DE,12,16,0
F03-RastriginSep,DE,12,17,0
F03-RastriginSep,DE,12,18,603.133
F03-RastriginSep,DE,12,19,0
F03-RastriginSep,DE,12,20,0
F03-RastriginSep,DE,12,21,572.491
F03-RastriginSep,DE,12,22,0
F03-RastriginSep,DE,12,23,0
F03-RastriginSep,DE,12,24,559.227
F03-RastriginSep,DE,12,25,0
F03-RastriginSep,DE,12,26,520.192
F03-RastriginSep,DE,12,27,0
F03-RastriginSep,DE,12,28,509.659
F03-RastriginSep,DE,12,29,659.21
F03-RastriginSep,DE,12,30,0
F03-RastriginSep,DE,12,31,678.076
F03-RastriginSep,DE,12,32,0
F03-RastriginSep,DE,12,33,0
F03-RastriginSep,DE,12,34,0
F03-RastriginSep,DE,12,35,0
F03-RastriginSep,DE,12,36,0
F03-RastriginSep,DE,12,37,710.393
F03-RastriginSep,DE,12,38,0
F03-RastriginSep,DE,12,39,595.15
F03-RastriginSep,DE,12,40,0
F03-RastriginSep,DE,12,41,593.358
F03-RastriginSep,DE,12,42,544.053
F03-RastriginSep,DE,12,43,645.383
F03-RastriginSep,DE,12,44,0
F03-RastriginSep,PSO,12,15,0
F03-RastriginSep,PSO,12,16,0
F03-RastriginSep,PSO,12,17,0
F03-RastriginSep,PSO,12,18,603.133
F03-RastriginSep,PSO,12,19,0
F03-RastriginSep,PSO,12,20,0
F03-RastriginSep,PSO,12,21,572.491
F03-RastriginSep,PSO,12,22,0
F03-RastriginSep,PSO,12,23,0
F03-RastriginSep,PSO,12,24,559.227
F03-RastriginSep,PSO,12,25,0
F03-RastriginSep,PSO,12,26,520.192
F03-RastriginSep,PSO,12,27,0
F03-RastriginSep,PSO,12,28,509.659
F03-RastriginSep,PSO,12,29,659.21
F03-RastriginSep,PSO,12,30,0
F03-RastriginSep,PSO,12,31,678.076
F03-RastriginSep,PSO,12,32,0
F03-RastriginSep,PSO,12,33,0
F03-RastriginSep,PSO,12,34,0
F03-RastriginSep,PSO,12,35,0
F03-RastriginSep,PSO,12,36,0
F03-RastriginSep,PSO,12,37,710.393
F03-RastriginSep,PSO,12,38,0
F03-RastriginSep,PSO,12,39,595.15
F03-RastriginSep,PSO,12,40,0
F03-RastriginSep,PSO,12,41,593.358
F03-RastriginSep,PSO,12,42,544.053
F03-RastriginSep,PSO,12,43,645.383
F03-RastriginSep,PSO,12,44,0
F03-RastriginSep,Crowding-DE,12,15,0.106819
F03-RastriginSep,Crowding-DE,12,16,0.106819
F03-RastriginSep,Crowding-DE,12,17,0.106819
F03-RastriginSep,Crowding-DE,12,18,540.92
F03-RastriginSep,Crowding-DE,12,19,0.106819
F03-RastriginSep,Crowding-DE,12,20,0.106819
F03-RastriginSep,Crowding-DE,12,21,0.00846454
F03-RastriginSep,Crowding-DE,12,22,0.106819
F03-RastriginSep,Crowding-DE,12,23,0.106819
F03-RastriginSep,Crowding-DE,12,24,0.0830654
F03-RastriginSep,Crowding-DE,12,25,0.106819
F03-RastriginSep,Crowding-DE,12,26,497.932
F03-RastriginSep,Crowding-DE,12,27,0.106819
F03-RastriginSep,Crowding-DE,12,28,497.717
F03-RastriginSep,Crowding-DE,12,29,561.083
F03-RastriginSep,Crowding-DE,12,30,0.106819
F03-RastriginSep,Crowding-DE,12,31,580.299
F03-RastriginSep,Crowding-DE,12,32,0.106819
F03-RastriginSep,Crowding-DE,12,33,0.106819
F03-RastriginSep,Crowding-DE,12,34,0.106819
F03-RastriginSep,Crowding-DE,12,35,0.106819
F03-RastriginSep,Crowding-DE,12,36,0.106819
F03-RastriginSep,Crowding-DE,12,37,612.37
F03-RastriginSep,Crowding-DE,12,38,0.106819
F03-RastriginSep,Crowding-DE,12,39,534.963
F03-RastriginSep,Crowding-DE,12,40,0.106819
F03-RastriginSep,Crowding-DE,12,41,560.551
F03-RastriginSep,Crowding-DE,12,42,536.76
F03-RastriginSep,Crowding-DE,12,43,551.66
F03-RastriginSep,Crowding-DE,12,44,0.106819
F03-RastriginSep,MAP-Elites,12,15,1.12389
F03-RastriginSep,MAP-Elites,12,16,1.12389
F03-RastriginSep,MAP-Elites,12,17,1.12389
F03-RastriginSep,MAP-Elites,12,18,539.269
F03-RastriginSep,MAP-Elites,12,19,1.12389
F03-RastriginSep,MAP-Elites,12,20,1.12389
F03-RastriginSep,MAP-Elites,12,21,526.718
F03-RastriginSep,MAP-Elites,12,22,1.12389
F03-RastriginSep,MAP-Elites,12,23,1.12389
F03-RastriginSep,MAP-Elites,12,24,1.11654
F03-RastriginSep,MAP-Elites,12,25,1.12389
F03-RastriginSep,MAP-Elites,12,26,497.806
F03-RastriginSep,MAP-Elites,12,27,1.12389
F03-RastriginSep,MAP-Elites,12,28,488.539
F03-RastriginSep,MAP-Elites,12,29,609.905
F03-RastriginSep,MAP-Elites,12,30,1.12389
F03-RastriginSep,MAP-Elites,12,31,628.25
F03-RastriginSep,MAP-Elites,12,32,1.12389
F03-RastriginSep,MAP-Elites,12,33,1.12389
F03-RastriginSep,MAP-Elites,12,34,1.12389
F03-RastriginSep,MAP-Elites,12,35,4.50505
F03-RastriginSep,MAP-Elites,12,36,1.12389
F03-RastriginSep,MAP-Elites,12,37,660.886
F03-RastriginSep,MAP-Elites,12,38,1.12389
F03-RastriginSep,MAP-Elites,12,39,553.382
F03-RastriginSep,MAP-Elites,12,40,1.12389
F03-RastriginSep,MAP-Elites,12,41,562.754
F03-RastriginSep,MAP-Elites,12,42,525.141
F03-RastriginSep,MAP-Elites,12,43,591.7
F03-RastriginSep,MAP-Elites,12,44,1.12389
F03-RastriginSep,MC-ESO-crowd,12,15,0.00103273
F03-RastriginSep,MC-ESO-crowd,12,16,0.00103273
F03-RastriginSep,MC-ESO-crowd,12,17,0.00103273
F03-RastriginSep,MC-ESO-crowd,12,18,544.226
F03-RastriginSep,MC-ESO-crowd,12,19,0.00103273
F03-RastriginSep,MC-ESO-crowd,12,20,0.00103273
F03-RastriginSep,MC-ESO-crowd,12,21,513.648
F03-RastriginSep,MC-ESO-crowd,12,22,0.00103273
F03-RastriginSep,MC-ESO-crowd,12,23,0.00103273
F03-RastriginSep,MC-ESO-crowd,12,24,4.13894
F03-RastriginSep,MC-ESO-crowd,12,25,0.00103273
F03-RastriginSep,MC-ESO-crowd,12,26,500.186
F03-RastriginSep,MC-ESO-crowd,12,27,0.00103273
F03-RastriginSep,MC-ESO-crowd,12,28,473.174
F03-RastriginSep,MC-ESO-crowd,12,29,562.471
F03-RastriginSep,MC-ESO-crowd,12,30,0.00103273
F03-RastriginSep,MC-ESO-crowd,12,31,582.491
F03-RastriginSep,MC-ESO-crowd,12,32,0.00103273
F03-RastriginSep,MC-ESO-crowd,12,33,0.00103273
F03-RastriginSep,MC-ESO-crowd,12,34,0.00103273
F03-RastriginSep,MC-ESO-crowd,12,35,0.00103273
F03-RastriginSep,MC-ESO-crowd,12,36,0.00103273
F03-RastriginSep,MC-ESO-crowd,12,37,614.052
F03-RastriginSep,MC-ESO-crowd,12,38,0.00103273
F03-RastriginSep,MC-ESO-crowd,12,39,542.637
F03-RastriginSep,MC-ESO-crowd,12,40,0.00103273
F03-RastriginSep,MC-ESO-crowd,12,41,548.696
F03-RastriginSep,MC-ESO-crowd,12,42,509.603
F03-RastriginSep,MC-ESO-crowd,12,43,546.816
F03-RastriginSep,MC-ESO-crowd,12,44,0.00103273
F03-RastriginSep,quality,12,15,0.994959
F03-RastriginSep,quality,12,16,0.994959
F03-RastriginSep,quality,12,17,0.994959
F03-RastriginSep,quality,12,18,540.919
F03-RastriginSep,quality,12,19,0.994959
F03-RastriginSep,quality,12,20,1.98992
F03-RastriginSep,quality,12,21,0
F03-RastriginSep,quality,12,22,0.994959
F03-RastriginSep,quality,12,23,0.994959
F03-RastriginSep,quality,12,24,0
F03-RastriginSep,quality,12,25,0.994959
F03-RastriginSep,quality,12,26,490.228
F03-RastriginSep,quality,12,27,0.994959
F03-RastriginSep,quality,12,28,478.895
F03-RastriginSep,quality,12,29,560.953
F03-RastriginSep,quality,12,30,0.994959
F03-RastriginSep,quality,12,31,580.173
F03-RastriginSep,quality,12,32,0.994959
F03-RastriginSep,quality,12,33,0.994959
F03-RastriginSep,quality,12,34,0.994959
F03-RastriginSep,quality,12,35,1.98992
F03-RastriginSep,quality,12,36,0.994959
F03-RastriginSep,quality,12,37,612.241
F03-RastriginSep,quality,12,38,0.994959
F03-RastriginSep,quality,12,39,534.94
F03-RastriginSep,quality,12,40,0.994959
F03-RastriginSep,quality,12,41,560.575
F03-RastriginSep,quality,12,42,513.076
F03-RastriginSep,quality,12,43,551.506
F03-RastriginSep,quality,12,44,0.994959
F03-RastriginSep,complement,12,15,9.94956
F03-RastriginSep,complement,12,16,3.97983
F03-RastriginSep,complement,12,17,3.97983
F03-RastriginSep,complement,12,18,0
F03-RastriginSep,complement,12,19,3.97983
F03-RastriginSep,complement,12,20,3.97983
F03-RastriginSep,complement,12,21,5.96973
F03-RastriginSep,complement,12,22,9.94956
F03-RastriginSep,complement,12,23,9.94956
F03-RastriginSep,complement,12,24,8.9546
F03-RastriginSep,complement,12,25,3.97983
F03-RastriginSep,complement,12,26,127.329
F03-RastriginSep,complement,12,27,3.97983
F03-RastriginSep,complement,12,28,40.7847
F03-RastriginSep,complement,12,29,31.8378
F03-RastriginSep,complement,12,30,9.94956
F03-RastriginSep,complement,12,31,31.8378
F03-RastriginSep,complement,12,32,3.97983
F03-RastriginSep,complement,12,33,9.94956
F03-RastriginSep,complement,12,34,3.97983
F03-RastriginSep,complement,12,35,3.97983
F03-RastriginSep,complement,12,36,3.97983
F03-RastriginSep,complement,12,37,23.8783
F03-RastriginSep,complement,12,38,3.97983
F03-RastriginSep,complement,12,39,1.19371e-12
F03-RastriginSep,complement,12,40,9.94956
F03-RastriginSep,complement,12,41,223.829
F03-RastriginSep,complement,12,42,14.924
F03-RastriginSep,complement,12,43,31.8378
F03-RastriginSep,complement,12,44,3.97983
F03-RastriginSep,MC-ESO,13,15,2.37834
F03-RastriginSep,MC-ESO,13,16,874.704
F03-RastriginSep,MC-ESO,13,17,0
F03-RastriginSep,MC-ESO,13,18,954.876
F03-RastriginSep,MC-ESO,13,19,0
F03-RastriginSep,MC-ESO,13,20,0
F03-RastriginSep,MC-ESO,13,21,0
F03-RastriginSep,MC-ESO,13,22,971.723
F03-RastriginSep,MC-ESO,13,23,921.869
F03-RastriginSep,MC-ESO,13,24,873.322
F03-RastriginSep,MC-ESO,13,25,0
F03-RastriginSep,MC-ESO,13,26,0
F03-RastriginSep,MC-ESO,13,27,864.245
F03-RastriginSep,MC-ESO,13,28,0
F03-RastriginSep,MC-ESO,13,29,0
F03-RastriginSep,MC-ESO,13,30,937.883
F03-RastriginSep,MC-ESO,13,31,0
F03-RastriginSep,MC-ESO,13,32,860.289
F03-RastriginSep,MC-ESO,13,33,0
F03-RastriginSep,MC-ESO,13,34,0
F03-RastriginSep,MC-ESO,13,35,862.897
F03-RastriginSep,MC-ESO,13,36,946.204
F03-RastriginSep,MC-ESO,13,37,0
F03-RastriginSep,MC-ESO,13,38,0
F03-RastriginSep,MC-ESO,13,39,0
F03-RastriginSep,MC-ESO,13,40,0
F03-RastriginSep,MC-ESO,13,41,0
F03-RastriginSep,MC-ESO,13,42,859.441
F03-RastriginSep,MC-ESO,13,43,825.582
F03-RastriginSep,MC-ESO,13,44,5.36317
F03-RastriginSep,NMMSO,13,15,1.91164e-10
F03-RastriginSep,NMMSO,13,16,892.203
F03-RastriginSep,NMMSO,13,17,7.28304e-05
F03-RastriginSep,NMMSO,13,18,925.63
F03-RastriginSep,NMMSO,13,19,7.28304e-05
F03-RastriginSep,NMMSO,13,20,7.28304e-05
F03-RastriginSep,NMMSO,13,21,7.28304e-05
F03-RastriginSep,NMMSO,13,22,1011.38
F03-RastriginSep,NMMSO,13,23,970.789
F03-RastriginSep,NMMSO,13,24,884.077
F03-RastriginSep,NMMSO,13,25,7.28304e-05
F03-RastriginSep,NMMSO,13,26,7.28304e-05
F03-RastriginSep,NMMSO,13,27,893.75
F03-RastriginSep,NMMSO,13,28,7.28304e-05
F03-RastriginSep,NMMSO,13,29,7.28304e-05
F03-RastriginSep,NMMSO,13,30,967.569
F03-RastriginSep,NMMSO,13,31,7.28304e-05
F03-RastriginSep,NMMSO,13,32,876.164
F03-RastriginSep,NMMSO,13,33,7.28304e-05
F03-RastriginSep,NMMSO,13,34,7.28304e-05
F03-RastriginSep,NMMSO,13,35,823.573
F03-RastriginSep,NMMSO,13,36,951.55
F03-RastriginSep,NMMSO,13,37,7.28304e-05
F03-RastriginSep,NMMSO,13,38,7.28304e-05
F03-RastriginSep,NMMSO,13,39,7.28304e-05
F03-RastriginSep,NMMSO,13,40,7.28304e-05
F03-RastriginSep,NMMSO,13,41,7.28304e-05
F03-RastriginSep,NMMSO,13,42,877.428
F03-RastriginSep,NMMSO,13,43,848.21
F03-RastriginSep,NMMSO,13,44,0
F03-RastriginSep,NCDE,13,15,0.0322614
F03-RastriginSep,NCDE,13,16,892.522
F03-RastriginSep,NCDE,13,17,0.0687104
F03-RastriginSep,NCDE,13,18,996.86
F03-RastriginSep,NCDE,13,19,0.0687104
F03-RastriginSep,NCDE,13,20,0.0687104
F03-RastriginSep,NCDE,13,21,0.0687104
F03-RastriginSep,NCDE,13,22,1060.17
F03-RastriginSep,NCDE,13,23,978.304
F03-RastriginSep,NCDE,13,24,959.913
F03-RastriginSep,NCDE,13,25,0.0687104
F03-RastriginSep,NCDE,13,26,0.0687104
F03-RastriginSep,NCDE,13,27,840.675
F03-RastriginSep,NCDE,13,28,0.0687104
F03-RastriginSep,NCDE,13,29,0.0687104
F03-RastriginSep,NCDE,13,30,1030
F03-RastriginSep,NCDE,13,31,0.0687104
F03-RastriginSep,NCDE,13,32,876.446
F03-RastriginSep,NCDE,13,33,0.0687104
F03-RastriginSep,NCDE,13,34,0.0687104
F03-RastriginSep,NCDE,13,35,886.119
F03-RastriginSep,NCDE,13,36,1029.18
F03-RastriginSep,NCDE,13,37,0.0687104
F03-RastriginSep,NCDE,13,38,0.0687104
F03-RastriginSep,NCDE,13,39,0.0687104
F03-RastriginSep,NCDE,13,40,0.0687104
F03-RastriginSep,NCDE,13,41,0.0687104
F03-RastriginSep,NCDE,13,42,877.564
F03-RastriginSep,NCDE,13,43,847.497
F03-RastriginSep,NCDE,13,44,0.0253474
F03-RastriginSep,r3pso,13,15,822.3
F03-RastriginSep,r3pso,13,16,943.4
F03-RastriginSep,r3pso,13,17,3.26003e-08
F03-RastriginSep,r3pso,13,18,1067.77
F03-RastriginSep,r3pso,13,19,3.26003e-08
F03-RastriginSep,r3pso,13,20,3.26003e-08
F03-RastriginSep,r3pso,13,21,3.26003e-08
F03-RastriginSep,r3pso,13,22,1111.14
F03-RastriginSep,r3pso,13,23,1025.74
F03-RastriginSep,r3pso,13,24,1036.63
F03-RastriginSep,r3pso,13,25,3.26003e-08
F03-RastriginSep,r3pso,13,26,3.26003e-08
F03-RastriginSep,r3pso,13,27,950.883
F03-RastriginSep,r3pso,13,28,3.26003e-08
F03-RastriginSep,r3pso,13,29,3.26003e-08
F03-RastriginSep,r3pso,13,30,1094.09
F03-RastriginSep,r3pso,13,31,3.26003e-08
F03-RastriginSep,r3pso,13,32,927.755
F03-RastriginSep,r3pso,13,33,3.26003e-08
F03-RastriginSep,r3pso,13,34,3.26003e-08
F03-RastriginSep,r3pso,13,35,948.153
F03-RastriginSep,r3pso,13,36,1107.49
F03-RastriginSep,r3pso,13,37,3.26003e-08
F03-RastriginSep,r3pso,13,38,3.26003e-08
F03-RastriginSep,r3pso,13,39,3.26003e-08
F03-RastriginSep,r3pso,13,40,3.26003e-08
F03-RastriginSep,r3pso,13,41,3.26003e-08
F03-RastriginSep,r3pso,13,42,926.928
F03-RastriginSep,r3pso,13,43,896.626
F03-RastriginSep,r3pso,13,44,869.858
F03-RastriginSep,NM-Restart,13,15,8.95462
F03-RastriginSep,NM-Restart,13,16,858.744
F03-RastriginSep,NM-Restart,13,17,0.994959
F03-RastriginSep,NM-Restart,13,18,820.637
F03-RastriginSep,NM-Restart,13,19,0.994959
F03-RastriginSep,NM-Restart,13,20,0.994959
F03-RastriginSep,NM-Restart,13,21,0.994959
F03-RastriginSep,NM-Restart,13,22,881.415
F03-RastriginSep,NM-Restart,13,23,876.249
F03-RastriginSep,NM-Restart,13,24,6.96464
F03-RastriginSep,NM-Restart,13,25,0.994959
F03-RastriginSep,NM-Restart,13,26,0.994959
F03-RastriginSep,NM-Restart,13,27,0
F03-RastriginSep,NM-Restart,13,28,0.994959
F03-RastriginSep,NM-Restart,13,29,0.994959
F03-RastriginSep,NM-Restart,13,30,820.758
F03-RastriginSep,NM-Restart,13,31,0.994959
F03-RastriginSep,NM-Restart,13,32,856.706
F03-RastriginSep,NM-Restart,13,33,0.994959
F03-RastriginSep,NM-Restart,13,34,0.994959
F03-RastriginSep,NM-Restart,13,35,6.96464
F03-RastriginSep,NM-Restart,13,36,2.98487
F03-RastriginSep,NM-Restart,13,37,0.994959
F03-RastriginSep,NM-Restart,13,38,0.994959
F03-RastriginSep,NM-Restart,13,39,4.97479
F03-RastriginSep,NM-Restart,13,40,0.994959
F03-RastriginSep,NM-Restart,13,41,0.994959
F03-RastriginSep,NM-Restart,13,42,811.338
F03-RastriginSep,NM-Restart,13,43,773.235
F03-RastriginSep,NM-Restart,13,44,3.97979
F03-RastriginSep,IPOP-CMA-ES,13,15,0
F03-RastriginSep,IPOP-CMA-ES,13,16,927.028
F03-RastriginSep,IPOP-CMA-ES,13,17,0
F03-RastriginSep,IPOP-CMA-ES,13,18,925.63
F03-RastriginSep,IPOP-CMA-ES,13,19,0
F03-RastriginSep,IPOP-CMA-ES,13,20,0
F03-RastriginSep,IPOP-CMA-ES,13,21,0
F03-RastriginSep,IPOP-CMA-ES,13,22,1011.38
F03-RastriginSep,IPOP-CMA-ES,13,23,970.789
F03-RastriginSep,IPOP-CMA-ES,13,24,884.077
F03-RastriginSep,IPOP-CMA-ES,13,25,0
F03-RastriginSep,IPOP-CMA-ES,13,26,0
F03-RastriginSep,IPOP-CMA-ES,13,27,893.272
F03-RastriginSep,IPOP-CMA-ES,13,28,0
F03-RastriginSep,IPOP-CMA-ES,13,29,0
F03-RastriginSep,IPOP-CMA-ES,13,30,967.569
F03-RastriginSep,IPOP-CMA-ES,13,31,0
F03-RastriginSep,IPOP-CMA-ES,13,32,925.547
F03-RastriginSep,IPOP-CMA-ES,13,33,0
F03-RastriginSep,IPOP-CMA-ES,13,34,0
F03-RastriginSep,IPOP-CMA-ES,13,35,823.573
F03-RastriginSep,IPOP-CMA-ES,13,36,951.55
F03-RastriginSep,IPOP-CMA-ES,13,37,0
F03-RastriginSep,IPOP-CMA-ES,13,38,0
F03-RastriginSep,IPOP-CMA-ES,13,39,0
F03-RastriginSep,IPOP-CMA-ES,13,40,0
F03-RastriginSep,IPOP-CMA-ES,13,41,0
F03-RastriginSep,IPOP-CMA-ES,13,42,904.994
F03-RastriginSep,IPOP-CMA-ES,13,43,869.788
F03-RastriginSep,IPOP-CMA-ES,13,44,1.02023
F03-RastriginSep,DE,13,15,822.3
F03-RastriginSep,DE,13,16,943.4
F03-RastriginSep,DE,13,17,0
F03-RastriginSep,DE,13,18,1067.77
F03-RastriginSep,DE,13,19,0
F03-RastriginSep,DE,13,20,0
F03-RastriginSep,DE,13,21,0
F03-RastriginSep,DE,13,22,1111.14
F03-RastriginSep,DE,13,23,1025.74
F03-RastriginSep,DE,13,24,1036.63
F03-RastriginSep,DE,13,25,0
F03-RastriginSep,DE,13,26,0
F03-RastriginSep,DE,13,27,950.883
F03-RastriginSep,DE,13,28,0
F03-RastriginSep,DE,13,29,0
F03-RastriginSep,DE,13,30,1094.09
F03-RastriginSep,DE,13,31,0
F03-RastriginSep,DE,13,32,927.755
F03-RastriginSep,DE,13,33,0
F03-RastriginSep,DE,13,34,0
F03-RastriginSep,DE,13,35,948.154
F03-RastriginSep,DE,13,36,1107.49
F03-RastriginSep,DE,13,37,0
F03-RastriginSep,DE,13,38,0
F03-RastriginSep,DE,13,39,0
F03-RastriginSep,DE,13,40,0
F03-RastriginSep,DE,13,41,0
F03-RastriginSep,DE,13,42,926.927
F03-RastriginSep,DE,13,43,896.626
F03-RastriginSep,DE,13,44,869.858
F03-RastriginSep,PSO,13,15,822.3
F03-RastriginSep,PSO,13,16,943.4
F03-RastriginSep,PSO,13,17,1.13687e-13
F03-RastriginSep,PSO,13,18,1067.77
F03-RastriginSep,PSO,13,19,1.13687e-13
F03-RastriginSep,PSO,13,20,1.13687e-13
F03-RastriginSep,PSO,13,21,1.13687e-13
F03-RastriginSep,PSO,13,22,1111.14
F03-RastriginSep,PSO,13,23,1025.74
F03-RastriginSep,PSO,13,24,1036.63
F03-RastriginSep,PSO,13,25,1.13687e-13
F03-RastriginSep,PSO,13,26,1.13687e-13
F03-RastriginSep,PSO,13,27,950.883
F03-RastriginSep,PSO,13,28,1.13687e-13
F03-RastriginSep,PSO,13,29,1.13687e-13
F03-RastriginSep,PSO,13,30,1094.09
F03-RastriginSep,PSO,13,31,1.13687e-13
F03-RastriginSep,PSO,13,32,927.755
F03-RastriginSep,PSO,13,33,1.13687e-13
F03-RastriginSep,PSO,13,34,1.13687e-13
F03-RastriginSep,PSO,13,35,948.154
F03-RastriginSep,PSO,13,36,1107.49
F03-RastriginSep,PSO,13,37,1.13687e-13
F03-RastriginSep,PSO,13,38,1.13687e-13
F03-RastriginSep,PSO,13,39,1.13687e-13
F03-RastriginSep,PSO,13,40,1.13687e-13
F03-RastriginSep,PSO,13,41,1.13687e-13
F03-RastriginSep,PSO,13,42,926.927
F03-RastriginSep,PSO,13,43,896.626
F03-RastriginSep,PSO,13,44,869.858
F03-RastriginSep,Crowding-DE,13,15,0.160096
F03-RastriginSep,Crowding-DE,13,16,927.945
F03-RastriginSep,Crowding-DE,13,17,0.026388
F03-RastriginSep,Crowding-DE,13,18,926.111
F03-RastriginSep,Crowding-DE,13,19,0.026388
F03-RastriginSep,Crowding-DE,13,20,0.026388
F03-RastriginSep,Crowding-DE,13,21,0.026388
F03-RastriginSep,Crowding-DE,13,22,1012.5
F03-RastriginSep,Crowding-DE,13,23,971.827
F03-RastriginSep,Crowding-DE,13,24,885.074
F03-RastriginSep,Crowding-DE,13,25,0.026388
F03-RastriginSep,Crowding-DE,13,26,0.026388
F03-RastriginSep,Crowding-DE,13,27,839.985
F03-RastriginSep,Crowding-DE,13,28,0.026388
F03-RastriginSep,Crowding-DE,13,29,0.026388
F03-RastriginSep,Crowding-DE,13,30,968.68
F03-RastriginSep,Crowding-DE,13,31,0.026388
F03-RastriginSep,Crowding-DE,13,32,925.479
F03-RastriginSep,Crowding-DE,13,33,0.026388
F03-RastriginSep,Crowding-DE,13,34,0.026388
F03-RastriginSep,Crowding-DE,13,35,823.861
F03-RastriginSep,Crowding-DE,13,36,952.497
F03-RastriginSep,Crowding-DE,13,37,0.026388
F03-RastriginSep,Crowding-DE,13,38,0.026388
F03-RastriginSep,Crowding-DE,13,39,0.026388
F03-RastriginSep,Crowding-DE,13,40,0.026388
F03-RastriginSep,Crowding-DE,13,41,0.026388
F03-RastriginSep,Crowding-DE,13,42,887.613
F03-RastriginSep,Crowding-DE,13,43,847.542
F03-RastriginSep,Crowding-DE,13,44,0.126193
F03-RastriginSep,MAP-Elites,13,15,0.125379
F03-RastriginSep,MAP-Elites,13,16,924.577
F03-RastriginSep,MAP-Elites,13,17,1.3293
F03-RastriginSep,MAP-Elites,13,18,997.584
F03-RastriginSep,MAP-Elites,13,19,1.3293
F03-RastriginSep,MAP-Elites,13,20,1.3293
F03-RastriginSep,MAP-Elites,13,21,1.3293
F03-RastriginSep,MAP-Elites,13,22,1062.17
F03-RastriginSep,MAP-Elites,13,23,998.723
F03-RastriginSep,MAP-Elites,13,24,961.669
F03-RastriginSep,MAP-Elites,13,25,3.51979
F03-RastriginSep,MAP-Elites,13,26,1.3293
F03-RastriginSep,MAP-Elites,13,27,860.233
F03-RastriginSep,MAP-Elites,13,28,1.3293
F03-RastriginSep,MAP-Elites,13,29,1.3293
F03-RastriginSep,MAP-Elites,13,30,1031.98
F03-RastriginSep,MAP-Elites,13,31,1.3293
F03-RastriginSep,MAP-Elites,13,32,907.906
F03-RastriginSep,MAP-Elites,13,33,1.3293
F03-RastriginSep,MAP-Elites,13,34,1.3293
F03-RastriginSep,MAP-Elites,13,35,886.458
F03-RastriginSep,MAP-Elites,13,36,1030.84
F03-RastriginSep,MAP-Elites,13,37,1.3293
F03-RastriginSep,MAP-Elites,13,38,1.3293
F03-RastriginSep,MAP-Elites,13,39,3.94476
F03-RastriginSep,MAP-Elites,13,40,3.51979
F03-RastriginSep,MAP-Elites,13,41,1.3293
F03-RastriginSep,MAP-Elites,13,42,904.952
F03-RastriginSep,MAP-Elites,13,43,870.379
F03-RastriginSep,MAP-Elites,13,44,2.94976
F03-RastriginSep,MC-ESO-crowd,13,15,0.0976224
F03-RastriginSep,MC-ESO-crowd,13,16,927.748
F03-RastriginSep,MC-ESO-crowd,13,17,0.0797822
F03-RastriginSep,MC-ESO-crowd,13,18,925.915
F03-RastriginSep,MC-ESO-crowd,13,19,0.0797822
F03-RastriginSep,MC-ESO-crowd,13,20,0.0797822
F03-RastriginSep,MC-ESO-crowd,13,21,0.0797822
F03-RastriginSep,MC-ESO-crowd,13,22,1012.22
F03-RastriginSep,MC-ESO-crowd,13,23,971.589
F03-RastriginSep,MC-ESO-crowd,13,24,884.787
F03-RastriginSep,MC-ESO-crowd,13,25,0.0797822
F03-RastriginSep,MC-ESO-crowd,13,26,0.0797822
F03-RastriginSep,MC-ESO-crowd,13,27,859.631
F03-RastriginSep,MC-ESO-crowd,13,28,0.0797822
F03-RastriginSep,MC-ESO-crowd,13,29,0.0797822
F03-RastriginSep,MC-ESO-crowd,13,30,968.39
F03-RastriginSep,MC-ESO-crowd,13,31,0.0797822
F03-RastriginSep,MC-ESO-crowd,13,32,925.154
F03-RastriginSep,MC-ESO-crowd,13,33,0.0797822
F03-RastriginSep,MC-ESO-crowd,13,34,0.0797822
F03-RastriginSep,MC-ESO-crowd,13,35,823.706
F03-RastriginSep,MC-ESO-crowd,13,36,952.217
F03-RastriginSep,MC-ESO-crowd,13,37,0.0797822
F03-RastriginSep,MC-ESO-crowd,13,38,0.0797822
F03-RastriginSep,MC-ESO-crowd,13,39,0.0797822
F03-RastriginSep,MC-ESO-crowd,13,40,0.0797822
F03-RastriginSep,MC-ESO-crowd,13,41,0.0797822
F03-RastriginSep,MC-ESO-crowd,13,42,905.823
F03-RastriginSep,MC-ESO-crowd,13,43,870.497
F03-RastriginSep,MC-ESO-crowd,13,44,0.169107
F03-RastriginSep,quality,13,15,8.62883e-11
F03-RastriginSep,quality,13,16,927.028
F03-RastriginSep,quality,13,17,7.38964e-12
F03-RastriginSep,quality,13,18,925.63
F03-RastriginSep,quality,13,19,7.38964e-12
F03-RastriginSep,quality,13,20,7.38964e-12
F03-RastriginSep,quality,13,21,7.38964e-12
F03-RastriginSep,quality,13,22,1011.38
F03-RastriginSep,quality,13,23,970.789
F03-RastriginSep,quality,13,24,884.077
F03-RastriginSep,quality,13,25,7.38964e-12
F03-RastriginSep,quality,13,26,7.38964e-12
F03-RastriginSep,quality,13,27,915.089
F03-RastriginSep,quality,13,28,7.38964e-12
F03-RastriginSep,quality,13,29,7.38964e-12
F03-RastriginSep,quality,13,30,967.569
F03-RastriginSep,quality,13,31,7.38964e-12
F03-RastriginSep,quality,13,32,925.547
F03-RastriginSep,quality,13,33,7.38964e-12
F03-RastriginSep,quality,13,34,7.38964e-12
F03-RastriginSep,quality,13,35,823.573
F03-RastriginSep,quality,13,36,951.55
F03-RastriginSep,quality,13,37,7.38964e-12
F03-RastriginSep,quality,13,38,7.38964e-12
F03-RastriginSep,quality,13,39,7.38964e-12
F03-RastriginSep,quality,13,40,7.38964e-12
F03-RastriginSep,quality,13,41,7.38964e-12
F03-RastriginSep,quality,13,42,926.927
F03-RastriginSep,quality,13,43,896.626
F03-RastriginSep,quality,13,44,821.043
F03-RastriginSep,complement,13,15,8.9546
F03-RastriginSep,complement,13,16,766.951
F03-RastriginSep,complement,13,17,12.9344
F03-RastriginSep,complement,13,18,11.9394
F03-RastriginSep,complement,13,19,12.9344
F03-RastriginSep,complement,13,20,36.813
F03-RastriginSep,complement,13,21,36.813
F03-RastriginSep,complement,13,22,27.8577
F03-RastriginSep,complement,13,23,14.9237
F03-RastriginSep,complement,13,24,0
F03-RastriginSep,complement,13,25,36.813
F03-RastriginSep,complement,13,26,36.813
F03-RastriginSep,complement,13,27,16.9139
F03-RastriginSep,complement,13,28,12.9344
F03-RastriginSep,complement,13,29,36.813
F03-RastriginSep,complement,13,30,2.98487
F03-RastriginSep,complement,13,31,12.9344
F03-RastriginSep,complement,13,32,39.7974
F03-RastriginSep,complement,13,33,36.813
F03-RastriginSep,complement,13,34,36.813
F03-RastriginSep,complement,13,35,0
F03-RastriginSep,complement,13,36,11.9394
F03-RastriginSep,complement,13,37,12.9344
F03-RastriginSep,complement,13,38,12.9344
F03-RastriginSep,complement,13,39,36.813
F03-RastriginSep,complement,13,40,36.813
F03-RastriginSep,complement,13,41,12.9344
F03-RastriginSep,complement,13,42,0
F03-RastriginSep,complement,13,43,0
F03-RastriginSep,complement,13,44,35.8179
F03-RastriginSep,MC-ESO,14,15,1008.36
F03-RastriginSep,MC-ESO,14,16,0
F03-RastriginSep,MC-ESO,14,17,1040.1
F03-RastriginSep,MC-ESO,14,18,1137.85
F03-RastriginSep,MC-ESO,14,19,1033.96
F03-RastriginSep,MC-ESO,14,20,1029.86
F03-RastriginSep,MC-ESO,14,21,0
F03-RastriginSep,MC-ESO,14,22,1301.91
F03-RastriginSep,MC-ESO,14,23,1126.83
F03-RastriginSep,MC-ESO,14,24,0
F03-RastriginSep,MC-ESO,14,25,1194.08
F03-RastriginSep,MC-ESO,14,26,0
F03-RastriginSep,MC-ESO,14,27,1.31514
F03-RastriginSep,MC-ESO,14,28,0
F03-RastriginSep,MC-ESO,14,29,1052.59
F03-RastriginSep,MC-ESO,14,30,1441.56
F03-RastriginSep,MC-ESO,14,31,0
F03-RastriginSep,MC-ESO,14,32,0
F03-RastriginSep,MC-ESO,14,33,0
F03-RastriginSep,MC-ESO,14,34,0
F03-RastriginSep,MC-ESO,14,35,0
F03-RastriginSep,MC-ESO,14,36,0
F03-RastriginSep,MC-ESO,14,37,0
F03-RastriginSep,MC-ESO,14,38,1270.09
F03-RastriginSep,MC-ESO,14,39,971.125
F03-RastriginSep,MC-ESO,14,40,1038.12
F03-RastriginSep,MC-ESO,14,41,0
F03-RastriginSep,MC-ESO,14,42,0
F03-RastriginSep,MC-ESO,14,43,0
F03-RastriginSep,MC-ESO,14,44,1145.91
F03-RastriginSep,NMMSO,14,15,1040.2
F03-RastriginSep,NMMSO,14,16,9.4646e-09
F03-RastriginSep,NMMSO,14,17,1004.82
F03-RastriginSep,NMMSO,14,18,955.41
F03-RastriginSep,NMMSO,14,19,7.08155e-10
F03-RastriginSep,NMMSO,14,20,1061.53
F03-RastriginSep,NMMSO,14,21,9.4646e-09
F03-RastriginSep,NMMSO,14,22,1146.57
F03-RastriginSep,NMMSO,14,23,0
F03-RastriginSep,NMMSO,14,24,9.4646e-09
F03-RastriginSep,NMMSO,14,25,1015.79
F03-RastriginSep,NMMSO,14,26,9.4646e-09
F03-RastriginSep,NMMSO,14,27,1.0229
F03-RastriginSep,NMMSO,14,28,9.4646e-09
F03-RastriginSep,NMMSO,14,29,0
F03-RastriginSep,NMMSO,14,30,1284.27
F03-RastriginSep,NMMSO,14,31,9.4646e-09
F03-RastriginSep,NMMSO,14,32,9.4646e-09
F03-RastriginSep,NMMSO,14,33,9.4646e-09
F03-RastriginSep,NMMSO,14,34,9.4646e-09
F03-RastriginSep,NMMSO,14,35,9.4646e-09
F03-RastriginSep,NMMSO,14,36,9.4646e-09
F03-RastriginSep,NMMSO,14,37,9.4646e-09
F03-RastriginSep,NMMSO,14,38,1215.52
F03-RastriginSep,NMMSO,14,39,1.98991
F03-RastriginSep,NMMSO,14,40,7.08155e-10
F03-RastriginSep,NMMSO,14,41,9.4646e-09
F03-RastriginSep,NMMSO,14,42,9.4646e-09
F03-RastriginSep,NMMSO,14,43,9.4646e-09
F03-RastriginSep,NMMSO,14,44,991.471
F03-RastriginSep,NCDE,14,15,1037.43
F03-RastriginSep,NCDE,14,16,0.00889819
F03-RastriginSep,NCDE,14,17,1005.08
F03-RastriginSep,NCDE,14,18,955.69
F03-RastriginSep,NCDE,14,19,0.00346714
F03-RastriginSep,NCDE,14,20,1059.13
F03-RastriginSep,NCDE,14,21,0.00889819
F03-RastriginSep,NCDE,14,22,1146.89
F03-RastriginSep,NCDE,14,23,0.0134575
F03-RastriginSep,NCDE,14,24,0.00889819
F03-RastriginSep,NCDE,14,25,1016.08
F03-RastriginSep,NCDE,14,26,0.00889819
F03-RastriginSep,NCDE,14,27,0.01382
F03-RastriginSep,NCDE,14,28,0.00889819
F03-RastriginSep,NCDE,14,29,0.0134575
F03-RastriginSep,NCDE,14,30,1284.59
F03-RastriginSep,NCDE,14,31,0.00889819
F03-RastriginSep,NCDE,14,32,0.00889819
F03-RastriginSep,NCDE,14,33,0.00889819
F03-RastriginSep,NCDE,14,34,0.00889819
F03-RastriginSep,NCDE,14,35,0.00889819
F03-RastriginSep,NCDE,14,36,0.00889819
F03-RastriginSep,NCDE,14,37,0.00889819
F03-RastriginSep,NCDE,14,38,1215.8
F03-RastriginSep,NCDE,14,39,2.00337
F03-RastriginSep,NCDE,14,40,0.00346714
F03-RastriginSep,NCDE,14,41,0.00889819
F03-RastriginSep,NCDE,14,42,0.00889819
F03-RastriginSep,NCDE,14,43,0.00889819
F03-RastriginSep,NCDE,14,44,991.79
F03-RastriginSep,r3pso,14,15,1062.15
F03-RastriginSep,r3pso,14,16,3.86535e-12
F03-RastriginSep,r3pso,14,17,993.522
F03-RastriginSep,r3pso,14,18,955.89
F03-RastriginSep,r3pso,14,19,1.02063
F03-RastriginSep,r3pso,14,20,1073.46
F03-RastriginSep,r3pso,14,21,3.86535e-12
F03-RastriginSep,r3pso,14,22,1146.98
F03-RastriginSep,r3pso,14,23,0.0135145
F03-RastriginSep,r3pso,14,24,3.86535e-12
F03-RastriginSep,r3pso,14,25,1016.26
F03-RastriginSep,r3pso,14,26,3.86535e-12
F03-RastriginSep,r3pso,14,27,1075.22
F03-RastriginSep,r3pso,14,28,3.86535e-12
F03-RastriginSep,r3pso,14,29,0.0135145
F03-RastriginSep,r3pso,14,30,1284.69
F03-RastriginSep,r3pso,14,31,3.86535e-12
F03-RastriginSep,r3pso,14,32,3.86535e-12
F03-RastriginSep,r3pso,14,33,3.86535e-12
F03-RastriginSep,r3pso,14,34,3.86535e-12
F03-RastriginSep,r3pso,14,35,3.86535e-12
F03-RastriginSep,r3pso,14,36,3.86535e-12
F03-RastriginSep,r3pso,14,37,3.86535e-12
F03-RastriginSep,r3pso,14,38,1214.74
F03-RastriginSep,r3pso,14,39,2.00343
F03-RastriginSep,r3pso,14,40,1.02063
F03-RastriginSep,r3pso,14,41,3.86535e-12
F03-RastriginSep,r3pso,14,42,3.86535e-12
F03-RastriginSep,r3pso,14,43,3.86535e-12
F03-RastriginSep,r3pso,14,44,991.881
F03-RastriginSep,NM-Restart,14,15,942.474
F03-RastriginSep,NM-Restart,14,16,0.994959
F03-RastriginSep,NM-Restart,14,17,977.757
F03-RastriginSep,NM-Restart,14,18,11.5439
F03-RastriginSep,NM-Restart,14,19,0
F03-RastriginSep,NM-Restart,14,20,963.405
F03-RastriginSep,NM-Restart,14,21,0.994959
F03-RastriginSep,NM-Restart,14,22,1000.27
F03-RastriginSep,NM-Restart,14,23,11.9394
F03-RastriginSep,NM-Restart,14,24,0.994959
F03-RastriginSep,NM-Restart,14,25,6.96464
F03-RastriginSep,NM-Restart,14,26,0.994959
F03-RastriginSep,NM-Restart,14,27,0
F03-RastriginSep,NM-Restart,14,28,0.994959
F03-RastriginSep,NM-Restart,14,29,11.9394
F03-RastriginSep,NM-Restart,14,30,1136.03
F03-RastriginSep,NM-Restart,14,31,0.994959
F03-RastriginSep,NM-Restart,14,32,0.994959
F03-RastriginSep,NM-Restart,14,33,0.994959
F03-RastriginSep,NM-Restart,14,34,0.994959
F03-RastriginSep,NM-Restart,14,35,0.994959
F03-RastriginSep,NM-Restart,14,36,0.994959
F03-RastriginSep,NM-Restart,14,37,0.994959
F03-RastriginSep,NM-Restart,14,38,1169.31
F03-RastriginSep,NM-Restart,14,39,13.9293
F03-RastriginSep,NM-Restart,14,40,0
F03-RastriginSep,NM-Restart,14,41,0.994959
F03-RastriginSep,NM-Restart,14,42,0.994959
F03-RastriginSep,NM-Restart,14,43,0.994959
F03-RastriginSep,NM-Restart,14,44,6.96464
F03-RastriginSep,IPOP-CMA-ES,14,15,1057.73
F03-RastriginSep,IPOP-CMA-ES,14,16,0
F03-RastriginSep,IPOP-CMA-ES,14,17,1040.1
F03-RastriginSep,IPOP-CMA-ES,14,18,1137.85
F03-RastriginSep,IPOP-CMA-ES,14,19,1033.96
F03-RastriginSep,IPOP-CMA-ES,14,20,1075.99
F03-RastriginSep,IPOP-CMA-ES,14,21,0
F03-RastriginSep,IPOP-CMA-ES,14,22,1301.91
F03-RastriginSep,IPOP-CMA-ES,14,23,1129.68
F03-RastriginSep,IPOP-CMA-ES,14,24,0
F03-RastriginSep,IPOP-CMA-ES,14,25,1194.08
F03-RastriginSep,IPOP-CMA-ES,14,26,0
F03-RastriginSep,IPOP-CMA-ES,14,27,1001.92
F03-RastriginSep,IPOP-CMA-ES,14,28,0
F03-RastriginSep,IPOP-CMA-ES,14,29,1053.91
F03-RastriginSep,IPOP-CMA-ES,14,30,1441.56
F03-RastriginSep,IPOP-CMA-ES,14,31,0
F03-RastriginSep,IPOP-CMA-ES,14,32,0
F03-RastriginSep,IPOP-CMA-ES,14,33,0
F03-RastriginSep,IPOP-CMA-ES,14,34,0
F03-RastriginSep,IPOP-CMA-ES,14,35,0
F03-RastriginSep,IPOP-CMA-ES,14,36,0
F03-RastriginSep,IPOP-CMA-ES,14,37,0
F03-RastriginSep,IPOP-CMA-ES,14,38,1270.09
F03-RastriginSep,IPOP-CMA-ES,14,39,1008.2
F03-RastriginSep,IPOP-CMA-ES,14,40,1038.12
F03-RastriginSep,IPOP-CMA-ES,14,41,0
F03-RastriginSep,IPOP-CMA-ES,14,42,0
F03-RastriginSep,IPOP-CMA-ES,14,43,0
F03-RastriginSep,IPOP-CMA-ES,14,44,1145.91
F03-RastriginSep,DE,14,15,1070.44
F03-RastriginSep,DE,14,16,0
F03-RastriginSep,DE,14,17,1040.1
F03-RastriginSep,DE,14,18,1137.85
F03-RastriginSep,DE,14,19,1033.96
F03-RastriginSep,DE,14,20,1085.37
F03-RastriginSep,DE,14,21,0
F03-RastriginSep,DE,14,22,1301.91
F03-RastriginSep,DE,14,23,1129.68
F03-RastriginSep,DE,14,24,0
F03-RastriginSep,DE,14,25,1194.08
F03-RastriginSep,DE,14,26,0
F03-RastriginSep,DE,14,27,1075.22
F03-RastriginSep,DE,14,28,0
F03-RastriginSep,DE,14,29,1053.91
F03-RastriginSep,DE,14,30,1441.56
F03-RastriginSep,DE,14,31,0
F03-RastriginSep,DE,14,32,0
F03-RastriginSep,DE,14,33,0
F03-RastriginSep,DE,14,34,0
F03-RastriginSep,DE,14,35,0
F03-RastriginSep,DE,14,36,0
F03-RastriginSep,DE,14,37,0
F03-RastriginSep,DE,14,38,1270.09
F03-RastriginSep,DE,14,39,1008.2
F03-RastriginSep,DE,14,40,1038.12
F03-RastriginSep,DE,14,41,0
F03-RastriginSep,DE,14,42,0
F03-RastriginSep,DE,14,43,0
F03-RastriginSep,DE,14,44,1145.91
F03-RastriginSep,PSO,14,15,1070.44
F03-RastriginSep,PSO,14,16,1.7053e-12
F03-RastriginSep,PSO,14,17,1040.1
F03-RastriginSep,PSO,14,18,1137.85
F03-RastriginSep,PSO,14,19,1033.96
F03-RastriginSep,PSO,14,20,1085.37
F03-RastriginSep,PSO,14,21,1.7053e-12
F03-RastriginSep,PSO,14,22,1301.91
F03-RastriginSep,PSO,14,23,1129.68
F03-RastriginSep,PSO,14,24,1.7053e-12
F03-RastriginSep,PSO,14,25,1194.08
F03-RastriginSep,PSO,14,26,1.7053e-12
F03-RastriginSep,PSO,14,27,1075.22
F03-RastriginSep,PSO,14,28,1.7053e-12
F03-RastriginSep,PSO,14,29,1053.91
F03-RastriginSep,PSO,14,30,1441.56
F03-RastriginSep,PSO,14,31,1.7053e-12
F03-RastriginSep,PSO,14,32,1.7053e-12
F03-RastriginSep,PSO,14,33,1.7053e-12
F03-RastriginSep,PSO,14,34,1.7053e-12
F03-RastriginSep,PSO,14,35,1.7053e-12
F03-RastriginSep,PSO,14,36,1.7053e-12
F03-RastriginSep,PSO,14,37,1.7053e-12
F03-RastriginSep,PSO,14,38,1270.09
F03-RastriginSep,PSO,14,39,1008.2
F03-RastriginSep,PSO,14,40,1038.12
F03-RastriginSep,PSO,14,41,1.7053e-12
F03-RastriginSep,PSO,14,42,1.7053e-12
F03-RastriginSep,PSO,14,43,1.7053e-12
F03-RastriginSep,PSO,14,44,1145.91
F03-RastriginSep,Crowding-DE,14,15,1010.46
F03-RastriginSep,Crowding-DE,14,16,0.0196434
F03-RastriginSep,Crowding-DE,14,17,979.697
F03-RastriginSep,Crowding-DE,14,18,1047.06
F03-RastriginSep,Crowding-DE,14,19,0.0875133
F03-RastriginSep,Crowding-DE,14,20,1024.91
F03-RastriginSep,Crowding-DE,14,21,0.0196434
F03-RastriginSep,Crowding-DE,14,22,1224.55
F03-RastriginSep,Crowding-DE,14,23,1042.02
F03-RastriginSep,Crowding-DE,14,24,0.0196434
F03-RastriginSep,Crowding-DE,14,25,1105.35
F03-RastriginSep,Crowding-DE,14,26,0.0196434
F03-RastriginSep,Crowding-DE,14,27,0.0417199
F03-RastriginSep,Crowding-DE,14,28,0.0196434
F03-RastriginSep,Crowding-DE,14,29,965.471
F03-RastriginSep,Crowding-DE,14,30,1363.23
F03-RastriginSep,Crowding-DE,14,31,0.0196434
F03-RastriginSep,Crowding-DE,14,32,0.0196434
F03-RastriginSep,Crowding-DE,14,33,0.0196434
F03-RastriginSep,Crowding-DE,14,34,0.0196434
F03-RastriginSep,Crowding-DE,14,35,0.0196434
F03-RastriginSep,Crowding-DE,14,36,0.0196434
F03-RastriginSep,Crowding-DE,14,37,0.0196434
F03-RastriginSep,Crowding-DE,14,38,1211.31
F03-RastriginSep,Crowding-DE,14,39,958.256
F03-RastriginSep,Crowding-DE,14,40,0.0875133
F03-RastriginSep,Crowding-DE,14,41,0.0196434
F03-RastriginSep,Crowding-DE,14,42,0.0196434
F03-RastriginSep,Crowding-DE,14,43,0.0196434
F03-RastriginSep,Crowding-DE,14,44,1068.99
F03-RastriginSep,MAP-Elites,14,15,1054.18
F03-RastriginSep,MAP-Elites,14,16,1.25272
F03-RastriginSep,MAP-Elites,14,17,1004.49
F03-RastriginSep,MAP-Elites,14,18,0.210146
F03-RastriginSep,MAP-Elites,14,19,3.19367
F03-RastriginSep,MAP-Elites,14,20,1072.72
F03-RastriginSep,MAP-Elites,14,21,1.25272
F03-RastriginSep,MAP-Elites,14,22,1144.39
F03-RastriginSep,MAP-Elites,14,23,0.60562
F03-RastriginSep,MAP-Elites,14,24,1.25272
F03-RastriginSep,MAP-Elites,14,25,1013.29
F03-RastriginSep,MAP-Elites,14,26,1.25272
F03-RastriginSep,MAP-Elites,14,27,1.4316
F03-RastriginSep,MAP-Elites,14,28,1.25272
F03-RastriginSep,MAP-Elites,14,29,0.60562
F03-RastriginSep,MAP-Elites,14,30,1282.05
F03-RastriginSep,MAP-Elites,14,31,1.25272
F03-RastriginSep,MAP-Elites,14,32,1.25272
F03-RastriginSep,MAP-Elites,14,33,1.25272
F03-RastriginSep,MAP-Elites,14,34,1.25272
F03-RastriginSep,MAP-Elites,14,35,1.25272
F03-RastriginSep,MAP-Elites,14,36,1.25272
F03-RastriginSep,MAP-Elites,14,37,1.25272
F03-RastriginSep,MAP-Elites,14,38,1214.88
F03-RastriginSep,MAP-Elites,14,39,2.59553
F03-RastriginSep,MAP-Elites,14,40,3.19367
F03-RastriginSep,MAP-Elites,14,41,1.25272
F03-RastriginSep,MAP-Elites,14,42,1.25272
F03-RastriginSep,MAP-Elites,14,43,1.25272
F03-RastriginSep,MAP-Elites,14,44,989.297
F03-RastriginSep,MC-ESO-crowd,14,15,1025.08
F03-RastriginSep,MC-ESO-crowd,14,16,2.36051e-05
F03-RastriginSep,MC-ESO-crowd,14,17,1006.19
F03-RastriginSep,MC-ESO-crowd,14,18,0
F03-RastriginSep,MC-ESO-crowd,14,19,0.344793
F03-RastriginSep,MC-ESO-crowd,14,20,1043.22
F03-RastriginSep,MC-ESO-crowd,14,21,2.36051e-05
F03-RastriginSep,MC-ESO-crowd,14,22,1146.58
F03-RastriginSep,MC-ESO-crowd,14,23,0.395474
F03-RastriginSep,MC-ESO-crowd,14,24,2.36051e-05
F03-RastriginSep,MC-ESO-crowd,14,25,1015.32
F03-RastriginSep,MC-ESO-crowd,14,26,2.36051e-05
F03-RastriginSep,MC-ESO-crowd,14,27,0.0119817
F03-RastriginSep,MC-ESO-crowd,14,28,2.36051e-05
F03-RastriginSep,MC-ESO-crowd,14,29,0.395474
F03-RastriginSep,MC-ESO-crowd,14,30,1284.25
F03-RastriginSep,MC-ESO-crowd,14,31,2.36051e-05
F03-RastriginSep,MC-ESO-crowd,14,32,2.36051e-05
F03-RastriginSep,MC-ESO-crowd,14,33,2.36051e-05
F03-RastriginSep,MC-ESO-crowd,14,34,2.36051e-05
F03-RastriginSep,MC-ESO-crowd,14,35,2.36051e-05
F03-RastriginSep,MC-ESO-crowd,14,36,2.36051e-05
F03-RastriginSep,MC-ESO-crowd,14,37,2.36051e-05
F03-RastriginSep,MC-ESO-crowd,14,38,1216.73
F03-RastriginSep,MC-ESO-crowd,14,39,2.38539
F03-RastriginSep,MC-ESO-crowd,14,40,0.344793
F03-RastriginSep,MC-ESO-crowd,14,41,2.36051e-05
F03-RastriginSep,MC-ESO-crowd,14,42,2.36051e-05
F03-RastriginSep,MC-ESO-crowd,14,43,2.36051e-05
F03-RastriginSep,MC-ESO-crowd,14,44,991.498
F03-RastriginSep,quality,14,15,1052.48
F03-RastriginSep,quality,14,16,0.994959
F03-RastriginSep,quality,14,17,993.533
F03-RastriginSep,quality,14,18,1040.31
F03-RastriginSep,quality,14,19,3.80851e-12
F03-RastriginSep,quality,14,20,1070.85
F03-RastriginSep,quality,14,21,0.994959
F03-RastriginSep,quality,14,22,1208.11
F03-RastriginSep,quality,14,23,1030.29
F03-RastriginSep,quality,14,24,0.994959
F03-RastriginSep,quality,14,25,1096.26
F03-RastriginSep,quality,14,26,0.994959
F03-RastriginSep,quality,14,27,995.655
F03-RastriginSep,quality,14,28,0.994959
F03-RastriginSep,quality,14,29,954.565
F03-RastriginSep,quality,14,30,1347.25
F03-RastriginSep,quality,14,31,0.994959
F03-RastriginSep,quality,14,32,0.994959
F03-RastriginSep,quality,14,33,0.994959
F03-RastriginSep,quality,14,34,0.994959
F03-RastriginSep,quality,14,35,0.994959
F03-RastriginSep,quality,14,36,0.994959
F03-RastriginSep,quality,14,37,0.994959
F03-RastriginSep,quality,14,38,1214.7
F03-RastriginSep,quality,14,39,0
F03-RastriginSep,quality,14,40,3.80851e-12
F03-RastriginSep,quality,14,41,0.994959
F03-RastriginSep,quality,14,42,0.994959
F03-RastriginSep,quality,14,43,0.994959
F03-RastriginSep,quality,14,44,1052.35
F03-RastriginSep,complement,14,15,827.299
F03-RastriginSep,complement,14,16,0.994959
F03-RastriginSep,complement,14,17,24.8731
F03-RastriginSep,complement,14,18,4.5793
F03-RastriginSep,complement,14,19,7.95964
F03-RastriginSep,complement,14,20,846.585
F03-RastriginSep,complement,14,21,0.994959
F03-RastriginSep,complement,14,22,254.68
F03-RastriginSep,complement,14,23,4.97477
F03-RastriginSep,complement,14,24,0.994959
F03-RastriginSep,complement,14,25,0
F03-RastriginSep,complement,14,26,0.994959
F03-RastriginSep,complement,14,27,143.265
F03-RastriginSep,complement,14,28,0.994959
F03-RastriginSep,complement,14,29,4.97477
F03-RastriginSep,complement,14,30,230.802
F03-RastriginSep,complement,14,31,0.994959
F03-RastriginSep,complement,14,32,0.994959
F03-RastriginSep,complement,14,33,0.994959
F03-RastriginSep,complement,14,34,0.994959
F03-RastriginSep,complement,14,35,0.994959
F03-RastriginSep,complement,14,36,0.994959
F03-RastriginSep,complement,14,37,0.994959
F03-RastriginSep,complement,14,38,100.47
F03-RastriginSep,complement,14,39,6.96468
F03-RastriginSep,complement,14,40,7.95964
F03-RastriginSep,complement,14,41,0.994959
F03-RastriginSep,complement,14,42,0.994959
F03-RastriginSep,complement,14,43,0.994959
F03-RastriginSep,complement,14,44,0
F15-RastriginRot,MC-ESO,0,15,0
F15-RastriginRot,MC-ESO,0,16,1500.37
F15-RastriginRot,MC-ESO,0,17,1114.81
F15-RastriginRot,MC-ESO,0,18,1132.75
F15-RastriginRot,MC-ESO,0,19,1077.59
F15-RastriginRot,MC-ESO,0,20,1403.13
F15-RastriginRot,MC-ESO,0,21,115.62
F15-RastriginRot,MC-ESO,0,22,0
F15-RastriginRot,MC-ESO,0,23,0
F15-RastriginRot,MC-ESO,0,24,1287.1
F15-RastriginRot,MC-ESO,0,25,1195.7
F15-RastriginRot,MC-ESO,0,26,1336.23
F15-RastriginRot,MC-ESO,0,27,0
F15-RastriginRot,MC-ESO,0,28,0
F15-RastriginRot,MC-ESO,0,29,0
F15-RastriginRot,MC-ESO,0,30,1010.5
F15-RastriginRot,MC-ESO,0,31,0
F15-RastriginRot,MC-ESO,0,32,1296.84
F15-RastriginRot,MC-ESO,0,33,0
F15-RastriginRot,MC-ESO,0,34,0
F15-RastriginRot,MC-ESO,0,35,0
F15-RastriginRot,MC-ESO,0,36,0
F15-RastriginRot,MC-ESO,0,37,0
F15-RastriginRot,MC-ESO,0,38,0
F15-RastriginRot,MC-ESO,0,39,1274.18
F15-RastriginRot,MC-ESO,0,40,1236.21
F15-RastriginRot,MC-ESO,0,41,0
F15-RastriginRot,MC-ESO,0,42,0
F15-RastriginRot,MC-ESO,0,43,1515.75
F15-RastriginRot,MC-ESO,0,44,1284.32
F15-RastriginRot,NMMSO,0,15,3.09698e-08
F15-RastriginRot,NMMSO,0,16,1391.28
F15-RastriginRot,NMMSO,0,17,1098.66
F15-RastriginRot,NMMSO,0,18,1086.67
F15-RastriginRot,NMMSO,0,19,1004.88
F15-RastriginRot,NMMSO,0,20,1292.45
F15-RastriginRot,NMMSO,0,21,85.9254
F15-RastriginRot,NMMSO,0,22,3.09698e-08
F15-RastriginRot,NMMSO,0,23,3.09698e-08
F15-RastriginRot,NMMSO,0,24,1189.3
F15-RastriginRot,NMMSO,0,25,1098.88
F15-RastriginRot,NMMSO,0,26,1226.61
F15-RastriginRot,NMMSO,0,27,3.09698e-08
F15-RastriginRot,NMMSO,0,28,3.09698e-08
F15-RastriginRot,NMMSO,0,29,3.09698e-08
F15-RastriginRot,NMMSO,0,30,970.549
F15-RastriginRot,NMMSO,0,31,3.09698e-08
F15-RastriginRot,NMMSO,0,32,1224.18
F15-RastriginRot,NMMSO,0,33,3.09698e-08
F15-RastriginRot,NMMSO,0,34,3.09698e-08
F15-RastriginRot,NMMSO,0,35,3.09698e-08
F15-RastriginRot,NMMSO,0,36,3.09698e-08
F15-RastriginRot,NMMSO,0,37,3.09698e-08
F15-RastriginRot,NMMSO,0,38,3.09698e-08
F15-RastriginRot,NMMSO,0,39,1165.21
F15-RastriginRot,NMMSO,0,40,1142.12
F15-RastriginRot,NMMSO,0,41,3.09698e-08
F15-RastriginRot,NMMSO,0,42,3.09698e-08
F15-RastriginRot,NMMSO,0,43,1415.88
F15-RastriginRot,NMMSO,0,44,1208.77
F15-RastriginRot,NCDE,0,15,0.425227
F15-RastriginRot,NCDE,0,16,1322.93
F15-RastriginRot,NCDE,0,17,1038.08
F15-RastriginRot,NCDE,0,18,1008.97
F15-RastriginRot,NCDE,0,19,1076.25
F15-RastriginRot,NCDE,0,20,1211.62
F15-RastriginRot,NCDE,0,21,114.488
F15-RastriginRot,NCDE,0,22,0.425227
F15-RastriginRot,NCDE,0,23,0.425227
F15-RastriginRot,NCDE,0,24,1140.06
F15-RastriginRot,NCDE,0,25,1006.28
F15-RastriginRot,NCDE,0,26,1156.42
F15-RastriginRot,NCDE,0,27,0.425227
F15-RastriginRot,NCDE,0,28,0.425227
F15-RastriginRot,NCDE,0,29,0.425227
F15-RastriginRot,NCDE,0,30,964.269
F15-RastriginRot,NCDE,0,31,0.425227
F15-RastriginRot,NCDE,0,32,1175.31
F15-RastriginRot,NCDE,0,33,0.425227
F15-RastriginRot,NCDE,0,34,0.425227
F15-RastriginRot,NCDE,0,35,0.425227
F15-RastriginRot,NCDE,0,36,0.425227
F15-RastriginRot,NCDE,0,37,0.425227
F15-RastriginRot,NCDE,0,38,0.425227
F15-RastriginRot,NCDE,0,39,1079.1
F15-RastriginRot,NCDE,0,40,1092.42
F15-RastriginRot,NCDE,0,41,0.425227
F15-RastriginRot,NCDE,0,42,0.425227
F15-RastriginRot,NCDE,0,43,1323.75
F15-RastriginRot,NCDE,0,44,1119.07
F15-RastriginRot,r3pso,0,15,1.40597e-07
F15-RastriginRot,r3pso,0,16,1322.12
F15-RastriginRot,r3pso,0,17,1036.94
F15-RastriginRot,r3pso,0,18,1007.69
F15-RastriginRot,r3pso,0,19,1077.59
F15-RastriginRot,r3pso,0,20,1210.6
F15-RastriginRot,r3pso,0,21,115.621
F15-RastriginRot,r3pso,0,22,1.40597e-07
F15-RastriginRot,r3pso,0,23,1.40597e-07
F15-RastriginRot,r3pso,0,24,1143.11
F15-RastriginRot,r3pso,0,25,1004.99
F15-RastriginRot,r3pso,0,26,1155.58
F15-RastriginRot,r3pso,0,27,1.40597e-07
F15-RastriginRot,r3pso,0,28,1.40597e-07
F15-RastriginRot,r3pso,0,29,1.40597e-07
F15-RastriginRot,r3pso,0,30,964.125
F15-RastriginRot,r3pso,0,31,1.40597e-07
F15-RastriginRot,r3pso,0,32,1210.48
F15-RastriginRot,r3pso,0,33,1.40597e-07
F15-RastriginRot,r3pso,0,34,1.40597e-07
F15-RastriginRot,r3pso,0,35,1.40597e-07
F15-RastriginRot,r3pso,0,36,1.40597e-07
F15-RastriginRot,r3pso,0,37,1.40597e-07
F15-RastriginRot,r3pso,0,38,1.40597e-07
F15-RastriginRot,r3pso,0,39,1077.99
F15-RastriginRot,r3pso,0,40,1101.52
F15-RastriginRot,r3pso,0,41,1.40597e-07
F15-RastriginRot,r3pso,0,42,1.40597e-07
F15-RastriginRot,r3pso,0,43,1322.49
F15-RastriginRot,r3pso,0,44,1117.73
F15-RastriginRot,NM-Restart,0,15,1.98992
F15-RastriginRot,NM-Restart,0,16,1340.56
F15-RastriginRot,NM-Restart,0,17,1025.67
F15-RastriginRot,NM-Restart,0,18,1005.92
F15-RastriginRot,NM-Restart,0,19,1002.1
F15-RastriginRot,NM-Restart,0,20,1241.16
F15-RastriginRot,NM-Restart,0,21,47.9693
F15-RastriginRot,NM-Restart,0,22,1.98992
F15-RastriginRot,NM-Restart,0,23,1.98992
F15-RastriginRot,NM-Restart,0,24,1133.83
F15-RastriginRot,NM-Restart,0,25,1024.29
F15-RastriginRot,NM-Restart,0,26,1176.62
F15-RastriginRot,NM-Restart,0,27,1.98992
F15-RastriginRot,NM-Restart,0,28,1.98992
F15-RastriginRot,NM-Restart,0,29,1.98992
F15-RastriginRot,NM-Restart,0,30,977.46
F15-RastriginRot,NM-Restart,0,31,1.98992
F15-RastriginRot,NM-Restart,0,32,1170.16
F15-RastriginRot,NM-Restart,0,33,1.98992
F15-RastriginRot,NM-Restart,0,34,1.98992
F15-RastriginRot,NM-Restart,0,35,1.98992
F15-RastriginRot,NM-Restart,0,36,1.98992
F15-RastriginRot,NM-Restart,0,37,1.98992
F15-RastriginRot,NM-Restart,0,38,1.98992
F15-RastriginRot,NM-Restart,0,39,1105.84
F15-RastriginRot,NM-Restart,0,40,1086.34
F15-RastriginRot,NM-Restart,0,41,1.98992
F15-RastriginRot,NM-Restart,0,42,1.98992
F15-RastriginRot,NM-Restart,0,43,1343.53
F15-RastriginRot,NM-Restart,0,44,1127.03
F15-RastriginRot,IPOP-CMA-ES,0,15,0
F15-RastriginRot,IPOP-CMA-ES,0,16,1211.19
F15-RastriginRot,IPOP-CMA-ES,0,17,1034.57
F15-RastriginRot,IPOP-CMA-ES,0,18,973.494
F15-RastriginRot,IPOP-CMA-ES,0,19,1077.59
F15-RastriginRot,IPOP-CMA-ES,0,20,1100.45
F15-RastriginRot,IPOP-CMA-ES,0,21,115.62
F15-RastriginRot,IPOP-CMA-ES,0,22,0
F15-RastriginRot,IPOP-CMA-ES,0,23,0
F15-RastriginRot,IPOP-CMA-ES,0,24,1040.72
F15-RastriginRot,IPOP-CMA-ES,0,25,0
F15-RastriginRot,IPOP-CMA-ES,0,26,1044.41
F15-RastriginRot,IPOP-CMA-ES,0,27,0
F15-RastriginRot,IPOP-CMA-ES,0,28,0
F15-RastriginRot,IPOP-CMA-ES,0,29,0
F15-RastriginRot,IPOP-CMA-ES,0,30,1010.5
F15-RastriginRot,IPOP-CMA-ES,0,31,0
F15-RastriginRot,IPOP-CMA-ES,0,32,1131.02
F15-RastriginRot,IPOP-CMA-ES,0,33,0
F15-RastriginRot,IPOP-CMA-ES,0,34,0
F15-RastriginRot,IPOP-CMA-ES,0,35,0
F15-RastriginRot,IPOP-CMA-ES,0,36,0
F15-RastriginRot,IPOP-CMA-ES,0,37,0
F15-RastriginRot,IPOP-CMA-ES,0,38,0
F15-RastriginRot,IPOP-CMA-ES,0,39,0
F15-RastriginRot,IPOP-CMA-ES,0,40,1002.34
F15-RastriginRot,IPOP-CMA-ES,0,41,0
F15-RastriginRot,IPOP-CMA-ES,0,42,0
F15-RastriginRot,IPOP-CMA-ES,0,43,1227.59
F15-RastriginRot,IPOP-CMA-ES,0,44,1051.17
F15-RastriginRot,DE,0,15,0
F15-RastriginRot,DE,0,16,1500.37
F15-RastriginRot,DE,0,17,1114.81
F15-RastriginRot,DE,0,18,1132.75
F15-RastriginRot,DE,0,19,1077.59
F15-RastriginRot,DE,0,20,1403.13
F15-RastriginRot,DE,0,21,115.62
F15-RastriginRot,DE,0,22,0
F15-RastriginRot,DE,0,23,0
F15-RastriginRot,DE,0,24,1287.1
F15-RastriginRot,DE,0,25,1195.7
F15-RastriginRot,DE,0,26,1336.23
F15-RastriginRot,DE,0,27,0
F15-RastriginRot,DE,0,28,0
F15-RastriginRot,DE,0,29,0
F15-RastriginRot,DE,0,30,1010.5
F15-RastriginRot,DE,0,31,0
F15-RastriginRot,DE,0,32,1296.84
F15-RastriginRot,DE,0,33,0
F15-RastriginRot,DE,0,34,0
F15-RastriginRot,DE,0,35,0
F15-RastriginRot,DE,0,36,0
F15-RastriginRot,DE,0,37,0
F15-RastriginRot,DE,0,38,0
F15-RastriginRot,DE,0,39,1274.18
F15-RastriginRot,DE,0,40,1236.21
F15-RastriginRot,DE,0,41,0
F15-RastriginRot,DE,0,42,0
F15-RastriginRot,DE,0,43,1515.75
F15-RastriginRot,DE,0,44,1284.32
F15-RastriginRot,PSO,0,15,1.13687e-13
F15-RastriginRot,PSO,0,16,1500.37
F15-RastriginRot,PSO,0,17,1114.81
F15-RastriginRot,PSO,0,18,1132.75
F15-RastriginRot,PSO,0,19,1077.59
F15-RastriginRot,PSO,0,20,1403.13
F15-RastriginRot,PSO,0,21,115.62
F15-RastriginRot,PSO,0,22,1.13687e-13
F15-RastriginRot,PSO,0,23,1.13687e-13
F15-RastriginRot,PSO,0,24,1287.1
F15-RastriginRot,PSO,0,25,1195.7
F15-RastriginRot,PSO,0,26,1336.23
F15-RastriginRot,PSO,0,27,1.13687e-13
F15-RastriginRot,PSO,0,28,1.13687e-13
F15-RastriginRot,PSO,0,29,1.13687e-13
F15-RastriginRot,PSO,0,30,1010.5
F15-RastriginRot,PSO,0,31,1.13687e-13
F15-RastriginRot,PSO,0,32,1296.84
F15-RastriginRot,PSO,0,33,1.13687e-13
F15-RastriginRot,PSO,0,34,1.13687e-13
F15-RastriginRot,PSO,0,35,1.13687e-13
F15-RastriginRot,PSO,0,36,1.13687e-13
F15-RastriginRot,PSO,0,37,1.13687e-13
F15-RastriginRot,PSO,0,38,1.13687e-13
F15-RastriginRot,PSO,0,39,1274.18
F15-RastriginRot,PSO,0,40,1236.21
F15-RastriginRot,PSO,0,41,1.13687e-13
F15-RastriginRot,PSO,0,42,1.13687e-13
F15-RastriginRot,PSO,0,43,1515.75
F15-RastriginRot,PSO,0,44,1284.32
F15-RastriginRot,Crowding-DE,0,15,0.58184
F15-RastriginRot,Crowding-DE,0,16,1395.55
F15-RastriginRot,Crowding-DE,0,17,1061.18
F15-RastriginRot,Crowding-DE,0,18,1067.39
F15-RastriginRot,Crowding-DE,0,19,1003.98
F15-RastriginRot,Crowding-DE,0,20,1296.57
F15-RastriginRot,Crowding-DE,0,21,85.6389
F15-RastriginRot,Crowding-DE,0,22,0.58184
F15-RastriginRot,Crowding-DE,0,23,0.58184
F15-RastriginRot,Crowding-DE,0,24,1193.5
F15-RastriginRot,Crowding-DE,0,25,1102.23
F15-RastriginRot,Crowding-DE,0,26,1230.87
F15-RastriginRot,Crowding-DE,0,27,0.58184
F15-RastriginRot,Crowding-DE,0,28,0.58184
F15-RastriginRot,Crowding-DE,0,29,0.58184
F15-RastriginRot,Crowding-DE,0,30,965.144
F15-RastriginRot,Crowding-DE,0,31,0.58184
F15-RastriginRot,Crowding-DE,0,32,1227.89
F15-RastriginRot,Crowding-DE,0,33,0.58184
F15-RastriginRot,Crowding-DE,0,34,0.58184
F15-RastriginRot,Crowding-DE,0,35,0.58184
F15-RastriginRot,Crowding-DE,0,36,0.58184
F15-RastriginRot,Crowding-DE,0,37,0.58184
F15-RastriginRot,Crowding-DE,0,38,0.58184
F15-RastriginRot,Crowding-DE,0,39,1169.17
F15-RastriginRot,Crowding-DE,0,40,1146.26
F15-RastriginRot,Crowding-DE,0,41,0.58184
F15-RastriginRot,Crowding-DE,0,42,0.58184
F15-RastriginRot,Crowding-DE,0,43,1419.37
F15-RastriginRot,Crowding-DE,0,44,1211.3
F15-RastriginRot,MAP-Elites,0,15,1.17632
F15-RastriginRot,MAP-Elites,0,16,1447.7
F15-RastriginRot,MAP-Elites,0,17,1059.03
F15-RastriginRot,MAP-Elites,0,18,1063.65
F15-RastriginRot,MAP-Elites,0,19,1003.06
F15-RastriginRot,MAP-Elites,0,20,1338.42
F15-RastriginRot,MAP-Elites,0,21,84.4638
F15-RastriginRot,MAP-Elites,0,22,1.17632
F15-RastriginRot,MAP-Elites,0,23,1.17632
F15-RastriginRot,MAP-Elites,0,24,1248.16
F15-RastriginRot,MAP-Elites,0,25,1117.87
F15-RastriginRot,MAP-Elites,0,26,1281.82
F15-RastriginRot,MAP-Elites,0,27,1.17632
F15-RastriginRot,MAP-Elites,0,28,1.17632
F15-RastriginRot,MAP-Elites,0,29,1.17632
F15-RastriginRot,MAP-Elites,0,30,985.553
F15-RastriginRot,MAP-Elites,0,31,1.17632
F15-RastriginRot,MAP-Elites,0,32,1257.93
F15-RastriginRot,MAP-Elites,0,33,1.17632
F15-RastriginRot,MAP-Elites,0,34,1.17632
F15-RastriginRot,MAP-Elites,0,35,1.17632
F15-RastriginRot,MAP-Elites,0,36,1.17632
F15-RastriginRot,MAP-Elites,0,37,1.17632
F15-RastriginRot,MAP-Elites,0,38,1.17632
F15-RastriginRot,MAP-Elites,0,39,1204.11
F15-RastriginRot,MAP-Elites,0,40,1196.88
F15-RastriginRot,MAP-Elites,0,41,1.17632
F15-RastriginRot,MAP-Elites,0,42,1.17632
F15-RastriginRot,MAP-Elites,0,43,1438.73
F15-RastriginRot,MAP-Elites,0,44,1206.87
F15-RastriginRot,MC-ESO-crowd,0,15,0.0534567
F15-RastriginRot,MC-ESO-crowd,0,16,1359.57
F15-RastriginRot,MC-ESO-crowd,0,17,1025.61
F15-RastriginRot,MC-ESO-crowd,0,18,1006.77
F15-RastriginRot,MC-ESO-crowd,0,19,1026.76
F15-RastriginRot,MC-ESO-crowd,0,20,1244.42
F15-RastriginRot,MC-ESO-crowd,0,21,87.8251
F15-RastriginRot,MC-ESO-crowd,0,22,0.0534567
F15-RastriginRot,MC-ESO-crowd,0,23,0.0534567
F15-RastriginRot,MC-ESO-crowd,0,24,1182.47
F15-RastriginRot,MC-ESO-crowd,0,25,1026.86
F15-RastriginRot,MC-ESO-crowd,0,26,1192.66
F15-RastriginRot,MC-ESO-crowd,0,27,0.0534567
F15-RastriginRot,MC-ESO-crowd,0,28,0.0534567
F15-RastriginRot,MC-ESO-crowd,0,29,0.0534567
F15-RastriginRot,MC-ESO-crowd,0,30,962.991
F15-RastriginRot,MC-ESO-crowd,0,31,0.0534567
F15-RastriginRot,MC-ESO-crowd,0,32,1247.47
F15-RastriginRot,MC-ESO-crowd,0,33,0.0534567
F15-RastriginRot,MC-ESO-crowd,0,34,0.0534567
F15-RastriginRot,MC-ESO-crowd,0,35,0.0534567
F15-RastriginRot,MC-ESO-crowd,0,36,0.0534567
F15-RastriginRot,MC-ESO-crowd,0,37,0.0534567
F15-RastriginRot,MC-ESO-crowd,0,38,0.0534567
F15-RastriginRot,MC-ESO-crowd,0,39,1108.96
F15-RastriginRot,MC-ESO-crowd,0,40,1140.82
F15-RastriginRot,MC-ESO-crowd,0,41,0.0534567
F15-RastriginRot,MC-ESO-crowd,0,42,0.0534567
F15-RastriginRot,MC-ESO-crowd,0,43,1346.23
F15-RastriginRot,MC-ESO-crowd,0,44,1128.84
F15-RastriginRot,quality,0,15,0.994959
F15-RastriginRot,quality,0,16,1322.12
F15-RastriginRot,quality,0,17,1025.67
F15-RastriginRot,quality,0,18,1005.92
F15-RastriginRot,quality,0,19,1004.88
F15-RastriginRot,quality,0,20,1210.6
F15-RastriginRot,quality,0,21,85.1329
F15-RastriginRot,quality,0,22,0.994959
F15-RastriginRot,quality,0,23,0.994959
F15-RastriginRot,quality,0,24,1143.11
F15-RastriginRot,quality,0,25,1004.99
F15-RastriginRot,quality,0,26,1155.58
F15-RastriginRot,quality,0,27,0.994959
F15-RastriginRot,quality,0,28,0.994959
F15-RastriginRot,quality,0,29,0.994959
F15-RastriginRot,quality,0,30,1003.87
F15-RastriginRot,quality,0,31,0.994959
F15-RastriginRot,quality,0,32,1210.48
F15-RastriginRot,quality,0,33,0.994959
F15-RastriginRot,quality,0,34,0.994959
F15-RastriginRot,quality,0,35,0.994959
F15-RastriginRot,quality,0,36,0.994959
F15-RastriginRot,quality,0,37,0.994959
F15-RastriginRot,quality,0,38,0.994959
F15-RastriginRot,quality,0,39,1077.99
F15-RastriginRot,quality,0,40,1101.52
F15-RastriginRot,quality,0,41,0.994959
F15-RastriginRot,quality,0,42,0.994959
F15-RastriginRot,quality,0,43,1322.49
F15-RastriginRot,quality,0,44,1117.73
F15-RastriginRot,complement,0,15,0.994959
F15-RastriginRot,complement,0,16,0
F15-RastriginRot,complement,0,17,983.932
F15-RastriginRot,complement,0,18,24.8735
F15-RastriginRot,complement,0,19,1002.19
F15-RastriginRot,complement,0,20,18.9039
F15-RastriginRot,complement,0,21,16.2104
F15-RastriginRot,complement,0,22,0.994959
F15-RastriginRot,complement,0,23,0.994959
F15-RastriginRot,complement,0,24,24.8735
F15-RastriginRot,complement,0,25,9.94951
F15-RastriginRot,complement,0,26,24.8735
F15-RastriginRot,complement,0,27,0.994959
F15-RastriginRot,complement,0,28,0.994959
F15-RastriginRot,complement,0,29,0.994959
F15-RastriginRot,complement,0,30,3.97983
F15-RastriginRot,complement,0,31,0.994959
F15-RastriginRot,complement,0,32,3.97963
F15-RastriginRot,complement,0,33,0.994959
F15-RastriginRot,complement,0,34,0.994959
F15-RastriginRot,complement,0,35,0.994959
F15-RastriginRot,complement,0,36,0.994959
F15-RastriginRot,complement,0,37,0.994959
F15-RastriginRot,complement,0,38,0.994959
F15-RastriginRot,complement,0,39,34.823
F15-RastriginRot,complement,0,40,1.98987
F15-RastriginRot,complement,0,41,0.994959
F15-RastriginRot,complement,0,42,0.994959
F15-RastriginRot,complement,0,43,977.611
F15-RastriginRot,complement,0,44,18.9039
F15-RastriginRot,MC-ESO,1,15,0
F15-RastriginRot,MC-ESO,1,16,0
F15-RastriginRot,MC-ESO,1,17,0
F15-RastriginRot,MC-ESO,1,18,0
F15-RastriginRot,MC-ESO,1,19,1271.68
F15-RastriginRot,MC-ESO,1,20,0
F15-RastriginRot,MC-ESO,1,21,0
F15-RastriginRot,MC-ESO,1,22,1248.76
F15-RastriginRot,MC-ESO,1,23,1306.57
F15-RastriginRot,MC-ESO,1,24,1030.52
F15-RastriginRot,MC-ESO,1,25,1320.01
F15-RastriginRot,MC-ESO,1,26,0
F15-RastriginRot,MC-ESO,1,27,1302.74
F15-RastriginRot,MC-ESO,1,28,0
F15-RastriginRot,MC-ESO,1,29,0
F15-RastriginRot,MC-ESO,1,30,1230.74
F15-RastriginRot,MC-ESO,1,31,8.88895e-09
F15-RastriginRot,MC-ESO,1,32,1072.27
F15-RastriginRot,MC-ESO,1,33,1106.71
F15-RastriginRot,MC-ESO,1,34,0
F15-RastriginRot,MC-ESO,1,35,1290.36
F15-RastriginRot,MC-ESO,1,36,0
F15-RastriginRot,MC-ESO,1,37,0
F15-RastriginRot,MC-ESO,1,38,0
F15-RastriginRot,MC-ESO,1,39,1410.39
F15-RastriginRot,MC-ESO,1,40,0
F15-RastriginRot,MC-ESO,1,41,0
F15-RastriginRot,MC-ESO,1,42,0
F15-RastriginRot,MC-ESO,1,43,0
F15-RastriginRot,MC-ESO,1,44,0
F15-RastriginRot,NMMSO,1,15,0.24027
F15-RastriginRot,NMMSO,1,16,0.24027
F15-RastriginRot,NMMSO,1,17,0.24027
F15-RastriginRot,NMMSO,1,18,0.24027
F15-RastriginRot,NMMSO,1,19,1115.3
F15-RastriginRot,NMMSO,1,20,0.24027
F15-RastriginRot,NMMSO,1,21,0.24027
F15-RastriginRot,NMMSO,1,22,1106.52
F15-RastriginRot,NMMSO,1,23,1232.56
F15-RastriginRot,NMMSO,1,24,0
F15-RastriginRot,NMMSO,1,25,1118.5
F15-RastriginRot,NMMSO,1,26,0.24027
F15-RastriginRot,NMMSO,1,27,1212.24
F15-RastriginRot,NMMSO,1,28,0.24027
F15-RastriginRot,NMMSO,1,29,0.24027
F15-RastriginRot,NMMSO,1,30,1104.22
F15-RastriginRot,NMMSO,1,31,0.00230406
F15-RastriginRot,NMMSO,1,32,1002.67
F15-RastriginRot,NMMSO,1,33,1038.12
F15-RastriginRot,NMMSO,1,34,0.24027
F15-RastriginRot,NMMSO,1,35,1221.08
F15-RastriginRot,NMMSO,1,36,0.24027
F15-RastriginRot,NMMSO,1,37,0.24027
F15-RastriginRot,NMMSO,1,38,0.24027
F15-RastriginRot,NMMSO,1,39,1212.07
F15-RastriginRot,NMMSO,1,40,0.24027
F15-RastriginRot,NMMSO,1,41,0.24027
F15-RastriginRot,NMMSO,1,42,0.24027
F15-RastriginRot,NMMSO,1,43,0.24027
F15-RastriginRot,NMMSO,1,44,0.24027
F15-RastriginRot,NCDE,1,15,0.169905
F15-RastriginRot,NCDE,1,16,0.169905
F15-RastriginRot,NCDE,1,17,0.169905
F15-RastriginRot,NCDE,1,18,0.169905
F15-RastriginRot,NCDE,1,19,1118.63
F15-RastriginRot,NCDE,1,20,0.169905
F15-RastriginRot,NCDE,1,21,0.169905
F15-RastriginRot,NCDE,1,22,1109.74
F15-RastriginRot,NCDE,1,23,1234.38
F15-RastriginRot,NCDE,1,24,0.324364
F15-RastriginRot,NCDE,1,25,1122.69
F15-RastriginRot,NCDE,1,26,0.169905
F15-RastriginRot,NCDE,1,27,1214.36
F15-RastriginRot,NCDE,1,28,0.169905
F15-RastriginRot,NCDE,1,29,0.169905
F15-RastriginRot,NCDE,1,30,1107.17
F15-RastriginRot,NCDE,1,31,5.43957
F15-RastriginRot,NCDE,1,32,1004.62
F15-RastriginRot,NCDE,1,33,1040.05
F15-RastriginRot,NCDE,1,34,0.169905
F15-RastriginRot,NCDE,1,35,1222.81
F15-RastriginRot,NCDE,1,36,0.169905
F15-RastriginRot,NCDE,1,37,0.169905
F15-RastriginRot,NCDE,1,38,0.169905
F15-RastriginRot,NCDE,1,39,1216.2
F15-RastriginRot,NCDE,1,40,0.169905
F15-RastriginRot,NCDE,1,41,0.169905
F15-RastriginRot,NCDE,1,42,0.169905
F15-RastriginRot,NCDE,1,43,0.169905
F15-RastriginRot,NCDE,1,44,0.169905
F15-RastriginRot,r3pso,1,15,2.34081e-10
F15-RastriginRot,r3pso,1,16,2.34081e-10
F15-RastriginRot,r3pso,1,17,2.34081e-10
F15-RastriginRot,r3pso,1,18,2.34081e-10
F15-RastriginRot,r3pso,1,19,1192.48
F15-RastriginRot,r3pso,1,20,2.34081e-10
F15-RastriginRot,r3pso,1,21,2.34081e-10
F15-RastriginRot,r3pso,1,22,1175.33
F15-RastriginRot,r3pso,1,23,1269.19
F15-RastriginRot,r3pso,1,24,1063.97
F15-RastriginRot,r3pso,1,25,1217.48
F15-RastriginRot,r3pso,1,26,2.34081e-10
F15-RastriginRot,r3pso,1,27,1257.01
F15-RastriginRot,r3pso,1,28,2.34081e-10
F15-RastriginRot,r3pso,1,29,2.34081e-10
F15-RastriginRot,r3pso,1,30,1165.17
F15-RastriginRot,r3pso,1,31,1003.54
F15-RastriginRot,r3pso,1,32,1035.23
F15-RastriginRot,r3pso,1,33,1070.17
F15-RastriginRot,r3pso,1,34,2.34081e-10
F15-RastriginRot,r3pso,1,35,1255.38
F15-RastriginRot,r3pso,1,36,2.34081e-10
F15-RastriginRot,r3pso,1,37,2.34081e-10
F15-RastriginRot,r3pso,1,38,2.34081e-10
F15-RastriginRot,r3pso,1,39,1309.6
F15-RastriginRot,r3pso,1,40,2.34081e-10
F15-RastriginRot,r3pso,1,41,2.34081e-10
F15-RastriginRot,r3pso,1,42,2.34081e-10
F15-RastriginRot,r3pso,1,43,2.34081e-10
F15-RastriginRot,r3pso,1,44,2.34081e-10
F15-RastriginRot,NM-Restart,1,15,0.994959
F15-RastriginRot,NM-Restart,1,16,0.994959
F15-RastriginRot,NM-Restart,1,17,0.994959
F15-RastriginRot,NM-Restart,1,18,0.994959
F15-RastriginRot,NM-Restart,1,19,1115.32
F15-RastriginRot,NM-Restart,1,20,0.994959
F15-RastriginRot,NM-Restart,1,21,0.994959
F15-RastriginRot,NM-Restart,1,22,1043.81
F15-RastriginRot,NM-Restart,1,23,1232.57
F15-RastriginRot,NM-Restart,1,24,7.73904
F15-RastriginRot,NM-Restart,1,25,1108.79
F15-RastriginRot,NM-Restart,1,26,0.994959
F15-RastriginRot,NM-Restart,1,27,1212.25
F15-RastriginRot,NM-Restart,1,28,0.994959
F15-RastriginRot,NM-Restart,1,29,0.994959
F15-RastriginRot,NM-Restart,1,30,1038.14
F15-RastriginRot,NM-Restart,1,31,0
F15-RastriginRot,NM-Restart,1,32,0
F15-RastriginRot,NM-Restart,1,33,967.1
F15-RastriginRot,NM-Restart,1,34,0.994959
F15-RastriginRot,NM-Restart,1,35,1221.09
F15-RastriginRot,NM-Restart,1,36,0.994959
F15-RastriginRot,NM-Restart,1,37,0.994959
F15-RastriginRot,NM-Restart,1,38,0.994959
F15-RastriginRot,NM-Restart,1,39,1212.09
F15-RastriginRot,NM-Restart,1,40,0.994959
F15-RastriginRot,NM-Restart,1,41,0.994959
F15-RastriginRot,NM-Restart,1,42,0.994959
F15-RastriginRot,NM-Restart,1,43,0.994959
F15-RastriginRot,NM-Restart,1,44,0.994959
F15-RastriginRot,IPOP-CMA-ES,1,15,0
F15-RastriginRot,IPOP-CMA-ES,1,16,0
F15-RastriginRot,IPOP-CMA-ES,1,17,0
F15-RastriginRot,IPOP-CMA-ES,1,18,0
F15-RastriginRot,IPOP-CMA-ES,1,19,1092.55
F15-RastriginRot,IPOP-CMA-ES,1,20,0
F15-RastriginRot,IPOP-CMA-ES,1,21,0
F15-RastriginRot,IPOP-CMA-ES,1,22,1129.49
F15-RastriginRot,IPOP-CMA-ES,1,23,1203.46
F15-RastriginRot,IPOP-CMA-ES,1,24,0.997659
F15-RastriginRot,IPOP-CMA-ES,1,25,1112.84
F15-RastriginRot,IPOP-CMA-ES,1,26,0
F15-RastriginRot,IPOP-CMA-ES,1,27,1183.64
F15-RastriginRot,IPOP-CMA-ES,1,28,0
F15-RastriginRot,IPOP-CMA-ES,1,29,0
F15-RastriginRot,IPOP-CMA-ES,1,30,1130.26
F15-RastriginRot,IPOP-CMA-ES,1,31,3.98951
F15-RastriginRot,IPOP-CMA-ES,1,32,1036.74
F15-RastriginRot,IPOP-CMA-ES,1,33,1072.3
F15-RastriginRot,IPOP-CMA-ES,1,34,0
F15-RastriginRot,IPOP-CMA-ES,1,35,1191.89
F15-RastriginRot,IPOP-CMA-ES,1,36,0
F15-RastriginRot,IPOP-CMA-ES,1,37,0
F15-RastriginRot,IPOP-CMA-ES,1,38,0
F15-RastriginRot,IPOP-CMA-ES,1,39,1202.35
F15-RastriginRot,IPOP-CMA-ES,1,40,0
F15-RastriginRot,IPOP-CMA-ES,1,41,0
F15-RastriginRot,IPOP-CMA-ES,1,42,0
F15-RastriginRot,IPOP-CMA-ES,1,43,0
F15-RastriginRot,IPOP-CMA-ES,1,44,0
F15-RastriginRot,DE,1,15,0
F15-RastriginRot,DE,1,16,0
F15-RastriginRot,DE,1,17,0
F15-RastriginRot,DE,1,18,0
F15-RastriginRot,DE,1,19,1271.68
F15-RastriginRot,DE,1,20,0
F15-RastriginRot,DE,1,21,0
F15-RastriginRot,DE,1,22,1248.76
F15-RastriginRot,DE,1,23,1306.57
F15-RastriginRot,DE,1,24,1063.97
F15-RastriginRot,DE,1,25,1320.01
F15-RastriginRot,DE,1,26,0
F15-RastriginRot,DE,1,27,1302.74
F15-RastriginRot,DE,1,28,0
F15-RastriginRot,DE,1,29,0
F15-RastriginRot,DE,1,30,1230.74
F15-RastriginRot,DE,1,31,1003.54
F15-RastriginRot,DE,1,32,1072.27
F15-RastriginRot,DE,1,33,1106.71
F15-RastriginRot,DE,1,34,0
F15-RastriginRot,DE,1,35,1290.36
F15-RastriginRot,DE,1,36,0
F15-RastriginRot,DE,1,37,0
F15-RastriginRot,DE,1,38,0
F15-RastriginRot,DE,1,39,1410.39
F15-RastriginRot,DE,1,40,0
F15-RastriginRot,DE,1,41,0
F15-RastriginRot,DE,1,42,0
F15-RastriginRot,DE,1,43,0
F15-RastriginRot,DE,1,44,0
F15-RastriginRot,PSO,1,15,8.05799e-08
F15-RastriginRot,PSO,1,16,8.05799e-08
F15-RastriginRot,PSO,1,17,8.05799e-08
F15-RastriginRot,PSO,1,18,8.05799e-08
F15-RastriginRot,PSO,1,19,1220.62
F15-RastriginRot,PSO,1,20,8.05799e-08
F15-RastriginRot,PSO,1,21,8.05799e-08
F15-RastriginRot,PSO,1,22,1190.39
F15-RastriginRot,PSO,1,23,1269.07
F15-RastriginRot,PSO,1,24,49.511
F15-RastriginRot,PSO,1,25,1252.19
F15-RastriginRot,PSO,1,26,8.05799e-08
F15-RastriginRot,PSO,1,27,1264.28
F15-RastriginRot,PSO,1,28,8.05799e-08
F15-RastriginRot,PSO,1,29,8.05799e-08
F15-RastriginRot,PSO,1,30,1167.16
F15-RastriginRot,PSO,1,31,14.5918
F15-RastriginRot,PSO,1,32,45.5382
F15-RastriginRot,PSO,1,33,1035.04
F15-RastriginRot,PSO,1,34,8.05799e-08
F15-RastriginRot,PSO,1,35,1253.2
F15-RastriginRot,PSO,1,36,8.05799e-08
F15-RastriginRot,PSO,1,37,8.05799e-08
F15-RastriginRot,PSO,1,38,8.05799e-08
F15-RastriginRot,PSO,1,39,1343.75
F15-RastriginRot,PSO,1,40,8.05799e-08
F15-RastriginRot,PSO,1,41,8.05799e-08
F15-RastriginRot,PSO,1,42,8.05799e-08
F15-RastriginRot,PSO,1,43,8.05799e-08
F15-RastriginRot,PSO,1,44,8.05799e-08
F15-RastriginRot,Crowding-DE,1,15,1.05754
F15-RastriginRot,Crowding-DE,1,16,1.05754
F15-RastriginRot,Crowding-DE,1,17,1.05754
F15-RastriginRot,Crowding-DE,1,18,1.32148
F15-RastriginRot,Crowding-DE,1,19,1113.68
F15-RastriginRot,Crowding-DE,1,20,1.05754
F15-RastriginRot,Crowding-DE,1,21,1.05754
F15-RastriginRot,Crowding-DE,1,22,1104.45
F15-RastriginRot,Crowding-DE,1,23,1232.39
F15-RastriginRot,Crowding-DE,1,24,1026.4
F15-RastriginRot,Crowding-DE,1,25,1115.87
F15-RastriginRot,Crowding-DE,1,26,1.05754
F15-RastriginRot,Crowding-DE,1,27,1211.79
F15-RastriginRot,Crowding-DE,1,28,1.05754
F15-RastriginRot,Crowding-DE,1,29,1.05754
F15-RastriginRot,Crowding-DE,1,30,1102.37
F15-RastriginRot,Crowding-DE,1,31,0.0625845
F15-RastriginRot,Crowding-DE,1,32,1001.64
F15-RastriginRot,Crowding-DE,1,33,1037.1
F15-RastriginRot,Crowding-DE,1,34,1.05754
F15-RastriginRot,Crowding-DE,1,35,1221
F15-RastriginRot,Crowding-DE,1,36,1.05754
F15-RastriginRot,Crowding-DE,1,37,1.05754
F15-RastriginRot,Crowding-DE,1,38,1.05754
F15-RastriginRot,Crowding-DE,1,39,1209.56
F15-RastriginRot,Crowding-DE,1,40,1.05754
F15-RastriginRot,Crowding-DE,1,41,1.05754
F15-RastriginRot,Crowding-DE,1,42,1.05754
F15-RastriginRot,Crowding-DE,1,43,1.32148
F15-RastriginRot,Crowding-DE,1,44,1.05754
F15-RastriginRot,MAP-Elites,1,15,1.0291
F15-RastriginRot,MAP-Elites,1,16,1.0291
F15-RastriginRot,MAP-Elites,1,17,1.0291
F15-RastriginRot,MAP-Elites,1,18,1.68585
F15-RastriginRot,MAP-Elites,1,19,1113.71
F15-RastriginRot,MAP-Elites,1,20,1.0291
F15-RastriginRot,MAP-Elites,1,21,1.0291
F15-RastriginRot,MAP-Elites,1,22,1107.84
F15-RastriginRot,MAP-Elites,1,23,1186.22
F15-RastriginRot,MAP-Elites,1,24,1030.15
F15-RastriginRot,MAP-Elites,1,25,1117.59
F15-RastriginRot,MAP-Elites,1,26,1.0291
F15-RastriginRot,MAP-Elites,1,27,1173.53
F15-RastriginRot,MAP-Elites,1,28,1.0291
F15-RastriginRot,MAP-Elites,1,29,1.0291
F15-RastriginRot,MAP-Elites,1,30,1105.86
F15-RastriginRot,MAP-Elites,1,31,0.0341375
F15-RastriginRot,MAP-Elites,1,32,1005.25
F15-RastriginRot,MAP-Elites,1,33,1040.71
F15-RastriginRot,MAP-Elites,1,34,1.0291
F15-RastriginRot,MAP-Elites,1,35,1172.68
F15-RastriginRot,MAP-Elites,1,36,1.0291
F15-RastriginRot,MAP-Elites,1,37,1.0291
F15-RastriginRot,MAP-Elites,1,38,1.0291
F15-RastriginRot,MAP-Elites,1,39,1210.94
F15-RastriginRot,MAP-Elites,1,40,1.0291
F15-RastriginRot,MAP-Elites,1,41,1.0291
F15-RastriginRot,MAP-Elites,1,42,1.0291
F15-RastriginRot,MAP-Elites,1,43,1.68585
F15-RastriginRot,MAP-Elites,1,44,1.0291
F15-RastriginRot,MC-ESO-crowd,1,15,0.000387427
F15-RastriginRot,MC-ESO-crowd,1,16,0.000387427
F15-RastriginRot,MC-ESO-crowd,1,17,0.000387427
F15-RastriginRot,MC-ESO-crowd,1,18,0.000387427
F15-RastriginRot,MC-ESO-crowd,1,19,1089.55
F15-RastriginRot,MC-ESO-crowd,1,20,0.000387427
F15-RastriginRot,MC-ESO-crowd,1,21,0.000387427
F15-RastriginRot,MC-ESO-crowd,1,22,1129.48
F15-RastriginRot,MC-ESO-crowd,1,23,1198.09
F15-RastriginRot,MC-ESO-crowd,1,24,999.96
F15-RastriginRot,MC-ESO-crowd,1,25,1112.13
F15-RastriginRot,MC-ESO-crowd,1,26,0.000387427
F15-RastriginRot,MC-ESO-crowd,1,27,1178.69
F15-RastriginRot,MC-ESO-crowd,1,28,0.000387427
F15-RastriginRot,MC-ESO-crowd,1,29,0.000387427
F15-RastriginRot,MC-ESO-crowd,1,30,1130.11
F15-RastriginRot,MC-ESO-crowd,1,31,2.20105
F15-RastriginRot,MC-ESO-crowd,1,32,1035.68
F15-RastriginRot,MC-ESO-crowd,1,33,1070.63
F15-RastriginRot,MC-ESO-crowd,1,34,0.000387427
F15-RastriginRot,MC-ESO-crowd,1,35,1186.41
F15-RastriginRot,MC-ESO-crowd,1,36,0.000387427
F15-RastriginRot,MC-ESO-crowd,1,37,0.000387427
F15-RastriginRot,MC-ESO-crowd,1,38,0.000387427
F15-RastriginRot,MC-ESO-crowd,1,39,1201.27
F15-RastriginRot,MC-ESO-crowd,1,40,0.000387427
F15-RastriginRot,MC-ESO-crowd,1,41,0.000387427
F15-RastriginRot,MC-ESO-crowd,1,42,0.000387427
F15-RastriginRot,MC-ESO-crowd,1,43,0.000387427
F15-RastriginRot,MC-ESO-crowd,1,44,0.000387427
F15-RastriginRot,quality,1,15,4.48483e-09
F15-RastriginRot,quality,1,16,4.48483e-09
F15-RastriginRot,quality,1,17,4.48483e-09
F15-RastriginRot,quality,1,18,4.48483e-09
F15-RastriginRot,quality,1,19,1111.67
F15-RastriginRot,quality,1,20,4.48483e-09
F15-RastriginRot,quality,1,21,4.48483e-09
F15-RastriginRot,quality,1,22,1193.84
F15-RastriginRot,quality,1,23,1184.9
F15-RastriginRot,quality,1,24,0.987984
F15-RastriginRot,quality,1,25,1169.08
F15-RastriginRot,quality,1,26,4.48483e-09
F15-RastriginRot,quality,1,27,1171.7
F15-RastriginRot,quality,1,28,4.48483e-09
F15-RastriginRot,quality,1,29,4.48483e-09
F15-RastriginRot,quality,1,30,1186.3
F15-RastriginRot,quality,1,31,0.994959
F15-RastriginRot,quality,1,32,1063.02
F15-RastriginRot,quality,1,33,1098.06
F15-RastriginRot,quality,1,34,4.48483e-09
F15-RastriginRot,quality,1,35,1171.5
F15-RastriginRot,quality,1,36,4.48483e-09
F15-RastriginRot,quality,1,37,4.48483e-09
F15-RastriginRot,quality,1,38,4.48483e-09
F15-RastriginRot,quality,1,39,1252.52
F15-RastriginRot,quality,1,40,4.48483e-09
F15-RastriginRot,quality,1,41,4.48483e-09
F15-RastriginRot,quality,1,42,4.48483e-09
F15-RastriginRot,quality,1,43,4.48483e-09
F15-RastriginRot,quality,1,44,4.48483e-09
F15-RastriginRot,complement,1,15,4.48483e-09
F15-RastriginRot,complement,1,16,4.48483e-09
F15-RastriginRot,complement,1,17,4.48483e-09
F15-RastriginRot,complement,1,18,4.48483e-09
F15-RastriginRot,complement,1,19,9.94944
F15-RastriginRot,complement,1,20,4.48483e-09
F15-RastriginRot,complement,1,21,4.48483e-09
F15-RastriginRot,complement,1,22,0
F15-RastriginRot,complement,1,23,152.212
F15-RastriginRot,complement,1,24,63.3151
F15-RastriginRot,complement,1,25,0.994959
F15-RastriginRot,complement,1,26,4.48483e-09
F15-RastriginRot,complement,1,27,175.096
F15-RastriginRot,complement,1,28,4.48483e-09
F15-RastriginRot,complement,1,29,4.48483e-09
F15-RastriginRot,complement,1,30,977.001
F15-RastriginRot,complement,1,31,202.955
F15-RastriginRot,complement,1,32,8.95454
F15-RastriginRot,complement,1,33,975.775
F15-RastriginRot,complement,1,34,4.48483e-09
F15-RastriginRot,complement,1,35,152.212
F15-RastriginRot,complement,1,36,4.48483e-09
F15-RastriginRot,complement,1,37,4.48483e-09
F15-RastriginRot,complement,1,38,4.48483e-09
F15-RastriginRot,complement,1,39,0
F15-RastriginRot,complement,1,40,4.48483e-09
F15-RastriginRot,complement,1,41,4.48483e-09
F15-RastriginRot,complement,1,42,4.48483e-09
F15-RastriginRot,complement,1,43,4.48483e-09
F15-RastriginRot,complement,1,44,4.48483e-09
F15-RastriginRot,MC-ESO,2,15,4.2152
F15-RastriginRot,MC-ESO,2,16,961.749
F15-RastriginRot,MC-ESO,2,17,0
F15-RastriginRot,MC-ESO,2,18,0
F15-RastriginRot,MC-ESO,2,19,0
F15-RastriginRot,MC-ESO,2,20,0
F15-RastriginRot,MC-ESO,2,21,864.796
F15-RastriginRot,MC-ESO,2,22,1082.72
F15-RastriginRot,MC-ESO,2,23,1124.07
F15-RastriginRot,MC-ESO,2,24,881.194
F15-RastriginRot,MC-ESO,2,25,854.384
F15-RastriginRot,MC-ESO,2,26,1074.9
F15-RastriginRot,MC-ESO,2,27,907.974
F15-RastriginRot,MC-ESO,2,28,0
F15-RastriginRot,MC-ESO,2,29,890.016
F15-RastriginRot,MC-ESO,2,30,0
F15-RastriginRot,MC-ESO,2,31,0
F15-RastriginRot,MC-ESO,2,32,0
F15-RastriginRot,MC-ESO,2,33,0
F15-RastriginRot,MC-ESO,2,34,976.775
F15-RastriginRot,MC-ESO,2,35,0
F15-RastriginRot,MC-ESO,2,36,1050.8
F15-RastriginRot,MC-ESO,2,37,0
F15-RastriginRot,MC-ESO,2,38,7.46695e-10
F15-RastriginRot,MC-ESO,2,39,963.864
F15-RastriginRot,MC-ESO,2,40,1132.83
F15-RastriginRot,MC-ESO,2,41,0
F15-RastriginRot,MC-ESO,2,42,1080.28
F15-RastriginRot,MC-ESO,2,43,968.27
F15-RastriginRot,MC-ESO,2,44,0
F15-RastriginRot,NMMSO,2,15,0.995001
F15-RastriginRot,NMMSO,2,16,884.538
F15-RastriginRot,NMMSO,2,17,0.237472
F15-RastriginRot,NMMSO,2,18,0.237472
F15-RastriginRot,NMMSO,2,19,0.237472
F15-RastriginRot,NMMSO,2,20,0.237472
F15-RastriginRot,NMMSO,2,21,849.133
F15-RastriginRot,NMMSO,2,22,1032.57
F15-RastriginRot,NMMSO,2,23,1096.77
F15-RastriginRot,NMMSO,2,24,813.653
F15-RastriginRot,NMMSO,2,25,0.000475328
F15-RastriginRot,NMMSO,2,26,1055.15
F15-RastriginRot,NMMSO,2,27,947.08
F15-RastriginRot,NMMSO,2,28,0.237472
F15-RastriginRot,NMMSO,2,29,838.246
F15-RastriginRot,NMMSO,2,30,0.237472
F15-RastriginRot,NMMSO,2,31,0.237472
F15-RastriginRot,NMMSO,2,32,0.237472
F15-RastriginRot,NMMSO,2,33,0.237472
F15-RastriginRot,NMMSO,2,34,902.062
F15-RastriginRot,NMMSO,2,35,0.237472
F15-RastriginRot,NMMSO,2,36,1030.88
F15-RastriginRot,NMMSO,2,37,0.237472
F15-RastriginRot,NMMSO,2,38,3.99866
F15-RastriginRot,NMMSO,2,39,962.079
F15-RastriginRot,NMMSO,2,40,1083.38
F15-RastriginRot,NMMSO,2,41,0.237472
F15-RastriginRot,NMMSO,2,42,1074.46
F15-RastriginRot,NMMSO,2,43,891.416
F15-RastriginRot,NMMSO,2,44,0.237472
F15-RastriginRot,NCDE,2,15,0.139884
F15-RastriginRot,NCDE,2,16,888.108
F15-RastriginRot,NCDE,2,17,0.700731
F15-RastriginRot,NCDE,2,18,0.700731
F15-RastriginRot,NCDE,2,19,0.700731
F15-RastriginRot,NCDE,2,20,0.700731
F15-RastriginRot,NCDE,2,21,851.599
F15-RastriginRot,NCDE,2,22,1035.91
F15-RastriginRot,NCDE,2,23,1099.57
F15-RastriginRot,NCDE,2,24,817.267
F15-RastriginRot,NCDE,2,25,0.958369
F15-RastriginRot,NCDE,2,26,1057.74
F15-RastriginRot,NCDE,2,27,912.703
F15-RastriginRot,NCDE,2,28,0.700731
F15-RastriginRot,NCDE,2,29,841.262
F15-RastriginRot,NCDE,2,30,0.700731
F15-RastriginRot,NCDE,2,31,0.700731
F15-RastriginRot,NCDE,2,32,0.700731
F15-RastriginRot,NCDE,2,33,0.700731
F15-RastriginRot,NCDE,2,34,905.685
F15-RastriginRot,NCDE,2,35,0.700731
F15-RastriginRot,NCDE,2,36,1033.47
F15-RastriginRot,NCDE,2,37,0.700731
F15-RastriginRot,NCDE,2,38,813.702
F15-RastriginRot,NCDE,2,39,964.121
F15-RastriginRot,NCDE,2,40,1086.7
F15-RastriginRot,NCDE,2,41,0.700731
F15-RastriginRot,NCDE,2,42,1076.63
F15-RastriginRot,NCDE,2,43,894.999
F15-RastriginRot,NCDE,2,44,0.700731
F15-RastriginRot,r3pso,2,15,3.6839e-08
F15-RastriginRot,r3pso,2,16,885.168
F15-RastriginRot,r3pso,2,17,3.11616e-10
F15-RastriginRot,r3pso,2,18,3.11616e-10
F15-RastriginRot,r3pso,2,19,3.11616e-10
F15-RastriginRot,r3pso,2,20,3.11616e-10
F15-RastriginRot,r3pso,2,21,873.689
F15-RastriginRot,r3pso,2,22,1049.56
F15-RastriginRot,r3pso,2,23,1119.51
F15-RastriginRot,r3pso,2,24,822.986
F15-RastriginRot,r3pso,2,25,1.09566
F15-RastriginRot,r3pso,2,26,1079.14
F15-RastriginRot,r3pso,2,27,972.051
F15-RastriginRot,r3pso,2,28,3.11616e-10
F15-RastriginRot,r3pso,2,29,827.356
F15-RastriginRot,r3pso,2,30,3.11616e-10
F15-RastriginRot,r3pso,2,31,3.11616e-10
F15-RastriginRot,r3pso,2,32,3.11616e-10
F15-RastriginRot,r3pso,2,33,3.11616e-10
F15-RastriginRot,r3pso,2,34,905.892
F15-RastriginRot,r3pso,2,35,3.11616e-10
F15-RastriginRot,r3pso,2,36,1054.84
F15-RastriginRot,r3pso,2,37,3.11616e-10
F15-RastriginRot,r3pso,2,38,5.96856e-11
F15-RastriginRot,r3pso,2,39,988.019
F15-RastriginRot,r3pso,2,40,1100.6
F15-RastriginRot,r3pso,2,41,3.11616e-10
F15-RastriginRot,r3pso,2,42,1100.08
F15-RastriginRot,r3pso,2,43,892.615
F15-RastriginRot,r3pso,2,44,3.11616e-10
F15-RastriginRot,NM-Restart,2,15,3.97983
F15-RastriginRot,NM-Restart,2,16,854.616
F15-RastriginRot,NM-Restart,2,17,0.994959
F15-RastriginRot,NM-Restart,2,18,0.994959
F15-RastriginRot,NM-Restart,2,19,0.994959
F15-RastriginRot,NM-Restart,2,20,0.994959
F15-RastriginRot,NM-Restart,2,21,0
F15-RastriginRot,NM-Restart,2,22,982.229
F15-RastriginRot,NM-Restart,2,23,1045.65
F15-RastriginRot,NM-Restart,2,24,0
F15-RastriginRot,NM-Restart,2,25,0.994959
F15-RastriginRot,NM-Restart,2,26,1005.08
F15-RastriginRot,NM-Restart,2,27,899.404
F15-RastriginRot,NM-Restart,2,28,0.994959
F15-RastriginRot,NM-Restart,2,29,827.134
F15-RastriginRot,NM-Restart,2,30,0.994959
F15-RastriginRot,NM-Restart,2,31,0.994959
F15-RastriginRot,NM-Restart,2,32,0.994959
F15-RastriginRot,NM-Restart,2,33,0.994959
F15-RastriginRot,NM-Restart,2,34,866.816
F15-RastriginRot,NM-Restart,2,35,0.994959
F15-RastriginRot,NM-Restart,2,36,980.775
F15-RastriginRot,NM-Restart,2,37,0.994959
F15-RastriginRot,NM-Restart,2,38,0
F15-RastriginRot,NM-Restart,2,39,916.606
F15-RastriginRot,NM-Restart,2,40,1032.9
F15-RastriginRot,NM-Restart,2,41,0.994959
F15-RastriginRot,NM-Restart,2,42,1027.7
F15-RastriginRot,NM-Restart,2,43,860.507
F15-RastriginRot,NM-Restart,2,44,0.994959
F15-RastriginRot,IPOP-CMA-ES,2,15,807.883
F15-RastriginRot,IPOP-CMA-ES,2,16,1000.81
F15-RastriginRot,IPOP-CMA-ES,2,17,0
F15-RastriginRot,IPOP-CMA-ES,2,18,0
F15-RastriginRot,IPOP-CMA-ES,2,19,0
F15-RastriginRot,IPOP-CMA-ES,2,20,0
F15-RastriginRot,IPOP-CMA-ES,2,21,994.2
F15-RastriginRot,IPOP-CMA-ES,2,22,1193.11
F15-RastriginRot,IPOP-CMA-ES,2,23,1251.01
F15-RastriginRot,IPOP-CMA-ES,2,24,961.172
F15-RastriginRot,IPOP-CMA-ES,2,25,908.923
F15-RastriginRot,IPOP-CMA-ES,2,26,1203.83
F15-RastriginRot,IPOP-CMA-ES,2,27,1003.12
F15-RastriginRot,IPOP-CMA-ES,2,28,0
F15-RastriginRot,IPOP-CMA-ES,2,29,890.016
F15-RastriginRot,IPOP-CMA-ES,2,30,0
F15-RastriginRot,IPOP-CMA-ES,2,31,0
F15-RastriginRot,IPOP-CMA-ES,2,32,0
F15-RastriginRot,IPOP-CMA-ES,2,33,0
F15-RastriginRot,IPOP-CMA-ES,2,34,1031.55
F15-RastriginRot,IPOP-CMA-ES,2,35,0
F15-RastriginRot,IPOP-CMA-ES,2,36,1179.69
F15-RastriginRot,IPOP-CMA-ES,2,37,0
F15-RastriginRot,IPOP-CMA-ES,2,38,0.715181
F15-RastriginRot,IPOP-CMA-ES,2,39,1091.95
F15-RastriginRot,IPOP-CMA-ES,2,40,1244.03
F15-RastriginRot,IPOP-CMA-ES,2,41,0
F15-RastriginRot,IPOP-CMA-ES,2,42,1209.21
F15-RastriginRot,IPOP-CMA-ES,2,43,1010.18
F15-RastriginRot,IPOP-CMA-ES,2,44,0
F15-RastriginRot,DE,2,15,848.866
F15-RastriginRot,DE,2,16,1056.56
F15-RastriginRot,DE,2,17,0.994959
F15-RastriginRot,DE,2,18,0.994959
F15-RastriginRot,DE,2,19,0.994959
F15-RastriginRot,DE,2,20,0.994959
F15-RastriginRot,DE,2,21,1068.69
F15-RastriginRot,DE,2,22,1272.9
F15-RastriginRot,DE,2,23,1329.26
F15-RastriginRot,DE,2,24,1033.22
F15-RastriginRot,DE,2,25,971.359
F15-RastriginRot,DE,2,26,1279.83
F15-RastriginRot,DE,2,27,1039.7
F15-RastriginRot,DE,2,28,0.994959
F15-RastriginRot,DE,2,29,913.645
F15-RastriginRot,DE,2,30,0.994959
F15-RastriginRot,DE,2,31,0.994959
F15-RastriginRot,DE,2,32,0.994959
F15-RastriginRot,DE,2,33,0.994959
F15-RastriginRot,DE,2,34,1094.09
F15-RastriginRot,DE,2,35,0.994959
F15-RastriginRot,DE,2,36,1255.76
F15-RastriginRot,DE,2,37,0.994959
F15-RastriginRot,DE,2,38,0
F15-RastriginRot,DE,2,39,1159.83
F15-RastriginRot,DE,2,40,1323.91
F15-RastriginRot,DE,2,41,0.994959
F15-RastriginRot,DE,2,42,1279.25
F15-RastriginRot,DE,2,43,1067.2
F15-RastriginRot,DE,2,44,0.994959
F15-RastriginRot,PSO,2,15,16.3219
F15-RastriginRot,PSO,2,16,963.756
F15-RastriginRot,PSO,2,17,1.59162e-12
F15-RastriginRot,PSO,2,18,1.59162e-12
F15-RastriginRot,PSO,2,19,1.59162e-12
F15-RastriginRot,PSO,2,20,1.59162e-12
F15-RastriginRot,PSO,2,21,931.846
F15-RastriginRot,PSO,2,22,1127.59
F15-RastriginRot,PSO,2,23,1185.42
F15-RastriginRot,PSO,2,24,905.483
F15-RastriginRot,PSO,2,25,864.344
F15-RastriginRot,PSO,2,26,1140.13
F15-RastriginRot,PSO,2,27,951.857
F15-RastriginRot,PSO,2,28,1.59162e-12
F15-RastriginRot,PSO,2,29,888.14
F15-RastriginRot,PSO,2,30,1.59162e-12
F15-RastriginRot,PSO,2,31,1.59162e-12
F15-RastriginRot,PSO,2,32,1.59162e-12
F15-RastriginRot,PSO,2,33,1.59162e-12
F15-RastriginRot,PSO,2,34,986.862
F15-RastriginRot,PSO,2,35,1.59162e-12
F15-RastriginRot,PSO,2,36,1115.94
F15-RastriginRot,PSO,2,37,1.59162e-12
F15-RastriginRot,PSO,2,38,817.688
F15-RastriginRot,PSO,2,39,1035.79
F15-RastriginRot,PSO,2,40,1178.34
F15-RastriginRot,PSO,2,41,1.59162e-12
F15-RastriginRot,PSO,2,42,1151
F15-RastriginRot,PSO,2,43,971.703
F15-RastriginRot,PSO,2,44,1.59162e-12
F15-RastriginRot,Crowding-DE,2,15,1.56935
F15-RastriginRot,Crowding-DE,2,16,888.11
F15-RastriginRot,Crowding-DE,2,17,0.875489
F15-RastriginRot,Crowding-DE,2,18,0.875489
F15-RastriginRot,Crowding-DE,2,19,0.875489
F15-RastriginRot,Crowding-DE,2,20,0.875489
F15-RastriginRot,Crowding-DE,2,21,879.99
F15-RastriginRot,Crowding-DE,2,22,1055.41
F15-RastriginRot,Crowding-DE,2,23,1125.84
F15-RastriginRot,Crowding-DE,2,24,827.662
F15-RastriginRot,Crowding-DE,2,25,1.1207
F15-RastriginRot,Crowding-DE,2,26,1085.47
F15-RastriginRot,Crowding-DE,2,27,975.231
F15-RastriginRot,Crowding-DE,2,28,0.875489
F15-RastriginRot,Crowding-DE,2,29,827.431
F15-RastriginRot,Crowding-DE,2,30,0.875489
F15-RastriginRot,Crowding-DE,2,31,0.875489
F15-RastriginRot,Crowding-DE,2,32,0.875489
F15-RastriginRot,Crowding-DE,2,33,0.875489
F15-RastriginRot,Crowding-DE,2,34,909.514
F15-RastriginRot,Crowding-DE,2,35,0.875489
F15-RastriginRot,Crowding-DE,2,36,1061.17
F15-RastriginRot,Crowding-DE,2,37,0.875489
F15-RastriginRot,Crowding-DE,2,38,0.408052
F15-RastriginRot,Crowding-DE,2,39,994.098
F15-RastriginRot,Crowding-DE,2,40,1106.48
F15-RastriginRot,Crowding-DE,2,41,0.875489
F15-RastriginRot,Crowding-DE,2,42,1106.24
F15-RastriginRot,Crowding-DE,2,43,895.68
F15-RastriginRot,Crowding-DE,2,44,0.875489
F15-RastriginRot,MAP-Elites,2,15,2.77579
F15-RastriginRot,MAP-Elites,2,16,956.247
F15-RastriginRot,MAP-Elites,2,17,1.97274
F15-RastriginRot,MAP-Elites,2,18,1.97274
F15-RastriginRot,MAP-Elites,2,19,1.97274
F15-RastriginRot,MAP-Elites,2,20,1.97274
F15-RastriginRot,MAP-Elites,2,21,910.228
F15-RastriginRot,MAP-Elites,2,22,1111.61
F15-RastriginRot,MAP-Elites,2,23,1165.42
F15-RastriginRot,MAP-Elites,2,24,893.833
F15-RastriginRot,MAP-Elites,2,25,855.417
F15-RastriginRot,MAP-Elites,2,26,1119.05
F15-RastriginRot,MAP-Elites,2,27,946.844
F15-RastriginRot,MAP-Elites,2,28,1.97274
F15-RastriginRot,MAP-Elites,2,29,868.383
F15-RastriginRot,MAP-Elites,2,30,1.97274
F15-RastriginRot,MAP-Elites,2,31,1.97274
F15-RastriginRot,MAP-Elites,2,32,1.97274
F15-RastriginRot,MAP-Elites,2,33,1.97274
F15-RastriginRot,MAP-Elites,2,34,977.912
F15-RastriginRot,MAP-Elites,2,35,1.97274
F15-RastriginRot,MAP-Elites,2,36,1094.88
F15-RastriginRot,MAP-Elites,2,37,1.97274
F15-RastriginRot,MAP-Elites,2,38,0.977783
F15-RastriginRot,MAP-Elites,2,39,1012.55
F15-RastriginRot,MAP-Elites,2,40,1162.21
F15-RastriginRot,MAP-Elites,2,41,1.97274
F15-RastriginRot,MAP-Elites,2,42,1128.2
F15-RastriginRot,MAP-Elites,2,43,963.945
F15-RastriginRot,MAP-Elites,2,44,1.97274
F15-RastriginRot,MC-ESO-crowd,2,15,1.10196
F15-RastriginRot,MC-ESO-crowd,2,16,846.221
F15-RastriginRot,MC-ESO-crowd,2,17,6.51941e-06
F15-RastriginRot,MC-ESO-crowd,2,18,6.51941e-06
F15-RastriginRot,MC-ESO-crowd,2,19,6.51941e-06
F15-RastriginRot,MC-ESO-crowd,2,20,6.51941e-06
F15-RastriginRot,MC-ESO-crowd,2,21,1.12197
F15-RastriginRot,MC-ESO-crowd,2,22,948.948
F15-RastriginRot,MC-ESO-crowd,2,23,1005.48
F15-RastriginRot,MC-ESO-crowd,2,24,1.12197
F15-RastriginRot,MC-ESO-crowd,2,25,4.41227
F15-RastriginRot,MC-ESO-crowd,2,26,963.761
F15-RastriginRot,MC-ESO-crowd,2,27,888.133
F15-RastriginRot,MC-ESO-crowd,2,28,6.51941e-06
F15-RastriginRot,MC-ESO-crowd,2,29,844.354
F15-RastriginRot,MC-ESO-crowd,2,30,6.51941e-06
F15-RastriginRot,MC-ESO-crowd,2,31,6.51941e-06
F15-RastriginRot,MC-ESO-crowd,2,32,6.51941e-06
F15-RastriginRot,MC-ESO-crowd,2,33,6.51941e-06
F15-RastriginRot,MC-ESO-crowd,2,34,853.171
F15-RastriginRot,MC-ESO-crowd,2,35,6.51941e-06
F15-RastriginRot,MC-ESO-crowd,2,36,939.473
F15-RastriginRot,MC-ESO-crowd,2,37,6.51941e-06
F15-RastriginRot,MC-ESO-crowd,2,38,3.23442
F15-RastriginRot,MC-ESO-crowd,2,39,874.343
F15-RastriginRot,MC-ESO-crowd,2,40,999.313
F15-RastriginRot,MC-ESO-crowd,2,41,6.51941e-06
F15-RastriginRot,MC-ESO-crowd,2,42,985.44
F15-RastriginRot,MC-ESO-crowd,2,43,851.167
F15-RastriginRot,MC-ESO-crowd,2,44,6.51941e-06
F15-RastriginRot,quality,2,15,0
F15-RastriginRot,quality,2,16,854.616
F15-RastriginRot,quality,2,17,0.994959
F15-RastriginRot,quality,2,18,0.994959
F15-RastriginRot,quality,2,19,0.994959
F15-RastriginRot,quality,2,20,0.994959
F15-RastriginRot,quality,2,21,1.59162e-12
F15-RastriginRot,quality,2,22,982.229
F15-RastriginRot,quality,2,23,1045.65
F15-RastriginRot,quality,2,24,1.59162e-12
F15-RastriginRot,quality,2,25,0
F15-RastriginRot,quality,2,26,1005.08
F15-RastriginRot,quality,2,27,899.404
F15-RastriginRot,quality,2,28,0.994959
F15-RastriginRot,quality,2,29,832.427
F15-RastriginRot,quality,2,30,0.994959
F15-RastriginRot,quality,2,31,0.994959
F15-RastriginRot,quality,2,32,0.994959
F15-RastriginRot,quality,2,33,0.994959
F15-RastriginRot,quality,2,34,866.816
F15-RastriginRot,quality,2,35,0.994959
F15-RastriginRot,quality,2,36,980.775
F15-RastriginRot,quality,2,37,0.994959
F15-RastriginRot,quality,2,38,849.324
F15-RastriginRot,quality,2,39,916.606
F15-RastriginRot,quality,2,40,1032.9
F15-RastriginRot,quality,2,41,0.994959
F15-RastriginRot,quality,2,42,1027.7
F15-RastriginRot,quality,2,43,860.507
F15-RastriginRot,quality,2,44,0.994959
F15-RastriginRot,complement,2,15,0
F15-RastriginRot,complement,2,16,8.9546
F15-RastriginRot,complement,2,17,0.994959
F15-RastriginRot,complement,2,18,0.994959
F15-RastriginRot,complement,2,19,0.994959
F15-RastriginRot,complement,2,20,0.994959
F15-RastriginRot,complement,2,21,24.8737
F15-RastriginRot,complement,2,22,0
F15-RastriginRot,complement,2,23,0
F15-RastriginRot,complement,2,24,24.8737
F15-RastriginRot,complement,2,25,29.8485
F15-RastriginRot,complement,2,26,0
F15-RastriginRot,complement,2,27,0
F15-RastriginRot,complement,2,28,0.994959
F15-RastriginRot,complement,2,29,47.7564
F15-RastriginRot,complement,2,30,0.994959
F15-RastriginRot,complement,2,31,0.994959
F15-RastriginRot,complement,2,32,0.994959
F15-RastriginRot,complement,2,33,0.994959
F15-RastriginRot,complement,2,34,8.9546
F15-RastriginRot,complement,2,35,0.994959
F15-RastriginRot,complement,2,36,0
F15-RastriginRot,complement,2,37,0.994959
F15-RastriginRot,complement,2,38,8.9546
F15-RastriginRot,complement,2,39,8.9546
F15-RastriginRot,complement,2,40,0
F15-RastriginRot,complement,2,41,0.994959
F15-RastriginRot,complement,2,42,0
F15-RastriginRot,complement,2,43,16.9141
F15-RastriginRot,complement,2,44,0.994959
F15-RastriginRot,MC-ESO,3,15,1195.48
F15-RastriginRot,MC-ESO,3,16,950.398
F15-RastriginRot,MC-ESO,3,17,1318.12
F15-RastriginRot,MC-ESO,3,18,1306.77
F15-RastriginRot,MC-ESO,3,19,0
F15-RastriginRot,MC-ESO,3,20,1257.57
F15-RastriginRot,MC-ESO,3,21,0
F15-RastriginRot,MC-ESO,3,22,1021.31
F15-RastriginRot,MC-ESO,3,23,1045.58
F15-RastriginRot,MC-ESO,3,24,1162.8
F15-RastriginRot,MC-ESO,3,25,0
F15-RastriginRot,MC-ESO,3,26,1311.76
F15-RastriginRot,MC-ESO,3,27,492.684
F15-RastriginRot,MC-ESO,3,28,1262.61
F15-RastriginRot,MC-ESO,3,29,0
F15-RastriginRot,MC-ESO,3,30,1077.09
F15-RastriginRot,MC-ESO,3,31,1395.82
F15-RastriginRot,MC-ESO,3,32,1114.86
F15-RastriginRot,MC-ESO,3,33,0
F15-RastriginRot,MC-ESO,3,34,0
F15-RastriginRot,MC-ESO,3,35,0
F15-RastriginRot,MC-ESO,3,36,1229.49
F15-RastriginRot,MC-ESO,3,37,1035.16
F15-RastriginRot,MC-ESO,3,38,1223.1
F15-RastriginRot,MC-ESO,3,39,1246.65
F15-RastriginRot,MC-ESO,3,40,0
F15-RastriginRot,MC-ESO,3,41,0
F15-RastriginRot,MC-ESO,3,42,0
F15-RastriginRot,MC-ESO,3,43,1556.71
F15-RastriginRot,MC-ESO,3,44,0
F15-RastriginRot,NMMSO,3,15,1110.58
F15-RastriginRot,NMMSO,3,16,930.668
F15-RastriginRot,NMMSO,3,17,1154.41
F15-RastriginRot,NMMSO,3,18,1127.01
F15-RastriginRot,NMMSO,3,19,0.276692
F15-RastriginRot,NMMSO,3,20,1054.34
F15-RastriginRot,NMMSO,3,21,0.276692
F15-RastriginRot,NMMSO,3,22,0.00116133
F15-RastriginRot,NMMSO,3,23,0.218932
F15-RastriginRot,NMMSO,3,24,1100.43
F15-RastriginRot,NMMSO,3,25,0.276692
F15-RastriginRot,NMMSO,3,26,1214.98
F15-RastriginRot,NMMSO,3,27,486.917
F15-RastriginRot,NMMSO,3,28,1115.95
F15-RastriginRot,NMMSO,3,29,0.276692
F15-RastriginRot,NMMSO,3,30,1023.83
F15-RastriginRot,NMMSO,3,31,1231.76
F15-RastriginRot,NMMSO,3,32,0.995037
F15-RastriginRot,NMMSO,3,33,0.276692
F15-RastriginRot,NMMSO,3,34,0.276692
F15-RastriginRot,NMMSO,3,35,0.276692
F15-RastriginRot,NMMSO,3,36,1159.02
F15-RastriginRot,NMMSO,3,37,1018.42
F15-RastriginRot,NMMSO,3,38,1139.8
F15-RastriginRot,NMMSO,3,39,1128.89
F15-RastriginRot,NMMSO,3,40,0.276692
F15-RastriginRot,NMMSO,3,41,0.276692
F15-RastriginRot,NMMSO,3,42,0.276692
F15-RastriginRot,NMMSO,3,43,1344.33
F15-RastriginRot,NMMSO,3,44,0.276692
F15-RastriginRot,NCDE,3,15,1083.39
F15-RastriginRot,NCDE,3,16,916.117
F15-RastriginRot,NCDE,3,17,1167.69
F15-RastriginRot,NCDE,3,18,1119.36
F15-RastriginRot,NCDE,3,19,0.0687387
F15-RastriginRot,NCDE,3,20,1056.39
F15-RastriginRot,NCDE,3,21,0.0687387
F15-RastriginRot,NCDE,3,22,1.29842
F15-RastriginRot,NCDE,3,23,1.45146
F15-RastriginRot,NCDE,3,24,1085.92
F15-RastriginRot,NCDE,3,25,0.0687387
F15-RastriginRot,NCDE,3,26,1189.51
F15-RastriginRot,NCDE,3,27,488.441
F15-RastriginRot,NCDE,3,28,1120.47
F15-RastriginRot,NCDE,3,29,0.0687387
F15-RastriginRot,NCDE,3,30,1029.9
F15-RastriginRot,NCDE,3,31,1219.56
F15-RastriginRot,NCDE,3,32,0.205603
F15-RastriginRot,NCDE,3,33,0.0687387
F15-RastriginRot,NCDE,3,34,0.0687387
F15-RastriginRot,NCDE,3,35,0.0687387
F15-RastriginRot,NCDE,3,36,1129.94
F15-RastriginRot,NCDE,3,37,1019.42
F15-RastriginRot,NCDE,3,38,1112.39
F15-RastriginRot,NCDE,3,39,1120.35
F15-RastriginRot,NCDE,3,40,0.0687387
F15-RastriginRot,NCDE,3,41,0.0687387
F15-RastriginRot,NCDE,3,42,0.0687387
F15-RastriginRot,NCDE,3,43,1361.25
F15-RastriginRot,NCDE,3,44,0.0687387
F15-RastriginRot,r3pso,3,15,1056.06
F15-RastriginRot,r3pso,3,16,915.245
F15-RastriginRot,r3pso,3,17,1136.87
F15-RastriginRot,r3pso,3,18,1061.14
F15-RastriginRot,r3pso,3,19,2.39879e-11
F15-RastriginRot,r3pso,3,20,0
F15-RastriginRot,r3pso,3,21,2.39879e-11
F15-RastriginRot,r3pso,3,22,0
F15-RastriginRot,r3pso,3,23,1045.58
F15-RastriginRot,r3pso,3,24,1151.31
F15-RastriginRot,r3pso,3,25,2.39879e-11
F15-RastriginRot,r3pso,3,26,1158.26
F15-RastriginRot,r3pso,3,27,492.684
F15-RastriginRot,r3pso,3,28,1106.19
F15-RastriginRot,r3pso,3,29,2.39879e-11
F15-RastriginRot,r3pso,3,30,1077.09
F15-RastriginRot,r3pso,3,31,1166.37
F15-RastriginRot,r3pso,3,32,1.65755e-10
F15-RastriginRot,r3pso,3,33,2.39879e-11
F15-RastriginRot,r3pso,3,34,2.39879e-11
F15-RastriginRot,r3pso,3,35,2.39879e-11
F15-RastriginRot,r3pso,3,36,1107.37
F15-RastriginRot,r3pso,3,37,1035.16
F15-RastriginRot,r3pso,3,38,1085.58
F15-RastriginRot,r3pso,3,39,1130.96
F15-RastriginRot,r3pso,3,40,2.39879e-11
F15-RastriginRot,r3pso,3,41,2.39879e-11
F15-RastriginRot,r3pso,3,42,2.39879e-11
F15-RastriginRot,r3pso,3,43,1293.55
F15-RastriginRot,r3pso,3,44,2.39879e-11
F15-RastriginRot,NM-Restart,3,15,1020.54
F15-RastriginRot,NM-Restart,3,16,878.221
F15-RastriginRot,NM-Restart,3,17,1053.5
F15-RastriginRot,NM-Restart,3,18,0
F15-RastriginRot,NM-Restart,3,19,0.994959
F15-RastriginRot,NM-Restart,3,20,6.949
F15-RastriginRot,NM-Restart,3,21,0.994959
F15-RastriginRot,NM-Restart,3,22,2.98487
F15-RastriginRot,NM-Restart,3,23,1020.22
F15-RastriginRot,NM-Restart,3,24,1064.18
F15-RastriginRot,NM-Restart,3,25,0.994959
F15-RastriginRot,NM-Restart,3,26,1116.47
F15-RastriginRot,NM-Restart,3,27,448.1
F15-RastriginRot,NM-Restart,3,28,1031.28
F15-RastriginRot,NM-Restart,3,29,0.994959
F15-RastriginRot,NM-Restart,3,30,1029.14
F15-RastriginRot,NM-Restart,3,31,1088.57
F15-RastriginRot,NM-Restart,3,32,0
F15-RastriginRot,NM-Restart,3,33,0.994959
F15-RastriginRot,NM-Restart,3,34,0.994959
F15-RastriginRot,NM-Restart,3,35,0.994959
F15-RastriginRot,NM-Restart,3,36,1079.45
F15-RastriginRot,NM-Restart,3,37,5.96974
F15-RastriginRot,NM-Restart,3,38,1050.91
F15-RastriginRot,NM-Restart,3,39,1060.5
F15-RastriginRot,NM-Restart,3,40,0.994959
F15-RastriginRot,NM-Restart,3,41,1033.94
F15-RastriginRot,NM-Restart,3,42,0.994959
F15-RastriginRot,NM-Restart,3,43,1187.37
F15-RastriginRot,NM-Restart,3,44,0.994959
F15-RastriginRot,IPOP-CMA-ES,3,15,1195.48
F15-RastriginRot,IPOP-CMA-ES,3,16,950.398
F15-RastriginRot,IPOP-CMA-ES,3,17,1318.12
F15-RastriginRot,IPOP-CMA-ES,3,18,1306.77
F15-RastriginRot,IPOP-CMA-ES,3,19,0
F15-RastriginRot,IPOP-CMA-ES,3,20,1257.57
F15-RastriginRot,IPOP-CMA-ES,3,21,0
F15-RastriginRot,IPOP-CMA-ES,3,22,1021.31
F15-RastriginRot,IPOP-CMA-ES,3,23,1045.58
F15-RastriginRot,IPOP-CMA-ES,3,24,1162.8
F15-RastriginRot,IPOP-CMA-ES,3,25,0
F15-RastriginRot,IPOP-CMA-ES,3,26,1311.76
F15-RastriginRot,IPOP-CMA-ES,3,27,492.684
F15-RastriginRot,IPOP-CMA-ES,3,28,1262.61
F15-RastriginRot,IPOP-CMA-ES,3,29,0
F15-RastriginRot,IPOP-CMA-ES,3,30,1077.09
F15-RastriginRot,IPOP-CMA-ES,3,31,1395.82
F15-RastriginRot,IPOP-CMA-ES,3,32,1114.86
F15-RastriginRot,IPOP-CMA-ES,3,33,0
F15-RastriginRot,IPOP-CMA-ES,3,34,0
F15-RastriginRot,IPOP-CMA-ES,3,35,0
F15-RastriginRot,IPOP-CMA-ES,3,36,1229.49
F15-RastriginRot,IPOP-CMA-ES,3,37,1035.16
F15-RastriginRot,IPOP-CMA-ES,3,38,1223.1
F15-RastriginRot,IPOP-CMA-ES,3,39,1246.65
F15-RastriginRot,IPOP-CMA-ES,3,40,0
F15-RastriginRot,IPOP-CMA-ES,3,41,0
F15-RastriginRot,IPOP-CMA-ES,3,42,0
F15-RastriginRot,IPOP-CMA-ES,3,43,1556.71
F15-RastriginRot,IPOP-CMA-ES,3,44,0
F15-RastriginRot,DE,3,15,1195.48
F15-RastriginRot,DE,3,16,950.398
F15-RastriginRot,DE,3,17,1318.12
F15-RastriginRot,DE,3,18,1306.77
F15-RastriginRot,DE,3,19,0
F15-RastriginRot,DE,3,20,1257.57
F15-RastriginRot,DE,3,21,0
F15-RastriginRot,DE,3,22,1021.31
F15-RastriginRot,DE,3,23,1045.58
F15-RastriginRot,DE,3,24,1162.8
F15-RastriginRot,DE,3,25,0
F15-RastriginRot,DE,3,26,1311.76
F15-RastriginRot,DE,3,27,492.684
F15-RastriginRot,DE,3,28,1262.61
F15-RastriginRot,DE,3,29,0
F15-RastriginRot,DE,3,30,1077.09
F15-RastriginRot,DE,3,31,1395.82
F15-RastriginRot,DE,3,32,1114.86
F15-RastriginRot,DE,3,33,0
F15-RastriginRot,DE,3,34,0
F15-RastriginRot,DE,3,35,0
F15-RastriginRot,DE,3,36,1229.49
F15-RastriginRot,DE,3,37,1035.16
F15-RastriginRot,DE,3,38,1223.1
F15-RastriginRot,DE,3,39,1246.65
F15-RastriginRot,DE,3,40,0
F15-RastriginRot,DE,3,41,0
F15-RastriginRot,DE,3,42,0
F15-RastriginRot,DE,3,43,1556.71
F15-RastriginRot,DE,3,44,0
F15-RastriginRot,PSO,3,15,1195.48
F15-RastriginRot,PSO,3,16,950.398
F15-RastriginRot,PSO,3,17,1318.12
F15-RastriginRot,PSO,3,18,1306.77
F15-RastriginRot,PSO,3,19,2.49543e-10
F15-RastriginRot,PSO,3,20,1257.57
F15-RastriginRot,PSO,3,21,2.49543e-10
F15-RastriginRot,PSO,3,22,1021.31
F15-RastriginRot,PSO,3,23,1045.58
F15-RastriginRot,PSO,3,24,1162.8
F15-RastriginRot,PSO,3,25,2.49543e-10
F15-RastriginRot,PSO,3,26,1311.76
F15-RastriginRot,PSO,3,27,492.684
F15-RastriginRot,PSO,3,28,1262.61
F15-RastriginRot,PSO,3,29,2.49543e-10
F15-RastriginRot,PSO,3,30,1077.09
F15-RastriginRot,PSO,3,31,1395.82
F15-RastriginRot,PSO,3,32,1114.86
F15-RastriginRot,PSO,3,33,2.49543e-10
F15-RastriginRot,PSO,3,34,2.49543e-10
F15-RastriginRot,PSO,3,35,2.49543e-10
F15-RastriginRot,PSO,3,36,1229.49
F15-RastriginRot,PSO,3,37,1035.16
F15-RastriginRot,PSO,3,38,1223.1
F15-RastriginRot,PSO,3,39,1246.65
F15-RastriginRot,PSO,3,40,2.49543e-10
F15-RastriginRot,PSO,3,41,2.49543e-10
F15-RastriginRot,PSO,3,42,2.49543e-10
F15-RastriginRot,PSO,3,43,1556.71
F15-RastriginRot,PSO,3,44,2.49543e-10
F15-RastriginRot,Crowding-DE,3,15,1141.45
F15-RastriginRot,Crowding-DE,3,16,933.261
F15-RastriginRot,Crowding-DE,3,17,1236.45
F15-RastriginRot,Crowding-DE,3,18,1217.47
F15-RastriginRot,Crowding-DE,3,19,0.592909
F15-RastriginRot,Crowding-DE,3,20,1162.06
F15-RastriginRot,Crowding-DE,3,21,0.592909
F15-RastriginRot,Crowding-DE,3,22,1.65654
F15-RastriginRot,Crowding-DE,3,23,0.61007
F15-RastriginRot,Crowding-DE,3,24,1096.73
F15-RastriginRot,Crowding-DE,3,25,0.592909
F15-RastriginRot,Crowding-DE,3,26,1252.94
F15-RastriginRot,Crowding-DE,3,27,487.333
F15-RastriginRot,Crowding-DE,3,28,1180.91
F15-RastriginRot,Crowding-DE,3,29,0.592909
F15-RastriginRot,Crowding-DE,3,30,1021.88
F15-RastriginRot,Crowding-DE,3,31,1311.67
F15-RastriginRot,Crowding-DE,3,32,1033.7
F15-RastriginRot,Crowding-DE,3,33,0.592909
F15-RastriginRot,Crowding-DE,3,34,0.592909
F15-RastriginRot,Crowding-DE,3,35,0.592909
F15-RastriginRot,Crowding-DE,3,36,1181.39
F15-RastriginRot,Crowding-DE,3,37,2.90635
F15-RastriginRot,Crowding-DE,3,38,1169.73
F15-RastriginRot,Crowding-DE,3,39,1167
F15-RastriginRot,Crowding-DE,3,40,0.592909
F15-RastriginRot,Crowding-DE,3,41,0.592909
F15-RastriginRot,Crowding-DE,3,42,0.592909
F15-RastriginRot,Crowding-DE,3,43,1464.52
F15-RastriginRot,Crowding-DE,3,44,0.592909
F15-RastriginRot,MAP-Elites,3,15,1132.2
F15-RastriginRot,MAP-Elites,3,16,908.593
F15-RastriginRot,MAP-Elites,3,17,1224.76
F15-RastriginRot,MAP-Elites,3,18,1215.87
F15-RastriginRot,MAP-Elites,3,19,1.18956
F15-RastriginRot,MAP-Elites,3,20,1152.03
F15-RastriginRot,MAP-Elites,3,21,1.18956
F15-RastriginRot,MAP-Elites,3,22,1.27693
F15-RastriginRot,MAP-Elites,3,23,0
F15-RastriginRot,MAP-Elites,3,24,1131.89
F15-RastriginRot,MAP-Elites,3,25,1.18956
F15-RastriginRot,MAP-Elites,3,26,1246.19
F15-RastriginRot,MAP-Elites,3,27,462.197
F15-RastriginRot,MAP-Elites,3,28,1177.52
F15-RastriginRot,MAP-Elites,3,29,1.18956
F15-RastriginRot,MAP-Elites,3,30,1039.64
F15-RastriginRot,MAP-Elites,3,31,1314.21
F15-RastriginRot,MAP-Elites,3,32,1035.39
F15-RastriginRot,MAP-Elites,3,33,1.18956
F15-RastriginRot,MAP-Elites,3,34,1.18956
F15-RastriginRot,MAP-Elites,3,35,1.18956
F15-RastriginRot,MAP-Elites,3,36,1169.24
F15-RastriginRot,MAP-Elites,3,37,1.61689
F15-RastriginRot,MAP-Elites,3,38,1160.15
F15-RastriginRot,MAP-Elites,3,39,1175.91
F15-RastriginRot,MAP-Elites,3,40,1.18956
F15-RastriginRot,MAP-Elites,3,41,1.18956
F15-RastriginRot,MAP-Elites,3,42,1.18956
F15-RastriginRot,MAP-Elites,3,43,1442.51
F15-RastriginRot,MAP-Elites,3,44,1.18956
F15-RastriginRot,MC-ESO-crowd,3,15,1083.74
F15-RastriginRot,MC-ESO-crowd,3,16,872.078
F15-RastriginRot,MC-ESO-crowd,3,17,1186.03
F15-RastriginRot,MC-ESO-crowd,3,18,1119.01
F15-RastriginRot,MC-ESO-crowd,3,19,0.00482701
F15-RastriginRot,MC-ESO-crowd,3,20,1055.78
F15-RastriginRot,MC-ESO-crowd,3,21,0.00482701
F15-RastriginRot,MC-ESO-crowd,3,22,0.510456
F15-RastriginRot,MC-ESO-crowd,3,23,0.0737757
F15-RastriginRot,MC-ESO-crowd,3,24,1158.71
F15-RastriginRot,MC-ESO-crowd,3,25,0.00482701
F15-RastriginRot,MC-ESO-crowd,3,26,1189.78
F15-RastriginRot,MC-ESO-crowd,3,27,424.243
F15-RastriginRot,MC-ESO-crowd,3,28,1149.47
F15-RastriginRot,MC-ESO-crowd,3,29,0.00482701
F15-RastriginRot,MC-ESO-crowd,3,30,1047.73
F15-RastriginRot,MC-ESO-crowd,3,31,1219.35
F15-RastriginRot,MC-ESO-crowd,3,32,0.365694
F15-RastriginRot,MC-ESO-crowd,3,33,0.00482701
F15-RastriginRot,MC-ESO-crowd,3,34,0.00482701
F15-RastriginRot,MC-ESO-crowd,3,35,0.00482701
F15-RastriginRot,MC-ESO-crowd,3,36,1130.37
F15-RastriginRot,MC-ESO-crowd,3,37,3.18532
F15-RastriginRot,MC-ESO-crowd,3,38,1112.75
F15-RastriginRot,MC-ESO-crowd,3,39,1164.4
F15-RastriginRot,MC-ESO-crowd,3,40,0.00482701
F15-RastriginRot,MC-ESO-crowd,3,41,0.00482701
F15-RastriginRot,MC-ESO-crowd,3,42,0.00482701
F15-RastriginRot,MC-ESO-crowd,3,43,1360.33
F15-RastriginRot,MC-ESO-crowd,3,44,0.00482701
F15-RastriginRot,quality,3,15,1076.17
F15-RastriginRot,quality,3,16,872.437
F15-RastriginRot,quality,3,17,1164.87
F15-RastriginRot,quality,3,18,1132.43
F15-RastriginRot,quality,3,19,1.98992
F15-RastriginRot,quality,3,20,1077.43
F15-RastriginRot,quality,3,21,1.98992
F15-RastriginRot,quality,3,22,0.994959
F15-RastriginRot,quality,3,23,1.06215
F15-RastriginRot,quality,3,24,1086.27
F15-RastriginRot,quality,3,25,1.98992
F15-RastriginRot,quality,3,26,1184.38
F15-RastriginRot,quality,3,27,425.158
F15-RastriginRot,quality,3,28,1118.14
F15-RastriginRot,quality,3,29,1.98992
F15-RastriginRot,quality,3,30,0
F15-RastriginRot,quality,3,31,1228.47
F15-RastriginRot,quality,3,32,0.994959
F15-RastriginRot,quality,3,33,1.98992
F15-RastriginRot,quality,3,34,1.98992
F15-RastriginRot,quality,3,35,1.98992
F15-RastriginRot,quality,3,36,1120.28
F15-RastriginRot,quality,3,37,0
F15-RastriginRot,quality,3,38,1104.89
F15-RastriginRot,quality,3,39,1118.81
F15-RastriginRot,quality,3,40,1.98992
F15-RastriginRot,quality,3,41,1.98992
F15-RastriginRot,quality,3,42,1.98992
F15-RastriginRot,quality,3,43,1392.13
F15-RastriginRot,quality,3,44,1.98992
F15-RastriginRot,complement,3,15,1020.54
F15-RastriginRot,complement,3,16,908.019
F15-RastriginRot,complement,3,17,1.59162e-12
F15-RastriginRot,complement,3,18,1.13687e-13
F15-RastriginRot,complement,3,19,1.98992
F15-RastriginRot,complement,3,20,6.949
F15-RastriginRot,complement,3,21,1.98992
F15-RastriginRot,complement,3,22,0.994959
F15-RastriginRot,complement,3,23,1086.5
F15-RastriginRot,complement,3,24,14.9243
F15-RastriginRot,complement,3,25,1.98992
F15-RastriginRot,complement,3,26,1116.47
F15-RastriginRot,complement,3,27,464.436
F15-RastriginRot,complement,3,28,1.59162e-12
F15-RastriginRot,complement,3,29,1.98992
F15-RastriginRot,complement,3,30,44.7727
F15-RastriginRot,complement,3,31,14.9243
F15-RastriginRot,complement,3,32,11.9394
F15-RastriginRot,complement,3,33,1.98992
F15-RastriginRot,complement,3,34,1.98992
F15-RastriginRot,complement,3,35,1.98992
F15-RastriginRot,complement,3,36,1079.45
F15-RastriginRot,complement,3,37,0
F15-RastriginRot,complement,3,38,1050.91
F15-RastriginRot,complement,3,39,1.59162e-12
F15-RastriginRot,complement,3,40,1.98992
F15-RastriginRot,complement,3,41,1.98992
F15-RastriginRot,complement,3,42,1.98992
F15-RastriginRot,complement,3,43,3.98002
F15-RastriginRot,complement,3,44,1.98992
F15-RastriginRot,MC-ESO,4,15,794.485
F15-RastriginRot,MC-ESO,4,16,0
F15-RastriginRot,MC-ESO,4,17,998.128
F15-RastriginRot,MC-ESO,4,18,0
F15-RastriginRot,MC-ESO,4,19,845.448
F15-RastriginRot,MC-ESO,4,20,0
F15-RastriginRot,MC-ESO,4,21,1029.18
F15-RastriginRot,MC-ESO,4,22,0
F15-RastriginRot,MC-ESO,4,23,800.253
F15-RastriginRot,MC-ESO,4,24,971.887
F15-RastriginRot,MC-ESO,4,25,0
F15-RastriginRot,MC-ESO,4,26,844.269
F15-RastriginRot,MC-ESO,4,27,850.226
F15-RastriginRot,MC-ESO,4,28,1077.26
F15-RastriginRot,MC-ESO,4,29,836.396
F15-RastriginRot,MC-ESO,4,30,0
F15-RastriginRot,MC-ESO,4,31,922.374
F15-RastriginRot,MC-ESO,4,32,0
F15-RastriginRot,MC-ESO,4,33,871.544
F15-RastriginRot,MC-ESO,4,34,897.162
F15-RastriginRot,MC-ESO,4,35,0
F15-RastriginRot,MC-ESO,4,36,957.123
F15-RastriginRot,MC-ESO,4,37,0
F15-RastriginRot,MC-ESO,4,38,1053.61
F15-RastriginRot,MC-ESO,4,39,0
F15-RastriginRot,MC-ESO,4,40,0
F15-RastriginRot,MC-ESO,4,41,0
F15-RastriginRot,MC-ESO,4,42,0
F15-RastriginRot,MC-ESO,4,43,1056.58
F15-RastriginRot,MC-ESO,4,44,0
F15-RastriginRot,NMMSO,4,15,0.00177786
F15-RastriginRot,NMMSO,4,16,0.0202572
F15-RastriginRot,NMMSO,4,17,844.411
F15-RastriginRot,NMMSO,4,18,0.0202572
F15-RastriginRot,NMMSO,4,19,826.654
F15-RastriginRot,NMMSO,4,20,0.0202572
F15-RastriginRot,NMMSO,4,21,910.611
F15-RastriginRot,NMMSO,4,22,0.0202572
F15-RastriginRot,NMMSO,4,23,781.541
F15-RastriginRot,NMMSO,4,24,855.067
F15-RastriginRot,NMMSO,4,25,0.0202572
F15-RastriginRot,NMMSO,4,26,5.72708e-05
F15-RastriginRot,NMMSO,4,27,848.329
F15-RastriginRot,NMMSO,4,28,924.34
F15-RastriginRot,NMMSO,4,29,1.98997
F15-RastriginRot,NMMSO,4,30,0.0202572
F15-RastriginRot,NMMSO,4,31,783.094
F15-RastriginRot,NMMSO,4,32,0.0202572
F15-RastriginRot,NMMSO,4,33,5.72708e-05
F15-RastriginRot,NMMSO,4,34,794.309
F15-RastriginRot,NMMSO,4,35,0.0202572
F15-RastriginRot,NMMSO,4,36,832.62
F15-RastriginRot,NMMSO,4,37,0.0202572
F15-RastriginRot,NMMSO,4,38,906.036
F15-RastriginRot,NMMSO,4,39,0.0202572
F15-RastriginRot,NMMSO,4,40,0.0202572
F15-RastriginRot,NMMSO,4,41,0.0202572
F15-RastriginRot,NMMSO,4,42,0.0202572
F15-RastriginRot,NMMSO,4,43,943.578
F15-RastriginRot,NMMSO,4,44,0.0202572
F15-RastriginRot,NCDE,4,15,0.0488909
F15-RastriginRot,NCDE,4,16,0.920234
F15-RastriginRot,NCDE,4,17,867.624
F15-RastriginRot,NCDE,4,18,0.920234
F15-RastriginRot,NCDE,4,19,821.284
F15-RastriginRot,NCDE,4,20,0.920234
F15-RastriginRot,NCDE,4,21,954.249
F15-RastriginRot,NCDE,4,22,0.920234
F15-RastriginRot,NCDE,4,23,776.248
F15-RastriginRot,NCDE,4,24,901.375
F15-RastriginRot,NCDE,4,25,0.920234
F15-RastriginRot,NCDE,4,26,776.661
F15-RastriginRot,NCDE,4,27,830.545
F15-RastriginRot,NCDE,4,28,946.647
F15-RastriginRot,NCDE,4,29,774.652
F15-RastriginRot,NCDE,4,30,0.920234
F15-RastriginRot,NCDE,4,31,797.374
F15-RastriginRot,NCDE,4,32,0.920234
F15-RastriginRot,NCDE,4,33,1.15822
F15-RastriginRot,NCDE,4,34,796.371
F15-RastriginRot,NCDE,4,35,0.920234
F15-RastriginRot,NCDE,4,36,841.281
F15-RastriginRot,NCDE,4,37,0.920234
F15-RastriginRot,NCDE,4,38,924.428
F15-RastriginRot,NCDE,4,39,0.920234
F15-RastriginRot,NCDE,4,40,0.920234
F15-RastriginRot,NCDE,4,41,0.920234
F15-RastriginRot,NCDE,4,42,0.920234
F15-RastriginRot,NCDE,4,43,948.568
F15-RastriginRot,NCDE,4,44,0.920234
F15-RastriginRot,r3pso,4,15,3.04537
F15-RastriginRot,r3pso,4,16,5.68434e-13
F15-RastriginRot,r3pso,4,17,845.385
F15-RastriginRot,r3pso,4,18,5.68434e-13
F15-RastriginRot,r3pso,4,19,845.448
F15-RastriginRot,r3pso,4,20,5.68434e-13
F15-RastriginRot,r3pso,4,21,921.398
F15-RastriginRot,r3pso,4,22,5.68434e-13
F15-RastriginRot,r3pso,4,23,800.253
F15-RastriginRot,r3pso,4,24,868.62
F15-RastriginRot,r3pso,4,25,5.68434e-13
F15-RastriginRot,r3pso,4,26,0.0604974
F15-RastriginRot,r3pso,4,27,849.948
F15-RastriginRot,r3pso,4,28,925.307
F15-RastriginRot,r3pso,4,29,2.05041
F15-RastriginRot,r3pso,4,30,5.68434e-13
F15-RastriginRot,r3pso,4,31,783.957
F15-RastriginRot,r3pso,4,32,5.68434e-13
F15-RastriginRot,r3pso,4,33,0.0604974
F15-RastriginRot,r3pso,4,34,794.931
F15-RastriginRot,r3pso,4,35,5.68434e-13
F15-RastriginRot,r3pso,4,36,833.382
F15-RastriginRot,r3pso,4,37,5.68434e-13
F15-RastriginRot,r3pso,4,38,906.959
F15-RastriginRot,r3pso,4,39,5.68434e-13
F15-RastriginRot,r3pso,4,40,5.68434e-13
F15-RastriginRot,r3pso,4,41,5.68434e-13
F15-RastriginRot,r3pso,4,42,5.68434e-13
F15-RastriginRot,r3pso,4,43,944.265
F15-RastriginRot,r3pso,4,44,5.68434e-13
F15-RastriginRot,NM-Restart,4,15,2.98487
F15-RastriginRot,NM-Restart,4,16,0
F15-RastriginRot,NM-Restart,4,17,844.426
F15-RastriginRot,NM-Restart,4,18,0
F15-RastriginRot,NM-Restart,4,19,822.886
F15-RastriginRot,NM-Restart,4,20,0
F15-RastriginRot,NM-Restart,4,21,920.634
F15-RastriginRot,NM-Restart,4,22,0
F15-RastriginRot,NM-Restart,4,23,777.848
F15-RastriginRot,NM-Restart,4,24,867.88
F15-RastriginRot,NM-Restart,4,25,0
F15-RastriginRot,NM-Restart,4,26,0
F15-RastriginRot,NM-Restart,4,27,849.022
F15-RastriginRot,NM-Restart,4,28,924.355
F15-RastriginRot,NM-Restart,4,29,0
F15-RastriginRot,NM-Restart,4,30,0
F15-RastriginRot,NM-Restart,4,31,783.105
F15-RastriginRot,NM-Restart,4,32,0
F15-RastriginRot,NM-Restart,4,33,0
F15-RastriginRot,NM-Restart,4,34,794.314
F15-RastriginRot,NM-Restart,4,35,0
F15-RastriginRot,NM-Restart,4,36,832.627
F15-RastriginRot,NM-Restart,4,37,0
F15-RastriginRot,NM-Restart,4,38,906.049
F15-RastriginRot,NM-Restart,4,39,0
F15-RastriginRot,NM-Restart,4,40,0
F15-RastriginRot,NM-Restart,4,41,0
F15-RastriginRot,NM-Restart,4,42,0
F15-RastriginRot,NM-Restart,4,43,943.584
F15-RastriginRot,NM-Restart,4,44,0
F15-RastriginRot,IPOP-CMA-ES,4,15,794.485
F15-RastriginRot,IPOP-CMA-ES,4,16,5.45697e-11
F15-RastriginRot,IPOP-CMA-ES,4,17,998.128
F15-RastriginRot,IPOP-CMA-ES,4,18,5.45697e-11
F15-RastriginRot,IPOP-CMA-ES,4,19,845.448
F15-RastriginRot,IPOP-CMA-ES,4,20,5.45697e-11
F15-RastriginRot,IPOP-CMA-ES,4,21,1029.18
F15-RastriginRot,IPOP-CMA-ES,4,22,5.45697e-11
F15-RastriginRot,IPOP-CMA-ES,4,23,800.253
F15-RastriginRot,IPOP-CMA-ES,4,24,971.887
F15-RastriginRot,IPOP-CMA-ES,4,25,5.45697e-11
F15-RastriginRot,IPOP-CMA-ES,4,26,844.269
F15-RastriginRot,IPOP-CMA-ES,4,27,850.226
F15-RastriginRot,IPOP-CMA-ES,4,28,1077.26
F15-RastriginRot,IPOP-CMA-ES,4,29,836.396
F15-RastriginRot,IPOP-CMA-ES,4,30,5.45697e-11
F15-RastriginRot,IPOP-CMA-ES,4,31,922.374
F15-RastriginRot,IPOP-CMA-ES,4,32,5.45697e-11
F15-RastriginRot,IPOP-CMA-ES,4,33,871.544
F15-RastriginRot,IPOP-CMA-ES,4,34,897.162
F15-RastriginRot,IPOP-CMA-ES,4,35,5.45697e-11
F15-RastriginRot,IPOP-CMA-ES,4,36,957.123
F15-RastriginRot,IPOP-CMA-ES,4,37,5.45697e-11
F15-RastriginRot,IPOP-CMA-ES,4,38,1053.61
F15-RastriginRot,IPOP-CMA-ES,4,39,5.45697e-11
F15-RastriginRot,IPOP-CMA-ES,4,40,5.45697e-11
F15-RastriginRot,IPOP-CMA-ES,4,41,5.45697e-11
F15-RastriginRot,IPOP-CMA-ES,4,42,5.45697e-11
F15-RastriginRot,IPOP-CMA-ES,4,43,1056.58
F15-RastriginRot,IPOP-CMA-ES,4,44,5.45697e-11
F15-RastriginRot,DE,4,15,794.485
F15-RastriginRot,DE,4,16,0
F15-RastriginRot,DE,4,17,998.128
F15-RastriginRot,DE,4,18,0
F15-RastriginRot,DE,4,19,845.448
F15-RastriginRot,DE,4,20,0
F15-RastriginRot,DE,4,21,1029.18
F15-RastriginRot,DE,4,22,0
F15-RastriginRot,DE,4,23,800.253
F15-RastriginRot,DE,4,24,971.887
F15-RastriginRot,DE,4,25,0
F15-RastriginRot,DE,4,26,844.269
F15-RastriginRot,DE,4,27,850.226
F15-RastriginRot,DE,4,28,1077.26
F15-RastriginRot,DE,4,29,836.396
F15-RastriginRot,DE,4,30,0
F15-RastriginRot,DE,4,31,922.374
F15-RastriginRot,DE,4,32,0
F15-RastriginRot,DE,4,33,871.544
F15-RastriginRot,DE,4,34,897.162
F15-RastriginRot,DE,4,35,0
F15-RastriginRot,DE,4,36,957.123
F15-RastriginRot,DE,4,37,0
F15-RastriginRot,DE,4,38,1053.61
F15-RastriginRot,DE,4,39,0
F15-RastriginRot,DE,4,40,0
F15-RastriginRot,DE,4,41,0
F15-RastriginRot,DE,4,42,0
F15-RastriginRot,DE,4,43,1056.58
F15-RastriginRot,DE,4,44,0
F15-RastriginRot,PSO,4,15,41.0133
F15-RastriginRot,PSO,4,16,2.73872e-10
F15-RastriginRot,PSO,4,17,998.128
F15-RastriginRot,PSO,4,18,2.73872e-10
F15-RastriginRot,PSO,4,19,823.97
F15-RastriginRot,PSO,4,20,2.73872e-10
F15-RastriginRot,PSO,4,21,1029.18
F15-RastriginRot,PSO,4,22,2.73872e-10
F15-RastriginRot,PSO,4,23,778.909
F15-RastriginRot,PSO,4,24,971.887
F15-RastriginRot,PSO,4,25,2.73872e-10
F15-RastriginRot,PSO,4,26,844.269
F15-RastriginRot,PSO,4,27,850.226
F15-RastriginRot,PSO,4,28,1077.26
F15-RastriginRot,PSO,4,29,836.396
F15-RastriginRot,PSO,4,30,2.73872e-10
F15-RastriginRot,PSO,4,31,922.374
F15-RastriginRot,PSO,4,32,2.73872e-10
F15-RastriginRot,PSO,4,33,871.544
F15-RastriginRot,PSO,4,34,897.162
F15-RastriginRot,PSO,4,35,2.73872e-10
F15-RastriginRot,PSO,4,36,957.123
F15-RastriginRot,PSO,4,37,2.73872e-10
F15-RastriginRot,PSO,4,38,1053.61
F15-RastriginRot,PSO,4,39,2.73872e-10
F15-RastriginRot,PSO,4,40,2.73872e-10
F15-RastriginRot,PSO,4,41,2.73872e-10
F15-RastriginRot,PSO,4,42,2.73872e-10
F15-RastriginRot,PSO,4,43,1056.58
F15-RastriginRot,PSO,4,44,2.73872e-10
F15-RastriginRot,Crowding-DE,4,15,0.191479
F15-RastriginRot,Crowding-DE,4,16,0.200005
F15-RastriginRot,Crowding-DE,4,17,921.213
F15-RastriginRot,Crowding-DE,4,18,0.200005
F15-RastriginRot,Crowding-DE,4,19,787.487
F15-RastriginRot,Crowding-DE,4,20,0.200005
F15-RastriginRot,Crowding-DE,4,21,975.355
F15-RastriginRot,Crowding-DE,4,22,0.200005
F15-RastriginRot,Crowding-DE,4,23,742.47
F15-RastriginRot,Crowding-DE,4,24,920.333
F15-RastriginRot,Crowding-DE,4,25,0.200005
F15-RastriginRot,Crowding-DE,4,26,794.218
F15-RastriginRot,Crowding-DE,4,27,830.997
F15-RastriginRot,Crowding-DE,4,28,1000.71
F15-RastriginRot,Crowding-DE,4,29,789.407
F15-RastriginRot,Crowding-DE,4,30,0.200005
F15-RastriginRot,Crowding-DE,4,31,852.309
F15-RastriginRot,Crowding-DE,4,32,0.200005
F15-RastriginRot,Crowding-DE,4,33,810.937
F15-RastriginRot,Crowding-DE,4,34,844.829
F15-RastriginRot,Crowding-DE,4,35,0.200005
F15-RastriginRot,Crowding-DE,4,36,894.222
F15-RastriginRot,Crowding-DE,4,37,0.200005
F15-RastriginRot,Crowding-DE,4,38,979.565
F15-RastriginRot,Crowding-DE,4,39,0.200005
F15-RastriginRot,Crowding-DE,4,40,0.200005
F15-RastriginRot,Crowding-DE,4,41,0.200005
F15-RastriginRot,Crowding-DE,4,42,0.200005
F15-RastriginRot,Crowding-DE,4,43,999.283
F15-RastriginRot,Crowding-DE,4,44,0.200005
F15-RastriginRot,MAP-Elites,4,15,2.19101
F15-RastriginRot,MAP-Elites,4,16,0.723041
F15-RastriginRot,MAP-Elites,4,17,888.99
F15-RastriginRot,MAP-Elites,4,18,0.723041
F15-RastriginRot,MAP-Elites,4,19,846.162
F15-RastriginRot,MAP-Elites,4,20,0.723041
F15-RastriginRot,MAP-Elites,4,21,907.337
F15-RastriginRot,MAP-Elites,4,22,0.723041
F15-RastriginRot,MAP-Elites,4,23,800.963
F15-RastriginRot,MAP-Elites,4,24,851.964
F15-RastriginRot,MAP-Elites,4,25,0.723041
F15-RastriginRot,MAP-Elites,4,26,2.65432
F15-RastriginRot,MAP-Elites,4,27,850.08
F15-RastriginRot,MAP-Elites,4,28,970.887
F15-RastriginRot,MAP-Elites,4,29,4.64423
F15-RastriginRot,MAP-Elites,4,30,0.723041
F15-RastriginRot,MAP-Elites,4,31,842.784
F15-RastriginRot,MAP-Elites,4,32,0.723041
F15-RastriginRot,MAP-Elites,4,33,809.008
F15-RastriginRot,MAP-Elites,4,34,843.617
F15-RastriginRot,MAP-Elites,4,35,0.723041
F15-RastriginRot,MAP-Elites,4,36,892.087
F15-RastriginRot,MAP-Elites,4,37,0.723041
F15-RastriginRot,MAP-Elites,4,38,959.837
F15-RastriginRot,MAP-Elites,4,39,0.723041
F15-RastriginRot,MAP-Elites,4,40,0.723041
F15-RastriginRot,MAP-Elites,4,41,0.723041
F15-RastriginRot,MAP-Elites,4,42,0.723041
F15-RastriginRot,MAP-Elites,4,43,997.646
F15-RastriginRot,MAP-Elites,4,44,0.723041
F15-RastriginRot,MC-ESO-crowd,4,15,0.7444
F15-RastriginRot,MC-ESO-crowd,4,16,0.795696
F15-RastriginRot,MC-ESO-crowd,4,17,921.44
F15-RastriginRot,MC-ESO-crowd,4,18,0.795696
F15-RastriginRot,MC-ESO-crowd,4,19,792.065
F15-RastriginRot,MC-ESO-crowd,4,20,0.795696
F15-RastriginRot,MC-ESO-crowd,4,21,974.449
F15-RastriginRot,MC-ESO-crowd,4,22,0.795696
F15-RastriginRot,MC-ESO-crowd,4,23,747.039
F15-RastriginRot,MC-ESO-crowd,4,24,919.398
F15-RastriginRot,MC-ESO-crowd,4,25,0.795696
F15-RastriginRot,MC-ESO-crowd,4,26,793.266
F15-RastriginRot,MC-ESO-crowd,4,27,828.796
F15-RastriginRot,MC-ESO-crowd,4,28,1000.99
F15-RastriginRot,MC-ESO-crowd,4,29,788.425
F15-RastriginRot,MC-ESO-crowd,4,30,0.795696
F15-RastriginRot,MC-ESO-crowd,4,31,853.073
F15-RastriginRot,MC-ESO-crowd,4,32,0.795696
F15-RastriginRot,MC-ESO-crowd,4,33,812.066
F15-RastriginRot,MC-ESO-crowd,4,34,846.189
F15-RastriginRot,MC-ESO-crowd,4,35,0.795696
F15-RastriginRot,MC-ESO-crowd,4,36,895.276
F15-RastriginRot,MC-ESO-crowd,4,37,0.795696
F15-RastriginRot,MC-ESO-crowd,4,38,980.094
F15-RastriginRot,MC-ESO-crowd,4,39,0.795696
F15-RastriginRot,MC-ESO-crowd,4,40,0.795696
F15-RastriginRot,MC-ESO-crowd,4,41,0.795696
F15-RastriginRot,MC-ESO-crowd,4,42,0.795696
F15-RastriginRot,MC-ESO-crowd,4,43,1000.51
F15-RastriginRot,MC-ESO-crowd,4,44,0.795696
F15-RastriginRot,quality,4,15,0
F15-RastriginRot,quality,4,16,2.9263e-10
F15-RastriginRot,quality,4,17,844.391
F15-RastriginRot,quality,4,18,2.9263e-10
F15-RastriginRot,quality,4,19,845.448
F15-RastriginRot,quality,4,20,2.9263e-10
F15-RastriginRot,quality,4,21,898.454
F15-RastriginRot,quality,4,22,2.9263e-10
F15-RastriginRot,quality,4,23,800.253
F15-RastriginRot,quality,4,24,845.038
F15-RastriginRot,quality,4,25,2.9263e-10
F15-RastriginRot,quality,4,26,0.994959
F15-RastriginRot,quality,4,27,848.291
F15-RastriginRot,quality,4,28,925.392
F15-RastriginRot,quality,4,29,2.98487
F15-RastriginRot,quality,4,30,2.9263e-10
F15-RastriginRot,quality,4,31,792.438
F15-RastriginRot,quality,4,32,2.9263e-10
F15-RastriginRot,quality,4,33,0.994959
F15-RastriginRot,quality,4,34,813.436
F15-RastriginRot,quality,4,35,2.9263e-10
F15-RastriginRot,quality,4,36,846.819
F15-RastriginRot,quality,4,37,2.9263e-10
F15-RastriginRot,quality,4,38,911.367
F15-RastriginRot,quality,4,39,2.9263e-10
F15-RastriginRot,quality,4,40,2.9263e-10
F15-RastriginRot,quality,4,41,2.9263e-10
F15-RastriginRot,quality,4,42,2.9263e-10
F15-RastriginRot,quality,4,43,960.616
F15-RastriginRot,quality,4,44,2.9263e-10
F15-RastriginRot,complement,4,15,18.9041
F15-RastriginRot,complement,4,16,2.9263e-10
F15-RastriginRot,complement,4,17,6.96464
F15-RastriginRot,complement,4,18,2.9263e-10
F15-RastriginRot,complement,4,19,787.854
F15-RastriginRot,complement,4,20,2.9263e-10
F15-RastriginRot,complement,4,21,10.9443
F15-RastriginRot,complement,4,22,2.9263e-10
F15-RastriginRot,complement,4,23,742.834
F15-RastriginRot,complement,4,24,31.8382
F15-RastriginRot,complement,4,25,2.9263e-10
F15-RastriginRot,complement,4,26,15.9192
F15-RastriginRot,complement,4,27,830.742
F15-RastriginRot,complement,4,28,10.9443
F15-RastriginRot,complement,4,29,17.9092
F15-RastriginRot,complement,4,30,2.9263e-10
F15-RastriginRot,complement,4,31,9.94951
F15-RastriginRot,complement,4,32,2.9263e-10
F15-RastriginRot,complement,4,33,15.9192
F15-RastriginRot,complement,4,34,6.96464
F15-RastriginRot,complement,4,35,2.9263e-10
F15-RastriginRot,complement,4,36,3.97983
F15-RastriginRot,complement,4,37,2.9263e-10
F15-RastriginRot,complement,4,38,15.919
F15-RastriginRot,complement,4,39,2.9263e-10
F15-RastriginRot,complement,4,40,2.9263e-10
F15-RastriginRot,complement,4,41,2.9263e-10
F15-RastriginRot,complement,4,42,2.9263e-10
F15-RastriginRot,complement,4,43,803.825
F15-RastriginRot,complement,4,44,2.9263e-10
F15-RastriginRot,MC-ESO,5,15,0
F15-RastriginRot,MC-ESO,5,16,0
F15-RastriginRot,MC-ESO,5,17,948.257
F15-RastriginRot,MC-ESO,5,18,0
F15-RastriginRot,MC-ESO,5,19,0
F15-RastriginRot,MC-ESO,5,20,1165.27
F15-RastriginRot,MC-ESO,5,21,889.545
F15-RastriginRot,MC-ESO,5,22,0
F15-RastriginRot,MC-ESO,5,23,7.36869
F15-RastriginRot,MC-ESO,5,24,987.338
F15-RastriginRot,MC-ESO,5,25,0
F15-RastriginRot,MC-ESO,5,26,0
F15-RastriginRot,MC-ESO,5,27,0
F15-RastriginRot,MC-ESO,5,28,0
F15-RastriginRot,MC-ESO,5,29,0
F15-RastriginRot,MC-ESO,5,30,941.486
F15-RastriginRot,MC-ESO,5,31,0
F15-RastriginRot,MC-ESO,5,32,937.065
F15-RastriginRot,MC-ESO,5,33,867.935
F15-RastriginRot,MC-ESO,5,34,1169.74
F15-RastriginRot,MC-ESO,5,35,0
F15-RastriginRot,MC-ESO,5,36,873.219
F15-RastriginRot,MC-ESO,5,37,8.61234
F15-RastriginRot,MC-ESO,5,38,1149.97
F15-RastriginRot,MC-ESO,5,39,0
F15-RastriginRot,MC-ESO,5,40,1034.93
F15-RastriginRot,MC-ESO,5,41,0
F15-RastriginRot,MC-ESO,5,42,1142.41
F15-RastriginRot,MC-ESO,5,43,1012.33
F15-RastriginRot,MC-ESO,5,44,988.016
F15-RastriginRot,NMMSO,5,15,857.184
F15-RastriginRot,NMMSO,5,16,0.99496
F15-RastriginRot,NMMSO,5,17,896.727
F15-RastriginRot,NMMSO,5,18,0.99496
F15-RastriginRot,NMMSO,5,19,0.99496
F15-RastriginRot,NMMSO,5,20,1065.68
F15-RastriginRot,NMMSO,5,21,876.003
F15-RastriginRot,NMMSO,5,22,0.99496
F15-RastriginRot,NMMSO,5,23,940.037
F15-RastriginRot,NMMSO,5,24,877.986
F15-RastriginRot,NMMSO,5,25,0.99496
F15-RastriginRot,NMMSO,5,26,0.99496
F15-RastriginRot,NMMSO,5,27,0.99496
F15-RastriginRot,NMMSO,5,28,0.99496
F15-RastriginRot,NMMSO,5,29,0.99496
F15-RastriginRot,NMMSO,5,30,884.381
F15-RastriginRot,NMMSO,5,31,0.99496
F15-RastriginRot,NMMSO,5,32,3.08887
F15-RastriginRot,NMMSO,5,33,2.35753
F15-RastriginRot,NMMSO,5,34,1056.43
F15-RastriginRot,NMMSO,5,35,0.99496
F15-RastriginRot,NMMSO,5,36,926.691
F15-RastriginRot,NMMSO,5,37,1.3793e-06
F15-RastriginRot,NMMSO,5,38,1045.04
F15-RastriginRot,NMMSO,5,39,0.99496
F15-RastriginRot,NMMSO,5,40,958.285
F15-RastriginRot,NMMSO,5,41,0.99496
F15-RastriginRot,NMMSO,5,42,1046.31
F15-RastriginRot,NMMSO,5,43,922.841
F15-RastriginRot,NMMSO,5,44,919.966
F15-RastriginRot,NCDE,5,15,0.0810406
F15-RastriginRot,NCDE,5,16,0.0810406
F15-RastriginRot,NCDE,5,17,887.504
F15-RastriginRot,NCDE,5,18,0.0810406
F15-RastriginRot,NCDE,5,19,0.0810406
F15-RastriginRot,NCDE,5,20,1079.24
F15-RastriginRot,NCDE,5,21,862.667
F15-RastriginRot,NCDE,5,22,0.0810406
F15-RastriginRot,NCDE,5,23,874.306
F15-RastriginRot,NCDE,5,24,900.652
F15-RastriginRot,NCDE,5,25,0.0810406
F15-RastriginRot,NCDE,5,26,0.0810406
F15-RastriginRot,NCDE,5,27,0.0810406
F15-RastriginRot,NCDE,5,28,0.0810406
F15-RastriginRot,NCDE,5,29,0.0810406
F15-RastriginRot,NCDE,5,30,877.193
F15-RastriginRot,NCDE,5,31,0.0810406
F15-RastriginRot,NCDE,5,32,881.692
F15-RastriginRot,NCDE,5,33,1.74294
F15-RastriginRot,NCDE,5,34,1083.61
F15-RastriginRot,NCDE,5,35,0.0810406
F15-RastriginRot,NCDE,5,36,907.086
F15-RastriginRot,NCDE,5,37,0.819763
F15-RastriginRot,NCDE,5,38,1062.93
F15-RastriginRot,NCDE,5,39,0.0810406
F15-RastriginRot,NCDE,5,40,959.14
F15-RastriginRot,NCDE,5,41,0.0810406
F15-RastriginRot,NCDE,5,42,1057.51
F15-RastriginRot,NCDE,5,43,968.49
F15-RastriginRot,NCDE,5,44,917.086
F15-RastriginRot,r3pso,5,15,2.30784e-09
F15-RastriginRot,r3pso,5,16,2.30784e-09
F15-RastriginRot,r3pso,5,17,928.471
F15-RastriginRot,r3pso,5,18,2.30784e-09
F15-RastriginRot,r3pso,5,19,2.30784e-09
F15-RastriginRot,r3pso,5,20,1138.76
F15-RastriginRot,r3pso,5,21,897.553
F15-RastriginRot,r3pso,5,22,2.30784e-09
F15-RastriginRot,r3pso,5,23,873.797
F15-RastriginRot,r3pso,5,24,960.205
F15-RastriginRot,r3pso,5,25,2.30784e-09
F15-RastriginRot,r3pso,5,26,2.30784e-09
F15-RastriginRot,r3pso,5,27,2.30784e-09
F15-RastriginRot,r3pso,5,28,2.30784e-09
F15-RastriginRot,r3pso,5,29,2.30784e-09
F15-RastriginRot,r3pso,5,30,920.83
F15-RastriginRot,r3pso,5,31,2.30784e-09
F15-RastriginRot,r3pso,5,32,915.623
F15-RastriginRot,r3pso,5,33,862.299
F15-RastriginRot,r3pso,5,34,1142.63
F15-RastriginRot,r3pso,5,35,2.30784e-09
F15-RastriginRot,r3pso,5,36,930.621
F15-RastriginRot,r3pso,5,37,2.33641e-08
F15-RastriginRot,r3pso,5,38,1122.98
F15-RastriginRot,r3pso,5,39,2.30784e-09
F15-RastriginRot,r3pso,5,40,1011.36
F15-RastriginRot,r3pso,5,41,2.30784e-09
F15-RastriginRot,r3pso,5,42,1116.28
F15-RastriginRot,r3pso,5,43,1001.26
F15-RastriginRot,r3pso,5,44,965.698
F15-RastriginRot,NM-Restart,5,15,857.202
F15-RastriginRot,NM-Restart,5,16,0.994959
F15-RastriginRot,NM-Restart,5,17,895.083
F15-RastriginRot,NM-Restart,5,18,0.994959
F15-RastriginRot,NM-Restart,5,19,0.994959
F15-RastriginRot,NM-Restart,5,20,1003.17
F15-RastriginRot,NM-Restart,5,21,887.148
F15-RastriginRot,NM-Restart,5,22,0.994959
F15-RastriginRot,NM-Restart,5,23,940.036
F15-RastriginRot,NM-Restart,5,24,0
F15-RastriginRot,NM-Restart,5,25,0.994959
F15-RastriginRot,NM-Restart,5,26,0.994959
F15-RastriginRot,NM-Restart,5,27,0.994959
F15-RastriginRot,NM-Restart,5,28,0.994959
F15-RastriginRot,NM-Restart,5,29,0.994959
F15-RastriginRot,NM-Restart,5,30,876.632
F15-RastriginRot,NM-Restart,5,31,0.994959
F15-RastriginRot,NM-Restart,5,32,0.0705569
F15-RastriginRot,NM-Restart,5,33,2.35753
F15-RastriginRot,NM-Restart,5,34,978.604
F15-RastriginRot,NM-Restart,5,35,0.994959
F15-RastriginRot,NM-Restart,5,36,930.621
F15-RastriginRot,NM-Restart,5,37,0
F15-RastriginRot,NM-Restart,5,38,972.895
F15-RastriginRot,NM-Restart,5,39,0.994959
F15-RastriginRot,NM-Restart,5,40,927.704
F15-RastriginRot,NM-Restart,5,41,0.994959
F15-RastriginRot,NM-Restart,5,42,989.318
F15-RastriginRot,NM-Restart,5,43,913.329
F15-RastriginRot,NM-Restart,5,44,899.739
F15-RastriginRot,IPOP-CMA-ES,5,15,0
F15-RastriginRot,IPOP-CMA-ES,5,16,0
F15-RastriginRot,IPOP-CMA-ES,5,17,964.349
F15-RastriginRot,IPOP-CMA-ES,5,18,0
F15-RastriginRot,IPOP-CMA-ES,5,19,0
F15-RastriginRot,IPOP-CMA-ES,5,20,1215.88
F15-RastriginRot,IPOP-CMA-ES,5,21,923.144
F15-RastriginRot,IPOP-CMA-ES,5,22,0
F15-RastriginRot,IPOP-CMA-ES,5,23,848.213
F15-RastriginRot,IPOP-CMA-ES,5,24,1044.87
F15-RastriginRot,IPOP-CMA-ES,5,25,0
F15-RastriginRot,IPOP-CMA-ES,5,26,0
F15-RastriginRot,IPOP-CMA-ES,5,27,0
F15-RastriginRot,IPOP-CMA-ES,5,28,0
F15-RastriginRot,IPOP-CMA-ES,5,29,0
F15-RastriginRot,IPOP-CMA-ES,5,30,961.445
F15-RastriginRot,IPOP-CMA-ES,5,31,0
F15-RastriginRot,IPOP-CMA-ES,5,32,987.498
F15-RastriginRot,IPOP-CMA-ES,5,33,874.243
F15-RastriginRot,IPOP-CMA-ES,5,34,1228.22
F15-RastriginRot,IPOP-CMA-ES,5,35,0
F15-RastriginRot,IPOP-CMA-ES,5,36,919.914
F15-RastriginRot,IPOP-CMA-ES,5,37,879.293
F15-RastriginRot,IPOP-CMA-ES,5,38,1204.83
F15-RastriginRot,IPOP-CMA-ES,5,39,0
F15-RastriginRot,IPOP-CMA-ES,5,40,1068.64
F15-RastriginRot,IPOP-CMA-ES,5,41,0
F15-RastriginRot,IPOP-CMA-ES,5,42,1190.36
F15-RastriginRot,IPOP-CMA-ES,5,43,1030.1
F15-RastriginRot,IPOP-CMA-ES,5,44,1015.64
F15-RastriginRot,DE,5,15,0
F15-RastriginRot,DE,5,16,0
F15-RastriginRot,DE,5,17,964.349
F15-RastriginRot,DE,5,18,0
F15-RastriginRot,DE,5,19,0
F15-RastriginRot,DE,5,20,1215.88
F15-RastriginRot,DE,5,21,923.144
F15-RastriginRot,DE,5,22,0
F15-RastriginRot,DE,5,23,907.725
F15-RastriginRot,DE,5,24,1044.87
F15-RastriginRot,DE,5,25,0
F15-RastriginRot,DE,5,26,0
F15-RastriginRot,DE,5,27,0
F15-RastriginRot,DE,5,28,0
F15-RastriginRot,DE,5,29,0
F15-RastriginRot,DE,5,30,961.445
F15-RastriginRot,DE,5,31,0
F15-RastriginRot,DE,5,32,987.498
F15-RastriginRot,DE,5,33,874.243
F15-RastriginRot,DE,5,34,1228.22
F15-RastriginRot,DE,5,35,0
F15-RastriginRot,DE,5,36,938.37
F15-RastriginRot,DE,5,37,879.293
F15-RastriginRot,DE,5,38,1204.83
F15-RastriginRot,DE,5,39,0
F15-RastriginRot,DE,5,40,1068.64
F15-RastriginRot,DE,5,41,0
F15-RastriginRot,DE,5,42,1190.36
F15-RastriginRot,DE,5,43,1030.1
F15-RastriginRot,DE,5,44,1015.64
F15-RastriginRot,PSO,5,15,6.61892e-06
F15-RastriginRot,PSO,5,16,6.61892e-06
F15-RastriginRot,PSO,5,17,964.344
F15-RastriginRot,PSO,5,18,6.61892e-06
F15-RastriginRot,PSO,5,19,6.61892e-06
F15-RastriginRot,PSO,5,20,1215.86
F15-RastriginRot,PSO,5,21,923.142
F15-RastriginRot,PSO,5,22,6.61892e-06
F15-RastriginRot,PSO,5,23,907.732
F15-RastriginRot,PSO,5,24,1044.86
F15-RastriginRot,PSO,5,25,6.61892e-06
F15-RastriginRot,PSO,5,26,6.61892e-06
F15-RastriginRot,PSO,5,27,6.61892e-06
F15-RastriginRot,PSO,5,28,6.61892e-06
F15-RastriginRot,PSO,5,29,6.61892e-06
F15-RastriginRot,PSO,5,30,961.439
F15-RastriginRot,PSO,5,31,6.61892e-06
F15-RastriginRot,PSO,5,32,987.485
F15-RastriginRot,PSO,5,33,13.1722
F15-RastriginRot,PSO,5,34,1228.21
F15-RastriginRot,PSO,5,35,6.61892e-06
F15-RastriginRot,PSO,5,36,938.37
F15-RastriginRot,PSO,5,37,14.7945
F15-RastriginRot,PSO,5,38,1204.81
F15-RastriginRot,PSO,5,39,6.61892e-06
F15-RastriginRot,PSO,5,40,1068.63
F15-RastriginRot,PSO,5,41,6.61892e-06
F15-RastriginRot,PSO,5,42,1190.35
F15-RastriginRot,PSO,5,43,987.958
F15-RastriginRot,PSO,5,44,1015.63
F15-RastriginRot,Crowding-DE,5,15,1.07108
F15-RastriginRot,Crowding-DE,5,16,1.07108
F15-RastriginRot,Crowding-DE,5,17,916.203
F15-RastriginRot,Crowding-DE,5,18,1.07108
F15-RastriginRot,Crowding-DE,5,19,1.07108
F15-RastriginRot,Crowding-DE,5,20,1144.53
F15-RastriginRot,Crowding-DE,5,21,881.345
F15-RastriginRot,Crowding-DE,5,22,1.07108
F15-RastriginRot,Crowding-DE,5,23,874.886
F15-RastriginRot,Crowding-DE,5,24,959.123
F15-RastriginRot,Crowding-DE,5,25,1.07108
F15-RastriginRot,Crowding-DE,5,26,1.07108
F15-RastriginRot,Crowding-DE,5,27,1.07108
F15-RastriginRot,Crowding-DE,5,28,1.07108
F15-RastriginRot,Crowding-DE,5,29,1.07108
F15-RastriginRot,Crowding-DE,5,30,910.538
F15-RastriginRot,Crowding-DE,5,31,1.07108
F15-RastriginRot,Crowding-DE,5,32,895.808
F15-RastriginRot,Crowding-DE,5,33,0
F15-RastriginRot,Crowding-DE,5,34,1140.07
F15-RastriginRot,Crowding-DE,5,35,1.07108
F15-RastriginRot,Crowding-DE,5,36,908.576
F15-RastriginRot,Crowding-DE,5,37,1.6223
F15-RastriginRot,Crowding-DE,5,38,1125.05
F15-RastriginRot,Crowding-DE,5,39,1.07108
F15-RastriginRot,Crowding-DE,5,40,1009.04
F15-RastriginRot,Crowding-DE,5,41,1.07108
F15-RastriginRot,Crowding-DE,5,42,1123.95
F15-RastriginRot,Crowding-DE,5,43,975.778
F15-RastriginRot,Crowding-DE,5,44,959.646
F15-RastriginRot,MAP-Elites,5,15,1.08383
F15-RastriginRot,MAP-Elites,5,16,1.08383
F15-RastriginRot,MAP-Elites,5,17,898.157
F15-RastriginRot,MAP-Elites,5,18,1.08383
F15-RastriginRot,MAP-Elites,5,19,1.08383
F15-RastriginRot,MAP-Elites,5,20,1065.67
F15-RastriginRot,MAP-Elites,5,21,877.701
F15-RastriginRot,MAP-Elites,5,22,1.08383
F15-RastriginRot,MAP-Elites,5,23,877.898
F15-RastriginRot,MAP-Elites,5,24,878.817
F15-RastriginRot,MAP-Elites,5,25,1.08383
F15-RastriginRot,MAP-Elites,5,26,1.08383
F15-RastriginRot,MAP-Elites,5,27,1.08383
F15-RastriginRot,MAP-Elites,5,28,1.08383
F15-RastriginRot,MAP-Elites,5,29,1.08383
F15-RastriginRot,MAP-Elites,5,30,885.679
F15-RastriginRot,MAP-Elites,5,31,1.08383
F15-RastriginRot,MAP-Elites,5,32,0
F15-RastriginRot,MAP-Elites,5,33,2.08573
F15-RastriginRot,MAP-Elites,5,34,1060.15
F15-RastriginRot,MAP-Elites,5,35,1.08383
F15-RastriginRot,MAP-Elites,5,36,928.805
F15-RastriginRot,MAP-Elites,5,37,1.62026
F15-RastriginRot,MAP-Elites,5,38,1044.75
F15-RastriginRot,MAP-Elites,5,39,1.08383
F15-RastriginRot,MAP-Elites,5,40,959.067
F15-RastriginRot,MAP-Elites,5,41,1.08383
F15-RastriginRot,MAP-Elites,5,42,1046.44
F15-RastriginRot,MAP-Elites,5,43,964.827
F15-RastriginRot,MAP-Elites,5,44,920.987
F15-RastriginRot,MC-ESO-crowd,5,15,1.46564e-06
F15-RastriginRot,MC-ESO-crowd,5,16,1.46564e-06
F15-RastriginRot,MC-ESO-crowd,5,17,928.055
F15-RastriginRot,MC-ESO-crowd,5,18,1.46564e-06
F15-RastriginRot,MC-ESO-crowd,5,19,1.46564e-06
F15-RastriginRot,MC-ESO-crowd,5,20,1078.94
F15-RastriginRot,MC-ESO-crowd,5,21,897.073
F15-RastriginRot,MC-ESO-crowd,5,22,1.46564e-06
F15-RastriginRot,MC-ESO-crowd,5,23,0
F15-RastriginRot,MC-ESO-crowd,5,24,878.657
F15-RastriginRot,MC-ESO-crowd,5,25,1.46564e-06
F15-RastriginRot,MC-ESO-crowd,5,26,1.46564e-06
F15-RastriginRot,MC-ESO-crowd,5,27,1.46564e-06
F15-RastriginRot,MC-ESO-crowd,5,28,1.46564e-06
F15-RastriginRot,MC-ESO-crowd,5,29,1.46564e-06
F15-RastriginRot,MC-ESO-crowd,5,30,920.449
F15-RastriginRot,MC-ESO-crowd,5,31,1.46564e-06
F15-RastriginRot,MC-ESO-crowd,5,32,3.07882
F15-RastriginRot,MC-ESO-crowd,5,33,5.3658
F15-RastriginRot,MC-ESO-crowd,5,34,1057.07
F15-RastriginRot,MC-ESO-crowd,5,35,1.46564e-06
F15-RastriginRot,MC-ESO-crowd,5,36,929.665
F15-RastriginRot,MC-ESO-crowd,5,37,0.438699
F15-RastriginRot,MC-ESO-crowd,5,38,1050.8
F15-RastriginRot,MC-ESO-crowd,5,39,1.46564e-06
F15-RastriginRot,MC-ESO-crowd,5,40,990.59
F15-RastriginRot,MC-ESO-crowd,5,41,1.46564e-06
F15-RastriginRot,MC-ESO-crowd,5,42,1063.4
F15-RastriginRot,MC-ESO-crowd,5,43,922.299
F15-RastriginRot,MC-ESO-crowd,5,44,957.156
F15-RastriginRot,quality,5,15,4.82714e-10
F15-RastriginRot,quality,5,16,4.82714e-10
F15-RastriginRot,quality,5,17,924.228
F15-RastriginRot,quality,5,18,4.82714e-10
F15-RastriginRot,quality,5,19,4.82714e-10
F15-RastriginRot,quality,5,20,1076.97
F15-RastriginRot,quality,5,21,905.452
F15-RastriginRot,quality,5,22,4.82714e-10
F15-RastriginRot,quality,5,23,848.217
F15-RastriginRot,quality,5,24,878.944
F15-RastriginRot,quality,5,25,4.82714e-10
F15-RastriginRot,quality,5,26,4.82714e-10
F15-RastriginRot,quality,5,27,4.82714e-10
F15-RastriginRot,quality,5,28,4.82714e-10
F15-RastriginRot,quality,5,29,4.82714e-10
F15-RastriginRot,quality,5,30,910.797
F15-RastriginRot,quality,5,31,4.82714e-10
F15-RastriginRot,quality,5,32,0.0705569
F15-RastriginRot,quality,5,33,2.35753
F15-RastriginRot,quality,5,34,1057.37
F15-RastriginRot,quality,5,35,4.82714e-10
F15-RastriginRot,quality,5,36,919.911
F15-RastriginRot,quality,5,37,3.97983
F15-RastriginRot,quality,5,38,1051.04
F15-RastriginRot,quality,5,39,4.82714e-10
F15-RastriginRot,quality,5,40,979.702
F15-RastriginRot,quality,5,41,4.82714e-10
F15-RastriginRot,quality,5,42,1059.7
F15-RastriginRot,quality,5,43,922.695
F15-RastriginRot,quality,5,44,943.842
F15-RastriginRot,complement,5,15,4.82714e-10
F15-RastriginRot,complement,5,16,4.82714e-10
F15-RastriginRot,complement,5,17,83.5724
F15-RastriginRot,complement,5,18,4.82714e-10
F15-RastriginRot,complement,5,19,4.82714e-10
F15-RastriginRot,complement,5,20,0
F15-RastriginRot,complement,5,21,87.5522
F15-RastriginRot,complement,5,22,4.82714e-10
F15-RastriginRot,complement,5,23,907.725
F15-RastriginRot,complement,5,24,14.9243
F15-RastriginRot,complement,5,25,4.82714e-10
F15-RastriginRot,complement,5,26,4.82714e-10
F15-RastriginRot,complement,5,27,4.82714e-10
F15-RastriginRot,complement,5,28,4.82714e-10
F15-RastriginRot,complement,5,29,4.82714e-10
F15-RastriginRot,complement,5,30,0
F15-RastriginRot,complement,5,31,4.82714e-10
F15-RastriginRot,complement,5,32,19.9696
F15-RastriginRot,complement,5,33,22.2566
F15-RastriginRot,complement,5,34,47.757
F15-RastriginRot,complement,5,35,4.82714e-10
F15-RastriginRot,complement,5,36,938.37
F15-RastriginRot,complement,5,37,23.8789
F15-RastriginRot,complement,5,38,47.757
F15-RastriginRot,complement,5,39,4.82714e-10
F15-RastriginRot,complement,5,40,2.9826
F15-RastriginRot,complement,5,41,4.82714e-10
F15-RastriginRot,complement,5,42,0
F15-RastriginRot,complement,5,43,0
F15-RastriginRot,complement,5,44,0
F15-RastriginRot,MC-ESO,6,15,1496.64
F15-RastriginRot,MC-ESO,6,16,1449.2
F15-RastriginRot,MC-ESO,6,17,0
F15-RastriginRot,MC-ESO,6,18,0
F15-RastriginRot,MC-ESO,6,19,0
F15-RastriginRot,MC-ESO,6,20,0
F15-RastriginRot,MC-ESO,6,21,0
F15-RastriginRot,MC-ESO,6,22,0
F15-RastriginRot,MC-ESO,6,23,0
F15-RastriginRot,MC-ESO,6,24,1198.96
F15-RastriginRot,MC-ESO,6,25,0
F15-RastriginRot,MC-ESO,6,26,1198.59
F15-RastriginRot,MC-ESO,6,27,1139.33
F15-RastriginRot,MC-ESO,6,28,0
F15-RastriginRot,MC-ESO,6,29,1147.54
F15-RastriginRot,MC-ESO,6,30,0
F15-RastriginRot,MC-ESO,6,31,1415.25
F15-RastriginRot,MC-ESO,6,32,0
F15-RastriginRot,MC-ESO,6,33,0
F15-RastriginRot,MC-ESO,6,34,0
F15-RastriginRot,MC-ESO,6,35,1188.95
F15-RastriginRot,MC-ESO,6,36,0
F15-RastriginRot,MC-ESO,6,37,0
F15-RastriginRot,MC-ESO,6,38,1173.3
F15-RastriginRot,MC-ESO,6,39,1086.07
F15-RastriginRot,MC-ESO,6,40,0
F15-RastriginRot,MC-ESO,6,41,1315.71
F15-RastriginRot,MC-ESO,6,42,0
F15-RastriginRot,MC-ESO,6,43,1151.79
F15-RastriginRot,MC-ESO,6,44,1337.39
F15-RastriginRot,NMMSO,6,15,1403.83
F15-RastriginRot,NMMSO,6,16,1345.75
F15-RastriginRot,NMMSO,6,17,0.0932012
F15-RastriginRot,NMMSO,6,18,0.0932012
F15-RastriginRot,NMMSO,6,19,0.0932012
F15-RastriginRot,NMMSO,6,20,0.0932012
F15-RastriginRot,NMMSO,6,21,0.0932012
F15-RastriginRot,NMMSO,6,22,0.0932012
F15-RastriginRot,NMMSO,6,23,0.0932012
F15-RastriginRot,NMMSO,6,24,1178.99
F15-RastriginRot,NMMSO,6,25,0.0932012
F15-RastriginRot,NMMSO,6,26,1107.99
F15-RastriginRot,NMMSO,6,27,1082.62
F15-RastriginRot,NMMSO,6,28,0.0932012
F15-RastriginRot,NMMSO,6,29,1095.53
F15-RastriginRot,NMMSO,6,30,0.0932012
F15-RastriginRot,NMMSO,6,31,1335.27
F15-RastriginRot,NMMSO,6,32,0.0932012
F15-RastriginRot,NMMSO,6,33,0.0932012
F15-RastriginRot,NMMSO,6,34,0.0932012
F15-RastriginRot,NMMSO,6,35,1149.42
F15-RastriginRot,NMMSO,6,36,8.73663e-06
F15-RastriginRot,NMMSO,6,37,0.0932012
F15-RastriginRot,NMMSO,6,38,1125.66
F15-RastriginRot,NMMSO,6,39,7.74105e-05
F15-RastriginRot,NMMSO,6,40,0.0932012
F15-RastriginRot,NMMSO,6,41,1217.93
F15-RastriginRot,NMMSO,6,42,0.0932012
F15-RastriginRot,NMMSO,6,43,1084.87
F15-RastriginRot,NMMSO,6,44,1272.15
F15-RastriginRot,NCDE,6,15,1411.2
F15-RastriginRot,NCDE,6,16,1353.86
F15-RastriginRot,NCDE,6,17,0.0936183
F15-RastriginRot,NCDE,6,18,0.0936183
F15-RastriginRot,NCDE,6,19,0.0936183
F15-RastriginRot,NCDE,6,20,0.0936183
F15-RastriginRot,NCDE,6,21,0.0936183
F15-RastriginRot,NCDE,6,22,0.0936183
F15-RastriginRot,NCDE,6,23,0.0936183
F15-RastriginRot,NCDE,6,24,1181.69
F15-RastriginRot,NCDE,6,25,0.0936183
F15-RastriginRot,NCDE,6,26,1115.4
F15-RastriginRot,NCDE,6,27,1087.65
F15-RastriginRot,NCDE,6,28,0.0936183
F15-RastriginRot,NCDE,6,29,1074.71
F15-RastriginRot,NCDE,6,30,0.0936183
F15-RastriginRot,NCDE,6,31,1341.79
F15-RastriginRot,NCDE,6,32,0.0936183
F15-RastriginRot,NCDE,6,33,0.0936183
F15-RastriginRot,NCDE,6,34,0.0936183
F15-RastriginRot,NCDE,6,35,1153.36
F15-RastriginRot,NCDE,6,36,0.449208
F15-RastriginRot,NCDE,6,37,0.0936183
F15-RastriginRot,NCDE,6,38,1130.47
F15-RastriginRot,NCDE,6,39,1.46478
F15-RastriginRot,NCDE,6,40,0.0936183
F15-RastriginRot,NCDE,6,41,1225.63
F15-RastriginRot,NCDE,6,42,0.0936183
F15-RastriginRot,NCDE,6,43,1050.3
F15-RastriginRot,NCDE,6,44,1278.04
F15-RastriginRot,r3pso,6,15,1403.86
F15-RastriginRot,r3pso,6,16,1345.79
F15-RastriginRot,r3pso,6,17,7.57154e-10
F15-RastriginRot,r3pso,6,18,7.57154e-10
F15-RastriginRot,r3pso,6,19,7.57154e-10
F15-RastriginRot,r3pso,6,20,7.57154e-10
F15-RastriginRot,r3pso,6,21,7.57154e-10
F15-RastriginRot,r3pso,6,22,7.57154e-10
F15-RastriginRot,r3pso,6,23,7.57154e-10
F15-RastriginRot,r3pso,6,24,1179.01
F15-RastriginRot,r3pso,6,25,7.57154e-10
F15-RastriginRot,r3pso,6,26,1108.01
F15-RastriginRot,r3pso,6,27,1082.65
F15-RastriginRot,r3pso,6,28,7.57154e-10
F15-RastriginRot,r3pso,6,29,1074.88
F15-RastriginRot,r3pso,6,30,7.57154e-10
F15-RastriginRot,r3pso,6,31,1335.3
F15-RastriginRot,r3pso,6,32,7.57154e-10
F15-RastriginRot,r3pso,6,33,7.57154e-10
F15-RastriginRot,r3pso,6,34,7.57154e-10
F15-RastriginRot,r3pso,6,35,1149.45
F15-RastriginRot,r3pso,6,36,2.98488
F15-RastriginRot,r3pso,6,37,7.57154e-10
F15-RastriginRot,r3pso,6,38,1125.67
F15-RastriginRot,r3pso,6,39,3.26174e-06
F15-RastriginRot,r3pso,6,40,7.57154e-10
F15-RastriginRot,r3pso,6,41,1217.96
F15-RastriginRot,r3pso,6,42,7.57154e-10
F15-RastriginRot,r3pso,6,43,1049.77
F15-RastriginRot,r3pso,6,44,1272.17
F15-RastriginRot,NM-Restart,6,15,1403.87
F15-RastriginRot,NM-Restart,6,16,1345.8
F15-RastriginRot,NM-Restart,6,17,0
F15-RastriginRot,NM-Restart,6,18,0
F15-RastriginRot,NM-Restart,6,19,0
F15-RastriginRot,NM-Restart,6,20,0
F15-RastriginRot,NM-Restart,6,21,0
F15-RastriginRot,NM-Restart,6,22,0
F15-RastriginRot,NM-Restart,6,23,0
F15-RastriginRot,NM-Restart,6,24,1150.6
F15-RastriginRot,NM-Restart,6,25,0
F15-RastriginRot,NM-Restart,6,26,1108.02
F15-RastriginRot,NM-Restart,6,27,1082.65
F15-RastriginRot,NM-Restart,6,28,0
F15-RastriginRot,NM-Restart,6,29,1061.45
F15-RastriginRot,NM-Restart,6,30,0
F15-RastriginRot,NM-Restart,6,31,1335.3
F15-RastriginRot,NM-Restart,6,32,0
F15-RastriginRot,NM-Restart,6,33,0
F15-RastriginRot,NM-Restart,6,34,0
F15-RastriginRot,NM-Restart,6,35,1149.45
F15-RastriginRot,NM-Restart,6,36,2.98487
F15-RastriginRot,NM-Restart,6,37,0
F15-RastriginRot,NM-Restart,6,38,1125.68
F15-RastriginRot,NM-Restart,6,39,0
F15-RastriginRot,NM-Restart,6,40,0
F15-RastriginRot,NM-Restart,6,41,1217.97
F15-RastriginRot,NM-Restart,6,42,0
F15-RastriginRot,NM-Restart,6,43,1049.01
F15-RastriginRot,NM-Restart,6,44,1272.17
F15-RastriginRot,IPOP-CMA-ES,6,15,1592.04
F15-RastriginRot,IPOP-CMA-ES,6,16,1556.19
F15-RastriginRot,IPOP-CMA-ES,6,17,0
F15-RastriginRot,IPOP-CMA-ES,6,18,0
F15-RastriginRot,IPOP-CMA-ES,6,19,0
F15-RastriginRot,IPOP-CMA-ES,6,20,0
F15-RastriginRot,IPOP-CMA-ES,6,21,0
F15-RastriginRot,IPOP-CMA-ES,6,22,0
F15-RastriginRot,IPOP-CMA-ES,6,23,0
F15-RastriginRot,IPOP-CMA-ES,6,24,1219.21
F15-RastriginRot,IPOP-CMA-ES,6,25,0
F15-RastriginRot,IPOP-CMA-ES,6,26,1293.72
F15-RastriginRot,IPOP-CMA-ES,6,27,1197.21
F15-RastriginRot,IPOP-CMA-ES,6,28,0
F15-RastriginRot,IPOP-CMA-ES,6,29,1147.54
F15-RastriginRot,IPOP-CMA-ES,6,30,0
F15-RastriginRot,IPOP-CMA-ES,6,31,1497.22
F15-RastriginRot,IPOP-CMA-ES,6,32,0
F15-RastriginRot,IPOP-CMA-ES,6,33,0
F15-RastriginRot,IPOP-CMA-ES,6,34,0
F15-RastriginRot,IPOP-CMA-ES,6,35,1229.19
F15-RastriginRot,IPOP-CMA-ES,6,36,1108.89
F15-RastriginRot,IPOP-CMA-ES,6,37,0
F15-RastriginRot,IPOP-CMA-ES,6,38,1225.63
F15-RastriginRot,IPOP-CMA-ES,6,39,1148.96
F15-RastriginRot,IPOP-CMA-ES,6,40,0
F15-RastriginRot,IPOP-CMA-ES,6,41,1416.4
F15-RastriginRot,IPOP-CMA-ES,6,42,0
F15-RastriginRot,IPOP-CMA-ES,6,43,1151.79
F15-RastriginRot,IPOP-CMA-ES,6,44,1407.37
F15-RastriginRot,DE,6,15,1592.04
F15-RastriginRot,DE,6,16,1556.19
F15-RastriginRot,DE,6,17,0
F15-RastriginRot,DE,6,18,0
F15-RastriginRot,DE,6,19,0
F15-RastriginRot,DE,6,20,0
F15-RastriginRot,DE,6,21,0
F15-RastriginRot,DE,6,22,0
F15-RastriginRot,DE,6,23,0
F15-RastriginRot,DE,6,24,1219.21
F15-RastriginRot,DE,6,25,0
F15-RastriginRot,DE,6,26,1293.72
F15-RastriginRot,DE,6,27,1197.21
F15-RastriginRot,DE,6,28,0
F15-RastriginRot,DE,6,29,1147.54
F15-RastriginRot,DE,6,30,0
F15-RastriginRot,DE,6,31,1497.22
F15-RastriginRot,DE,6,32,0
F15-RastriginRot,DE,6,33,0
F15-RastriginRot,DE,6,34,0
F15-RastriginRot,DE,6,35,1229.19
F15-RastriginRot,DE,6,36,1108.89
F15-RastriginRot,DE,6,37,0
F15-RastriginRot,DE,6,38,1225.63
F15-RastriginRot,DE,6,39,1148.96
F15-RastriginRot,DE,6,40,0
F15-RastriginRot,DE,6,41,1416.4
F15-RastriginRot,DE,6,42,0
F15-RastriginRot,DE,6,43,1151.79
F15-RastriginRot,DE,6,44,1407.37
F15-RastriginRot,PSO,6,15,1592.07
F15-RastriginRot,PSO,6,16,1556.22
F15-RastriginRot,PSO,6,17,2.14652e-05
F15-RastriginRot,PSO,6,18,2.14652e-05
F15-RastriginRot,PSO,6,19,2.14652e-05
F15-RastriginRot,PSO,6,20,2.14652e-05
F15-RastriginRot,PSO,6,21,2.14652e-05
F15-RastriginRot,PSO,6,22,2.14652e-05
F15-RastriginRot,PSO,6,23,2.14652e-05
F15-RastriginRot,PSO,6,24,1219.22
F15-RastriginRot,PSO,6,25,2.14652e-05
F15-RastriginRot,PSO,6,26,1293.75
F15-RastriginRot,PSO,6,27,1197.24
F15-RastriginRot,PSO,6,28,2.14652e-05
F15-RastriginRot,PSO,6,29,1082.46
F15-RastriginRot,PSO,6,30,2.14652e-05
F15-RastriginRot,PSO,6,31,1497.24
F15-RastriginRot,PSO,6,32,2.14652e-05
F15-RastriginRot,PSO,6,33,2.14652e-05
F15-RastriginRot,PSO,6,34,2.14652e-05
F15-RastriginRot,PSO,6,35,1229.21
F15-RastriginRot,PSO,6,36,1108.9
F15-RastriginRot,PSO,6,37,2.14652e-05
F15-RastriginRot,PSO,6,38,1224.84
F15-RastriginRot,PSO,6,39,1148.97
F15-RastriginRot,PSO,6,40,2.14652e-05
F15-RastriginRot,PSO,6,41,1416.43
F15-RastriginRot,PSO,6,42,2.14652e-05
F15-RastriginRot,PSO,6,43,1077.75
F15-RastriginRot,PSO,6,44,1407.38
F15-RastriginRot,Crowding-DE,6,15,1493.53
F15-RastriginRot,Crowding-DE,6,16,1445.63
F15-RastriginRot,Crowding-DE,6,17,0.807832
F15-RastriginRot,Crowding-DE,6,18,0.807832
F15-RastriginRot,Crowding-DE,6,19,0.807832
F15-RastriginRot,Crowding-DE,6,20,0.807832
F15-RastriginRot,Crowding-DE,6,21,0.807832
F15-RastriginRot,Crowding-DE,6,22,0.807832
F15-RastriginRot,Crowding-DE,6,23,0.807832
F15-RastriginRot,Crowding-DE,6,24,1199.04
F15-RastriginRot,Crowding-DE,6,25,0.807832
F15-RastriginRot,Crowding-DE,6,26,1195.6
F15-RastriginRot,Crowding-DE,6,27,1137.8
F15-RastriginRot,Crowding-DE,6,28,0.807832
F15-RastriginRot,Crowding-DE,6,29,1073.69
F15-RastriginRot,Crowding-DE,6,30,0.807832
F15-RastriginRot,Crowding-DE,6,31,1412.7
F15-RastriginRot,Crowding-DE,6,32,0.807832
F15-RastriginRot,Crowding-DE,6,33,0.807832
F15-RastriginRot,Crowding-DE,6,34,0.807832
F15-RastriginRot,Crowding-DE,6,35,1188.17
F15-RastriginRot,Crowding-DE,6,36,1.1055
F15-RastriginRot,Crowding-DE,6,37,0.807832
F15-RastriginRot,Crowding-DE,6,38,1172.2
F15-RastriginRot,Crowding-DE,6,39,1084.51
F15-RastriginRot,Crowding-DE,6,40,0.807832
F15-RastriginRot,Crowding-DE,6,41,1312.38
F15-RastriginRot,Crowding-DE,6,42,0.807832
F15-RastriginRot,Crowding-DE,6,43,1048.33
F15-RastriginRot,Crowding-DE,6,44,1335.52
F15-RastriginRot,MAP-Elites,6,15,1474.92
F15-RastriginRot,MAP-Elites,6,16,1438.02
F15-RastriginRot,MAP-Elites,6,17,1.05095
F15-RastriginRot,MAP-Elites,6,18,1.05095
F15-RastriginRot,MAP-Elites,6,19,1.05095
F15-RastriginRot,MAP-Elites,6,20,1.05095
F15-RastriginRot,MAP-Elites,6,21,1.05095
F15-RastriginRot,MAP-Elites,6,22,1.05095
F15-RastriginRot,MAP-Elites,6,23,1.05095
F15-RastriginRot,MAP-Elites,6,24,1167.52
F15-RastriginRot,MAP-Elites,6,25,1.05095
F15-RastriginRot,MAP-Elites,6,26,1205.99
F15-RastriginRot,MAP-Elites,6,27,1108.94
F15-RastriginRot,MAP-Elites,6,28,1.05095
F15-RastriginRot,MAP-Elites,6,29,1072.35
F15-RastriginRot,MAP-Elites,6,30,1.05095
F15-RastriginRot,MAP-Elites,6,31,1388.87
F15-RastriginRot,MAP-Elites,6,32,1.05095
F15-RastriginRot,MAP-Elites,6,33,1.05095
F15-RastriginRot,MAP-Elites,6,34,1.05095
F15-RastriginRot,MAP-Elites,6,35,1157.46
F15-RastriginRot,MAP-Elites,6,36,1.70549
F15-RastriginRot,MAP-Elites,6,37,1.05095
F15-RastriginRot,MAP-Elites,6,38,1165.38
F15-RastriginRot,MAP-Elites,6,39,1083.61
F15-RastriginRot,MAP-Elites,6,40,1.05095
F15-RastriginRot,MAP-Elites,6,41,1297
F15-RastriginRot,MAP-Elites,6,42,1.05095
F15-RastriginRot,MAP-Elites,6,43,1047.29
F15-RastriginRot,MAP-Elites,6,44,1338.91
F15-RastriginRot,MC-ESO-crowd,6,15,1381.4
F15-RastriginRot,MC-ESO-crowd,6,16,1336.81
F15-RastriginRot,MC-ESO-crowd,6,17,0.927252
F15-RastriginRot,MC-ESO-crowd,6,18,0.927252
F15-RastriginRot,MC-ESO-crowd,6,19,0.927252
F15-RastriginRot,MC-ESO-crowd,6,20,0.927252
F15-RastriginRot,MC-ESO-crowd,6,21,0.927252
F15-RastriginRot,MC-ESO-crowd,6,22,0.927252
F15-RastriginRot,MC-ESO-crowd,6,23,0.927252
F15-RastriginRot,MC-ESO-crowd,6,24,1140.88
F15-RastriginRot,MC-ESO-crowd,6,25,0.927252
F15-RastriginRot,MC-ESO-crowd,6,26,1121.15
F15-RastriginRot,MC-ESO-crowd,6,27,1047.7
F15-RastriginRot,MC-ESO-crowd,6,28,0.927252
F15-RastriginRot,MC-ESO-crowd,6,29,1074.49
F15-RastriginRot,MC-ESO-crowd,6,30,0.927252
F15-RastriginRot,MC-ESO-crowd,6,31,1306.46
F15-RastriginRot,MC-ESO-crowd,6,32,0.927252
F15-RastriginRot,MC-ESO-crowd,6,33,0.927252
F15-RastriginRot,MC-ESO-crowd,6,34,0.927252
F15-RastriginRot,MC-ESO-crowd,6,35,1112.27
F15-RastriginRot,MC-ESO-crowd,6,36,4.03331
F15-RastriginRot,MC-ESO-crowd,6,37,0.927252
F15-RastriginRot,MC-ESO-crowd,6,38,1157.15
F15-RastriginRot,MC-ESO-crowd,6,39,1056.34
F15-RastriginRot,MC-ESO-crowd,6,40,0.927252
F15-RastriginRot,MC-ESO-crowd,6,41,1199.46
F15-RastriginRot,MC-ESO-crowd,6,42,0.927252
F15-RastriginRot,MC-ESO-crowd,6,43,1049.93
F15-RastriginRot,MC-ESO-crowd,6,44,1298.16
F15-RastriginRot,quality,6,15,1420.42
F15-RastriginRot,quality,6,16,1396.96
F15-RastriginRot,quality,6,17,0.994959
F15-RastriginRot,quality,6,18,0.994959
F15-RastriginRot,quality,6,19,0.994959
F15-RastriginRot,quality,6,20,0.994959
F15-RastriginRot,quality,6,21,0.994959
F15-RastriginRot,quality,6,22,0.994959
F15-RastriginRot,quality,6,23,0.994959
F15-RastriginRot,quality,6,24,1115.17
F15-RastriginRot,quality,6,25,1.98992
F15-RastriginRot,quality,6,26,1195.86
F15-RastriginRot,quality,6,27,1049.69
F15-RastriginRot,quality,6,28,0.994959
F15-RastriginRot,quality,6,29,1063.68
F15-RastriginRot,quality,6,30,0.994959
F15-RastriginRot,quality,6,31,1330.3
F15-RastriginRot,quality,6,32,0.994959
F15-RastriginRot,quality,6,33,0.994959
F15-RastriginRot,quality,6,34,0.994959
F15-RastriginRot,quality,6,35,1100.53
F15-RastriginRot,quality,6,36,1080.42
F15-RastriginRot,quality,6,37,0.994959
F15-RastriginRot,quality,6,38,1203.74
F15-RastriginRot,quality,6,39,1125.47
F15-RastriginRot,quality,6,40,0.994959
F15-RastriginRot,quality,6,41,1245.9
F15-RastriginRot,quality,6,42,0.994959
F15-RastriginRot,quality,6,43,1052.28
F15-RastriginRot,quality,6,44,1369.44
F15-RastriginRot,complement,6,15,19.8986
F15-RastriginRot,complement,6,16,35.8177
F15-RastriginRot,complement,6,17,9.94956
F15-RastriginRot,complement,6,18,9.94956
F15-RastriginRot,complement,6,19,9.94956
F15-RastriginRot,complement,6,20,9.94956
F15-RastriginRot,complement,6,21,9.94956
F15-RastriginRot,complement,6,22,9.94956
F15-RastriginRot,complement,6,23,9.94956
F15-RastriginRot,complement,6,24,35.8177
F15-RastriginRot,complement,6,25,16.9142
F15-RastriginRot,complement,6,26,6.96464
F15-RastriginRot,complement,6,27,6.96464
F15-RastriginRot,complement,6,28,9.94956
F15-RastriginRot,complement,6,29,0
F15-RastriginRot,complement,6,30,9.94956
F15-RastriginRot,complement,6,31,19.8986
F15-RastriginRot,complement,6,32,9.94956
F15-RastriginRot,complement,6,33,9.94956
F15-RastriginRot,complement,6,34,9.94956
F15-RastriginRot,complement,6,35,0
F15-RastriginRot,complement,6,36,15.9192
F15-RastriginRot,complement,6,37,9.94956
F15-RastriginRot,complement,6,38,71.4555
F15-RastriginRot,complement,6,39,12.9344
F15-RastriginRot,complement,6,40,9.94956
F15-RastriginRot,complement,6,41,0.994959
F15-RastriginRot,complement,6,42,9.94956
F15-RastriginRot,complement,6,43,0
F15-RastriginRot,complement,6,44,1095.47
F15-RastriginRot,MC-ESO,7,15,0
F15-RastriginRot,MC-ESO,7,16,0
F15-RastriginRot,MC-ESO,7,17,1495.61
F15-RastriginRot,MC-ESO,7,18,0
F15-RastriginRot,MC-ESO,7,19,1108.84
F15-RastriginRot,MC-ESO,7,20,1467.36
F15-RastriginRot,MC-ESO,7,21,1124.38
F15-RastriginRot,MC-ESO,7,22,0
F15-RastriginRot,MC-ESO,7,23,1377.04
F15-RastriginRot,MC-ESO,7,24,1077.79
F15-RastriginRot,MC-ESO,7,25,0
F15-RastriginRot,MC-ESO,7,26,991.525
F15-RastriginRot,MC-ESO,7,27,0
F15-RastriginRot,MC-ESO,7,28,0
F15-RastriginRot,MC-ESO,7,29,1405.56
F15-RastriginRot,MC-ESO,7,30,0
F15-RastriginRot,MC-ESO,7,31,1062.65
F15-RastriginRot,MC-ESO,7,32,1117.31
F15-RastriginRot,MC-ESO,7,33,1.37795e-08
F15-RastriginRot,MC-ESO,7,34,0
F15-RastriginRot,MC-ESO,7,35,0
F15-RastriginRot,MC-ESO,7,36,0
F15-RastriginRot,MC-ESO,7,37,0
F15-RastriginRot,MC-ESO,7,38,1370.11
F15-RastriginRot,MC-ESO,7,39,1209.49
F15-RastriginRot,MC-ESO,7,40,0
F15-RastriginRot,MC-ESO,7,41,1139.58
F15-RastriginRot,MC-ESO,7,42,1192.59
F15-RastriginRot,MC-ESO,7,43,1124.23
F15-RastriginRot,MC-ESO,7,44,0
F15-RastriginRot,NMMSO,7,15,0.998553
F15-RastriginRot,NMMSO,7,16,0.998553
F15-RastriginRot,NMMSO,7,17,1307.39
F15-RastriginRot,NMMSO,7,18,0.998553
F15-RastriginRot,NMMSO,7,19,998.326
F15-RastriginRot,NMMSO,7,20,1281.62
F15-RastriginRot,NMMSO,7,21,978.881
F15-RastriginRot,NMMSO,7,22,0.998553
F15-RastriginRot,NMMSO,7,23,1189.66
F15-RastriginRot,NMMSO,7,24,938.399
F15-RastriginRot,NMMSO,7,25,0.998553
F15-RastriginRot,NMMSO,7,26,957.818
F15-RastriginRot,NMMSO,7,27,0.998553
F15-RastriginRot,NMMSO,7,28,0.998553
F15-RastriginRot,NMMSO,7,29,1235.1
F15-RastriginRot,NMMSO,7,30,0.998553
F15-RastriginRot,NMMSO,7,31,983.301
F15-RastriginRot,NMMSO,7,32,974.406
F15-RastriginRot,NMMSO,7,33,1.31586
F15-RastriginRot,NMMSO,7,34,0.998553
F15-RastriginRot,NMMSO,7,35,0.998553
F15-RastriginRot,NMMSO,7,36,0.998553
F15-RastriginRot,NMMSO,7,37,0.998553
F15-RastriginRot,NMMSO,7,38,1184
F15-RastriginRot,NMMSO,7,39,1023.78
F15-RastriginRot,NMMSO,7,40,0.998553
F15-RastriginRot,NMMSO,7,41,955.522
F15-RastriginRot,NMMSO,7,42,1075.44
F15-RastriginRot,NMMSO,7,43,1009.64
F15-RastriginRot,NMMSO,7,44,0.998553
F15-RastriginRot,NCDE,7,15,0.59739
F15-RastriginRot,NCDE,7,16,0.59739
F15-RastriginRot,NCDE,7,17,1307.83
F15-RastriginRot,NCDE,7,18,0.59739
F15-RastriginRot,NCDE,7,19,1045.49
F15-RastriginRot,NCDE,7,20,1282.07
F15-RastriginRot,NCDE,7,21,991.712
F15-RastriginRot,NCDE,7,22,0.59739
F15-RastriginRot,NCDE,7,23,1190.11
F15-RastriginRot,NCDE,7,24,938.793
F15-RastriginRot,NCDE,7,25,0.59739
F15-RastriginRot,NCDE,7,26,960.313
F15-RastriginRot,NCDE,7,27,0.59739
F15-RastriginRot,NCDE,7,28,0.59739
F15-RastriginRot,NCDE,7,29,1235.53
F15-RastriginRot,NCDE,7,30,0.59739
F15-RastriginRot,NCDE,7,31,983.592
F15-RastriginRot,NCDE,7,32,991.317
F15-RastriginRot,NCDE,7,33,1.05787
F15-RastriginRot,NCDE,7,34,0.59739
F15-RastriginRot,NCDE,7,35,0.59739
F15-RastriginRot,NCDE,7,36,0.59739
F15-RastriginRot,NCDE,7,37,0.59739
F15-RastriginRot,NCDE,7,38,1184.45
F15-RastriginRot,NCDE,7,39,1024.2
F15-RastriginRot,NCDE,7,40,0.59739
F15-RastriginRot,NCDE,7,41,955.97
F15-RastriginRot,NCDE,7,42,1118.01
F15-RastriginRot,NCDE,7,43,1009.99
F15-RastriginRot,NCDE,7,44,0.59739
F15-RastriginRot,r3pso,7,15,4.31578e-09
F15-RastriginRot,r3pso,7,16,4.31578e-09
F15-RastriginRot,r3pso,7,17,1306.52
F15-RastriginRot,r3pso,7,18,4.31578e-09
F15-RastriginRot,r3pso,7,19,1045.23
F15-RastriginRot,r3pso,7,20,1280.74
F15-RastriginRot,r3pso,7,21,990.946
F15-RastriginRot,r3pso,7,22,4.31578e-09
F15-RastriginRot,r3pso,7,23,1188.78
F15-RastriginRot,r3pso,7,24,937.615
F15-RastriginRot,r3pso,7,25,4.31578e-09
F15-RastriginRot,r3pso,7,26,999.914
F15-RastriginRot,r3pso,7,27,4.31578e-09
F15-RastriginRot,r3pso,7,28,4.31578e-09
F15-RastriginRot,r3pso,7,29,1234.23
F15-RastriginRot,r3pso,7,30,4.31578e-09
F15-RastriginRot,r3pso,7,31,982.729
F15-RastriginRot,r3pso,7,32,990.602
F15-RastriginRot,r3pso,7,33,957.942
F15-RastriginRot,r3pso,7,34,4.31578e-09
F15-RastriginRot,r3pso,7,35,4.31578e-09
F15-RastriginRot,r3pso,7,36,4.31578e-09
F15-RastriginRot,r3pso,7,37,4.31578e-09
F15-RastriginRot,r3pso,7,38,1183.12
F15-RastriginRot,r3pso,7,39,1022.96
F15-RastriginRot,r3pso,7,40,4.31578e-09
F15-RastriginRot,r3pso,7,41,954.634
F15-RastriginRot,r3pso,7,42,1117.67
F15-RastriginRot,r3pso,7,43,1008.94
F15-RastriginRot,r3pso,7,44,4.31578e-09
F15-RastriginRot,NM-Restart,7,15,1.98992
F15-RastriginRot,NM-Restart,7,16,1.98992
F15-RastriginRot,NM-Restart,7,17,1291.89
F15-RastriginRot,NM-Restart,7,18,1.98992
F15-RastriginRot,NM-Restart,7,19,988.665
F15-RastriginRot,NM-Restart,7,20,1275.67
F15-RastriginRot,NM-Restart,7,21,941.223
F15-RastriginRot,NM-Restart,7,22,1.98992
F15-RastriginRot,NM-Restart,7,23,1179.68
F15-RastriginRot,NM-Restart,7,24,940.851
F15-RastriginRot,NM-Restart,7,25,1.98992
F15-RastriginRot,NM-Restart,7,26,959.787
F15-RastriginRot,NM-Restart,7,27,1.98992
F15-RastriginRot,NM-Restart,7,28,1.98992
F15-RastriginRot,NM-Restart,7,29,1245.6
F15-RastriginRot,NM-Restart,7,30,1.98992
F15-RastriginRot,NM-Restart,7,31,972.864
F15-RastriginRot,NM-Restart,7,32,939.582
F15-RastriginRot,NM-Restart,7,33,0.994959
F15-RastriginRot,NM-Restart,7,34,1.98992
F15-RastriginRot,NM-Restart,7,35,1.98992
F15-RastriginRot,NM-Restart,7,36,1.98992
F15-RastriginRot,NM-Restart,7,37,1.98992
F15-RastriginRot,NM-Restart,7,38,1177.29
F15-RastriginRot,NM-Restart,7,39,999.339
F15-RastriginRot,NM-Restart,7,40,1.98992
F15-RastriginRot,NM-Restart,7,41,952.419
F15-RastriginRot,NM-Restart,7,42,1061.41
F15-RastriginRot,NM-Restart,7,43,1006.2
F15-RastriginRot,NM-Restart,7,44,1.98992
F15-RastriginRot,IPOP-CMA-ES,7,15,0
F15-RastriginRot,IPOP-CMA-ES,7,16,0
F15-RastriginRot,IPOP-CMA-ES,7,17,1495.61
F15-RastriginRot,IPOP-CMA-ES,7,18,0
F15-RastriginRot,IPOP-CMA-ES,7,19,1108.84
F15-RastriginRot,IPOP-CMA-ES,7,20,1467.36
F15-RastriginRot,IPOP-CMA-ES,7,21,1124.38
F15-RastriginRot,IPOP-CMA-ES,7,22,0
F15-RastriginRot,IPOP-CMA-ES,7,23,1377.04
F15-RastriginRot,IPOP-CMA-ES,7,24,1077.79
F15-RastriginRot,IPOP-CMA-ES,7,25,0
F15-RastriginRot,IPOP-CMA-ES,7,26,999.914
F15-RastriginRot,IPOP-CMA-ES,7,27,0
F15-RastriginRot,IPOP-CMA-ES,7,28,0
F15-RastriginRot,IPOP-CMA-ES,7,29,1405.56
F15-RastriginRot,IPOP-CMA-ES,7,30,0
F15-RastriginRot,IPOP-CMA-ES,7,31,1062.65
F15-RastriginRot,IPOP-CMA-ES,7,32,1117.31
F15-RastriginRot,IPOP-CMA-ES,7,33,957.942
F15-RastriginRot,IPOP-CMA-ES,7,34,0
F15-RastriginRot,IPOP-CMA-ES,7,35,0
F15-RastriginRot,IPOP-CMA-ES,7,36,0
F15-RastriginRot,IPOP-CMA-ES,7,37,0
F15-RastriginRot,IPOP-CMA-ES,7,38,1370.11
F15-RastriginRot,IPOP-CMA-ES,7,39,1209.49
F15-RastriginRot,IPOP-CMA-ES,7,40,0
F15-RastriginRot,IPOP-CMA-ES,7,41,1139.58
F15-RastriginRot,IPOP-CMA-ES,7,42,1192.59
F15-RastriginRot,IPOP-CMA-ES,7,43,1124.23
F15-RastriginRot,IPOP-CMA-ES,7,44,0
F15-RastriginRot,DE,7,15,0
F15-RastriginRot,DE,7,16,0
F15-RastriginRot,DE,7,17,1495.61
F15-RastriginRot,DE,7,18,0
F15-RastriginRot,DE,7,19,1108.84
F15-RastriginRot,DE,7,20,1467.36
F15-RastriginRot,DE,7,21,1124.38
F15-RastriginRot,DE,7,22,0
F15-RastriginRot,DE,7,23,1377.04
F15-RastriginRot,DE,7,24,1077.79
F15-RastriginRot,DE,7,25,0
F15-RastriginRot,DE,7,26,999.914
F15-RastriginRot,DE,7,27,0
F15-RastriginRot,DE,7,28,0
F15-RastriginRot,DE,7,29,1405.56
F15-RastriginRot,DE,7,30,0
F15-RastriginRot,DE,7,31,1062.65
F15-RastriginRot,DE,7,32,1117.31
F15-RastriginRot,DE,7,33,957.942
F15-RastriginRot,DE,7,34,0
F15-RastriginRot,DE,7,35,0
F15-RastriginRot,DE,7,36,0
F15-RastriginRot,DE,7,37,0
F15-RastriginRot,DE,7,38,1370.11
F15-RastriginRot,DE,7,39,1209.49
F15-RastriginRot,DE,7,40,0
F15-RastriginRot,DE,7,41,1139.58
F15-RastriginRot,DE,7,42,1192.59
F15-RastriginRot,DE,7,43,1124.23
F15-RastriginRot,DE,7,44,0
F15-RastriginRot,PSO,7,15,1.13687e-13
F15-RastriginRot,PSO,7,16,1.13687e-13
F15-RastriginRot,PSO,7,17,1495.61
F15-RastriginRot,PSO,7,18,1.13687e-13
F15-RastriginRot,PSO,7,19,1108.84
F15-RastriginRot,PSO,7,20,1467.36
F15-RastriginRot,PSO,7,21,1124.38
F15-RastriginRot,PSO,7,22,1.13687e-13
F15-RastriginRot,PSO,7,23,1377.04
F15-RastriginRot,PSO,7,24,1077.79
F15-RastriginRot,PSO,7,25,1.13687e-13
F15-RastriginRot,PSO,7,26,999.914
F15-RastriginRot,PSO,7,27,1.13687e-13
F15-RastriginRot,PSO,7,28,1.13687e-13
F15-RastriginRot,PSO,7,29,1405.56
F15-RastriginRot,PSO,7,30,1.13687e-13
F15-RastriginRot,PSO,7,31,1062.65
F15-RastriginRot,PSO,7,32,1117.31
F15-RastriginRot,PSO,7,33,957.942
F15-RastriginRot,PSO,7,34,1.13687e-13
F15-RastriginRot,PSO,7,35,1.13687e-13
F15-RastriginRot,PSO,7,36,1.13687e-13
F15-RastriginRot,PSO,7,37,1.13687e-13
F15-RastriginRot,PSO,7,38,1370.11
F15-RastriginRot,PSO,7,39,1209.49
F15-RastriginRot,PSO,7,40,1.13687e-13
F15-RastriginRot,PSO,7,41,1139.58
F15-RastriginRot,PSO,7,42,1192.59
F15-RastriginRot,PSO,7,43,1124.23
F15-RastriginRot,PSO,7,44,1.13687e-13
F15-RastriginRot,Crowding-DE,7,15,1.1178
F15-RastriginRot,Crowding-DE,7,16,1.1178
F15-RastriginRot,Crowding-DE,7,17,1305.43
F15-RastriginRot,Crowding-DE,7,18,1.1178
F15-RastriginRot,Crowding-DE,7,19,1045.41
F15-RastriginRot,Crowding-DE,7,20,1279.58
F15-RastriginRot,Crowding-DE,7,21,990.556
F15-RastriginRot,Crowding-DE,7,22,1.1178
F15-RastriginRot,Crowding-DE,7,23,1187.65
F15-RastriginRot,Crowding-DE,7,24,936.523
F15-RastriginRot,Crowding-DE,7,25,1.1178
F15-RastriginRot,Crowding-DE,7,26,980.616
F15-RastriginRot,Crowding-DE,7,27,1.1178
F15-RastriginRot,Crowding-DE,7,28,1.1178
F15-RastriginRot,Crowding-DE,7,29,1233.05
F15-RastriginRot,Crowding-DE,7,30,1.1178
F15-RastriginRot,Crowding-DE,7,31,981.92
F15-RastriginRot,Crowding-DE,7,32,990.272
F15-RastriginRot,Crowding-DE,7,33,0.494356
F15-RastriginRot,Crowding-DE,7,34,1.1178
F15-RastriginRot,Crowding-DE,7,35,1.1178
F15-RastriginRot,Crowding-DE,7,36,1.1178
F15-RastriginRot,Crowding-DE,7,37,1.1178
F15-RastriginRot,Crowding-DE,7,38,1181.97
F15-RastriginRot,Crowding-DE,7,39,1021.96
F15-RastriginRot,Crowding-DE,7,40,1.1178
F15-RastriginRot,Crowding-DE,7,41,953.468
F15-RastriginRot,Crowding-DE,7,42,1117.77
F15-RastriginRot,Crowding-DE,7,43,1007.95
F15-RastriginRot,Crowding-DE,7,44,1.1178
F15-RastriginRot,MAP-Elites,7,15,1.25622
F15-RastriginRot,MAP-Elites,7,16,1.25622
F15-RastriginRot,MAP-Elites,7,17,1351.84
F15-RastriginRot,MAP-Elites,7,18,1.25622
F15-RastriginRot,MAP-Elites,7,19,1072.32
F15-RastriginRot,MAP-Elites,7,20,1320.28
F15-RastriginRot,MAP-Elites,7,21,1046.39
F15-RastriginRot,MAP-Elites,7,22,1.25622
F15-RastriginRot,MAP-Elites,7,23,1230.86
F15-RastriginRot,MAP-Elites,7,24,950.394
F15-RastriginRot,MAP-Elites,7,25,1.25622
F15-RastriginRot,MAP-Elites,7,26,974.223
F15-RastriginRot,MAP-Elites,7,27,1.25622
F15-RastriginRot,MAP-Elites,7,28,1.25622
F15-RastriginRot,MAP-Elites,7,29,1261.96
F15-RastriginRot,MAP-Elites,7,30,1.25622
F15-RastriginRot,MAP-Elites,7,31,974.38
F15-RastriginRot,MAP-Elites,7,32,1045.62
F15-RastriginRot,MAP-Elites,7,33,0.861625
F15-RastriginRot,MAP-Elites,7,34,1.25622
F15-RastriginRot,MAP-Elites,7,35,1.25622
F15-RastriginRot,MAP-Elites,7,36,1.25622
F15-RastriginRot,MAP-Elites,7,37,1.25622
F15-RastriginRot,MAP-Elites,7,38,1223.15
F15-RastriginRot,MAP-Elites,7,39,1072.86
F15-RastriginRot,MAP-Elites,7,40,1.25622
F15-RastriginRot,MAP-Elites,7,41,992.296
F15-RastriginRot,MAP-Elites,7,42,1155.38
F15-RastriginRot,MAP-Elites,7,43,1012.22
F15-RastriginRot,MAP-Elites,7,44,1.25622
F15-RastriginRot,MC-ESO-crowd,7,15,0.196934
F15-RastriginRot,MC-ESO-crowd,7,16,0.196934
F15-RastriginRot,MC-ESO-crowd,7,17,1310.38
F15-RastriginRot,MC-ESO-crowd,7,18,0.196934
F15-RastriginRot,MC-ESO-crowd,7,19,1047.21
F15-RastriginRot,MC-ESO-crowd,7,20,1284.5
F15-RastriginRot,MC-ESO-crowd,7,21,994.059
F15-RastriginRot,MC-ESO-crowd,7,22,0.196934
F15-RastriginRot,MC-ESO-crowd,7,23,1192.6
F15-RastriginRot,MC-ESO-crowd,7,24,940.422
F15-RastriginRot,MC-ESO-crowd,7,25,0.196934
F15-RastriginRot,MC-ESO-crowd,7,26,960.217
F15-RastriginRot,MC-ESO-crowd,7,27,0.196934
F15-RastriginRot,MC-ESO-crowd,7,28,0.196934
F15-RastriginRot,MC-ESO-crowd,7,29,1237.65
F15-RastriginRot,MC-ESO-crowd,7,30,0.196934
F15-RastriginRot,MC-ESO-crowd,7,31,984.424
F15-RastriginRot,MC-ESO-crowd,7,32,993.609
F15-RastriginRot,MC-ESO-crowd,7,33,1.50619
F15-RastriginRot,MC-ESO-crowd,7,34,0.196934
F15-RastriginRot,MC-ESO-crowd,7,35,0.196934
F15-RastriginRot,MC-ESO-crowd,7,36,0.196934
F15-RastriginRot,MC-ESO-crowd,7,37,0.196934
F15-RastriginRot,MC-ESO-crowd,7,38,1186.89
F15-RastriginRot,MC-ESO-crowd,7,39,1026.82
F15-RastriginRot,MC-ESO-crowd,7,40,0.196934
F15-RastriginRot,MC-ESO-crowd,7,41,958.356
F15-RastriginRot,MC-ESO-crowd,7,42,1119.84
F15-RastriginRot,MC-ESO-crowd,7,43,1011.28
F15-RastriginRot,MC-ESO-crowd,7,44,0.196934
F15-RastriginRot,quality,7,15,0.994959
F15-RastriginRot,quality,7,16,0.994959
F15-RastriginRot,quality,7,17,1394.47
F15-RastriginRot,quality,7,18,0.994959
F15-RastriginRot,quality,7,19,1048.37
F15-RastriginRot,quality,7,20,1372.09
F15-RastriginRot,quality,7,21,1033.24
F15-RastriginRot,quality,7,22,0.994959
F15-RastriginRot,quality,7,23,1279.01
F15-RastriginRot,quality,7,24,1021.56
F15-RastriginRot,quality,7,25,0.994959
F15-RastriginRot,quality,7,26,933.955
F15-RastriginRot,quality,7,27,0.994959
F15-RastriginRot,quality,7,28,0.994959
F15-RastriginRot,quality,7,29,1325.76
F15-RastriginRot,quality,7,30,0.994959
F15-RastriginRot,quality,7,31,1045.21
F15-RastriginRot,quality,7,32,1028.81
F15-RastriginRot,quality,7,33,0
F15-RastriginRot,quality,7,34,0.994959
F15-RastriginRot,quality,7,35,0.994959
F15-RastriginRot,quality,7,36,0.994959
F15-RastriginRot,quality,7,37,0.994959
F15-RastriginRot,quality,7,38,1274.29
F15-RastriginRot,quality,7,39,1105.21
F15-RastriginRot,quality,7,40,0.994959
F15-RastriginRot,quality,7,41,1046.52
F15-RastriginRot,quality,7,42,1126.76
F15-RastriginRot,quality,7,43,1084.7
F15-RastriginRot,quality,7,44,0.994959
F15-RastriginRot,complement,7,15,0.994959
F15-RastriginRot,complement,7,16,0.994959
F15-RastriginRot,complement,7,17,0
F15-RastriginRot,complement,7,18,0.994959
F15-RastriginRot,complement,7,19,31.8382
F15-RastriginRot,complement,7,20,0
F15-RastriginRot,complement,7,21,0
F15-RastriginRot,complement,7,22,0.994959
F15-RastriginRot,complement,7,23,2.98438
F15-RastriginRot,complement,7,24,0
F15-RastriginRot,complement,7,25,0.994959
F15-RastriginRot,complement,7,26,38.8028
F15-RastriginRot,complement,7,27,0.994959
F15-RastriginRot,complement,7,28,0.994959
F15-RastriginRot,complement,7,29,0
F15-RastriginRot,complement,7,30,0.994959
F15-RastriginRot,complement,7,31,35.8176
F15-RastriginRot,complement,7,32,0
F15-RastriginRot,complement,7,33,0
F15-RastriginRot,complement,7,34,0.994959
F15-RastriginRot,complement,7,35,0.994959
F15-RastriginRot,complement,7,36,0.994959
F15-RastriginRot,complement,7,37,0.994959
F15-RastriginRot,complement,7,38,2.98438
F15-RastriginRot,complement,7,39,0
F15-RastriginRot,complement,7,40,0.994959
F15-RastriginRot,complement,7,41,0
F15-RastriginRot,complement,7,42,17.9089
F15-RastriginRot,complement,7,43,856.981
F15-RastriginRot,complement,7,44,0.994959
F15-RastriginRot,MC-ESO,8,15,0
F15-RastriginRot,MC-ESO,8,16,7.68663
F15-RastriginRot,MC-ESO,8,17,7.06115
F15-RastriginRot,MC-ESO,8,18,1087.86
F15-RastriginRot,MC-ESO,8,19,0
F15-RastriginRot,MC-ESO,8,20,1026.17
F15-RastriginRot,MC-ESO,8,21,0
F15-RastriginRot,MC-ESO,8,22,1057.65
F15-RastriginRot,MC-ESO,8,23,1181.29
F15-RastriginRot,MC-ESO,8,24,1269.85
F15-RastriginRot,MC-ESO,8,25,0
F15-RastriginRot,MC-ESO,8,26,0
F15-RastriginRot,MC-ESO,8,27,1163.7
F15-RastriginRot,MC-ESO,8,28,1201.56
F15-RastriginRot,MC-ESO,8,29,1048.5
F15-RastriginRot,MC-ESO,8,30,0
F15-RastriginRot,MC-ESO,8,31,1058.63
F15-RastriginRot,MC-ESO,8,32,0
F15-RastriginRot,MC-ESO,8,33,0
F15-RastriginRot,MC-ESO,8,34,950.928
F15-RastriginRot,MC-ESO,8,35,0
F15-RastriginRot,MC-ESO,8,36,4.70176
F15-RastriginRot,MC-ESO,8,37,4.70176
F15-RastriginRot,MC-ESO,8,38,0
F15-RastriginRot,MC-ESO,8,39,0
F15-RastriginRot,MC-ESO,8,40,1124.3
F15-RastriginRot,MC-ESO,8,41,1060.29
F15-RastriginRot,MC-ESO,8,42,6.69167
F15-RastriginRot,MC-ESO,8,43,1201.77
F15-RastriginRot,MC-ESO,8,44,1384.07
F15-RastriginRot,NMMSO,8,15,0.000326523
F15-RastriginRot,NMMSO,8,16,8.55379e-06
F15-RastriginRot,NMMSO,8,17,8.55379e-06
F15-RastriginRot,NMMSO,8,18,1088.08
F15-RastriginRot,NMMSO,8,19,0.000326523
F15-RastriginRot,NMMSO,8,20,1015.08
F15-RastriginRot,NMMSO,8,21,0.000326523
F15-RastriginRot,NMMSO,8,22,1036.05
F15-RastriginRot,NMMSO,8,23,1216.04
F15-RastriginRot,NMMSO,8,24,1249.45
F15-RastriginRot,NMMSO,8,25,0.000326523
F15-RastriginRot,NMMSO,8,26,0.000326523
F15-RastriginRot,NMMSO,8,27,1166.77
F15-RastriginRot,NMMSO,8,28,1185.77
F15-RastriginRot,NMMSO,8,29,1027.35
F15-RastriginRot,NMMSO,8,30,0.000326523
F15-RastriginRot,NMMSO,8,31,1058.2
F15-RastriginRot,NMMSO,8,32,0.000326523
F15-RastriginRot,NMMSO,8,33,0.000326523
F15-RastriginRot,NMMSO,8,34,965.452
F15-RastriginRot,NMMSO,8,35,0.000326523
F15-RastriginRot,NMMSO,8,36,0.0300762
F15-RastriginRot,NMMSO,8,37,0.0300762
F15-RastriginRot,NMMSO,8,38,0.000326523
F15-RastriginRot,NMMSO,8,39,0.000326523
F15-RastriginRot,NMMSO,8,40,1123.54
F15-RastriginRot,NMMSO,8,41,1061.34
F15-RastriginRot,NMMSO,8,42,2.01999
F15-RastriginRot,NMMSO,8,43,1181.04
F15-RastriginRot,NMMSO,8,44,1378.66
F15-RastriginRot,NCDE,8,15,0.509433
F15-RastriginRot,NCDE,8,16,0.487721
F15-RastriginRot,NCDE,8,17,0.487721
F15-RastriginRot,NCDE,8,18,1087.35
F15-RastriginRot,NCDE,8,19,0.509433
F15-RastriginRot,NCDE,8,20,1014.77
F15-RastriginRot,NCDE,8,21,0.509433
F15-RastriginRot,NCDE,8,22,1036.38
F15-RastriginRot,NCDE,8,23,1216.97
F15-RastriginRot,NCDE,8,24,1249.69
F15-RastriginRot,NCDE,8,25,0.509433
F15-RastriginRot,NCDE,8,26,0.509433
F15-RastriginRot,NCDE,8,27,1165.97
F15-RastriginRot,NCDE,8,28,1185.7
F15-RastriginRot,NCDE,8,29,1027.65
F15-RastriginRot,NCDE,8,30,0.509433
F15-RastriginRot,NCDE,8,31,1057.49
F15-RastriginRot,NCDE,8,32,0.509433
F15-RastriginRot,NCDE,8,33,0.509433
F15-RastriginRot,NCDE,8,34,963.836
F15-RastriginRot,NCDE,8,35,0.509433
F15-RastriginRot,NCDE,8,36,0.247466
F15-RastriginRot,NCDE,8,37,0.247466
F15-RastriginRot,NCDE,8,38,0.509433
F15-RastriginRot,NCDE,8,39,0.509433
F15-RastriginRot,NCDE,8,40,1122.84
F15-RastriginRot,NCDE,8,41,1016.91
F15-RastriginRot,NCDE,8,42,2.23738
F15-RastriginRot,NCDE,8,43,1181.3
F15-RastriginRot,NCDE,8,44,1378.11
F15-RastriginRot,r3pso,8,15,3.15609e-08
F15-RastriginRot,r3pso,8,16,0.996547
F15-RastriginRot,r3pso,8,17,993.314
F15-RastriginRot,r3pso,8,18,1179.89
F15-RastriginRot,r3pso,8,19,3.15609e-08
F15-RastriginRot,r3pso,8,20,1108.55
F15-RastriginRot,r3pso,8,21,3.15609e-08
F15-RastriginRot,r3pso,8,22,1099.19
F15-RastriginRot,r3pso,8,23,1225.83
F15-RastriginRot,r3pso,8,24,1318.72
F15-RastriginRot,r3pso,8,25,3.15609e-08
F15-RastriginRot,r3pso,8,26,3.15609e-08
F15-RastriginRot,r3pso,8,27,1253.64
F15-RastriginRot,r3pso,8,28,1270.94
F15-RastriginRot,r3pso,8,29,1092.95
F15-RastriginRot,r3pso,8,30,3.15609e-08
F15-RastriginRot,r3pso,8,31,1150.88
F15-RastriginRot,r3pso,8,32,3.15609e-08
F15-RastriginRot,r3pso,8,33,3.15609e-08
F15-RastriginRot,r3pso,8,34,977.756
F15-RastriginRot,r3pso,8,35,3.15609e-08
F15-RastriginRot,r3pso,8,36,1065.87
F15-RastriginRot,r3pso,8,37,998.113
F15-RastriginRot,r3pso,8,38,3.15609e-08
F15-RastriginRot,r3pso,8,39,3.15609e-08
F15-RastriginRot,r3pso,8,40,1216.62
F15-RastriginRot,r3pso,8,41,1068.74
F15-RastriginRot,r3pso,8,42,0.00158837
F15-RastriginRot,r3pso,8,43,1248.76
F15-RastriginRot,r3pso,8,44,1474.8
F15-RastriginRot,NM-Restart,8,15,0.994959
F15-RastriginRot,NM-Restart,8,16,0
F15-RastriginRot,NM-Restart,8,17,0
F15-RastriginRot,NM-Restart,8,18,1113.65
F15-RastriginRot,NM-Restart,8,19,0.994959
F15-RastriginRot,NM-Restart,8,20,1077.83
F15-RastriginRot,NM-Restart,8,21,0.994959
F15-RastriginRot,NM-Restart,8,22,1118.93
F15-RastriginRot,NM-Restart,8,23,1255.07
F15-RastriginRot,NM-Restart,8,24,1332.59
F15-RastriginRot,NM-Restart,8,25,0.994959
F15-RastriginRot,NM-Restart,8,26,0.994959
F15-RastriginRot,NM-Restart,8,27,1181.21
F15-RastriginRot,NM-Restart,8,28,1260.37
F15-RastriginRot,NM-Restart,8,29,1111.42
F15-RastriginRot,NM-Restart,8,30,0.994959
F15-RastriginRot,NM-Restart,8,31,1086.25
F15-RastriginRot,NM-Restart,8,32,0.994959
F15-RastriginRot,NM-Restart,8,33,0.994959
F15-RastriginRot,NM-Restart,8,34,922.219
F15-RastriginRot,NM-Restart,8,35,0.994959
F15-RastriginRot,NM-Restart,8,36,994.42
F15-RastriginRot,NM-Restart,8,37,1021.73
F15-RastriginRot,NM-Restart,8,38,0.994959
F15-RastriginRot,NM-Restart,8,39,0.994959
F15-RastriginRot,NM-Restart,8,40,1152.8
F15-RastriginRot,NM-Restart,8,41,1056.31
F15-RastriginRot,NM-Restart,8,42,1007.28
F15-RastriginRot,NM-Restart,8,43,1264.61
F15-RastriginRot,NM-Restart,8,44,1424.15
F15-RastriginRot,IPOP-CMA-ES,8,15,0.214956
F15-RastriginRot,IPOP-CMA-ES,8,16,0.994959
F15-RastriginRot,IPOP-CMA-ES,8,17,993.165
F15-RastriginRot,IPOP-CMA-ES,8,18,1179.72
F15-RastriginRot,IPOP-CMA-ES,8,19,0.214956
F15-RastriginRot,IPOP-CMA-ES,8,20,1108.37
F15-RastriginRot,IPOP-CMA-ES,8,21,0.214956
F15-RastriginRot,IPOP-CMA-ES,8,22,1099.07
F15-RastriginRot,IPOP-CMA-ES,8,23,1225.81
F15-RastriginRot,IPOP-CMA-ES,8,24,1318.58
F15-RastriginRot,IPOP-CMA-ES,8,25,0.214956
F15-RastriginRot,IPOP-CMA-ES,8,26,0.214956
F15-RastriginRot,IPOP-CMA-ES,8,27,1253.47
F15-RastriginRot,IPOP-CMA-ES,8,28,1270.78
F15-RastriginRot,IPOP-CMA-ES,8,29,1092.82
F15-RastriginRot,IPOP-CMA-ES,8,30,0.214956
F15-RastriginRot,IPOP-CMA-ES,8,31,1150.7
F15-RastriginRot,IPOP-CMA-ES,8,32,0.214956
F15-RastriginRot,IPOP-CMA-ES,8,33,0.214956
F15-RastriginRot,IPOP-CMA-ES,8,34,963.322
F15-RastriginRot,IPOP-CMA-ES,8,35,0.214956
F15-RastriginRot,IPOP-CMA-ES,8,36,1065.7
F15-RastriginRot,IPOP-CMA-ES,8,37,998.019
F15-RastriginRot,IPOP-CMA-ES,8,38,0.214956
F15-RastriginRot,IPOP-CMA-ES,8,39,0.214956
F15-RastriginRot,IPOP-CMA-ES,8,40,1216.44
F15-RastriginRot,IPOP-CMA-ES,8,41,1017.41
F15-RastriginRot,IPOP-CMA-ES,8,42,0
F15-RastriginRot,IPOP-CMA-ES,8,43,1248.63
F15-RastriginRot,IPOP-CMA-ES,8,44,1474.62
F15-RastriginRot,DE,8,15,0
F15-RastriginRot,DE,8,16,997.07
F15-RastriginRot,DE,8,17,1029.92
F15-RastriginRot,DE,8,18,1249.79
F15-RastriginRot,DE,8,19,0
F15-RastriginRot,DE,8,20,1212.1
F15-RastriginRot,DE,8,21,0
F15-RastriginRot,DE,8,22,1204.84
F15-RastriginRot,DE,8,23,1295.21
F15-RastriginRot,DE,8,24,1426.57
F15-RastriginRot,DE,8,25,0
F15-RastriginRot,DE,8,26,0
F15-RastriginRot,DE,8,27,1310.97
F15-RastriginRot,DE,8,28,1380.25
F15-RastriginRot,DE,8,29,1199.55
F15-RastriginRot,DE,8,30,0
F15-RastriginRot,DE,8,31,1223.46
F15-RastriginRot,DE,8,32,0
F15-RastriginRot,DE,8,33,0
F15-RastriginRot,DE,8,34,977.756
F15-RastriginRot,DE,8,35,0
F15-RastriginRot,DE,8,36,1125.51
F15-RastriginRot,DE,8,37,1096.44
F15-RastriginRot,DE,8,38,0
F15-RastriginRot,DE,8,39,0
F15-RastriginRot,DE,8,40,1290.47
F15-RastriginRot,DE,8,41,1093.62
F15-RastriginRot,DE,8,42,1076.84
F15-RastriginRot,DE,8,43,1356.11
F15-RastriginRot,DE,8,44,1564.67
F15-RastriginRot,PSO,8,15,1.24983e-07
F15-RastriginRot,PSO,8,16,997.069
F15-RastriginRot,PSO,8,17,1029.92
F15-RastriginRot,PSO,8,18,1249.79
F15-RastriginRot,PSO,8,19,1.24983e-07
F15-RastriginRot,PSO,8,20,1212.1
F15-RastriginRot,PSO,8,21,1.24983e-07
F15-RastriginRot,PSO,8,22,1204.84
F15-RastriginRot,PSO,8,23,1295.21
F15-RastriginRot,PSO,8,24,1426.57
F15-RastriginRot,PSO,8,25,1.24983e-07
F15-RastriginRot,PSO,8,26,1.24983e-07
F15-RastriginRot,PSO,8,27,1310.97
F15-RastriginRot,PSO,8,28,1380.25
F15-RastriginRot,PSO,8,29,1199.55
F15-RastriginRot,PSO,8,30,1.24983e-07
F15-RastriginRot,PSO,8,31,1223.46
F15-RastriginRot,PSO,8,32,1.24983e-07
F15-RastriginRot,PSO,8,33,1.24983e-07
F15-RastriginRot,PSO,8,34,977.757
F15-RastriginRot,PSO,8,35,1.24983e-07
F15-RastriginRot,PSO,8,36,1125.51
F15-RastriginRot,PSO,8,37,1096.44
F15-RastriginRot,PSO,8,38,1.24983e-07
F15-RastriginRot,PSO,8,39,1.24983e-07
F15-RastriginRot,PSO,8,40,1290.47
F15-RastriginRot,PSO,8,41,1093.62
F15-RastriginRot,PSO,8,42,1076.84
F15-RastriginRot,PSO,8,43,1356.11
F15-RastriginRot,PSO,8,44,1564.67
F15-RastriginRot,Crowding-DE,8,15,0.999317
F15-RastriginRot,Crowding-DE,8,16,0.00435838
F15-RastriginRot,Crowding-DE,8,17,0.830543
F15-RastriginRot,Crowding-DE,8,18,1095.11
F15-RastriginRot,Crowding-DE,8,19,0.999317
F15-RastriginRot,Crowding-DE,8,20,1038.98
F15-RastriginRot,Crowding-DE,8,21,0.999317
F15-RastriginRot,Crowding-DE,8,22,1071.1
F15-RastriginRot,Crowding-DE,8,23,1250.03
F15-RastriginRot,Crowding-DE,8,24,1283.61
F15-RastriginRot,Crowding-DE,8,25,0.999317
F15-RastriginRot,Crowding-DE,8,26,0.999317
F15-RastriginRot,Crowding-DE,8,27,1168.93
F15-RastriginRot,Crowding-DE,8,28,1215.4
F15-RastriginRot,Crowding-DE,8,29,1062.09
F15-RastriginRot,Crowding-DE,8,30,0.999317
F15-RastriginRot,Crowding-DE,8,31,1066.32
F15-RastriginRot,Crowding-DE,8,32,0.999317
F15-RastriginRot,Crowding-DE,8,33,0.999317
F15-RastriginRot,Crowding-DE,8,34,943.437
F15-RastriginRot,Crowding-DE,8,35,0.999317
F15-RastriginRot,Crowding-DE,8,36,0.997687
F15-RastriginRot,Crowding-DE,8,37,985.553
F15-RastriginRot,Crowding-DE,8,38,0.999317
F15-RastriginRot,Crowding-DE,8,39,0.999317
F15-RastriginRot,Crowding-DE,8,40,1132.2
F15-RastriginRot,Crowding-DE,8,41,1041.46
F15-RastriginRot,Crowding-DE,8,42,2.9876
F15-RastriginRot,Crowding-DE,8,43,1215.46
F15-RastriginRot,Crowding-DE,8,44,1394.59
F15-RastriginRot,MAP-Elites,8,15,1.01793
F15-RastriginRot,MAP-Elites,8,16,0.0229674
F15-RastriginRot,MAP-Elites,8,17,1.60161
F15-RastriginRot,MAP-Elites,8,18,1163.62
F15-RastriginRot,MAP-Elites,8,19,1.01793
F15-RastriginRot,MAP-Elites,8,20,1108.42
F15-RastriginRot,MAP-Elites,8,21,1.01793
F15-RastriginRot,MAP-Elites,8,22,1117.4
F15-RastriginRot,MAP-Elites,8,23,1255.98
F15-RastriginRot,MAP-Elites,8,24,1334.56
F15-RastriginRot,MAP-Elites,8,25,1.01793
F15-RastriginRot,MAP-Elites,8,26,1.01793
F15-RastriginRot,MAP-Elites,8,27,1233.79
F15-RastriginRot,MAP-Elites,8,28,1278.46
F15-RastriginRot,MAP-Elites,8,29,1110.24
F15-RastriginRot,MAP-Elites,8,30,1.01793
F15-RastriginRot,MAP-Elites,8,31,1135.47
F15-RastriginRot,MAP-Elites,8,32,1.01793
F15-RastriginRot,MAP-Elites,8,33,1.01793
F15-RastriginRot,MAP-Elites,8,34,945.626
F15-RastriginRot,MAP-Elites,8,35,1.01793
F15-RastriginRot,MAP-Elites,8,36,1046.62
F15-RastriginRot,MAP-Elites,8,37,1020.85
F15-RastriginRot,MAP-Elites,8,38,1.01793
F15-RastriginRot,MAP-Elites,8,39,1.01793
F15-RastriginRot,MAP-Elites,8,40,1201.63
F15-RastriginRot,MAP-Elites,8,41,1058.61
F15-RastriginRot,MAP-Elites,8,42,1006.69
F15-RastriginRot,MAP-Elites,8,43,1265.22
F15-RastriginRot,MAP-Elites,8,44,1466.21
F15-RastriginRot,MC-ESO-crowd,8,15,0.524745
F15-RastriginRot,MC-ESO-crowd,8,16,0.0502428
F15-RastriginRot,MC-ESO-crowd,8,17,0.0502428
F15-RastriginRot,MC-ESO-crowd,8,18,1167.2
F15-RastriginRot,MC-ESO-crowd,8,19,0.524745
F15-RastriginRot,MC-ESO-crowd,8,20,1112.35
F15-RastriginRot,MC-ESO-crowd,8,21,0.524745
F15-RastriginRot,MC-ESO-crowd,8,22,1119.85
F15-RastriginRot,MC-ESO-crowd,8,23,1255.54
F15-RastriginRot,MC-ESO-crowd,8,24,1337.33
F15-RastriginRot,MC-ESO-crowd,8,25,0.524745
F15-RastriginRot,MC-ESO-crowd,8,26,0.524745
F15-RastriginRot,MC-ESO-crowd,8,27,1237.04
F15-RastriginRot,MC-ESO-crowd,8,28,1282.02
F15-RastriginRot,MC-ESO-crowd,8,29,1112.82
F15-RastriginRot,MC-ESO-crowd,8,30,0.524745
F15-RastriginRot,MC-ESO-crowd,8,31,1139.12
F15-RastriginRot,MC-ESO-crowd,8,32,0.524745
F15-RastriginRot,MC-ESO-crowd,8,33,0.524745
F15-RastriginRot,MC-ESO-crowd,8,34,957.224
F15-RastriginRot,MC-ESO-crowd,8,35,0.524745
F15-RastriginRot,MC-ESO-crowd,8,36,1049.93
F15-RastriginRot,MC-ESO-crowd,8,37,1022.54
F15-RastriginRot,MC-ESO-crowd,8,38,0.524745
F15-RastriginRot,MC-ESO-crowd,8,39,0.524745
F15-RastriginRot,MC-ESO-crowd,8,40,1205.31
F15-RastriginRot,MC-ESO-crowd,8,41,1040.16
F15-RastriginRot,MC-ESO-crowd,8,42,1008.05
F15-RastriginRot,MC-ESO-crowd,8,43,1267.92
F15-RastriginRot,MC-ESO-crowd,8,44,1470.16
F15-RastriginRot,quality,8,15,1.98992
F15-RastriginRot,quality,8,16,0.994959
F15-RastriginRot,quality,8,17,2.98487
F15-RastriginRot,quality,8,18,1042
F15-RastriginRot,quality,8,19,1.98992
F15-RastriginRot,quality,8,20,0
F15-RastriginRot,quality,8,21,1.98992
F15-RastriginRot,quality,8,22,0
F15-RastriginRot,quality,8,23,1171.82
F15-RastriginRot,quality,8,24,1187.56
F15-RastriginRot,quality,8,25,1.98992
F15-RastriginRot,quality,8,26,1.98992
F15-RastriginRot,quality,8,27,1127.83
F15-RastriginRot,quality,8,28,1120.69
F15-RastriginRot,quality,8,29,0
F15-RastriginRot,quality,8,30,1.98992
F15-RastriginRot,quality,8,31,1010.62
F15-RastriginRot,quality,8,32,1.98992
F15-RastriginRot,quality,8,33,1.98992
F15-RastriginRot,quality,8,34,965.242
F15-RastriginRot,quality,8,35,1.98992
F15-RastriginRot,quality,8,36,0
F15-RastriginRot,quality,8,37,0
F15-RastriginRot,quality,8,38,1.98992
F15-RastriginRot,quality,8,39,1.98992
F15-RastriginRot,quality,8,40,1075.25
F15-RastriginRot,quality,8,41,1110.27
F15-RastriginRot,quality,8,42,1.13687e-13
F15-RastriginRot,quality,8,43,1119.65
F15-RastriginRot,quality,8,44,1321.75
F15-RastriginRot,complement,8,15,1.98992
F15-RastriginRot,complement,8,16,0.994959
F15-RastriginRot,complement,8,17,23.8788
F15-RastriginRot,complement,8,18,0
F15-RastriginRot,complement,8,19,1.98992
F15-RastriginRot,complement,8,20,15.9191
F15-RastriginRot,complement,8,21,1.98992
F15-RastriginRot,complement,8,22,15.9191
F15-RastriginRot,complement,8,23,5.96936
F15-RastriginRot,complement,8,24,25.8681
F15-RastriginRot,complement,8,25,1.98992
F15-RastriginRot,complement,8,26,1.98992
F15-RastriginRot,complement,8,27,20.8936
F15-RastriginRot,complement,8,28,0
F15-RastriginRot,complement,8,29,15.9191
F15-RastriginRot,complement,8,30,1.98992
F15-RastriginRot,complement,8,31,8.95448
F15-RastriginRot,complement,8,32,1.98992
F15-RastriginRot,complement,8,33,1.98992
F15-RastriginRot,complement,8,34,988.648
F15-RastriginRot,complement,8,35,1.98992
F15-RastriginRot,complement,8,36,20.8939
F15-RastriginRot,complement,8,37,0.994959
F15-RastriginRot,complement,8,38,1.98992
F15-RastriginRot,complement,8,39,1.98992
F15-RastriginRot,complement,8,40,0
F15-RastriginRot,complement,8,41,1147.33
F15-RastriginRot,complement,8,42,1.13687e-13
F15-RastriginRot,complement,8,43,0
F15-RastriginRot,complement,8,44,70.639
F15-RastriginRot,MC-ESO,9,15,0
F15-RastriginRot,MC-ESO,9,16,1020.19
F15-RastriginRot,MC-ESO,9,17,0
F15-RastriginRot,MC-ESO,9,18,0
F15-RastriginRot,MC-ESO,9,19,0
F15-RastriginRot,MC-ESO,9,20,875.207
F15-RastriginRot,MC-ESO,9,21,0
F15-RastriginRot,MC-ESO,9,22,1588.75
F15-RastriginRot,MC-ESO,9,23,0
F15-RastriginRot,MC-ESO,9,24,1083.35
F15-RastriginRot,MC-ESO,9,25,1586.5
F15-RastriginRot,MC-ESO,9,26,1535.89
F15-RastriginRot,MC-ESO,9,27,1065.89
F15-RastriginRot,MC-ESO,9,28,0
F15-RastriginRot,MC-ESO,9,29,1553.19
F15-RastriginRot,MC-ESO,9,30,1368.42
F15-RastriginRot,MC-ESO,9,31,0
F15-RastriginRot,MC-ESO,9,32,1318.4
F15-RastriginRot,MC-ESO,9,33,0
F15-RastriginRot,MC-ESO,9,34,1401.95
F15-RastriginRot,MC-ESO,9,35,0
F15-RastriginRot,MC-ESO,9,36,0
F15-RastriginRot,MC-ESO,9,37,0
F15-RastriginRot,MC-ESO,9,38,1239.37
F15-RastriginRot,MC-ESO,9,39,0
F15-RastriginRot,MC-ESO,9,40,0
F15-RastriginRot,MC-ESO,9,41,0
F15-RastriginRot,MC-ESO,9,42,1246.62
F15-RastriginRot,MC-ESO,9,43,1249.99
F15-RastriginRot,MC-ESO,9,44,1438.42
F15-RastriginRot,NMMSO,9,15,1.43424e-05
F15-RastriginRot,NMMSO,9,16,1.21074
F15-RastriginRot,NMMSO,9,17,1.43424e-05
F15-RastriginRot,NMMSO,9,18,1.43424e-05
F15-RastriginRot,NMMSO,9,19,1.43424e-05
F15-RastriginRot,NMMSO,9,20,830.906
F15-RastriginRot,NMMSO,9,21,1.43424e-05
F15-RastriginRot,NMMSO,9,22,1516.64
F15-RastriginRot,NMMSO,9,23,1.43424e-05
F15-RastriginRot,NMMSO,9,24,1065.05
F15-RastriginRot,NMMSO,9,25,1522.49
F15-RastriginRot,NMMSO,9,26,1471.5
F15-RastriginRot,NMMSO,9,27,1031.4
F15-RastriginRot,NMMSO,9,28,1.43424e-05
F15-RastriginRot,NMMSO,9,29,1476.97
F15-RastriginRot,NMMSO,9,30,1292.66
F15-RastriginRot,NMMSO,9,31,1.43424e-05
F15-RastriginRot,NMMSO,9,32,1243.22
F15-RastriginRot,NMMSO,9,33,1.43424e-05
F15-RastriginRot,NMMSO,9,34,1330.74
F15-RastriginRot,NMMSO,9,35,1.43424e-05
F15-RastriginRot,NMMSO,9,36,1.43424e-05
F15-RastriginRot,NMMSO,9,37,1.43424e-05
F15-RastriginRot,NMMSO,9,38,1179.94
F15-RastriginRot,NMMSO,9,39,1.43424e-05
F15-RastriginRot,NMMSO,9,40,1.43424e-05
F15-RastriginRot,NMMSO,9,41,1.43424e-05
F15-RastriginRot,NMMSO,9,42,1170.07
F15-RastriginRot,NMMSO,9,43,1174.92
F15-RastriginRot,NMMSO,9,44,1373.31
F15-RastriginRot,NCDE,9,15,0.0226688
F15-RastriginRot,NCDE,9,16,1.10959
F15-RastriginRot,NCDE,9,17,0.0226688
F15-RastriginRot,NCDE,9,18,0.0226688
F15-RastriginRot,NCDE,9,19,0.0226688
F15-RastriginRot,NCDE,9,20,830.228
F15-RastriginRot,NCDE,9,21,0.0226688
F15-RastriginRot,NCDE,9,22,1388.33
F15-RastriginRot,NCDE,9,23,0.0226688
F15-RastriginRot,NCDE,9,24,1063.7
F15-RastriginRot,NCDE,9,25,1399.48
F15-RastriginRot,NCDE,9,26,1349.52
F15-RastriginRot,NCDE,9,27,1030.66
F15-RastriginRot,NCDE,9,28,0.0226688
F15-RastriginRot,NCDE,9,29,1361.92
F15-RastriginRot,NCDE,9,30,1222.78
F15-RastriginRot,NCDE,9,31,0.0226688
F15-RastriginRot,NCDE,9,32,1122.18
F15-RastriginRot,NCDE,9,33,0.0226688
F15-RastriginRot,NCDE,9,34,1232.28
F15-RastriginRot,NCDE,9,35,0.0226688
F15-RastriginRot,NCDE,9,36,0.0226688
F15-RastriginRot,NCDE,9,37,0.0226688
F15-RastriginRot,NCDE,9,38,1046.18
F15-RastriginRot,NCDE,9,39,0.0226688
F15-RastriginRot,NCDE,9,40,0.0226688
F15-RastriginRot,NCDE,9,41,0.0226688
F15-RastriginRot,NCDE,9,42,1063.07
F15-RastriginRot,NCDE,9,43,1084.34
F15-RastriginRot,NCDE,9,44,1239.82
F15-RastriginRot,r3pso,9,15,5.68434e-11
F15-RastriginRot,r3pso,9,16,0
F15-RastriginRot,r3pso,9,17,5.68434e-11
F15-RastriginRot,r3pso,9,18,5.68434e-11
F15-RastriginRot,r3pso,9,19,5.68434e-11
F15-RastriginRot,r3pso,9,20,830.407
F15-RastriginRot,r3pso,9,21,5.68434e-11
F15-RastriginRot,r3pso,9,22,1383.46
F15-RastriginRot,r3pso,9,23,5.68434e-11
F15-RastriginRot,r3pso,9,24,1065.34
F15-RastriginRot,r3pso,9,25,1395.11
F15-RastriginRot,r3pso,9,26,1345.16
F15-RastriginRot,r3pso,9,27,1051.48
F15-RastriginRot,r3pso,9,28,5.68434e-11
F15-RastriginRot,r3pso,9,29,1357.12
F15-RastriginRot,r3pso,9,30,1219.44
F15-RastriginRot,r3pso,9,31,5.68434e-11
F15-RastriginRot,r3pso,9,32,1117.32
F15-RastriginRot,r3pso,9,33,5.68434e-11
F15-RastriginRot,r3pso,9,34,1228.36
F15-RastriginRot,r3pso,9,35,5.68434e-11
F15-RastriginRot,r3pso,9,36,5.68434e-11
F15-RastriginRot,r3pso,9,37,5.68434e-11
F15-RastriginRot,r3pso,9,38,1041.62
F15-RastriginRot,r3pso,9,39,5.68434e-11
F15-RastriginRot,r3pso,9,40,5.68434e-11
F15-RastriginRot,r3pso,9,41,5.68434e-11
F15-RastriginRot,r3pso,9,42,1058.38
F15-RastriginRot,r3pso,9,43,1079.95
F15-RastriginRot,r3pso,9,44,1235.09
F15-RastriginRot,NM-Restart,9,15,0
F15-RastriginRot,NM-Restart,9,16,3.97983
F15-RastriginRot,NM-Restart,9,17,0
F15-RastriginRot,NM-Restart,9,18,0
F15-RastriginRot,NM-Restart,9,19,0
F15-RastriginRot,NM-Restart,9,20,875.207
F15-RastriginRot,NM-Restart,9,21,0
F15-RastriginRot,NM-Restart,9,22,1444.61
F15-RastriginRot,NM-Restart,9,23,0
F15-RastriginRot,NM-Restart,9,24,1021.37
F15-RastriginRot,NM-Restart,9,25,1420.56
F15-RastriginRot,NM-Restart,9,26,1369.84
F15-RastriginRot,NM-Restart,9,27,1052.27
F15-RastriginRot,NM-Restart,9,28,0
F15-RastriginRot,NM-Restart,9,29,1434.01
F15-RastriginRot,NM-Restart,9,30,1209.24
F15-RastriginRot,NM-Restart,9,31,0
F15-RastriginRot,NM-Restart,9,32,1188.64
F15-RastriginRot,NM-Restart,9,33,0
F15-RastriginRot,NM-Restart,9,34,1236.26
F15-RastriginRot,NM-Restart,9,35,0
F15-RastriginRot,NM-Restart,9,36,0
F15-RastriginRot,NM-Restart,9,37,0
F15-RastriginRot,NM-Restart,9,38,1075.64
F15-RastriginRot,NM-Restart,9,39,0
F15-RastriginRot,NM-Restart,9,40,0
F15-RastriginRot,NM-Restart,9,41,0
F15-RastriginRot,NM-Restart,9,42,1140.79
F15-RastriginRot,NM-Restart,9,43,1169.54
F15-RastriginRot,NM-Restart,9,44,1279.97
F15-RastriginRot,IPOP-CMA-ES,9,15,0.994959
F15-RastriginRot,IPOP-CMA-ES,9,16,0.994959
F15-RastriginRot,IPOP-CMA-ES,9,17,0.994959
F15-RastriginRot,IPOP-CMA-ES,9,18,0.994959
F15-RastriginRot,IPOP-CMA-ES,9,19,0.994959
F15-RastriginRot,IPOP-CMA-ES,9,20,829.841
F15-RastriginRot,IPOP-CMA-ES,9,21,0.994959
F15-RastriginRot,IPOP-CMA-ES,9,22,1515.22
F15-RastriginRot,IPOP-CMA-ES,9,23,0.994959
F15-RastriginRot,IPOP-CMA-ES,9,24,1052.62
F15-RastriginRot,IPOP-CMA-ES,9,25,1530.95
F15-RastriginRot,IPOP-CMA-ES,9,26,1480.82
F15-RastriginRot,IPOP-CMA-ES,9,27,1030.49
F15-RastriginRot,IPOP-CMA-ES,9,28,0.994959
F15-RastriginRot,IPOP-CMA-ES,9,29,1475.47
F15-RastriginRot,IPOP-CMA-ES,9,30,1337.77
F15-RastriginRot,IPOP-CMA-ES,9,31,0.994959
F15-RastriginRot,IPOP-CMA-ES,9,32,1241.74
F15-RastriginRot,IPOP-CMA-ES,9,33,0.994959
F15-RastriginRot,IPOP-CMA-ES,9,34,1357.91
F15-RastriginRot,IPOP-CMA-ES,9,35,0.994959
F15-RastriginRot,IPOP-CMA-ES,9,36,0.994959
F15-RastriginRot,IPOP-CMA-ES,9,37,0.994959
F15-RastriginRot,IPOP-CMA-ES,9,38,1178.78
F15-RastriginRot,IPOP-CMA-ES,9,39,0.994959
F15-RastriginRot,IPOP-CMA-ES,9,40,0.994959
F15-RastriginRot,IPOP-CMA-ES,9,41,0.994959
F15-RastriginRot,IPOP-CMA-ES,9,42,1168.55
F15-RastriginRot,IPOP-CMA-ES,9,43,1173.4
F15-RastriginRot,IPOP-CMA-ES,9,44,1372.03
F15-RastriginRot,DE,9,15,0
F15-RastriginRot,DE,9,16,1020.19
F15-RastriginRot,DE,9,17,0
F15-RastriginRot,DE,9,18,0
F15-RastriginRot,DE,9,19,0
F15-RastriginRot,DE,9,20,875.207
F15-RastriginRot,DE,9,21,0
F15-RastriginRot,DE,9,22,1588.75
F15-RastriginRot,DE,9,23,0
F15-RastriginRot,DE,9,24,1083.35
F15-RastriginRot,DE,9,25,1586.5
F15-RastriginRot,DE,9,26,1535.89
F15-RastriginRot,DE,9,27,1065.89
F15-RastriginRot,DE,9,28,0
F15-RastriginRot,DE,9,29,1553.19
F15-RastriginRot,DE,9,30,1368.42
F15-RastriginRot,DE,9,31,0
F15-RastriginRot,DE,9,32,1318.4
F15-RastriginRot,DE,9,33,0
F15-RastriginRot,DE,9,34,1401.95
F15-RastriginRot,DE,9,35,0
F15-RastriginRot,DE,9,36,0
F15-RastriginRot,DE,9,37,0
F15-RastriginRot,DE,9,38,1239.37
F15-RastriginRot,DE,9,39,0
F15-RastriginRot,DE,9,40,0
F15-RastriginRot,DE,9,41,0
F15-RastriginRot,DE,9,42,1246.62
F15-RastriginRot,DE,9,43,1249.99
F15-RastriginRot,DE,9,44,1438.42
F15-RastriginRot,PSO,9,15,1.25056e-12
F15-RastriginRot,PSO,9,16,1020.19
F15-RastriginRot,PSO,9,17,1.25056e-12
F15-RastriginRot,PSO,9,18,1.25056e-12
F15-RastriginRot,PSO,9,19,1.25056e-12
F15-RastriginRot,PSO,9,20,875.207
F15-RastriginRot,PSO,9,21,1.25056e-12
F15-RastriginRot,PSO,9,22,1588.75
F15-RastriginRot,PSO,9,23,1.25056e-12
F15-RastriginRot,PSO,9,24,1083.35
F15-RastriginRot,PSO,9,25,1586.5
F15-RastriginRot,PSO,9,26,1535.89
F15-RastriginRot,PSO,9,27,1065.89
F15-RastriginRot,PSO,9,28,1.25056e-12
F15-RastriginRot,PSO,9,29,1553.19
F15-RastriginRot,PSO,9,30,1368.42
F15-RastriginRot,PSO,9,31,1.25056e-12
F15-RastriginRot,PSO,9,32,1318.4
F15-RastriginRot,PSO,9,33,1.25056e-12
F15-RastriginRot,PSO,9,34,1401.95
F15-RastriginRot,PSO,9,35,1.25056e-12
F15-RastriginRot,PSO,9,36,1.25056e-12
F15-RastriginRot,PSO,9,37,1.25056e-12
F15-RastriginRot,PSO,9,38,1239.37
F15-RastriginRot,PSO,9,39,1.25056e-12
F15-RastriginRot,PSO,9,40,1.25056e-12
F15-RastriginRot,PSO,9,41,1.25056e-12
F15-RastriginRot,PSO,9,42,1246.62
F15-RastriginRot,PSO,9,43,1249.99
F15-RastriginRot,PSO,9,44,1438.42
F15-RastriginRot,Crowding-DE,9,15,0.456044
F15-RastriginRot,Crowding-DE,9,16,0.752639
F15-RastriginRot,Crowding-DE,9,17,0.456044
F15-RastriginRot,Crowding-DE,9,18,0.456044
F15-RastriginRot,Crowding-DE,9,19,0.456044
F15-RastriginRot,Crowding-DE,9,20,830.424
F15-RastriginRot,Crowding-DE,9,21,0.456044
F15-RastriginRot,Crowding-DE,9,22,1382.1
F15-RastriginRot,Crowding-DE,9,23,0.456044
F15-RastriginRot,Crowding-DE,9,24,1021.38
F15-RastriginRot,Crowding-DE,9,25,1393.78
F15-RastriginRot,Crowding-DE,9,26,1343.84
F15-RastriginRot,Crowding-DE,9,27,1051.73
F15-RastriginRot,Crowding-DE,9,28,0.456044
F15-RastriginRot,Crowding-DE,9,29,1355.87
F15-RastriginRot,Crowding-DE,9,30,1218.38
F15-RastriginRot,Crowding-DE,9,31,0.456044
F15-RastriginRot,Crowding-DE,9,32,1116.02
F15-RastriginRot,Crowding-DE,9,33,0.456044
F15-RastriginRot,Crowding-DE,9,34,1227.14
F15-RastriginRot,Crowding-DE,9,35,0.456044
F15-RastriginRot,Crowding-DE,9,36,0.456044
F15-RastriginRot,Crowding-DE,9,37,0.456044
F15-RastriginRot,Crowding-DE,9,38,1040.26
F15-RastriginRot,Crowding-DE,9,39,0.456044
F15-RastriginRot,Crowding-DE,9,40,0.456044
F15-RastriginRot,Crowding-DE,9,41,0.456044
F15-RastriginRot,Crowding-DE,9,42,1057.21
F15-RastriginRot,Crowding-DE,9,43,1078.94
F15-RastriginRot,Crowding-DE,9,44,1233.71
F15-RastriginRot,MAP-Elites,9,15,1.08066
F15-RastriginRot,MAP-Elites,9,16,0.759949
F15-RastriginRot,MAP-Elites,9,17,1.08066
F15-RastriginRot,MAP-Elites,9,18,1.08066
F15-RastriginRot,MAP-Elites,9,19,1.08066
F15-RastriginRot,MAP-Elites,9,20,829.509
F15-RastriginRot,MAP-Elites,9,21,1.08066
F15-RastriginRot,MAP-Elites,9,22,1517.34
F15-RastriginRot,MAP-Elites,9,23,1.08066
F15-RastriginRot,MAP-Elites,9,24,1021.49
F15-RastriginRot,MAP-Elites,9,25,1533.67
F15-RastriginRot,MAP-Elites,9,26,1483.55
F15-RastriginRot,MAP-Elites,9,27,1029.94
F15-RastriginRot,MAP-Elites,9,28,1.08066
F15-RastriginRot,MAP-Elites,9,29,1477.14
F15-RastriginRot,MAP-Elites,9,30,1329.87
F15-RastriginRot,MAP-Elites,9,31,1.08066
F15-RastriginRot,MAP-Elites,9,32,1243.59
F15-RastriginRot,MAP-Elites,9,33,1.08066
F15-RastriginRot,MAP-Elites,9,34,1360.8
F15-RastriginRot,MAP-Elites,9,35,1.08066
F15-RastriginRot,MAP-Elites,9,36,1.08066
F15-RastriginRot,MAP-Elites,9,37,1.08066
F15-RastriginRot,MAP-Elites,9,38,1181.39
F15-RastriginRot,MAP-Elites,9,39,1.08066
F15-RastriginRot,MAP-Elites,9,40,1.08066
F15-RastriginRot,MAP-Elites,9,41,1.08066
F15-RastriginRot,MAP-Elites,9,42,1170.01
F15-RastriginRot,MAP-Elites,9,43,1174.5
F15-RastriginRot,MAP-Elites,9,44,1374.47
F15-RastriginRot,MC-ESO-crowd,9,15,0.858006
F15-RastriginRot,MC-ESO-crowd,9,16,0.253685
F15-RastriginRot,MC-ESO-crowd,9,17,0.858006
F15-RastriginRot,MC-ESO-crowd,9,18,0.858006
F15-RastriginRot,MC-ESO-crowd,9,19,0.858006
F15-RastriginRot,MC-ESO-crowd,9,20,851.11
F15-RastriginRot,MC-ESO-crowd,9,21,0.858006
F15-RastriginRot,MC-ESO-crowd,9,22,1483.23
F15-RastriginRot,MC-ESO-crowd,9,23,0.858006
F15-RastriginRot,MC-ESO-crowd,9,24,1035.07
F15-RastriginRot,MC-ESO-crowd,9,25,1488.27
F15-RastriginRot,MC-ESO-crowd,9,26,1438
F15-RastriginRot,MC-ESO-crowd,9,27,1042.26
F15-RastriginRot,MC-ESO-crowd,9,28,0.858006
F15-RastriginRot,MC-ESO-crowd,9,29,1452.26
F15-RastriginRot,MC-ESO-crowd,9,30,1291.97
F15-RastriginRot,MC-ESO-crowd,9,31,0.858006
F15-RastriginRot,MC-ESO-crowd,9,32,1214.96
F15-RastriginRot,MC-ESO-crowd,9,33,0.858006
F15-RastriginRot,MC-ESO-crowd,9,34,1312.88
F15-RastriginRot,MC-ESO-crowd,9,35,0.858006
F15-RastriginRot,MC-ESO-crowd,9,36,0.858006
F15-RastriginRot,MC-ESO-crowd,9,37,0.858006
F15-RastriginRot,MC-ESO-crowd,9,38,1137.85
F15-RastriginRot,MC-ESO-crowd,9,39,0.858006
F15-RastriginRot,MC-ESO-crowd,9,40,0.858006
F15-RastriginRot,MC-ESO-crowd,9,41,0.858006
F15-RastriginRot,MC-ESO-crowd,9,42,1149.64
F15-RastriginRot,MC-ESO-crowd,9,43,1162.21
F15-RastriginRot,MC-ESO-crowd,9,44,1334
F15-RastriginRot,quality,9,15,1.98992
F15-RastriginRot,quality,9,16,2.98487
F15-RastriginRot,quality,9,17,1.98992
F15-RastriginRot,quality,9,18,1.98992
F15-RastriginRot,quality,9,19,1.98992
F15-RastriginRot,quality,9,20,830.503
F15-RastriginRot,quality,9,21,1.98992
F15-RastriginRot,quality,9,22,1384.16
F15-RastriginRot,quality,9,23,1.98992
F15-RastriginRot,quality,9,24,1021.37
F15-RastriginRot,quality,9,25,1395.78
F15-RastriginRot,quality,9,26,1345.83
F15-RastriginRot,quality,9,27,1051.47
F15-RastriginRot,quality,9,28,1.98992
F15-RastriginRot,quality,9,29,1357.77
F15-RastriginRot,quality,9,30,1219.98
F15-RastriginRot,quality,9,31,1.98992
F15-RastriginRot,quality,9,32,1118
F15-RastriginRot,quality,9,33,1.98992
F15-RastriginRot,quality,9,34,1228.98
F15-RastriginRot,quality,9,35,1.98992
F15-RastriginRot,quality,9,36,1.98992
F15-RastriginRot,quality,9,37,1.98992
F15-RastriginRot,quality,9,38,1042.31
F15-RastriginRot,quality,9,39,1.98992
F15-RastriginRot,quality,9,40,1.98992
F15-RastriginRot,quality,9,41,1.98992
F15-RastriginRot,quality,9,42,1059
F15-RastriginRot,quality,9,43,1080.5
F15-RastriginRot,quality,9,44,1235.79
F15-RastriginRot,complement,9,15,3.97983
F15-RastriginRot,complement,9,16,2.98487
F15-RastriginRot,complement,9,17,3.97983
F15-RastriginRot,complement,9,18,3.97983
F15-RastriginRot,complement,9,19,9.94956
F15-RastriginRot,complement,9,20,824.876
F15-RastriginRot,complement,9,21,3.97983
F15-RastriginRot,complement,9,22,7.95814
F15-RastriginRot,complement,9,23,3.97983
F15-RastriginRot,complement,9,24,1115.05
F15-RastriginRot,complement,9,25,36.8113
F15-RastriginRot,complement,9,26,36.8113
F15-RastriginRot,complement,9,27,1051.47
F15-RastriginRot,complement,9,28,3.97983
F15-RastriginRot,complement,9,29,7.95814
F15-RastriginRot,complement,9,30,10.9441
F15-RastriginRot,complement,9,31,3.97983
F15-RastriginRot,complement,9,32,22.8836
F15-RastriginRot,complement,9,33,3.97983
F15-RastriginRot,complement,9,34,10.9441
F15-RastriginRot,complement,9,35,3.97983
F15-RastriginRot,complement,9,36,3.97983
F15-RastriginRot,complement,9,37,3.97983
F15-RastriginRot,complement,9,38,0
F15-RastriginRot,complement,9,39,3.97983
F15-RastriginRot,complement,9,40,3.97983
F15-RastriginRot,complement,9,41,3.97983
F15-RastriginRot,complement,9,42,0
F15-RastriginRot,complement,9,43,22.8836
F15-RastriginRot,complement,9,44,10.9441
F15-RastriginRot,MC-ESO,10,15,0
F15-RastriginRot,MC-ESO,10,16,0
F15-RastriginRot,MC-ESO,10,17,811.949
F15-RastriginRot,MC-ESO,10,18,849.652
F15-RastriginRot,MC-ESO,10,19,0
F15-RastriginRot,MC-ESO,10,20,906.744
F15-RastriginRot,MC-ESO,10,21,1026.33
F15-RastriginRot,MC-ESO,10,22,787.324
F15-RastriginRot,MC-ESO,10,23,0
F15-RastriginRot,MC-ESO,10,24,746.184
F15-RastriginRot,MC-ESO,10,25,846.812
F15-RastriginRot,MC-ESO,10,26,912.387
F15-RastriginRot,MC-ESO,10,27,964.463
F15-RastriginRot,MC-ESO,10,28,740.141
F15-RastriginRot,MC-ESO,10,29,953.168
F15-RastriginRot,MC-ESO,10,30,0
F15-RastriginRot,MC-ESO,10,31,0
F15-RastriginRot,MC-ESO,10,32,0
F15-RastriginRot,MC-ESO,10,33,1011.22
F15-RastriginRot,MC-ESO,10,34,0
F15-RastriginRot,MC-ESO,10,35,938.033
F15-RastriginRot,MC-ESO,10,36,831.533
F15-RastriginRot,MC-ESO,10,37,909.829
F15-RastriginRot,MC-ESO,10,38,0
F15-RastriginRot,MC-ESO,10,39,1.98779e-06
F15-RastriginRot,MC-ESO,10,40,968.328
F15-RastriginRot,MC-ESO,10,41,0
F15-RastriginRot,MC-ESO,10,42,0
F15-RastriginRot,MC-ESO,10,43,0
F15-RastriginRot,MC-ESO,10,44,0
F15-RastriginRot,NMMSO,10,15,0.997024
F15-RastriginRot,NMMSO,10,16,0.997024
F15-RastriginRot,NMMSO,10,17,786.463
F15-RastriginRot,NMMSO,10,18,818.239
F15-RastriginRot,NMMSO,10,19,0.997024
F15-RastriginRot,NMMSO,10,20,856.024
F15-RastriginRot,NMMSO,10,21,971.553
F15-RastriginRot,NMMSO,10,22,748.407
F15-RastriginRot,NMMSO,10,23,0.997024
F15-RastriginRot,NMMSO,10,24,0.996207
F15-RastriginRot,NMMSO,10,25,798.824
F15-RastriginRot,NMMSO,10,26,859.099
F15-RastriginRot,NMMSO,10,27,945.895
F15-RastriginRot,NMMSO,10,28,2.98517
F15-RastriginRot,NMMSO,10,29,942.157
F15-RastriginRot,NMMSO,10,30,0.997024
F15-RastriginRot,NMMSO,10,31,0.997024
F15-RastriginRot,NMMSO,10,32,0.997024
F15-RastriginRot,NMMSO,10,33,959.311
F15-RastriginRot,NMMSO,10,34,0.997024
F15-RastriginRot,NMMSO,10,35,883.413
F15-RastriginRot,NMMSO,10,36,799.269
F15-RastriginRot,NMMSO,10,37,884.348
F15-RastriginRot,NMMSO,10,38,0.997024
F15-RastriginRot,NMMSO,10,39,0.00206473
F15-RastriginRot,NMMSO,10,40,923.004
F15-RastriginRot,NMMSO,10,41,0.997024
F15-RastriginRot,NMMSO,10,42,0.997024
F15-RastriginRot,NMMSO,10,43,0.997024
F15-RastriginRot,NMMSO,10,44,0.997024
F15-RastriginRot,NCDE,10,15,0.0154505
F15-RastriginRot,NCDE,10,16,0.0154505
F15-RastriginRot,NCDE,10,17,798.124
F15-RastriginRot,NCDE,10,18,807.46
F15-RastriginRot,NCDE,10,19,0.0154505
F15-RastriginRot,NCDE,10,20,861.384
F15-RastriginRot,NCDE,10,21,962.148
F15-RastriginRot,NCDE,10,22,1.09914
F15-RastriginRot,NCDE,10,23,0.0154505
F15-RastriginRot,NCDE,10,24,1.09914
F15-RastriginRot,NCDE,10,25,803.04
F15-RastriginRot,NCDE,10,26,861.914
F15-RastriginRot,NCDE,10,27,895.129
F15-RastriginRot,NCDE,10,28,4.08401
F15-RastriginRot,NCDE,10,29,890.317
F15-RastriginRot,NCDE,10,30,0.0154505
F15-RastriginRot,NCDE,10,31,0.0154505
F15-RastriginRot,NCDE,10,32,0.0154505
F15-RastriginRot,NCDE,10,33,965.261
F15-RastriginRot,NCDE,10,34,0.0154505
F15-RastriginRot,NCDE,10,35,878.285
F15-RastriginRot,NCDE,10,36,790.398
F15-RastriginRot,NCDE,10,37,860.774
F15-RastriginRot,NCDE,10,38,0.0154505
F15-RastriginRot,NCDE,10,39,4.08401
F15-RastriginRot,NCDE,10,40,887.626
F15-RastriginRot,NCDE,10,41,0.0154505
F15-RastriginRot,NCDE,10,42,0.0154505
F15-RastriginRot,NCDE,10,43,0.0154505
F15-RastriginRot,NCDE,10,44,0.0154505
F15-RastriginRot,r3pso,10,15,7.70297e-09
F15-RastriginRot,r3pso,10,16,7.70297e-09
F15-RastriginRot,r3pso,10,17,827.34
F15-RastriginRot,r3pso,10,18,849.653
F15-RastriginRot,r3pso,10,19,7.70297e-09
F15-RastriginRot,r3pso,10,20,906.748
F15-RastriginRot,r3pso,10,21,1026.33
F15-RastriginRot,r3pso,10,22,787.328
F15-RastriginRot,r3pso,10,23,7.70297e-09
F15-RastriginRot,r3pso,10,24,746.187
F15-RastriginRot,r3pso,10,25,846.815
F15-RastriginRot,r3pso,10,26,912.391
F15-RastriginRot,r3pso,10,27,964.465
F15-RastriginRot,r3pso,10,28,740.141
F15-RastriginRot,r3pso,10,29,953.17
F15-RastriginRot,r3pso,10,30,7.70297e-09
F15-RastriginRot,r3pso,10,31,7.70297e-09
F15-RastriginRot,r3pso,10,32,7.70297e-09
F15-RastriginRot,r3pso,10,33,1011.22
F15-RastriginRot,r3pso,10,34,7.70297e-09
F15-RastriginRot,r3pso,10,35,938.038
F15-RastriginRot,r3pso,10,36,831.533
F15-RastriginRot,r3pso,10,37,909.83
F15-RastriginRot,r3pso,10,38,7.70297e-09
F15-RastriginRot,r3pso,10,39,4.26326e-11
F15-RastriginRot,r3pso,10,40,968.332
F15-RastriginRot,r3pso,10,41,7.70297e-09
F15-RastriginRot,r3pso,10,42,7.70297e-09
F15-RastriginRot,r3pso,10,43,7.70297e-09
F15-RastriginRot,r3pso,10,44,7.70297e-09
F15-RastriginRot,NM-Restart,10,15,0.994959
F15-RastriginRot,NM-Restart,10,16,0.994959
F15-RastriginRot,NM-Restart,10,17,771.806
F15-RastriginRot,NM-Restart,10,18,791.098
F15-RastriginRot,NM-Restart,10,19,0.994959
F15-RastriginRot,NM-Restart,10,20,812.534
F15-RastriginRot,NM-Restart,10,21,893.144
F15-RastriginRot,NM-Restart,10,22,0.994959
F15-RastriginRot,NM-Restart,10,23,0.994959
F15-RastriginRot,NM-Restart,10,24,0.994959
F15-RastriginRot,NM-Restart,10,25,767.087
F15-RastriginRot,NM-Restart,10,26,800.977
F15-RastriginRot,NM-Restart,10,27,847.212
F15-RastriginRot,NM-Restart,10,28,3.97983
F15-RastriginRot,NM-Restart,10,29,850.712
F15-RastriginRot,NM-Restart,10,30,0.994959
F15-RastriginRot,NM-Restart,10,31,0.994959
F15-RastriginRot,NM-Restart,10,32,0.994959
F15-RastriginRot,NM-Restart,10,33,909.75
F15-RastriginRot,NM-Restart,10,34,0.994959
F15-RastriginRot,NM-Restart,10,35,811.675
F15-RastriginRot,NM-Restart,10,36,773.296
F15-RastriginRot,NM-Restart,10,37,837.115
F15-RastriginRot,NM-Restart,10,38,0.994959
F15-RastriginRot,NM-Restart,10,39,0
F15-RastriginRot,NM-Restart,10,40,816.272
F15-RastriginRot,NM-Restart,10,41,0.994959
F15-RastriginRot,NM-Restart,10,42,0.994959
F15-RastriginRot,NM-Restart,10,43,0.994959
F15-RastriginRot,NM-Restart,10,44,0.994959
F15-RastriginRot,IPOP-CMA-ES,10,15,0.0236836
F15-RastriginRot,IPOP-CMA-ES,10,16,0.0236836
F15-RastriginRot,IPOP-CMA-ES,10,17,810.935
F15-RastriginRot,IPOP-CMA-ES,10,18,841.988
F15-RastriginRot,IPOP-CMA-ES,10,19,0.0236836
F15-RastriginRot,IPOP-CMA-ES,10,20,964.984
F15-RastriginRot,IPOP-CMA-ES,10,21,1085.07
F15-RastriginRot,IPOP-CMA-ES,10,22,825.159
F15-RastriginRot,IPOP-CMA-ES,10,23,0.0236836
F15-RastriginRot,IPOP-CMA-ES,10,24,763.79
F15-RastriginRot,IPOP-CMA-ES,10,25,899.384
F15-RastriginRot,IPOP-CMA-ES,10,26,972.111
F15-RastriginRot,IPOP-CMA-ES,10,27,981.637
F15-RastriginRot,IPOP-CMA-ES,10,28,6.04992
F15-RastriginRot,IPOP-CMA-ES,10,29,963.122
F15-RastriginRot,IPOP-CMA-ES,10,30,0.0236836
F15-RastriginRot,IPOP-CMA-ES,10,31,0.0236836
F15-RastriginRot,IPOP-CMA-ES,10,32,0.0236836
F15-RastriginRot,IPOP-CMA-ES,10,33,1070.54
F15-RastriginRot,IPOP-CMA-ES,10,34,0.0236836
F15-RastriginRot,IPOP-CMA-ES,10,35,997.463
F15-RastriginRot,IPOP-CMA-ES,10,36,823.103
F15-RastriginRot,IPOP-CMA-ES,10,37,907.398
F15-RastriginRot,IPOP-CMA-ES,10,38,0.0236836
F15-RastriginRot,IPOP-CMA-ES,10,39,6.04992
F15-RastriginRot,IPOP-CMA-ES,10,40,1013.3
F15-RastriginRot,IPOP-CMA-ES,10,41,0.0236836
F15-RastriginRot,IPOP-CMA-ES,10,42,0.0236836
F15-RastriginRot,IPOP-CMA-ES,10,43,0.0236836
F15-RastriginRot,IPOP-CMA-ES,10,44,0.0236836
F15-RastriginRot,DE,10,15,0
F15-RastriginRot,DE,10,16,0
F15-RastriginRot,DE,10,17,830.518
F15-RastriginRot,DE,10,18,865.912
F15-RastriginRot,DE,10,19,0
F15-RastriginRot,DE,10,20,965.448
F15-RastriginRot,DE,10,21,1098.55
F15-RastriginRot,DE,10,22,855.089
F15-RastriginRot,DE,10,23,0
F15-RastriginRot,DE,10,24,794.583
F15-RastriginRot,DE,10,25,899.823
F15-RastriginRot,DE,10,26,977.482
F15-RastriginRot,DE,10,27,1012.38
F15-RastriginRot,DE,10,28,752.448
F15-RastriginRot,DE,10,29,992.681
F15-RastriginRot,DE,10,30,0
F15-RastriginRot,DE,10,31,0
F15-RastriginRot,DE,10,32,0
F15-RastriginRot,DE,10,33,1072.68
F15-RastriginRot,DE,10,34,0
F15-RastriginRot,DE,10,35,1008.19
F15-RastriginRot,DE,10,36,846.691
F15-RastriginRot,DE,10,37,933.407
F15-RastriginRot,DE,10,38,0
F15-RastriginRot,DE,10,39,756.418
F15-RastriginRot,DE,10,40,1040.9
F15-RastriginRot,DE,10,41,0
F15-RastriginRot,DE,10,42,0
F15-RastriginRot,DE,10,43,0
F15-RastriginRot,DE,10,44,0
F15-RastriginRot,PSO,10,15,4.11546e-11
F15-RastriginRot,PSO,10,16,4.11546e-11
F15-RastriginRot,PSO,10,17,830.518
F15-RastriginRot,PSO,10,18,865.912
F15-RastriginRot,PSO,10,19,4.11546e-11
F15-RastriginRot,PSO,10,20,965.448
F15-RastriginRot,PSO,10,21,1098.55
F15-RastriginRot,PSO,10,22,855.089
F15-RastriginRot,PSO,10,23,4.11546e-11
F15-RastriginRot,PSO,10,24,794.583
F15-RastriginRot,PSO,10,25,899.823
F15-RastriginRot,PSO,10,26,977.482
F15-RastriginRot,PSO,10,27,1012.38
F15-RastriginRot,PSO,10,28,752.448
F15-RastriginRot,PSO,10,29,992.681
F15-RastriginRot,PSO,10,30,4.11546e-11
F15-RastriginRot,PSO,10,31,4.11546e-11
F15-RastriginRot,PSO,10,32,4.11546e-11
F15-RastriginRot,PSO,10,33,1072.68
F15-RastriginRot,PSO,10,34,4.11546e-11
F15-RastriginRot,PSO,10,35,1008.19
F15-RastriginRot,PSO,10,36,846.691
F15-RastriginRot,PSO,10,37,933.407
F15-RastriginRot,PSO,10,38,4.11546e-11
F15-RastriginRot,PSO,10,39,756.418
F15-RastriginRot,PSO,10,40,1040.9
F15-RastriginRot,PSO,10,41,4.11546e-11
F15-RastriginRot,PSO,10,42,4.11546e-11
F15-RastriginRot,PSO,10,43,4.11546e-11
F15-RastriginRot,PSO,10,44,4.11546e-11
F15-RastriginRot,Crowding-DE,10,15,0.374543
F15-RastriginRot,Crowding-DE,10,16,0.374543
F15-RastriginRot,Crowding-DE,10,17,811.711
F15-RastriginRot,Crowding-DE,10,18,833.992
F15-RastriginRot,Crowding-DE,10,19,0.374543
F15-RastriginRot,Crowding-DE,10,20,851.48
F15-RastriginRot,Crowding-DE,10,21,957.09
F15-RastriginRot,Crowding-DE,10,22,0.0526499
F15-RastriginRot,Crowding-DE,10,23,0.374543
F15-RastriginRot,Crowding-DE,10,24,0.0526499
F15-RastriginRot,Crowding-DE,10,25,797.335
F15-RastriginRot,Crowding-DE,10,26,850.578
F15-RastriginRot,Crowding-DE,10,27,917.685
F15-RastriginRot,Crowding-DE,10,28,3.03752
F15-RastriginRot,Crowding-DE,10,29,914.612
F15-RastriginRot,Crowding-DE,10,30,0.374543
F15-RastriginRot,Crowding-DE,10,31,0.374543
F15-RastriginRot,Crowding-DE,10,32,0.374543
F15-RastriginRot,Crowding-DE,10,33,953.142
F15-RastriginRot,Crowding-DE,10,34,0.374543
F15-RastriginRot,Crowding-DE,10,35,870.973
F15-RastriginRot,Crowding-DE,10,36,816.961
F15-RastriginRot,Crowding-DE,10,37,886.943
F15-RastriginRot,Crowding-DE,10,38,0.374543
F15-RastriginRot,Crowding-DE,10,39,0.4041
F15-RastriginRot,Crowding-DE,10,40,897.856
F15-RastriginRot,Crowding-DE,10,41,0.374543
F15-RastriginRot,Crowding-DE,10,42,0.374543
F15-RastriginRot,Crowding-DE,10,43,0.374543
F15-RastriginRot,Crowding-DE,10,44,0.374543
F15-RastriginRot,MAP-Elites,10,15,1.46939
F15-RastriginRot,MAP-Elites,10,16,1.46939
F15-RastriginRot,MAP-Elites,10,17,798.205
F15-RastriginRot,MAP-Elites,10,18,807.759
F15-RastriginRot,MAP-Elites,10,19,1.46939
F15-RastriginRot,MAP-Elites,10,20,867.492
F15-RastriginRot,MAP-Elites,10,21,963.371
F15-RastriginRot,MAP-Elites,10,22,1.1069
F15-RastriginRot,MAP-Elites,10,23,1.46939
F15-RastriginRot,MAP-Elites,10,24,1.1069
F15-RastriginRot,MAP-Elites,10,25,815.829
F15-RastriginRot,MAP-Elites,10,26,863.018
F15-RastriginRot,MAP-Elites,10,27,895.953
F15-RastriginRot,MAP-Elites,10,28,0.474435
F15-RastriginRot,MAP-Elites,10,29,891.001
F15-RastriginRot,MAP-Elites,10,30,1.46939
F15-RastriginRot,MAP-Elites,10,31,1.46939
F15-RastriginRot,MAP-Elites,10,32,1.46939
F15-RastriginRot,MAP-Elites,10,33,967.744
F15-RastriginRot,MAP-Elites,10,34,1.46939
F15-RastriginRot,MAP-Elites,10,35,879.474
F15-RastriginRot,MAP-Elites,10,36,790.679
F15-RastriginRot,MAP-Elites,10,37,861.194
F15-RastriginRot,MAP-Elites,10,38,1.46939
F15-RastriginRot,MAP-Elites,10,39,0.474435
F15-RastriginRot,MAP-Elites,10,40,888.858
F15-RastriginRot,MAP-Elites,10,41,1.46939
F15-RastriginRot,MAP-Elites,10,42,1.46939
F15-RastriginRot,MAP-Elites,10,43,1.46939
F15-RastriginRot,MAP-Elites,10,44,1.46939
F15-RastriginRot,MC-ESO-crowd,10,15,1.03401
F15-RastriginRot,MC-ESO-crowd,10,16,1.03401
F15-RastriginRot,MC-ESO-crowd,10,17,807.068
F15-RastriginRot,MC-ESO-crowd,10,18,840.742
F15-RastriginRot,MC-ESO-crowd,10,19,1.03401
F15-RastriginRot,MC-ESO-crowd,10,20,906.248
F15-RastriginRot,MC-ESO-crowd,10,21,1025.73
F15-RastriginRot,MC-ESO-crowd,10,22,786.802
F15-RastriginRot,MC-ESO-crowd,10,23,1.03401
F15-RastriginRot,MC-ESO-crowd,10,24,745.842
F15-RastriginRot,MC-ESO-crowd,10,25,846.36
F15-RastriginRot,MC-ESO-crowd,10,26,911.843
F15-RastriginRot,MC-ESO-crowd,10,27,964.125
F15-RastriginRot,MC-ESO-crowd,10,28,0.0862257
F15-RastriginRot,MC-ESO-crowd,10,29,952.905
F15-RastriginRot,MC-ESO-crowd,10,30,1.03401
F15-RastriginRot,MC-ESO-crowd,10,31,1.03401
F15-RastriginRot,MC-ESO-crowd,10,32,1.03401
F15-RastriginRot,MC-ESO-crowd,10,33,1010.7
F15-RastriginRot,MC-ESO-crowd,10,34,1.03401
F15-RastriginRot,MC-ESO-crowd,10,35,937.453
F15-RastriginRot,MC-ESO-crowd,10,36,821.638
F15-RastriginRot,MC-ESO-crowd,10,37,907.601
F15-RastriginRot,MC-ESO-crowd,10,38,1.03401
F15-RastriginRot,MC-ESO-crowd,10,39,0.0390539
F15-RastriginRot,MC-ESO-crowd,10,40,967.757
F15-RastriginRot,MC-ESO-crowd,10,41,1.03401
F15-RastriginRot,MC-ESO-crowd,10,42,1.03401
F15-RastriginRot,MC-ESO-crowd,10,43,1.03401
F15-RastriginRot,MC-ESO-crowd,10,44,1.03401
F15-RastriginRot,quality,10,15,1.16984e-10
F15-RastriginRot,quality,10,16,1.16984e-10
F15-RastriginRot,quality,10,17,786.442
F15-RastriginRot,quality,10,18,818.201
F15-RastriginRot,quality,10,19,1.16984e-10
F15-RastriginRot,quality,10,20,851.951
F15-RastriginRot,quality,10,21,957.738
F15-RastriginRot,quality,10,22,0
F15-RastriginRot,quality,10,23,1.16984e-10
F15-RastriginRot,quality,10,24,0
F15-RastriginRot,quality,10,25,797.739
F15-RastriginRot,quality,10,26,851.128
F15-RastriginRot,quality,10,27,918.217
F15-RastriginRot,quality,10,28,0
F15-RastriginRot,quality,10,29,915.069
F15-RastriginRot,quality,10,30,1.16984e-10
F15-RastriginRot,quality,10,31,1.16984e-10
F15-RastriginRot,quality,10,32,1.16984e-10
F15-RastriginRot,quality,10,33,953.647
F15-RastriginRot,quality,10,34,1.16984e-10
F15-RastriginRot,quality,10,35,871.591
F15-RastriginRot,quality,10,36,799.232
F15-RastriginRot,quality,10,37,884.301
F15-RastriginRot,quality,10,38,1.16984e-10
F15-RastriginRot,quality,10,39,0
F15-RastriginRot,quality,10,40,898.576
F15-RastriginRot,quality,10,41,1.16984e-10
F15-RastriginRot,quality,10,42,1.16984e-10
F15-RastriginRot,quality,10,43,1.16984e-10
F15-RastriginRot,quality,10,44,1.16984e-10
F15-RastriginRot,complement,10,15,1.16984e-10
F15-RastriginRot,complement,10,16,1.16984e-10
F15-RastriginRot,complement,10,17,35.817
F15-RastriginRot,complement,10,18,0
F15-RastriginRot,complement,10,19,1.16984e-10
F15-RastriginRot,complement,10,20,41.7868
F15-RastriginRot,complement,10,21,0
F15-RastriginRot,complement,10,22,15.9192
F15-RastriginRot,complement,10,23,1.16984e-10
F15-RastriginRot,complement,10,24,15.9192
F15-RastriginRot,complement,10,25,75.6101
F15-RastriginRot,complement,10,26,41.7868
F15-RastriginRot,complement,10,27,35.817
F15-RastriginRot,complement,10,28,18.9041
F15-RastriginRot,complement,10,29,33.8272
F15-RastriginRot,complement,10,30,1.16984e-10
F15-RastriginRot,complement,10,31,1.16984e-10
F15-RastriginRot,complement,10,32,1.16984e-10
F15-RastriginRot,complement,10,33,0
F15-RastriginRot,complement,10,34,1.16984e-10
F15-RastriginRot,complement,10,35,41.7868
F15-RastriginRot,complement,10,36,1.98987
F15-RastriginRot,complement,10,37,14.9237
F15-RastriginRot,complement,10,38,1.16984e-10
F15-RastriginRot,complement,10,39,18.9041
F15-RastriginRot,complement,10,40,38.8019
F15-RastriginRot,complement,10,41,1.16984e-10
F15-RastriginRot,complement,10,42,1.16984e-10
F15-RastriginRot,complement,10,43,1.16984e-10
F15-RastriginRot,complement,10,44,1.16984e-10
F15-RastriginRot,MC-ESO,11,15,0
F15-RastriginRot,MC-ESO,11,16,1696.2
F15-RastriginRot,MC-ESO,11,17,1733.75
F15-RastriginRot,MC-ESO,11,18,182.635
F15-RastriginRot,MC-ESO,11,19,1238.05
F15-RastriginRot,MC-ESO,11,20,0
F15-RastriginRot,MC-ESO,11,21,1515.86
F15-RastriginRot,MC-ESO,11,22,1663.21
F15-RastriginRot,MC-ESO,11,23,1888.65
F15-RastriginRot,MC-ESO,11,24,0
F15-RastriginRot,MC-ESO,11,25,1404.86
F15-RastriginRot,MC-ESO,11,26,4.84528
F15-RastriginRot,MC-ESO,11,27,0
F15-RastriginRot,MC-ESO,11,28,0
F15-RastriginRot,MC-ESO,11,29,1352.24
F15-RastriginRot,MC-ESO,11,30,1754.05
F15-RastriginRot,MC-ESO,11,31,1314.42
F15-RastriginRot,MC-ESO,11,32,0
F15-RastriginRot,MC-ESO,11,33,0
F15-RastriginRot,MC-ESO,11,34,0
F15-RastriginRot,MC-ESO,11,35,0
F15-RastriginRot,MC-ESO,11,36,0
F15-RastriginRot,MC-ESO,11,37,0
F15-RastriginRot,MC-ESO,11,38,0
F15-RastriginRot,MC-ESO,11,39,0
F15-RastriginRot,MC-ESO,11,40,0
F15-RastriginRot,MC-ESO,11,41,0
F15-RastriginRot,MC-ESO,11,42,0
F15-RastriginRot,MC-ESO,11,43,1683.17
F15-RastriginRot,MC-ESO,11,44,1794.8
F15-RastriginRot,NMMSO,11,15,1.30378e-08
F15-RastriginRot,NMMSO,11,16,1450.03
F15-RastriginRot,NMMSO,11,17,1484.36
F15-RastriginRot,NMMSO,11,18,131.856
F15-RastriginRot,NMMSO,11,19,1270.96
F15-RastriginRot,NMMSO,11,20,1.30378e-08
F15-RastriginRot,NMMSO,11,21,1445.42
F15-RastriginRot,NMMSO,11,22,1560.22
F15-RastriginRot,NMMSO,11,23,1673.47
F15-RastriginRot,NMMSO,11,24,1.30378e-08
F15-RastriginRot,NMMSO,11,25,0.0131793
F15-RastriginRot,NMMSO,11,26,1269.74
F15-RastriginRot,NMMSO,11,27,1.30378e-08
F15-RastriginRot,NMMSO,11,28,1.30378e-08
F15-RastriginRot,NMMSO,11,29,1385.53
F15-RastriginRot,NMMSO,11,30,1511.24
F15-RastriginRot,NMMSO,11,31,1347.47
F15-RastriginRot,NMMSO,11,32,1.30378e-08
F15-RastriginRot,NMMSO,11,33,1.30378e-08
F15-RastriginRot,NMMSO,11,34,1.30378e-08
F15-RastriginRot,NMMSO,11,35,1.30378e-08
F15-RastriginRot,NMMSO,11,36,1.30378e-08
F15-RastriginRot,NMMSO,11,37,1.30378e-08
F15-RastriginRot,NMMSO,11,38,1.30378e-08
F15-RastriginRot,NMMSO,11,39,1.30378e-08
F15-RastriginRot,NMMSO,11,40,1.30378e-08
F15-RastriginRot,NMMSO,11,41,1.30378e-08
F15-RastriginRot,NMMSO,11,42,1.30378e-08
F15-RastriginRot,NMMSO,11,43,1538.81
F15-RastriginRot,NMMSO,11,44,1549.88
F15-RastriginRot,NCDE,11,15,0.0454265
F15-RastriginRot,NCDE,11,16,1432.47
F15-RastriginRot,NCDE,11,17,1479.33
F15-RastriginRot,NCDE,11,18,102.926
F15-RastriginRot,NCDE,11,19,0.381333
F15-RastriginRot,NCDE,11,20,0.0454265
F15-RastriginRot,NCDE,11,21,1399.54
F15-RastriginRot,NCDE,11,22,1515.21
F15-RastriginRot,NCDE,11,23,1689.23
F15-RastriginRot,NCDE,11,24,0.0454265
F15-RastriginRot,NCDE,11,25,1.66293
F15-RastriginRot,NCDE,11,26,1300.35
F15-RastriginRot,NCDE,11,27,0.0454265
F15-RastriginRot,NCDE,11,28,0.0454265
F15-RastriginRot,NCDE,11,29,1312.59
F15-RastriginRot,NCDE,11,30,1491.01
F15-RastriginRot,NCDE,11,31,1269.91
F15-RastriginRot,NCDE,11,32,0.0454265
F15-RastriginRot,NCDE,11,33,0.0454265
F15-RastriginRot,NCDE,11,34,0.0454265
F15-RastriginRot,NCDE,11,35,0.0454265
F15-RastriginRot,NCDE,11,36,0.0454265
F15-RastriginRot,NCDE,11,37,0.0454265
F15-RastriginRot,NCDE,11,38,0.0454265
F15-RastriginRot,NCDE,11,39,0.0454265
F15-RastriginRot,NCDE,11,40,0.0454265
F15-RastriginRot,NCDE,11,41,0.0454265
F15-RastriginRot,NCDE,11,42,0.0454265
F15-RastriginRot,NCDE,11,43,1496.42
F15-RastriginRot,NCDE,11,44,1531.23
F15-RastriginRot,r3pso,11,15,4.88853e-11
F15-RastriginRot,r3pso,11,16,1451.54
F15-RastriginRot,r3pso,11,17,1485.9
F15-RastriginRot,r3pso,11,18,132.354
F15-RastriginRot,r3pso,11,19,1270.89
F15-RastriginRot,r3pso,11,20,4.88853e-11
F15-RastriginRot,r3pso,11,21,1445.85
F15-RastriginRot,r3pso,11,22,1560.84
F15-RastriginRot,r3pso,11,23,1674.81
F15-RastriginRot,r3pso,11,24,4.88853e-11
F15-RastriginRot,r3pso,11,25,0.0363599
F15-RastriginRot,r3pso,11,26,1298.34
F15-RastriginRot,r3pso,11,27,4.88853e-11
F15-RastriginRot,r3pso,11,28,4.88853e-11
F15-RastriginRot,r3pso,11,29,1385.43
F15-RastriginRot,r3pso,11,30,1512.72
F15-RastriginRot,r3pso,11,31,1347.39
F15-RastriginRot,r3pso,11,32,4.88853e-11
F15-RastriginRot,r3pso,11,33,4.88853e-11
F15-RastriginRot,r3pso,11,34,4.88853e-11
F15-RastriginRot,r3pso,11,35,4.88853e-11
F15-RastriginRot,r3pso,11,36,4.88853e-11
F15-RastriginRot,r3pso,11,37,4.88853e-11
F15-RastriginRot,r3pso,11,38,4.88853e-11
F15-RastriginRot,r3pso,11,39,4.88853e-11
F15-RastriginRot,r3pso,11,40,4.88853e-11
F15-RastriginRot,r3pso,11,41,4.88853e-11
F15-RastriginRot,r3pso,11,42,4.88853e-11
F15-RastriginRot,r3pso,11,43,1539.68
F15-RastriginRot,r3pso,11,44,1551.38
F15-RastriginRot,NM-Restart,11,15,0
F15-RastriginRot,NM-Restart,11,16,1450.41
F15-RastriginRot,NM-Restart,11,17,1484.8
F15-RastriginRot,NM-Restart,11,18,132.152
F15-RastriginRot,NM-Restart,11,19,1238.68
F15-RastriginRot,NM-Restart,11,20,0
F15-RastriginRot,NM-Restart,11,21,1442.66
F15-RastriginRot,NM-Restart,11,22,1560.21
F15-RastriginRot,NM-Restart,11,23,1673.92
F15-RastriginRot,NM-Restart,11,24,0
F15-RastriginRot,NM-Restart,11,25,0
F15-RastriginRot,NM-Restart,11,26,1351.13
F15-RastriginRot,NM-Restart,11,27,0
F15-RastriginRot,NM-Restart,11,28,0
F15-RastriginRot,NM-Restart,11,29,1361.02
F15-RastriginRot,NM-Restart,11,30,1511.59
F15-RastriginRot,NM-Restart,11,31,1317.8
F15-RastriginRot,NM-Restart,11,32,0
F15-RastriginRot,NM-Restart,11,33,0
F15-RastriginRot,NM-Restart,11,34,0
F15-RastriginRot,NM-Restart,11,35,0
F15-RastriginRot,NM-Restart,11,36,0
F15-RastriginRot,NM-Restart,11,37,0
F15-RastriginRot,NM-Restart,11,38,0
F15-RastriginRot,NM-Restart,11,39,0
F15-RastriginRot,NM-Restart,11,40,0
F15-RastriginRot,NM-Restart,11,41,0
F15-RastriginRot,NM-Restart,11,42,0
F15-RastriginRot,NM-Restart,11,43,1538.89
F15-RastriginRot,NM-Restart,11,44,1550.25
F15-RastriginRot,IPOP-CMA-ES,11,15,0
F15-RastriginRot,IPOP-CMA-ES,11,16,1362.85
F15-RastriginRot,IPOP-CMA-ES,11,17,1399.96
F15-RastriginRot,IPOP-CMA-ES,11,18,125.755
F15-RastriginRot,IPOP-CMA-ES,11,19,1273.71
F15-RastriginRot,IPOP-CMA-ES,11,20,0
F15-RastriginRot,IPOP-CMA-ES,11,21,1411.55
F15-RastriginRot,IPOP-CMA-ES,11,22,1515.1
F15-RastriginRot,IPOP-CMA-ES,11,23,1607.66
F15-RastriginRot,IPOP-CMA-ES,11,24,0
F15-RastriginRot,IPOP-CMA-ES,11,25,7.3432
F15-RastriginRot,IPOP-CMA-ES,11,26,1351.13
F15-RastriginRot,IPOP-CMA-ES,11,27,0
F15-RastriginRot,IPOP-CMA-ES,11,28,0
F15-RastriginRot,IPOP-CMA-ES,11,29,1394.42
F15-RastriginRot,IPOP-CMA-ES,11,30,1424.41
F15-RastriginRot,IPOP-CMA-ES,11,31,1353.31
F15-RastriginRot,IPOP-CMA-ES,11,32,0
F15-RastriginRot,IPOP-CMA-ES,11,33,0
F15-RastriginRot,IPOP-CMA-ES,11,34,0
F15-RastriginRot,IPOP-CMA-ES,11,35,0
F15-RastriginRot,IPOP-CMA-ES,11,36,0
F15-RastriginRot,IPOP-CMA-ES,11,37,0
F15-RastriginRot,IPOP-CMA-ES,11,38,0
F15-RastriginRot,IPOP-CMA-ES,11,39,0
F15-RastriginRot,IPOP-CMA-ES,11,40,0
F15-RastriginRot,IPOP-CMA-ES,11,41,0
F15-RastriginRot,IPOP-CMA-ES,11,42,0
F15-RastriginRot,IPOP-CMA-ES,11,43,1479.88
F15-RastriginRot,IPOP-CMA-ES,11,44,1462.8
F15-RastriginRot,DE,11,15,0
F15-RastriginRot,DE,11,16,1696.2
F15-RastriginRot,DE,11,17,1733.75
F15-RastriginRot,DE,11,18,202.164
F15-RastriginRot,DE,11,19,1275.39
F15-RastriginRot,DE,11,20,0
F15-RastriginRot,DE,11,21,1515.86
F15-RastriginRot,DE,11,22,1663.21
F15-RastriginRot,DE,11,23,1888.65
F15-RastriginRot,DE,11,24,0
F15-RastriginRot,DE,11,25,1404.86
F15-RastriginRot,DE,11,26,1351.13
F15-RastriginRot,DE,11,27,0
F15-RastriginRot,DE,11,28,0
F15-RastriginRot,DE,11,29,1394.42
F15-RastriginRot,DE,11,30,1754.05
F15-RastriginRot,DE,11,31,1353.4
F15-RastriginRot,DE,11,32,0
F15-RastriginRot,DE,11,33,0
F15-RastriginRot,DE,11,34,0
F15-RastriginRot,DE,11,35,0
F15-RastriginRot,DE,11,36,0
F15-RastriginRot,DE,11,37,0
F15-RastriginRot,DE,11,38,0
F15-RastriginRot,DE,11,39,0
F15-RastriginRot,DE,11,40,0
F15-RastriginRot,DE,11,41,0
F15-RastriginRot,DE,11,42,0
F15-RastriginRot,DE,11,43,1683.17
F15-RastriginRot,DE,11,44,1794.8
F15-RastriginRot,PSO,11,15,2.50111e-12
F15-RastriginRot,PSO,11,16,1696.2
F15-RastriginRot,PSO,11,17,1733.75
F15-RastriginRot,PSO,11,18,202.164
F15-RastriginRot,PSO,11,19,1275.39
F15-RastriginRot,PSO,11,20,2.50111e-12
F15-RastriginRot,PSO,11,21,1515.86
F15-RastriginRot,PSO,11,22,1663.21
F15-RastriginRot,PSO,11,23,1888.65
F15-RastriginRot,PSO,11,24,2.50111e-12
F15-RastriginRot,PSO,11,25,1404.86
F15-RastriginRot,PSO,11,26,1351.13
F15-RastriginRot,PSO,11,27,2.50111e-12
F15-RastriginRot,PSO,11,28,2.50111e-12
F15-RastriginRot,PSO,11,29,1394.42
F15-RastriginRot,PSO,11,30,1754.05
F15-RastriginRot,PSO,11,31,1353.4
F15-RastriginRot,PSO,11,32,2.50111e-12
F15-RastriginRot,PSO,11,33,2.50111e-12
F15-RastriginRot,PSO,11,34,2.50111e-12
F15-RastriginRot,PSO,11,35,2.50111e-12
F15-RastriginRot,PSO,11,36,2.50111e-12
F15-RastriginRot,PSO,11,37,2.50111e-12
F15-RastriginRot,PSO,11,38,2.50111e-12
F15-RastriginRot,PSO,11,39,2.50111e-12
F15-RastriginRot,PSO,11,40,2.50111e-12
F15-RastriginRot,PSO,11,41,2.50111e-12
F15-RastriginRot,PSO,11,42,2.50111e-12
F15-RastriginRot,PSO,11,43,1683.17
F15-RastriginRot,PSO,11,44,1794.8
F15-RastriginRot,Crowding-DE,11,15,0.96365
F15-RastriginRot,Crowding-DE,11,16,1501.58
F15-RastriginRot,Crowding-DE,11,17,1561.93
F15-RastriginRot,Crowding-DE,11,18,140.13
F15-RastriginRot,Crowding-DE,11,19,1237.57
F15-RastriginRot,Crowding-DE,11,20,0.96365
F15-RastriginRot,Crowding-DE,11,21,1378.51
F15-RastriginRot,Crowding-DE,11,22,1506.58
F15-RastriginRot,Crowding-DE,11,23,1780.17
F15-RastriginRot,Crowding-DE,11,24,0.96365
F15-RastriginRot,Crowding-DE,11,25,1303.79
F15-RastriginRot,Crowding-DE,11,26,1300.51
F15-RastriginRot,Crowding-DE,11,27,0.96365
F15-RastriginRot,Crowding-DE,11,28,0.96365
F15-RastriginRot,Crowding-DE,11,29,1360
F15-RastriginRot,Crowding-DE,11,30,1556.32
F15-RastriginRot,Crowding-DE,11,31,1316.72
F15-RastriginRot,Crowding-DE,11,32,0.96365
F15-RastriginRot,Crowding-DE,11,33,0.96365
F15-RastriginRot,Crowding-DE,11,34,0.96365
F15-RastriginRot,Crowding-DE,11,35,0.96365
F15-RastriginRot,Crowding-DE,11,36,0.96365
F15-RastriginRot,Crowding-DE,11,37,0.96365
F15-RastriginRot,Crowding-DE,11,38,0.96365
F15-RastriginRot,Crowding-DE,11,39,0.96365
F15-RastriginRot,Crowding-DE,11,40,0.96365
F15-RastriginRot,Crowding-DE,11,41,0.96365
F15-RastriginRot,Crowding-DE,11,42,0.96365
F15-RastriginRot,Crowding-DE,11,43,1505.03
F15-RastriginRot,Crowding-DE,11,44,1598.83
F15-RastriginRot,MAP-Elites,11,15,1.64411
F15-RastriginRot,MAP-Elites,11,16,1575.59
F15-RastriginRot,MAP-Elites,11,17,1612.09
F15-RastriginRot,MAP-Elites,11,18,168.769
F15-RastriginRot,MAP-Elites,11,19,0
F15-RastriginRot,MAP-Elites,11,20,1.64411
F15-RastriginRot,MAP-Elites,11,21,1469.72
F15-RastriginRot,MAP-Elites,11,22,1611.32
F15-RastriginRot,MAP-Elites,11,23,1784.55
F15-RastriginRot,MAP-Elites,11,24,1.64411
F15-RastriginRot,MAP-Elites,11,25,1303.58
F15-RastriginRot,MAP-Elites,11,26,0
F15-RastriginRot,MAP-Elites,11,27,1.64411
F15-RastriginRot,MAP-Elites,11,28,1.64411
F15-RastriginRot,MAP-Elites,11,29,1315.69
F15-RastriginRot,MAP-Elites,11,30,1634.97
F15-RastriginRot,MAP-Elites,11,31,1278.45
F15-RastriginRot,MAP-Elites,11,32,1.64411
F15-RastriginRot,MAP-Elites,11,33,1.64411
F15-RastriginRot,MAP-Elites,11,34,1.64411
F15-RastriginRot,MAP-Elites,11,35,1.64411
F15-RastriginRot,MAP-Elites,11,36,1.64411
F15-RastriginRot,MAP-Elites,11,37,1.64411
F15-RastriginRot,MAP-Elites,11,38,1.64411
F15-RastriginRot,MAP-Elites,11,39,1.64411
F15-RastriginRot,MAP-Elites,11,40,1.64411
F15-RastriginRot,MAP-Elites,11,41,1.64411
F15-RastriginRot,MAP-Elites,11,42,1.64411
F15-RastriginRot,MAP-Elites,11,43,1611.2
F15-RastriginRot,MAP-Elites,11,44,1674.76
F15-RastriginRot,MC-ESO-crowd,11,15,0.277442
F15-RastriginRot,MC-ESO-crowd,11,16,1557.8
F15-RastriginRot,MC-ESO-crowd,11,17,1603.59
F15-RastriginRot,MC-ESO-crowd,11,18,199.32
F15-RastriginRot,MC-ESO-crowd,11,19,1238.49
F15-RastriginRot,MC-ESO-crowd,11,20,0.277442
F15-RastriginRot,MC-ESO-crowd,11,21,1443.25
F15-RastriginRot,MC-ESO-crowd,11,22,1574.98
F15-RastriginRot,MC-ESO-crowd,11,23,1791.98
F15-RastriginRot,MC-ESO-crowd,11,24,0.277442
F15-RastriginRot,MC-ESO-crowd,11,25,1312.5
F15-RastriginRot,MC-ESO-crowd,11,26,1266.99
F15-RastriginRot,MC-ESO-crowd,11,27,0.277442
F15-RastriginRot,MC-ESO-crowd,11,28,0.277442
F15-RastriginRot,MC-ESO-crowd,11,29,1352.86
F15-RastriginRot,MC-ESO-crowd,11,30,1615.24
F15-RastriginRot,MC-ESO-crowd,11,31,1314.92
F15-RastriginRot,MC-ESO-crowd,11,32,0.277442
F15-RastriginRot,MC-ESO-crowd,11,33,0.277442
F15-RastriginRot,MC-ESO-crowd,11,34,0.277442
F15-RastriginRot,MC-ESO-crowd,11,35,0.277442
F15-RastriginRot,MC-ESO-crowd,11,36,0.277442
F15-RastriginRot,MC-ESO-crowd,11,37,0.277442
F15-RastriginRot,MC-ESO-crowd,11,38,0.277442
F15-RastriginRot,MC-ESO-crowd,11,39,0.277442
F15-RastriginRot,MC-ESO-crowd,11,40,0.277442
F15-RastriginRot,MC-ESO-crowd,11,41,0.277442
F15-RastriginRot,MC-ESO-crowd,11,42,0.277442
F15-RastriginRot,MC-ESO-crowd,11,43,1576.27
F15-RastriginRot,MC-ESO-crowd,11,44,1656.17
F15-RastriginRot,quality,11,15,0.994959
F15-RastriginRot,quality,11,16,1571.5
F15-RastriginRot,quality,11,17,1607.12
F15-RastriginRot,quality,11,18,164.664
F15-RastriginRot,quality,11,19,1273.71
F15-RastriginRot,quality,11,20,0.994959
F15-RastriginRot,quality,11,21,1431.7
F15-RastriginRot,quality,11,22,1576.8
F15-RastriginRot,quality,11,23,1778.75
F15-RastriginRot,quality,11,24,0.994959
F15-RastriginRot,quality,11,25,1297.75
F15-RastriginRot,quality,11,26,1270.89
F15-RastriginRot,quality,11,27,0.994959
F15-RastriginRot,quality,11,28,0.994959
F15-RastriginRot,quality,11,29,1397.06
F15-RastriginRot,quality,11,30,1631.11
F15-RastriginRot,quality,11,31,1353.31
F15-RastriginRot,quality,11,32,0.994959
F15-RastriginRot,quality,11,33,0.994959
F15-RastriginRot,quality,11,34,0.994959
F15-RastriginRot,quality,11,35,0.994959
F15-RastriginRot,quality,11,36,0.994959
F15-RastriginRot,quality,11,37,0.994959
F15-RastriginRot,quality,11,38,0.994959
F15-RastriginRot,quality,11,39,0.994959
F15-RastriginRot,quality,11,40,0.994959
F15-RastriginRot,quality,11,41,0.994959
F15-RastriginRot,quality,11,42,0.994959
F15-RastriginRot,quality,11,43,1596.43
F15-RastriginRot,quality,11,44,1670.76
F15-RastriginRot,complement,11,15,0.994959
F15-RastriginRot,complement,11,16,0
F15-RastriginRot,complement,11,17,0
F15-RastriginRot,complement,11,18,61.8912
F15-RastriginRot,complement,11,19,1273.71
F15-RastriginRot,complement,11,20,0.994959
F15-RastriginRot,complement,11,21,0
F15-RastriginRot,complement,11,22,1303.79
F15-RastriginRot,complement,11,23,0
F15-RastriginRot,complement,11,24,0.994959
F15-RastriginRot,complement,11,25,5.96973
F15-RastriginRot,complement,11,26,1400.42
F15-RastriginRot,complement,11,27,0.994959
F15-RastriginRot,complement,11,28,0.994959
F15-RastriginRot,complement,11,29,1397.43
F15-RastriginRot,complement,11,30,0
F15-RastriginRot,complement,11,31,1353.31
F15-RastriginRot,complement,11,32,0.994959
F15-RastriginRot,complement,11,33,0.994959
F15-RastriginRot,complement,11,34,0.994959
F15-RastriginRot,complement,11,35,0.994959
F15-RastriginRot,complement,11,36,0.994959
F15-RastriginRot,complement,11,37,0.994959
F15-RastriginRot,complement,11,38,0.994959
F15-RastriginRot,complement,11,39,0.994959
F15-RastriginRot,complement,11,40,0.994959
F15-RastriginRot,complement,11,41,0.994959
F15-RastriginRot,complement,11,42,0.994959
F15-RastriginRot,complement,11,43,0
F15-RastriginRot,complement,11,44,0
F15-RastriginRot,MC-ESO,12,15,0
F15-RastriginRot,MC-ESO,12,16,0
F15-RastriginRot,MC-ESO,12,17,0
F15-RastriginRot,MC-ESO,12,18,950.301
F15-RastriginRot,MC-ESO,12,19,0
F15-RastriginRot,MC-ESO,12,20,0
F15-RastriginRot,MC-ESO,12,21,6.14518
F15-RastriginRot,MC-ESO,12,22,0
F15-RastriginRot,MC-ESO,12,23,0
F15-RastriginRot,MC-ESO,12,24,12.1149
F15-RastriginRot,MC-ESO,12,25,0
F15-RastriginRot,MC-ESO,12,26,658.369
F15-RastriginRot,MC-ESO,12,27,0
F15-RastriginRot,MC-ESO,12,28,750.85
F15-RastriginRot,MC-ESO,12,29,1095.86
F15-RastriginRot,MC-ESO,12,30,0
F15-RastriginRot,MC-ESO,12,31,1131.66
F15-RastriginRot,MC-ESO,12,32,0
F15-RastriginRot,MC-ESO,12,33,15.0998
F15-RastriginRot,MC-ESO,12,34,0
F15-RastriginRot,MC-ESO,12,35,0
F15-RastriginRot,MC-ESO,12,36,0
F15-RastriginRot,MC-ESO,12,37,1183.61
F15-RastriginRot,MC-ESO,12,38,0
F15-RastriginRot,MC-ESO,12,39,1029
F15-RastriginRot,MC-ESO,12,40,0
F15-RastriginRot,MC-ESO,12,41,1109.38
F15-RastriginRot,MC-ESO,12,42,1010.94
F15-RastriginRot,MC-ESO,12,43,1084.45
F15-RastriginRot,MC-ESO,12,44,0
F15-RastriginRot,NMMSO,12,15,0.0197364
F15-RastriginRot,NMMSO,12,16,0.0197364
F15-RastriginRot,NMMSO,12,17,0.0197364
F15-RastriginRot,NMMSO,12,18,1008.61
F15-RastriginRot,NMMSO,12,19,0.0197364
F15-RastriginRot,NMMSO,12,20,0.0197364
F15-RastriginRot,NMMSO,12,21,1010.08
F15-RastriginRot,NMMSO,12,22,0.0197364
F15-RastriginRot,NMMSO,12,23,0.0197364
F15-RastriginRot,NMMSO,12,24,0.0062432
F15-RastriginRot,NMMSO,12,25,0.0197364
F15-RastriginRot,NMMSO,12,26,662.936
F15-RastriginRot,NMMSO,12,27,0.0197364
F15-RastriginRot,NMMSO,12,28,772.931
F15-RastriginRot,NMMSO,12,29,1203.09
F15-RastriginRot,NMMSO,12,30,0.0197364
F15-RastriginRot,NMMSO,12,31,1237.41
F15-RastriginRot,NMMSO,12,32,0.0197364
F15-RastriginRot,NMMSO,12,33,3.53651e-05
F15-RastriginRot,NMMSO,12,34,0.0197364
F15-RastriginRot,NMMSO,12,35,0.0197364
F15-RastriginRot,NMMSO,12,36,0.0197364
F15-RastriginRot,NMMSO,12,37,1290.34
F15-RastriginRot,NMMSO,12,38,0.0197364
F15-RastriginRot,NMMSO,12,39,1069.24
F15-RastriginRot,NMMSO,12,40,0.0197364
F15-RastriginRot,NMMSO,12,41,1138.18
F15-RastriginRot,NMMSO,12,42,1031.35
F15-RastriginRot,NMMSO,12,43,1193.79
F15-RastriginRot,NMMSO,12,44,0.0197364
F15-RastriginRot,NCDE,12,15,0.164089
F15-RastriginRot,NCDE,12,16,0.164089
F15-RastriginRot,NCDE,12,17,0.164089
F15-RastriginRot,NCDE,12,18,979.216
F15-RastriginRot,NCDE,12,19,0.164089
F15-RastriginRot,NCDE,12,20,0.164089
F15-RastriginRot,NCDE,12,21,1010.73
F15-RastriginRot,NCDE,12,22,0.164089
F15-RastriginRot,NCDE,12,23,0.164089
F15-RastriginRot,NCDE,12,24,0.0570292
F15-RastriginRot,NCDE,12,25,0.164089
F15-RastriginRot,NCDE,12,26,660.396
F15-RastriginRot,NCDE,12,27,0.164089
F15-RastriginRot,NCDE,12,28,773.119
F15-RastriginRot,NCDE,12,29,1203.95
F15-RastriginRot,NCDE,12,30,0.164089
F15-RastriginRot,NCDE,12,31,1238.27
F15-RastriginRot,NCDE,12,32,0.164089
F15-RastriginRot,NCDE,12,33,0.632237
F15-RastriginRot,NCDE,12,34,0.164089
F15-RastriginRot,NCDE,12,35,0.164089
F15-RastriginRot,NCDE,12,36,0.164089
F15-RastriginRot,NCDE,12,37,1291.19
F15-RastriginRot,NCDE,12,38,0.164089
F15-RastriginRot,NCDE,12,39,1069.81
F15-RastriginRot,NCDE,12,40,0.164089
F15-RastriginRot,NCDE,12,41,1138.53
F15-RastriginRot,NCDE,12,42,1031.5
F15-RastriginRot,NCDE,12,43,1194.61
F15-RastriginRot,NCDE,12,44,0.164089
F15-RastriginRot,r3pso,12,15,8.79368e-10
F15-RastriginRot,r3pso,12,16,8.79368e-10
F15-RastriginRot,r3pso,12,17,8.79368e-10
F15-RastriginRot,r3pso,12,18,1044.36
F15-RastriginRot,r3pso,12,19,8.79368e-10
F15-RastriginRot,r3pso,12,20,8.79368e-10
F15-RastriginRot,r3pso,12,21,1003.7
F15-RastriginRot,r3pso,12,22,8.79368e-10
F15-RastriginRot,r3pso,12,23,8.79368e-10
F15-RastriginRot,r3pso,12,24,2.36916
F15-RastriginRot,r3pso,12,25,8.79368e-10
F15-RastriginRot,r3pso,12,26,694.971
F15-RastriginRot,r3pso,12,27,8.79368e-10
F15-RastriginRot,r3pso,12,28,792.131
F15-RastriginRot,r3pso,12,29,1174.7
F15-RastriginRot,r3pso,12,30,8.79368e-10
F15-RastriginRot,r3pso,12,31,1210.12
F15-RastriginRot,r3pso,12,32,8.79368e-10
F15-RastriginRot,r3pso,12,33,1.93268e-12
F15-RastriginRot,r3pso,12,34,8.79368e-10
F15-RastriginRot,r3pso,12,35,8.79368e-10
F15-RastriginRot,r3pso,12,36,8.79368e-10
F15-RastriginRot,r3pso,12,37,1262.34
F15-RastriginRot,r3pso,12,38,8.79368e-10
F15-RastriginRot,r3pso,12,39,1068.73
F15-RastriginRot,r3pso,12,40,8.79368e-10
F15-RastriginRot,r3pso,12,41,1149.64
F15-RastriginRot,r3pso,12,42,1052.14
F15-RastriginRot,r3pso,12,43,1159.06
F15-RastriginRot,r3pso,12,44,8.79368e-10
F15-RastriginRot,NM-Restart,12,15,0.994959
F15-RastriginRot,NM-Restart,12,16,0.994959
F15-RastriginRot,NM-Restart,12,17,0.994959
F15-RastriginRot,NM-Restart,12,18,980.007
F15-RastriginRot,NM-Restart,12,19,0.994959
F15-RastriginRot,NM-Restart,12,20,0.994959
F15-RastriginRot,NM-Restart,12,21,1035.13
F15-RastriginRot,NM-Restart,12,22,0.994959
F15-RastriginRot,NM-Restart,12,23,0.994959
F15-RastriginRot,NM-Restart,12,24,1023.32
F15-RastriginRot,NM-Restart,12,25,0.994959
F15-RastriginRot,NM-Restart,12,26,651.251
F15-RastriginRot,NM-Restart,12,27,0.994959
F15-RastriginRot,NM-Restart,12,28,776.061
F15-RastriginRot,NM-Restart,12,29,1239.59
F15-RastriginRot,NM-Restart,12,30,0.994959
F15-RastriginRot,NM-Restart,12,31,1273.63
F15-RastriginRot,NM-Restart,12,32,0.994959
F15-RastriginRot,NM-Restart,12,33,0
F15-RastriginRot,NM-Restart,12,34,0.994959
F15-RastriginRot,NM-Restart,12,35,0.994959
F15-RastriginRot,NM-Restart,12,36,0.994959
F15-RastriginRot,NM-Restart,12,37,1326.74
F15-RastriginRot,NM-Restart,12,38,0.994959
F15-RastriginRot,NM-Restart,12,39,1089.96
F15-RastriginRot,NM-Restart,12,40,0.994959
F15-RastriginRot,NM-Restart,12,41,1148.79
F15-RastriginRot,NM-Restart,12,42,1032.84
F15-RastriginRot,NM-Restart,12,43,1229.96
F15-RastriginRot,NM-Restart,12,44,0.994959
F15-RastriginRot,IPOP-CMA-ES,12,15,0
F15-RastriginRot,IPOP-CMA-ES,12,16,0
F15-RastriginRot,IPOP-CMA-ES,12,17,0
F15-RastriginRot,IPOP-CMA-ES,12,18,1044.36
F15-RastriginRot,IPOP-CMA-ES,12,19,0
F15-RastriginRot,IPOP-CMA-ES,12,20,0
F15-RastriginRot,IPOP-CMA-ES,12,21,1108.37
F15-RastriginRot,IPOP-CMA-ES,12,22,0
F15-RastriginRot,IPOP-CMA-ES,12,23,0
F15-RastriginRot,IPOP-CMA-ES,12,24,1079.44
F15-RastriginRot,IPOP-CMA-ES,12,25,0
F15-RastriginRot,IPOP-CMA-ES,12,26,700.296
F15-RastriginRot,IPOP-CMA-ES,12,27,0
F15-RastriginRot,IPOP-CMA-ES,12,28,844.789
F15-RastriginRot,IPOP-CMA-ES,12,29,1282.79
F15-RastriginRot,IPOP-CMA-ES,12,30,0
F15-RastriginRot,IPOP-CMA-ES,12,31,1319.67
F15-RastriginRot,IPOP-CMA-ES,12,32,0
F15-RastriginRot,IPOP-CMA-ES,12,33,0
F15-RastriginRot,IPOP-CMA-ES,12,34,0
F15-RastriginRot,IPOP-CMA-ES,12,35,0
F15-RastriginRot,IPOP-CMA-ES,12,36,0
F15-RastriginRot,IPOP-CMA-ES,12,37,1370.99
F15-RastriginRot,IPOP-CMA-ES,12,38,0
F15-RastriginRot,IPOP-CMA-ES,12,39,1165.32
F15-RastriginRot,IPOP-CMA-ES,12,40,0
F15-RastriginRot,IPOP-CMA-ES,12,41,1222.77
F15-RastriginRot,IPOP-CMA-ES,12,42,1099.99
F15-RastriginRot,IPOP-CMA-ES,12,43,1248
F15-RastriginRot,IPOP-CMA-ES,12,44,0
F15-RastriginRot,DE,12,15,0
F15-RastriginRot,DE,12,16,0
F15-RastriginRot,DE,12,17,0
F15-RastriginRot,DE,12,18,1044.36
F15-RastriginRot,DE,12,19,0
F15-RastriginRot,DE,12,20,0
F15-RastriginRot,DE,12,21,1210.54
F15-RastriginRot,DE,12,22,0
F15-RastriginRot,DE,12,23,0
F15-RastriginRot,DE,12,24,1172.76
F15-RastriginRot,DE,12,25,0
F15-RastriginRot,DE,12,26,742.336
F15-RastriginRot,DE,12,27,0
F15-RastriginRot,DE,12,28,921.39
F15-RastriginRot,DE,12,29,1364.64
F15-RastriginRot,DE,12,30,0
F15-RastriginRot,DE,12,31,1404.19
F15-RastriginRot,DE,12,32,0
F15-RastriginRot,DE,12,33,1043.55
F15-RastriginRot,DE,12,34,0
F15-RastriginRot,DE,12,35,0
F15-RastriginRot,DE,12,36,0
F15-RastriginRot,DE,12,37,1453.83
F15-RastriginRot,DE,12,38,0
F15-RastriginRot,DE,12,39,1265.57
F15-RastriginRot,DE,12,40,0
F15-RastriginRot,DE,12,41,1311.96
F15-RastriginRot,DE,12,42,1173.38
F15-RastriginRot,DE,12,43,1303.39
F15-RastriginRot,DE,12,44,0
F15-RastriginRot,PSO,12,15,2.27374e-12
F15-RastriginRot,PSO,12,16,2.27374e-12
F15-RastriginRot,PSO,12,17,2.27374e-12
F15-RastriginRot,PSO,12,18,995.321
F15-RastriginRot,PSO,12,19,2.27374e-12
F15-RastriginRot,PSO,12,20,2.27374e-12
F15-RastriginRot,PSO,12,21,1176.23
F15-RastriginRot,PSO,12,22,2.27374e-12
F15-RastriginRot,PSO,12,23,2.27374e-12
F15-RastriginRot,PSO,12,24,1140.7
F15-RastriginRot,PSO,12,25,2.27374e-12
F15-RastriginRot,PSO,12,26,742.336
F15-RastriginRot,PSO,12,27,2.27374e-12
F15-RastriginRot,PSO,12,28,906.965
F15-RastriginRot,PSO,12,29,1338.27
F15-RastriginRot,PSO,12,30,2.27374e-12
F15-RastriginRot,PSO,12,31,1376.44
F15-RastriginRot,PSO,12,32,2.27374e-12
F15-RastriginRot,PSO,12,33,1026.9
F15-RastriginRot,PSO,12,34,2.27374e-12
F15-RastriginRot,PSO,12,35,2.27374e-12
F15-RastriginRot,PSO,12,36,2.27374e-12
F15-RastriginRot,PSO,12,37,1426.95
F15-RastriginRot,PSO,12,38,2.27374e-12
F15-RastriginRot,PSO,12,39,1233.49
F15-RastriginRot,PSO,12,40,2.27374e-12
F15-RastriginRot,PSO,12,41,1288.65
F15-RastriginRot,PSO,12,42,1161.15
F15-RastriginRot,PSO,12,43,1291.5
F15-RastriginRot,PSO,12,44,2.27374e-12
F15-RastriginRot,Crowding-DE,12,15,1.41096
F15-RastriginRot,Crowding-DE,12,16,1.41096
F15-RastriginRot,Crowding-DE,12,17,1.41096
F15-RastriginRot,Crowding-DE,12,18,973.508
F15-RastriginRot,Crowding-DE,12,19,1.41096
F15-RastriginRot,Crowding-DE,12,20,1.41096
F15-RastriginRot,Crowding-DE,12,21,1109.4
F15-RastriginRot,Crowding-DE,12,22,1.41096
F15-RastriginRot,Crowding-DE,12,23,1.41096
F15-RastriginRot,Crowding-DE,12,24,1068.25
F15-RastriginRot,Crowding-DE,12,25,1.41096
F15-RastriginRot,Crowding-DE,12,26,686.577
F15-RastriginRot,Crowding-DE,12,27,1.41096
F15-RastriginRot,Crowding-DE,12,28,848.639
F15-RastriginRot,Crowding-DE,12,29,1266.76
F15-RastriginRot,Crowding-DE,12,30,1.41096
F15-RastriginRot,Crowding-DE,12,31,1304.55
F15-RastriginRot,Crowding-DE,12,32,1.41096
F15-RastriginRot,Crowding-DE,12,33,3.50719
F15-RastriginRot,Crowding-DE,12,34,1.41096
F15-RastriginRot,Crowding-DE,12,35,1.41096
F15-RastriginRot,Crowding-DE,12,36,1.41096
F15-RastriginRot,Crowding-DE,12,37,1355.29
F15-RastriginRot,Crowding-DE,12,38,1.41096
F15-RastriginRot,Crowding-DE,12,39,1170.62
F15-RastriginRot,Crowding-DE,12,40,1.41096
F15-RastriginRot,Crowding-DE,12,41,1235.48
F15-RastriginRot,Crowding-DE,12,42,1101.89
F15-RastriginRot,Crowding-DE,12,43,1226.27
F15-RastriginRot,Crowding-DE,12,44,1.41096
F15-RastriginRot,MAP-Elites,12,15,1.47255
F15-RastriginRot,MAP-Elites,12,16,1.47255
F15-RastriginRot,MAP-Elites,12,17,1.47255
F15-RastriginRot,MAP-Elites,12,18,1008.14
F15-RastriginRot,MAP-Elites,12,19,1.47255
F15-RastriginRot,MAP-Elites,12,20,1.47255
F15-RastriginRot,MAP-Elites,12,21,1064.08
F15-RastriginRot,MAP-Elites,12,22,1.47255
F15-RastriginRot,MAP-Elites,12,23,3.71686
F15-RastriginRot,MAP-Elites,12,24,1004.97
F15-RastriginRot,MAP-Elites,12,25,1.47255
F15-RastriginRot,MAP-Elites,12,26,685.244
F15-RastriginRot,MAP-Elites,12,27,1.47255
F15-RastriginRot,MAP-Elites,12,28,845.608
F15-RastriginRot,MAP-Elites,12,29,1199.65
F15-RastriginRot,MAP-Elites,12,30,1.47255
F15-RastriginRot,MAP-Elites,12,31,1237.95
F15-RastriginRot,MAP-Elites,12,32,1.47255
F15-RastriginRot,MAP-Elites,12,33,3.22014
F15-RastriginRot,MAP-Elites,12,34,1.47255
F15-RastriginRot,MAP-Elites,12,35,1.47255
F15-RastriginRot,MAP-Elites,12,36,1.47255
F15-RastriginRot,MAP-Elites,12,37,1288.34
F15-RastriginRot,MAP-Elites,12,38,1.47255
F15-RastriginRot,MAP-Elites,12,39,1133.6
F15-RastriginRot,MAP-Elites,12,40,1.47255
F15-RastriginRot,MAP-Elites,12,41,1218.88
F15-RastriginRot,MAP-Elites,12,42,1099
F15-RastriginRot,MAP-Elites,12,43,1159.91
F15-RastriginRot,MAP-Elites,12,44,1.47255
F15-RastriginRot,MC-ESO-crowd,12,15,0.000660421
F15-RastriginRot,MC-ESO-crowd,12,16,0.000660421
F15-RastriginRot,MC-ESO-crowd,12,17,0.000660421
F15-RastriginRot,MC-ESO-crowd,12,18,1007.69
F15-RastriginRot,MC-ESO-crowd,12,19,0.000660421
F15-RastriginRot,MC-ESO-crowd,12,20,0.000660421
F15-RastriginRot,MC-ESO-crowd,12,21,1011.37
F15-RastriginRot,MC-ESO-crowd,12,22,0.000660421
F15-RastriginRot,MC-ESO-crowd,12,23,0.000660421
F15-RastriginRot,MC-ESO-crowd,12,24,0.0834725
F15-RastriginRot,MC-ESO-crowd,12,25,0.000660421
F15-RastriginRot,MC-ESO-crowd,12,26,663.187
F15-RastriginRot,MC-ESO-crowd,12,27,0.000660421
F15-RastriginRot,MC-ESO-crowd,12,28,773.688
F15-RastriginRot,MC-ESO-crowd,12,29,1204.38
F15-RastriginRot,MC-ESO-crowd,12,30,0.000660421
F15-RastriginRot,MC-ESO-crowd,12,31,1238.72
F15-RastriginRot,MC-ESO-crowd,12,32,0.000660421
F15-RastriginRot,MC-ESO-crowd,12,33,0.0317738
F15-RastriginRot,MC-ESO-crowd,12,34,0.000660421
F15-RastriginRot,MC-ESO-crowd,12,35,0.000660421
F15-RastriginRot,MC-ESO-crowd,12,36,0.000660421
F15-RastriginRot,MC-ESO-crowd,12,37,1291.63
F15-RastriginRot,MC-ESO-crowd,12,38,0.000660421
F15-RastriginRot,MC-ESO-crowd,12,39,1070.45
F15-RastriginRot,MC-ESO-crowd,12,40,0.000660421
F15-RastriginRot,MC-ESO-crowd,12,41,1139.15
F15-RastriginRot,MC-ESO-crowd,12,42,1032.06
F15-RastriginRot,MC-ESO-crowd,12,43,1194.85
F15-RastriginRot,MC-ESO-crowd,12,44,0.000660421
F15-RastriginRot,quality,12,15,0.994959
F15-RastriginRot,quality,12,16,0.994959
F15-RastriginRot,quality,12,17,0.994959
F15-RastriginRot,quality,12,18,973.146
F15-RastriginRot,quality,12,19,0.994959
F15-RastriginRot,quality,12,20,0.994959
F15-RastriginRot,quality,12,21,1010
F15-RastriginRot,quality,12,22,0.994959
F15-RastriginRot,quality,12,23,0.994959
F15-RastriginRot,quality,12,24,0
F15-RastriginRot,quality,12,25,0.994959
F15-RastriginRot,quality,12,26,662.774
F15-RastriginRot,quality,12,27,0.994959
F15-RastriginRot,quality,12,28,772.781
F15-RastriginRot,quality,12,29,1203.12
F15-RastriginRot,quality,12,30,0.994959
F15-RastriginRot,quality,12,31,1237.43
F15-RastriginRot,quality,12,32,0.994959
F15-RastriginRot,quality,12,33,2.98487
F15-RastriginRot,quality,12,34,0.994959
F15-RastriginRot,quality,12,35,0.994959
F15-RastriginRot,quality,12,36,0.994959
F15-RastriginRot,quality,12,37,1290.36
F15-RastriginRot,quality,12,38,0.994959
F15-RastriginRot,quality,12,39,1069.14
F15-RastriginRot,quality,12,40,0.994959
F15-RastriginRot,quality,12,41,1138.05
F15-RastriginRot,quality,12,42,1031.2
F15-RastriginRot,quality,12,43,1193.86
F15-RastriginRot,quality,12,44,0.994959
F15-RastriginRot,complement,12,15,0.994959
F15-RastriginRot,complement,12,16,0.994959
F15-RastriginRot,complement,12,17,0.994959
F15-RastriginRot,complement,12,18,927.437
F15-RastriginRot,complement,12,19,0.994959
F15-RastriginRot,complement,12,20,0.994959
F15-RastriginRot,complement,12,21,14.9243
F15-RastriginRot,complement,12,22,0.994959
F15-RastriginRot,complement,12,23,24.8738
F15-RastriginRot,complement,12,24,20.894
F15-RastriginRot,complement,12,25,0.994959
F15-RastriginRot,complement,12,26,0
F15-RastriginRot,complement,12,27,0.994959
F15-RastriginRot,complement,12,28,0
F15-RastriginRot,complement,12,29,0
F15-RastriginRot,complement,12,30,0.994959
F15-RastriginRot,complement,12,31,0
F15-RastriginRot,complement,12,32,0.994959
F15-RastriginRot,complement,12,33,23.8789
F15-RastriginRot,complement,12,34,0.994959
F15-RastriginRot,complement,12,35,0.994959
F15-RastriginRot,complement,12,36,0.994959
F15-RastriginRot,complement,12,37,29.8466
F15-RastriginRot,complement,12,38,0.994959
F15-RastriginRot,complement,12,39,14.9243
F15-RastriginRot,complement,12,40,0.994959
F15-RastriginRot,complement,12,41,7.95814
F15-RastriginRot,complement,12,42,14.9243
F15-RastriginRot,complement,12,43,49.7454
F15-RastriginRot,complement,12,44,0.994959
F15-RastriginRot,MC-ESO,13,15,956.916
F15-RastriginRot,MC-ESO,13,16,1230.62
F15-RastriginRot,MC-ESO,13,17,0
F15-RastriginRot,MC-ESO,13,18,1188.44
F15-RastriginRot,MC-ESO,13,19,0
F15-RastriginRot,MC-ESO,13,20,0
F15-RastriginRot,MC-ESO,13,21,0
F15-RastriginRot,MC-ESO,13,22,1332.04
F15-RastriginRot,MC-ESO,13,23,1249.85
F15-RastriginRot,MC-ESO,13,24,1199.39
F15-RastriginRot,MC-ESO,13,25,0
F15-RastriginRot,MC-ESO,13,26,0
F15-RastriginRot,MC-ESO,13,27,951.569
F15-RastriginRot,MC-ESO,13,28,0
F15-RastriginRot,MC-ESO,13,29,0
F15-RastriginRot,MC-ESO,13,30,1280.31
F15-RastriginRot,MC-ESO,13,31,0
F15-RastriginRot,MC-ESO,13,32,1103.66
F15-RastriginRot,MC-ESO,13,33,0
F15-RastriginRot,MC-ESO,13,34,0
F15-RastriginRot,MC-ESO,13,35,1041.38
F15-RastriginRot,MC-ESO,13,36,1282.61
F15-RastriginRot,MC-ESO,13,37,0
F15-RastriginRot,MC-ESO,13,38,0
F15-RastriginRot,MC-ESO,13,39,2.95826e-05
F15-RastriginRot,MC-ESO,13,40,0
F15-RastriginRot,MC-ESO,13,41,0
F15-RastriginRot,MC-ESO,13,42,1022.99
F15-RastriginRot,MC-ESO,13,43,417.191
F15-RastriginRot,MC-ESO,13,44,958.064
F15-RastriginRot,NMMSO,13,15,965.566
F15-RastriginRot,NMMSO,13,16,1242.34
F15-RastriginRot,NMMSO,13,17,3.68493e-06
F15-RastriginRot,NMMSO,13,18,1222.66
F15-RastriginRot,NMMSO,13,19,3.68493e-06
F15-RastriginRot,NMMSO,13,20,3.68493e-06
F15-RastriginRot,NMMSO,13,21,3.68493e-06
F15-RastriginRot,NMMSO,13,22,1329.95
F15-RastriginRot,NMMSO,13,23,1247.85
F15-RastriginRot,NMMSO,13,24,1197.84
F15-RastriginRot,NMMSO,13,25,3.68493e-06
F15-RastriginRot,NMMSO,13,26,3.68493e-06
F15-RastriginRot,NMMSO,13,27,934.559
F15-RastriginRot,NMMSO,13,28,3.68493e-06
F15-RastriginRot,NMMSO,13,29,3.68493e-06
F15-RastriginRot,NMMSO,13,30,1278.33
F15-RastriginRot,NMMSO,13,31,3.68493e-06
F15-RastriginRot,NMMSO,13,32,1121.93
F15-RastriginRot,NMMSO,13,33,3.68493e-06
F15-RastriginRot,NMMSO,13,34,3.68493e-06
F15-RastriginRot,NMMSO,13,35,1090.52
F15-RastriginRot,NMMSO,13,36,1281.23
F15-RastriginRot,NMMSO,13,37,3.68493e-06
F15-RastriginRot,NMMSO,13,38,3.68493e-06
F15-RastriginRot,NMMSO,13,39,0.478904
F15-RastriginRot,NMMSO,13,40,3.68493e-06
F15-RastriginRot,NMMSO,13,41,3.68493e-06
F15-RastriginRot,NMMSO,13,42,1060.07
F15-RastriginRot,NMMSO,13,43,447.974
F15-RastriginRot,NMMSO,13,44,9.55449e-08
F15-RastriginRot,NCDE,13,15,969.046
F15-RastriginRot,NCDE,13,16,1244.39
F15-RastriginRot,NCDE,13,17,0.531043
F15-RastriginRot,NCDE,13,18,1195.96
F15-RastriginRot,NCDE,13,19,0.531043
F15-RastriginRot,NCDE,13,20,0.531043
F15-RastriginRot,NCDE,13,21,0.531043
F15-RastriginRot,NCDE,13,22,1333.8
F15-RastriginRot,NCDE,13,23,1258.56
F15-RastriginRot,NCDE,13,24,1184.45
F15-RastriginRot,NCDE,13,25,0.531043
F15-RastriginRot,NCDE,13,26,0.531043
F15-RastriginRot,NCDE,13,27,991.428
F15-RastriginRot,NCDE,13,28,0.531043
F15-RastriginRot,NCDE,13,29,0.531043
F15-RastriginRot,NCDE,13,30,1275.15
F15-RastriginRot,NCDE,13,31,0.531043
F15-RastriginRot,NCDE,13,32,1120.88
F15-RastriginRot,NCDE,13,33,0.531043
F15-RastriginRot,NCDE,13,34,0.531043
F15-RastriginRot,NCDE,13,35,1062.35
F15-RastriginRot,NCDE,13,36,1265.44
F15-RastriginRot,NCDE,13,37,0.531043
F15-RastriginRot,NCDE,13,38,0.531043
F15-RastriginRot,NCDE,13,39,3.53609
F15-RastriginRot,NCDE,13,40,0.531043
F15-RastriginRot,NCDE,13,41,0.531043
F15-RastriginRot,NCDE,13,42,1051.3
F15-RastriginRot,NCDE,13,43,447.417
F15-RastriginRot,NCDE,13,44,955.971
F15-RastriginRot,r3pso,13,15,967.391
F15-RastriginRot,r3pso,13,16,1244.11
F15-RastriginRot,r3pso,13,17,2.20309e-08
F15-RastriginRot,r3pso,13,18,1222.68
F15-RastriginRot,r3pso,13,19,2.20309e-08
F15-RastriginRot,r3pso,13,20,2.20309e-08
F15-RastriginRot,r3pso,13,21,2.20309e-08
F15-RastriginRot,r3pso,13,22,1332.06
F15-RastriginRot,r3pso,13,23,1249.87
F15-RastriginRot,r3pso,13,24,1199.41
F15-RastriginRot,r3pso,13,25,2.20309e-08
F15-RastriginRot,r3pso,13,26,2.20309e-08
F15-RastriginRot,r3pso,13,27,990.298
F15-RastriginRot,r3pso,13,28,2.20309e-08
F15-RastriginRot,r3pso,13,29,2.20309e-08
F15-RastriginRot,r3pso,13,30,1280.33
F15-RastriginRot,r3pso,13,31,2.20309e-08
F15-RastriginRot,r3pso,13,32,1123.59
F15-RastriginRot,r3pso,13,33,2.20309e-08
F15-RastriginRot,r3pso,13,34,2.20309e-08
F15-RastriginRot,r3pso,13,35,1090
F15-RastriginRot,r3pso,13,36,1282.63
F15-RastriginRot,r3pso,13,37,2.20309e-08
F15-RastriginRot,r3pso,13,38,2.20309e-08
F15-RastriginRot,r3pso,13,39,0
F15-RastriginRot,r3pso,13,40,2.20309e-08
F15-RastriginRot,r3pso,13,41,2.20309e-08
F15-RastriginRot,r3pso,13,42,1064.15
F15-RastriginRot,r3pso,13,43,462.158
F15-RastriginRot,r3pso,13,44,967.714
F15-RastriginRot,NM-Restart,13,15,8.92426
F15-RastriginRot,NM-Restart,13,16,1136.18
F15-RastriginRot,NM-Restart,13,17,0.994959
F15-RastriginRot,NM-Restart,13,18,1076.81
F15-RastriginRot,NM-Restart,13,19,0.994959
F15-RastriginRot,NM-Restart,13,20,0.994959
F15-RastriginRot,NM-Restart,13,21,0.994959
F15-RastriginRot,NM-Restart,13,22,1131.76
F15-RastriginRot,NM-Restart,13,23,1095.21
F15-RastriginRot,NM-Restart,13,24,974.528
F15-RastriginRot,NM-Restart,13,25,0.994959
F15-RastriginRot,NM-Restart,13,26,0.994959
F15-RastriginRot,NM-Restart,13,27,928.798
F15-RastriginRot,NM-Restart,13,28,0.994959
F15-RastriginRot,NM-Restart,13,29,0.994959
F15-RastriginRot,NM-Restart,13,30,1059.97
F15-RastriginRot,NM-Restart,13,31,0.994959
F15-RastriginRot,NM-Restart,13,32,1034.2
F15-RastriginRot,NM-Restart,13,33,0.994959
F15-RastriginRot,NM-Restart,13,34,0.994959
F15-RastriginRot,NM-Restart,13,35,984.277
F15-RastriginRot,NM-Restart,13,36,1061.94
F15-RastriginRot,NM-Restart,13,37,0.994959
F15-RastriginRot,NM-Restart,13,38,0.994959
F15-RastriginRot,NM-Restart,13,39,8.9546
F15-RastriginRot,NM-Restart,13,40,0.994959
F15-RastriginRot,NM-Restart,13,41,0.994959
F15-RastriginRot,NM-Restart,13,42,1017.47
F15-RastriginRot,NM-Restart,13,43,409.329
F15-RastriginRot,NM-Restart,13,44,2.98487
F15-RastriginRot,IPOP-CMA-ES,13,15,970.454
F15-RastriginRot,IPOP-CMA-ES,13,16,1247.07
F15-RastriginRot,IPOP-CMA-ES,13,17,0
F15-RastriginRot,IPOP-CMA-ES,13,18,1225.01
F15-RastriginRot,IPOP-CMA-ES,13,19,0
F15-RastriginRot,IPOP-CMA-ES,13,20,0
F15-RastriginRot,IPOP-CMA-ES,13,21,0
F15-RastriginRot,IPOP-CMA-ES,13,22,1336.05
F15-RastriginRot,IPOP-CMA-ES,13,23,1253.39
F15-RastriginRot,IPOP-CMA-ES,13,24,1203.32
F15-RastriginRot,IPOP-CMA-ES,13,25,0
F15-RastriginRot,IPOP-CMA-ES,13,26,0
F15-RastriginRot,IPOP-CMA-ES,13,27,1005.56
F15-RastriginRot,IPOP-CMA-ES,13,28,0
F15-RastriginRot,IPOP-CMA-ES,13,29,0
F15-RastriginRot,IPOP-CMA-ES,13,30,1284.44
F15-RastriginRot,IPOP-CMA-ES,13,31,0
F15-RastriginRot,IPOP-CMA-ES,13,32,1126.31
F15-RastriginRot,IPOP-CMA-ES,13,33,0
F15-RastriginRot,IPOP-CMA-ES,13,34,0
F15-RastriginRot,IPOP-CMA-ES,13,35,1091.67
F15-RastriginRot,IPOP-CMA-ES,13,36,1286.42
F15-RastriginRot,IPOP-CMA-ES,13,37,0
F15-RastriginRot,IPOP-CMA-ES,13,38,0
F15-RastriginRot,IPOP-CMA-ES,13,39,0.614114
F15-RastriginRot,IPOP-CMA-ES,13,40,0
F15-RastriginRot,IPOP-CMA-ES,13,41,0
F15-RastriginRot,IPOP-CMA-ES,13,42,1065.9
F15-RastriginRot,IPOP-CMA-ES,13,43,463.7
F15-RastriginRot,IPOP-CMA-ES,13,44,999.062
F15-RastriginRot,DE,13,15,1041.18
F15-RastriginRot,DE,13,16,1315.25
F15-RastriginRot,DE,13,17,0
F15-RastriginRot,DE,13,18,1262.49
F15-RastriginRot,DE,13,19,0
F15-RastriginRot,DE,13,20,0
F15-RastriginRot,DE,13,21,0
F15-RastriginRot,DE,13,22,1428.05
F15-RastriginRot,DE,13,23,1335.21
F15-RastriginRot,DE,13,24,1288.13
F15-RastriginRot,DE,13,25,0
F15-RastriginRot,DE,13,26,0
F15-RastriginRot,DE,13,27,1005.56
F15-RastriginRot,DE,13,28,0
F15-RastriginRot,DE,13,29,0
F15-RastriginRot,DE,13,30,1377.79
F15-RastriginRot,DE,13,31,0
F15-RastriginRot,DE,13,32,1188.56
F15-RastriginRot,DE,13,33,0
F15-RastriginRot,DE,13,34,0
F15-RastriginRot,DE,13,35,1110.54
F15-RastriginRot,DE,13,36,1366.98
F15-RastriginRot,DE,13,37,0
F15-RastriginRot,DE,13,38,0
F15-RastriginRot,DE,13,39,959.769
F15-RastriginRot,DE,13,40,0
F15-RastriginRot,DE,13,41,0
F15-RastriginRot,DE,13,42,1103.17
F15-RastriginRot,DE,13,43,495.342
F15-RastriginRot,DE,13,44,999.062
F15-RastriginRot,PSO,13,15,1041.18
F15-RastriginRot,PSO,13,16,1315.25
F15-RastriginRot,PSO,13,17,4.43379e-11
F15-RastriginRot,PSO,13,18,1215.48
F15-RastriginRot,PSO,13,19,4.43379e-11
F15-RastriginRot,PSO,13,20,4.43379e-11
F15-RastriginRot,PSO,13,21,4.43379e-11
F15-RastriginRot,PSO,13,22,1398.9
F15-RastriginRot,PSO,13,23,1327.76
F15-RastriginRot,PSO,13,24,1236.99
F15-RastriginRot,PSO,13,25,4.43379e-11
F15-RastriginRot,PSO,13,26,4.43379e-11
F15-RastriginRot,PSO,13,27,1005.56
F15-RastriginRot,PSO,13,28,4.43379e-11
F15-RastriginRot,PSO,13,29,4.43379e-11
F15-RastriginRot,PSO,13,30,1336.56
F15-RastriginRot,PSO,13,31,4.43379e-11
F15-RastriginRot,PSO,13,32,1188.56
F15-RastriginRot,PSO,13,33,4.43379e-11
F15-RastriginRot,PSO,13,34,4.43379e-11
F15-RastriginRot,PSO,13,35,1061.19
F15-RastriginRot,PSO,13,36,1315.13
F15-RastriginRot,PSO,13,37,4.43379e-11
F15-RastriginRot,PSO,13,38,4.43379e-11
F15-RastriginRot,PSO,13,39,959.769
F15-RastriginRot,PSO,13,40,4.43379e-11
F15-RastriginRot,PSO,13,41,4.43379e-11
F15-RastriginRot,PSO,13,42,1103.17
F15-RastriginRot,PSO,13,43,495.342
F15-RastriginRot,PSO,13,44,999.062
F15-RastriginRot,Crowding-DE,13,15,983.65
F15-RastriginRot,Crowding-DE,13,16,1261.36
F15-RastriginRot,Crowding-DE,13,17,1.07033
F15-RastriginRot,Crowding-DE,13,18,1195.96
F15-RastriginRot,Crowding-DE,13,19,1.07033
F15-RastriginRot,Crowding-DE,13,20,1.07033
F15-RastriginRot,Crowding-DE,13,21,1.07033
F15-RastriginRot,Crowding-DE,13,22,1333.8
F15-RastriginRot,Crowding-DE,13,23,1260.75
F15-RastriginRot,Crowding-DE,13,24,1184.45
F15-RastriginRot,Crowding-DE,13,25,1.07033
F15-RastriginRot,Crowding-DE,13,26,1.07033
F15-RastriginRot,Crowding-DE,13,27,976.505
F15-RastriginRot,Crowding-DE,13,28,1.07033
F15-RastriginRot,Crowding-DE,13,29,1.07033
F15-RastriginRot,Crowding-DE,13,30,1275.15
F15-RastriginRot,Crowding-DE,13,31,1.07033
F15-RastriginRot,Crowding-DE,13,32,1142.89
F15-RastriginRot,Crowding-DE,13,33,1.07033
F15-RastriginRot,Crowding-DE,13,34,1.07033
F15-RastriginRot,Crowding-DE,13,35,1062.35
F15-RastriginRot,Crowding-DE,13,36,1265.44
F15-RastriginRot,Crowding-DE,13,37,1.07033
F15-RastriginRot,Crowding-DE,13,38,1.07033
F15-RastriginRot,Crowding-DE,13,39,2.36051
F15-RastriginRot,Crowding-DE,13,40,1.07033
F15-RastriginRot,Crowding-DE,13,41,1.07033
F15-RastriginRot,Crowding-DE,13,42,1081.97
F15-RastriginRot,Crowding-DE,13,43,472.769
F15-RastriginRot,Crowding-DE,13,44,960.11
F15-RastriginRot,MAP-Elites,13,15,967.685
F15-RastriginRot,MAP-Elites,13,16,1243.04
F15-RastriginRot,MAP-Elites,13,17,2.26857
F15-RastriginRot,MAP-Elites,13,18,1141.76
F15-RastriginRot,MAP-Elites,13,19,2.26857
F15-RastriginRot,MAP-Elites,13,20,2.26857
F15-RastriginRot,MAP-Elites,13,21,2.26857
F15-RastriginRot,MAP-Elites,13,22,1301.55
F15-RastriginRot,MAP-Elites,13,23,1246.36
F15-RastriginRot,MAP-Elites,13,24,1129.65
F15-RastriginRot,MAP-Elites,13,25,2.26857
F15-RastriginRot,MAP-Elites,13,26,2.26857
F15-RastriginRot,MAP-Elites,13,27,961.712
F15-RastriginRot,MAP-Elites,13,28,2.26857
F15-RastriginRot,MAP-Elites,13,29,2.26857
F15-RastriginRot,MAP-Elites,13,30,1231.86
F15-RastriginRot,MAP-Elites,13,31,2.26857
F15-RastriginRot,MAP-Elites,13,32,1119.58
F15-RastriginRot,MAP-Elites,13,33,2.26857
F15-RastriginRot,MAP-Elites,13,34,2.26857
F15-RastriginRot,MAP-Elites,13,35,1014
F15-RastriginRot,MAP-Elites,13,36,1208.88
F15-RastriginRot,MAP-Elites,13,37,2.26857
F15-RastriginRot,MAP-Elites,13,38,2.26857
F15-RastriginRot,MAP-Elites,13,39,2.15094
F15-RastriginRot,MAP-Elites,13,40,2.26857
F15-RastriginRot,MAP-Elites,13,41,2.26857
F15-RastriginRot,MAP-Elites,13,42,1050.25
F15-RastriginRot,MAP-Elites,13,43,446.437
F15-RastriginRot,MAP-Elites,13,44,1.15599
F15-RastriginRot,MC-ESO-crowd,13,15,0
F15-RastriginRot,MC-ESO-crowd,13,16,1178.11
F15-RastriginRot,MC-ESO-crowd,13,17,0.186711
F15-RastriginRot,MC-ESO-crowd,13,18,1184
F15-RastriginRot,MC-ESO-crowd,13,19,0.186711
F15-RastriginRot,MC-ESO-crowd,13,20,0.186711
F15-RastriginRot,MC-ESO-crowd,13,21,0.186711
F15-RastriginRot,MC-ESO-crowd,13,22,1240.78
F15-RastriginRot,MC-ESO-crowd,13,23,1169.6
F15-RastriginRot,MC-ESO-crowd,13,24,1114
F15-RastriginRot,MC-ESO-crowd,13,25,0.186711
F15-RastriginRot,MC-ESO-crowd,13,26,0.186711
F15-RastriginRot,MC-ESO-crowd,13,27,965.766
F15-RastriginRot,MC-ESO-crowd,13,28,0.186711
F15-RastriginRot,MC-ESO-crowd,13,29,0.186711
F15-RastriginRot,MC-ESO-crowd,13,30,1187.12
F15-RastriginRot,MC-ESO-crowd,13,31,0.186711
F15-RastriginRot,MC-ESO-crowd,13,32,1063.72
F15-RastriginRot,MC-ESO-crowd,13,33,0.186711
F15-RastriginRot,MC-ESO-crowd,13,34,0.186711
F15-RastriginRot,MC-ESO-crowd,13,35,1062.35
F15-RastriginRot,MC-ESO-crowd,13,36,1201.33
F15-RastriginRot,MC-ESO-crowd,13,37,0.186711
F15-RastriginRot,MC-ESO-crowd,13,38,0.186711
F15-RastriginRot,MC-ESO-crowd,13,39,2.81934
F15-RastriginRot,MC-ESO-crowd,13,40,0.186711
F15-RastriginRot,MC-ESO-crowd,13,41,0.186711
F15-RastriginRot,MC-ESO-crowd,13,42,1029.96
F15-RastriginRot,MC-ESO-crowd,13,43,433.722
F15-RastriginRot,MC-ESO-crowd,13,44,1.40672
F15-RastriginRot,quality,13,15,972.062
F15-RastriginRot,quality,13,16,1247.15
F15-RastriginRot,quality,13,17,1.98992
F15-RastriginRot,quality,13,18,1196.84
F15-RastriginRot,quality,13,19,1.98992
F15-RastriginRot,quality,13,20,1.98992
F15-RastriginRot,quality,13,21,1.98992
F15-RastriginRot,quality,13,22,1356.65
F15-RastriginRot,quality,13,23,1262.75
F15-RastriginRot,quality,13,24,1234.43
F15-RastriginRot,quality,13,25,1.98992
F15-RastriginRot,quality,13,26,1.98992
F15-RastriginRot,quality,13,27,962.689
F15-RastriginRot,quality,13,28,1.98992
F15-RastriginRot,quality,13,29,1.98992
F15-RastriginRot,quality,13,30,1312.16
F15-RastriginRot,quality,13,31,1.98992
F15-RastriginRot,quality,13,32,1123.05
F15-RastriginRot,quality,13,33,1.98992
F15-RastriginRot,quality,13,34,1.98992
F15-RastriginRot,quality,13,35,1047.98
F15-RastriginRot,quality,13,36,1309.7
F15-RastriginRot,quality,13,37,1.98992
F15-RastriginRot,quality,13,38,1.98992
F15-RastriginRot,quality,13,39,0.994959
F15-RastriginRot,quality,13,40,1.98992
F15-RastriginRot,quality,13,41,1.98992
F15-RastriginRot,quality,13,42,1051.08
F15-RastriginRot,quality,13,43,446.682
F15-RastriginRot,quality,13,44,0
F15-RastriginRot,complement,13,15,4.94443
F15-RastriginRot,complement,13,16,0
F15-RastriginRot,complement,13,17,1.98992
F15-RastriginRot,complement,13,18,22.8827
F15-RastriginRot,complement,13,19,1.98992
F15-RastriginRot,complement,13,20,1.98992
F15-RastriginRot,complement,13,21,1.98992
F15-RastriginRot,complement,13,22,23.8778
F15-RastriginRot,complement,13,23,23.8778
F15-RastriginRot,complement,13,24,3.97983
F15-RastriginRot,complement,13,25,1.98992
F15-RastriginRot,complement,13,26,1.98992
F15-RastriginRot,complement,13,27,1029.42
F15-RastriginRot,complement,13,28,1.98992
F15-RastriginRot,complement,13,29,1.98992
F15-RastriginRot,complement,13,30,0
F15-RastriginRot,complement,13,31,1.98992
F15-RastriginRot,complement,13,32,38.8019
F15-RastriginRot,complement,13,33,1.98992
F15-RastriginRot,complement,13,34,1.98992
F15-RastriginRot,complement,13,35,0
F15-RastriginRot,complement,13,36,0
F15-RastriginRot,complement,13,37,1.98992
F15-RastriginRot,complement,13,38,1.98992
F15-RastriginRot,complement,13,39,7.95964
F15-RastriginRot,complement,13,40,1.98992
F15-RastriginRot,complement,13,41,1.98992
F15-RastriginRot,complement,13,42,63.6736
F15-RastriginRot,complement,13,43,367.239
F15-RastriginRot,complement,13,44,1008.54
F15-RastriginRot,MC-ESO,14,15,133.241
F15-RastriginRot,MC-ESO,14,16,0
F15-RastriginRot,MC-ESO,14,17,841.422
F15-RastriginRot,MC-ESO,14,18,869.87
F15-RastriginRot,MC-ESO,14,19,789.806
F15-RastriginRot,MC-ESO,14,20,152.427
F15-RastriginRot,MC-ESO,14,21,0
F15-RastriginRot,MC-ESO,14,22,1011.88
F15-RastriginRot,MC-ESO,14,23,853.812
F15-RastriginRot,MC-ESO,14,24,0
F15-RastriginRot,MC-ESO,14,25,916.798
F15-RastriginRot,MC-ESO,14,26,0
F15-RastriginRot,MC-ESO,14,27,823.594
F15-RastriginRot,MC-ESO,14,28,0
F15-RastriginRot,MC-ESO,14,29,799.275
F15-RastriginRot,MC-ESO,14,30,1101.5
F15-RastriginRot,MC-ESO,14,31,0
F15-RastriginRot,MC-ESO,14,32,0
F15-RastriginRot,MC-ESO,14,33,0
F15-RastriginRot,MC-ESO,14,34,0
F15-RastriginRot,MC-ESO,14,35,0
F15-RastriginRot,MC-ESO,14,36,0
F15-RastriginRot,MC-ESO,14,37,0
F15-RastriginRot,MC-ESO,14,38,1073.77
F15-RastriginRot,MC-ESO,14,39,768.181
F15-RastriginRot,MC-ESO,14,40,795.352
F15-RastriginRot,MC-ESO,14,41,0
F15-RastriginRot,MC-ESO,14,42,0
F15-RastriginRot,MC-ESO,14,43,0
F15-RastriginRot,MC-ESO,14,44,889.497
F15-RastriginRot,NMMSO,14,15,106.436
F15-RastriginRot,NMMSO,14,16,0.00846451
F15-RastriginRot,NMMSO,14,17,835.451
F15-RastriginRot,NMMSO,14,18,909.311
F15-RastriginRot,NMMSO,14,19,818.621
F15-RastriginRot,NMMSO,14,20,127.368
F15-RastriginRot,NMMSO,14,21,0.00846451
F15-RastriginRot,NMMSO,14,22,1045.47
F15-RastriginRot,NMMSO,14,23,862.345
F15-RastriginRot,NMMSO,14,24,0.00846451
F15-RastriginRot,NMMSO,14,25,959.909
F15-RastriginRot,NMMSO,14,26,0.00846451
F15-RastriginRot,NMMSO,14,27,785.857
F15-RastriginRot,NMMSO,14,28,0.00846451
F15-RastriginRot,NMMSO,14,29,809.317
F15-RastriginRot,NMMSO,14,30,1135.88
F15-RastriginRot,NMMSO,14,31,0.00846451
F15-RastriginRot,NMMSO,14,32,0.00846451
F15-RastriginRot,NMMSO,14,33,0.00846451
F15-RastriginRot,NMMSO,14,34,0.00846451
F15-RastriginRot,NMMSO,14,35,0.00846451
F15-RastriginRot,NMMSO,14,36,0.00846451
F15-RastriginRot,NMMSO,14,37,0.00846451
F15-RastriginRot,NMMSO,14,38,1073.44
F15-RastriginRot,NMMSO,14,39,1.99257
F15-RastriginRot,NMMSO,14,40,830.087
F15-RastriginRot,NMMSO,14,41,0.00846451
F15-RastriginRot,NMMSO,14,42,0.00846451
F15-RastriginRot,NMMSO,14,43,0.00846451
F15-RastriginRot,NMMSO,14,44,922.725
F15-RastriginRot,NCDE,14,15,85.5936
F15-RastriginRot,NCDE,14,16,0.0315286
F15-RastriginRot,NCDE,14,17,778.082
F15-RastriginRot,NCDE,14,18,821.801
F15-RastriginRot,NCDE,14,19,1.34455
F15-RastriginRot,NCDE,14,20,102.972
F15-RastriginRot,NCDE,14,21,0.0315286
F15-RastriginRot,NCDE,14,22,949.561
F15-RastriginRot,NCDE,14,23,840.835
F15-RastriginRot,NCDE,14,24,0.0315286
F15-RastriginRot,NCDE,14,25,864.809
F15-RastriginRot,NCDE,14,26,0.0315286
F15-RastriginRot,NCDE,14,27,791.485
F15-RastriginRot,NCDE,14,28,0.0315286
F15-RastriginRot,NCDE,14,29,784.519
F15-RastriginRot,NCDE,14,30,1039.72
F15-RastriginRot,NCDE,14,31,0.0315286
F15-RastriginRot,NCDE,14,32,0.0315286
F15-RastriginRot,NCDE,14,33,0.0315286
F15-RastriginRot,NCDE,14,34,0.0315286
F15-RastriginRot,NCDE,14,35,0.0315286
F15-RastriginRot,NCDE,14,36,0.0315286
F15-RastriginRot,NCDE,14,37,0.0315286
F15-RastriginRot,NCDE,14,38,1008.09
F15-RastriginRot,NCDE,14,39,776.974
F15-RastriginRot,NCDE,14,40,1.34455
F15-RastriginRot,NCDE,14,41,0.0315286
F15-RastriginRot,NCDE,14,42,0.0315286
F15-RastriginRot,NCDE,14,43,0.0315286
F15-RastriginRot,NCDE,14,44,826.937
F15-RastriginRot,r3pso,14,15,81.4546
F15-RastriginRot,r3pso,14,16,1.43245e-11
F15-RastriginRot,r3pso,14,17,772.83
F15-RastriginRot,r3pso,14,18,817.001
F15-RastriginRot,r3pso,14,19,0
F15-RastriginRot,r3pso,14,20,98.7107
F15-RastriginRot,r3pso,14,21,1.43245e-11
F15-RastriginRot,r3pso,14,22,944.026
F15-RastriginRot,r3pso,14,23,838.051
F15-RastriginRot,r3pso,14,24,1.43245e-11
F15-RastriginRot,r3pso,14,25,859.797
F15-RastriginRot,r3pso,14,26,1.43245e-11
F15-RastriginRot,r3pso,14,27,796.966
F15-RastriginRot,r3pso,14,28,1.43245e-11
F15-RastriginRot,r3pso,14,29,781.63
F15-RastriginRot,r3pso,14,30,1034.21
F15-RastriginRot,r3pso,14,31,1.43245e-11
F15-RastriginRot,r3pso,14,32,1.43245e-11
F15-RastriginRot,r3pso,14,33,1.43245e-11
F15-RastriginRot,r3pso,14,34,1.43245e-11
F15-RastriginRot,r3pso,14,35,1.43245e-11
F15-RastriginRot,r3pso,14,36,1.43245e-11
F15-RastriginRot,r3pso,14,37,1.43245e-11
F15-RastriginRot,r3pso,14,38,1002.65
F15-RastriginRot,r3pso,14,39,775.736
F15-RastriginRot,r3pso,14,40,0
F15-RastriginRot,r3pso,14,41,1.43245e-11
F15-RastriginRot,r3pso,14,42,1.43245e-11
F15-RastriginRot,r3pso,14,43,1.43245e-11
F15-RastriginRot,r3pso,14,44,821.392
F15-RastriginRot,NM-Restart,14,15,105.882
F15-RastriginRot,NM-Restart,14,16,0
F15-RastriginRot,NM-Restart,14,17,794.475
F15-RastriginRot,NM-Restart,14,18,787.157
F15-RastriginRot,NM-Restart,14,19,3.97905
F15-RastriginRot,NM-Restart,14,20,126.777
F15-RastriginRot,NM-Restart,14,21,0
F15-RastriginRot,NM-Restart,14,22,928.744
F15-RastriginRot,NM-Restart,14,23,794.626
F15-RastriginRot,NM-Restart,14,24,0
F15-RastriginRot,NM-Restart,14,25,832.954
F15-RastriginRot,NM-Restart,14,26,0
F15-RastriginRot,NM-Restart,14,27,752.401
F15-RastriginRot,NM-Restart,14,28,0
F15-RastriginRot,NM-Restart,14,29,0
F15-RastriginRot,NM-Restart,14,30,1018.09
F15-RastriginRot,NM-Restart,14,31,0
F15-RastriginRot,NM-Restart,14,32,0
F15-RastriginRot,NM-Restart,14,33,0
F15-RastriginRot,NM-Restart,14,34,0
F15-RastriginRot,NM-Restart,14,35,0
F15-RastriginRot,NM-Restart,14,36,0
F15-RastriginRot,NM-Restart,14,37,0
F15-RastriginRot,NM-Restart,14,38,1019.48
F15-RastriginRot,NM-Restart,14,39,760.55
F15-RastriginRot,NM-Restart,14,40,3.97905
F15-RastriginRot,NM-Restart,14,41,0
F15-RastriginRot,NM-Restart,14,42,0
F15-RastriginRot,NM-Restart,14,43,0
F15-RastriginRot,NM-Restart,14,44,806.487
F15-RastriginRot,IPOP-CMA-ES,14,15,113.69
F15-RastriginRot,IPOP-CMA-ES,14,16,2.47572e-07
F15-RastriginRot,IPOP-CMA-ES,14,17,829.315
F15-RastriginRot,IPOP-CMA-ES,14,18,883.383
F15-RastriginRot,IPOP-CMA-ES,14,19,807.001
F15-RastriginRot,IPOP-CMA-ES,14,20,133.438
F15-RastriginRot,IPOP-CMA-ES,14,21,2.47572e-07
F15-RastriginRot,IPOP-CMA-ES,14,22,1017.78
F15-RastriginRot,IPOP-CMA-ES,14,23,875.258
F15-RastriginRot,IPOP-CMA-ES,14,24,2.47572e-07
F15-RastriginRot,IPOP-CMA-ES,14,25,928.704
F15-RastriginRot,IPOP-CMA-ES,14,26,2.47572e-07
F15-RastriginRot,IPOP-CMA-ES,14,27,796.97
F15-RastriginRot,IPOP-CMA-ES,14,28,2.47572e-07
F15-RastriginRot,IPOP-CMA-ES,14,29,820.506
F15-RastriginRot,IPOP-CMA-ES,14,30,1107.82
F15-RastriginRot,IPOP-CMA-ES,14,31,2.47572e-07
F15-RastriginRot,IPOP-CMA-ES,14,32,2.47572e-07
F15-RastriginRot,IPOP-CMA-ES,14,33,2.47572e-07
F15-RastriginRot,IPOP-CMA-ES,14,34,2.47572e-07
F15-RastriginRot,IPOP-CMA-ES,14,35,2.47572e-07
F15-RastriginRot,IPOP-CMA-ES,14,36,2.47572e-07
F15-RastriginRot,IPOP-CMA-ES,14,37,2.47572e-07
F15-RastriginRot,IPOP-CMA-ES,14,38,1063.92
F15-RastriginRot,IPOP-CMA-ES,14,39,775.742
F15-RastriginRot,IPOP-CMA-ES,14,40,810.653
F15-RastriginRot,IPOP-CMA-ES,14,41,2.47572e-07
F15-RastriginRot,IPOP-CMA-ES,14,42,2.47572e-07
F15-RastriginRot,IPOP-CMA-ES,14,43,2.47572e-07
F15-RastriginRot,IPOP-CMA-ES,14,44,895.197
F15-RastriginRot,DE,14,15,149.806
F15-RastriginRot,DE,14,16,0
F15-RastriginRot,DE,14,17,889.664
F15-RastriginRot,DE,14,18,952.151
F15-RastriginRot,DE,14,19,866.679
F15-RastriginRot,DE,14,20,172.058
F15-RastriginRot,DE,14,21,0
F15-RastriginRot,DE,14,22,1094.55
F15-RastriginRot,DE,14,23,913.769
F15-RastriginRot,DE,14,24,0
F15-RastriginRot,DE,14,25,1000.15
F15-RastriginRot,DE,14,26,0
F15-RastriginRot,DE,14,27,823.594
F15-RastriginRot,DE,14,28,0
F15-RastriginRot,DE,14,29,860.734
F15-RastriginRot,DE,14,30,1184.42
F15-RastriginRot,DE,14,31,0
F15-RastriginRot,DE,14,32,0
F15-RastriginRot,DE,14,33,0
F15-RastriginRot,DE,14,34,0
F15-RastriginRot,DE,14,35,0
F15-RastriginRot,DE,14,36,0
F15-RastriginRot,DE,14,37,0
F15-RastriginRot,DE,14,38,1128.99
F15-RastriginRot,DE,14,39,779.171
F15-RastriginRot,DE,14,40,875.609
F15-RastriginRot,DE,14,41,0
F15-RastriginRot,DE,14,42,0
F15-RastriginRot,DE,14,43,0
F15-RastriginRot,DE,14,44,972.041
F15-RastriginRot,PSO,14,15,181.835
F15-RastriginRot,PSO,14,16,0.994959
F15-RastriginRot,PSO,14,17,946.029
F15-RastriginRot,PSO,14,18,994.021
F15-RastriginRot,PSO,14,19,901.688
F15-RastriginRot,PSO,14,20,206.558
F15-RastriginRot,PSO,14,21,0.994959
F15-RastriginRot,PSO,14,22,1145.94
F15-RastriginRot,PSO,14,23,936.242
F15-RastriginRot,PSO,14,24,0.994959
F15-RastriginRot,PSO,14,25,1044.46
F15-RastriginRot,PSO,14,26,0.994959
F15-RastriginRot,PSO,14,27,796.97
F15-RastriginRot,PSO,14,28,0.994959
F15-RastriginRot,PSO,14,29,884.119
F15-RastriginRot,PSO,14,30,1235.39
F15-RastriginRot,PSO,14,31,0.994959
F15-RastriginRot,PSO,14,32,0.994959
F15-RastriginRot,PSO,14,33,0.994959
F15-RastriginRot,PSO,14,34,0.994959
F15-RastriginRot,PSO,14,35,0.994959
F15-RastriginRot,PSO,14,36,0.994959
F15-RastriginRot,PSO,14,37,0.994959
F15-RastriginRot,PSO,14,38,1187.82
F15-RastriginRot,PSO,14,39,775.742
F15-RastriginRot,PSO,14,40,914.409
F15-RastriginRot,PSO,14,41,0.994959
F15-RastriginRot,PSO,14,42,0.994959
F15-RastriginRot,PSO,14,43,0.994959
F15-RastriginRot,PSO,14,44,1023.61
F15-RastriginRot,Crowding-DE,14,15,113.618
F15-RastriginRot,Crowding-DE,14,16,0.0119157
F15-RastriginRot,Crowding-DE,14,17,829.257
F15-RastriginRot,Crowding-DE,14,18,883.405
F15-RastriginRot,Crowding-DE,14,19,807.039
F15-RastriginRot,Crowding-DE,14,20,133.367
F15-RastriginRot,Crowding-DE,14,21,0.0119157
F15-RastriginRot,Crowding-DE,14,22,1017.77
F15-RastriginRot,Crowding-DE,14,23,875.317
F15-RastriginRot,Crowding-DE,14,24,0.0119157
F15-RastriginRot,Crowding-DE,14,25,928.72
F15-RastriginRot,Crowding-DE,14,26,0.0119157
F15-RastriginRot,Crowding-DE,14,27,775.867
F15-RastriginRot,Crowding-DE,14,28,0.0119157
F15-RastriginRot,Crowding-DE,14,29,820.565
F15-RastriginRot,Crowding-DE,14,30,1107.81
F15-RastriginRot,Crowding-DE,14,31,0.0119157
F15-RastriginRot,Crowding-DE,14,32,0.0119157
F15-RastriginRot,Crowding-DE,14,33,0.0119157
F15-RastriginRot,Crowding-DE,14,34,0.0119157
F15-RastriginRot,Crowding-DE,14,35,0.0119157
F15-RastriginRot,Crowding-DE,14,36,0.0119157
F15-RastriginRot,Crowding-DE,14,37,0.0119157
F15-RastriginRot,Crowding-DE,14,38,1063.86
F15-RastriginRot,Crowding-DE,14,39,0.113301
F15-RastriginRot,Crowding-DE,14,40,810.682
F15-RastriginRot,Crowding-DE,14,41,0.0119157
F15-RastriginRot,Crowding-DE,14,42,0.0119157
F15-RastriginRot,Crowding-DE,14,43,0.0119157
F15-RastriginRot,Crowding-DE,14,44,895.19
F15-RastriginRot,MAP-Elites,14,15,121.764
F15-RastriginRot,MAP-Elites,14,16,1.24914
F15-RastriginRot,MAP-Elites,14,17,839.747
F15-RastriginRot,MAP-Elites,14,18,893.784
F15-RastriginRot,MAP-Elites,14,19,816.278
F15-RastriginRot,MAP-Elites,14,20,141.764
F15-RastriginRot,MAP-Elites,14,21,1.24914
F15-RastriginRot,MAP-Elites,14,22,1029.33
F15-RastriginRot,MAP-Elites,14,23,882.078
F15-RastriginRot,MAP-Elites,14,24,1.24914
F15-RastriginRot,MAP-Elites,14,25,939.455
F15-RastriginRot,MAP-Elites,14,26,1.24914
F15-RastriginRot,MAP-Elites,14,27,749.612
F15-RastriginRot,MAP-Elites,14,28,1.24914
F15-RastriginRot,MAP-Elites,14,29,827.521
F15-RastriginRot,MAP-Elites,14,30,1119.33
F15-RastriginRot,MAP-Elites,14,31,1.24914
F15-RastriginRot,MAP-Elites,14,32,1.24914
F15-RastriginRot,MAP-Elites,14,33,1.24914
F15-RastriginRot,MAP-Elites,14,34,1.24914
F15-RastriginRot,MAP-Elites,14,35,1.24914
F15-RastriginRot,MAP-Elites,14,36,1.24914
F15-RastriginRot,MAP-Elites,14,37,1.24914
F15-RastriginRot,MAP-Elites,14,38,1074.78
F15-RastriginRot,MAP-Elites,14,39,0.717065
F15-RastriginRot,MAP-Elites,14,40,820.573
F15-RastriginRot,MAP-Elites,14,41,1.24914
F15-RastriginRot,MAP-Elites,14,42,1.24914
F15-RastriginRot,MAP-Elites,14,43,1.24914
F15-RastriginRot,MAP-Elites,14,44,906.763
F15-RastriginRot,MC-ESO-crowd,14,15,115.918
F15-RastriginRot,MC-ESO-crowd,14,16,4.66131e-06
F15-RastriginRot,MC-ESO-crowd,14,17,832.151
F15-RastriginRot,MC-ESO-crowd,14,18,885.834
F15-RastriginRot,MC-ESO-crowd,14,19,809.057
F15-RastriginRot,MC-ESO-crowd,14,20,135.735
F15-RastriginRot,MC-ESO-crowd,14,21,4.66131e-06
F15-RastriginRot,MC-ESO-crowd,14,22,1020.69
F15-RastriginRot,MC-ESO-crowd,14,23,876.504
F15-RastriginRot,MC-ESO-crowd,14,24,4.66131e-06
F15-RastriginRot,MC-ESO-crowd,14,25,931.285
F15-RastriginRot,MC-ESO-crowd,14,26,4.66131e-06
F15-RastriginRot,MC-ESO-crowd,14,27,764.071
F15-RastriginRot,MC-ESO-crowd,14,28,4.66131e-06
F15-RastriginRot,MC-ESO-crowd,14,29,821.815
F15-RastriginRot,MC-ESO-crowd,14,30,1110.71
F15-RastriginRot,MC-ESO-crowd,14,31,4.66131e-06
F15-RastriginRot,MC-ESO-crowd,14,32,4.66131e-06
F15-RastriginRot,MC-ESO-crowd,14,33,4.66131e-06
F15-RastriginRot,MC-ESO-crowd,14,34,4.66131e-06
F15-RastriginRot,MC-ESO-crowd,14,35,4.66131e-06
F15-RastriginRot,MC-ESO-crowd,14,36,4.66131e-06
F15-RastriginRot,MC-ESO-crowd,14,37,4.66131e-06
F15-RastriginRot,MC-ESO-crowd,14,38,1066.85
F15-RastriginRot,MC-ESO-crowd,14,39,1.53939
F15-RastriginRot,MC-ESO-crowd,14,40,812.932
F15-RastriginRot,MC-ESO-crowd,14,41,4.66131e-06
F15-RastriginRot,MC-ESO-crowd,14,42,4.66131e-06
F15-RastriginRot,MC-ESO-crowd,14,43,4.66131e-06
F15-RastriginRot,MC-ESO-crowd,14,44,898.117
F15-RastriginRot,quality,14,15,113.69
F15-RastriginRot,quality,14,16,4.69163e-09
F15-RastriginRot,quality,14,17,794.475
F15-RastriginRot,quality,14,18,787.157
F15-RastriginRot,quality,14,19,3.97905
F15-RastriginRot,quality,14,20,133.438
F15-RastriginRot,quality,14,21,4.69163e-09
F15-RastriginRot,quality,14,22,928.744
F15-RastriginRot,quality,14,23,794.626
F15-RastriginRot,quality,14,24,4.69163e-09
F15-RastriginRot,quality,14,25,832.954
F15-RastriginRot,quality,14,26,4.69163e-09
F15-RastriginRot,quality,14,27,752.401
F15-RastriginRot,quality,14,28,4.69163e-09
F15-RastriginRot,quality,14,29,0
F15-RastriginRot,quality,14,30,1018.09
F15-RastriginRot,quality,14,31,4.69163e-09
F15-RastriginRot,quality,14,32,4.69163e-09
F15-RastriginRot,quality,14,33,4.69163e-09
F15-RastriginRot,quality,14,34,4.69163e-09
F15-RastriginRot,quality,14,35,4.69163e-09
F15-RastriginRot,quality,14,36,4.69163e-09
F15-RastriginRot,quality,14,37,4.69163e-09
F15-RastriginRot,quality,14,38,1019.48
F15-RastriginRot,quality,14,39,0
F15-RastriginRot,quality,14,40,3.97905
F15-RastriginRot,quality,14,41,4.69163e-09
F15-RastriginRot,quality,14,42,4.69163e-09
F15-RastriginRot,quality,14,43,4.69163e-09
F15-RastriginRot,quality,14,44,806.487
F15-RastriginRot,complement,14,15,0
F15-RastriginRot,complement,14,16,4.69163e-09
F15-RastriginRot,complement,14,17,2.98481
F15-RastriginRot,complement,14,18,2.98481
F15-RastriginRot,complement,14,19,11.9386
F15-RastriginRot,complement,14,20,0
F15-RastriginRot,complement,14,21,4.69163e-09
F15-RastriginRot,complement,14,22,77.6028
F15-RastriginRot,complement,14,23,20.8939
F15-RastriginRot,complement,14,24,4.69163e-09
F15-RastriginRot,complement,14,25,0
F15-RastriginRot,complement,14,26,4.69163e-09
F15-RastriginRot,complement,14,27,823.594
F15-RastriginRot,complement,14,28,4.69163e-09
F15-RastriginRot,complement,14,29,7.95958
F15-RastriginRot,complement,14,30,38.8002
F15-RastriginRot,complement,14,31,4.69163e-09
F15-RastriginRot,complement,14,32,4.69163e-09
F15-RastriginRot,complement,14,33,4.69163e-09
F15-RastriginRot,complement,14,34,4.69163e-09
F15-RastriginRot,complement,14,35,4.69163e-09
F15-RastriginRot,complement,14,36,4.69163e-09
F15-RastriginRot,complement,14,37,4.69163e-09
F15-RastriginRot,complement,14,38,22.8826
F15-RastriginRot,complement,14,39,31.8384
F15-RastriginRot,complement,14,40,11.9386
F15-RastriginRot,complement,14,41,4.69163e-09
F15-RastriginRot,complement,14,42,4.69163e-09
F15-RastriginRot,complement,14,43,4.69163e-09
F15-RastriginRot,complement,14,44,2.98481
F21-Gallagher101,MC-ESO,0,15,0.669519
F21-Gallagher101,MC-ESO,0,16,0
F21-Gallagher101,MC-ESO,0,17,0
F21-Gallagher101,MC-ESO,0,18,0
F21-Gallagher101,MC-ESO,0,19,0
F21-Gallagher101,MC-ESO,0,20,0
F21-Gallagher101,MC-ESO,0,21,0
F21-Gallagher101,MC-ESO,0,22,0
F21-Gallagher101,MC-ESO,0,23,75.2041
F21-Gallagher101,MC-ESO,0,24,2.54413e-06
F21-Gallagher101,MC-ESO,0,25,0
F21-Gallagher101,MC-ESO,0,26,0
F21-Gallagher101,MC-ESO,0,27,0.171601
F21-Gallagher101,MC-ESO,0,28,0.460659
F21-Gallagher101,MC-ESO,0,29,0
F21-Gallagher101,MC-ESO,0,30,2.54413e-06
F21-Gallagher101,MC-ESO,0,31,77.8804
F21-Gallagher101,MC-ESO,0,32,0.220272
F21-Gallagher101,MC-ESO,0,33,0
F21-Gallagher101,MC-ESO,0,34,2.54413e-06
F21-Gallagher101,MC-ESO,0,35,0
F21-Gallagher101,MC-ESO,0,36,0
F21-Gallagher101,MC-ESO,0,37,0
F21-Gallagher101,MC-ESO,0,38,0
F21-Gallagher101,MC-ESO,0,39,0
F21-Gallagher101,MC-ESO,0,40,2.54413e-06
F21-Gallagher101,MC-ESO,0,41,2.54413e-06
F21-Gallagher101,MC-ESO,0,42,0
F21-Gallagher101,MC-ESO,0,43,0
F21-Gallagher101,MC-ESO,0,44,0
F21-Gallagher101,NMMSO,0,15,0.679514
F21-Gallagher101,NMMSO,0,16,6.03465e-09
F21-Gallagher101,NMMSO,0,17,2.27374e-13
F21-Gallagher101,NMMSO,0,18,2.27374e-13
F21-Gallagher101,NMMSO,0,19,2.27374e-13
F21-Gallagher101,NMMSO,0,20,6.03465e-09
F21-Gallagher101,NMMSO,0,21,2.27374e-13
F21-Gallagher101,NMMSO,0,22,2.27374e-13
F21-Gallagher101,NMMSO,0,23,75.1823
F21-Gallagher101,NMMSO,0,24,0.00999777
F21-Gallagher101,NMMSO,0,25,2.27374e-13
F21-Gallagher101,NMMSO,0,26,6.03465e-09
F21-Gallagher101,NMMSO,0,27,0.181597
F21-Gallagher101,NMMSO,0,28,0.470654
F21-Gallagher101,NMMSO,0,29,2.27374e-13
F21-Gallagher101,NMMSO,0,30,0.00999777
F21-Gallagher101,NMMSO,0,31,77.878
F21-Gallagher101,NMMSO,0,32,0.220272
F21-Gallagher101,NMMSO,0,33,2.27374e-13
F21-Gallagher101,NMMSO,0,34,0.00999777
F21-Gallagher101,NMMSO,0,35,2.27374e-13
F21-Gallagher101,NMMSO,0,36,2.27374e-13
F21-Gallagher101,NMMSO,0,37,2.27374e-13
F21-Gallagher101,NMMSO,0,38,2.27374e-13
F21-Gallagher101,NMMSO,0,39,2.27374e-13
F21-Gallagher101,NMMSO,0,40,0.00999777
F21-Gallagher101,NMMSO,0,41,0.00999777
F21-Gallagher101,NMMSO,0,42,2.27374e-13
F21-Gallagher101,NMMSO,0,43,6.03465e-09
F21-Gallagher101,NMMSO,0,44,2.27374e-13
F21-Gallagher101,NCDE,0,15,0.670116
F21-Gallagher101,NCDE,0,16,0.185538
F21-Gallagher101,NCDE,0,17,4.81129e-06
F21-Gallagher101,NCDE,0,18,4.81129e-06
F21-Gallagher101,NCDE,0,19,4.81129e-06
F21-Gallagher101,NCDE,0,20,0.185538
F21-Gallagher101,NCDE,0,21,4.81129e-06
F21-Gallagher101,NCDE,0,22,4.81129e-06
F21-Gallagher101,NCDE,0,23,75.2321
F21-Gallagher101,NCDE,0,24,0.000600128
F21-Gallagher101,NCDE,0,25,4.81129e-06
F21-Gallagher101,NCDE,0,26,0.185538
F21-Gallagher101,NCDE,0,27,0.172199
F21-Gallagher101,NCDE,0,28,0.461256
F21-Gallagher101,NCDE,0,29,4.81129e-06
F21-Gallagher101,NCDE,0,30,0.000600128
F21-Gallagher101,NCDE,0,31,77.0365
F21-Gallagher101,NCDE,0,32,0.405811
F21-Gallagher101,NCDE,0,33,4.81129e-06
F21-Gallagher101,NCDE,0,34,0.000600128
F21-Gallagher101,NCDE,0,35,4.81129e-06
F21-Gallagher101,NCDE,0,36,4.81129e-06
F21-Gallagher101,NCDE,0,37,4.81129e-06
F21-Gallagher101,NCDE,0,38,4.81129e-06
F21-Gallagher101,NCDE,0,39,4.81129e-06
F21-Gallagher101,NCDE,0,40,0.000600128
F21-Gallagher101,NCDE,0,41,0.000600128
F21-Gallagher101,NCDE,0,42,4.81129e-06
F21-Gallagher101,NCDE,0,43,0.185538
F21-Gallagher101,NCDE,0,44,4.81129e-06
F21-Gallagher101,r3pso,0,15,0
F21-Gallagher101,r3pso,0,16,88.652
F21-Gallagher101,r3pso,0,17,0
F21-Gallagher101,r3pso,0,18,0
F21-Gallagher101,r3pso,0,19,0
F21-Gallagher101,r3pso,0,20,82.1569
F21-Gallagher101,r3pso,0,21,0
F21-Gallagher101,r3pso,0,22,0
F21-Gallagher101,r3pso,0,23,75.1739
F21-Gallagher101,r3pso,0,24,0.00293093
F21-Gallagher101,r3pso,0,25,0
F21-Gallagher101,r3pso,0,26,74.6015
F21-Gallagher101,r3pso,0,27,0.17453
F21-Gallagher101,r3pso,0,28,0.463587
F21-Gallagher101,r3pso,0,29,0
F21-Gallagher101,r3pso,0,30,0.00293093
F21-Gallagher101,r3pso,0,31,77.8804
F21-Gallagher101,r3pso,0,32,74.9235
F21-Gallagher101,r3pso,0,33,0
F21-Gallagher101,r3pso,0,34,0.00293093
F21-Gallagher101,r3pso,0,35,0
F21-Gallagher101,r3pso,0,36,0
F21-Gallagher101,r3pso,0,37,0
F21-Gallagher101,r3pso,0,38,0
F21-Gallagher101,r3pso,0,39,0
F21-Gallagher101,r3pso,0,40,0.00293093
F21-Gallagher101,r3pso,0,41,0.00293093
F21-Gallagher101,r3pso,0,42,0
F21-Gallagher101,r3pso,0,43,89.1169
F21-Gallagher101,r3pso,0,44,0
F21-Gallagher101,NM-Restart,0,15,1.54067
F21-Gallagher101,NM-Restart,0,16,0.633012
F21-Gallagher101,NM-Restart,0,17,0
F21-Gallagher101,NM-Restart,0,18,0
F21-Gallagher101,NM-Restart,0,19,0
F21-Gallagher101,NM-Restart,0,20,0.633012
F21-Gallagher101,NM-Restart,0,21,0
F21-Gallagher101,NM-Restart,0,22,0
F21-Gallagher101,NM-Restart,0,23,0
F21-Gallagher101,NM-Restart,0,24,0.871153
F21-Gallagher101,NM-Restart,0,25,0
F21-Gallagher101,NM-Restart,0,26,0.633012
F21-Gallagher101,NM-Restart,0,27,1.04275
F21-Gallagher101,NM-Restart,0,28,1.33181
F21-Gallagher101,NM-Restart,0,29,0
F21-Gallagher101,NM-Restart,0,30,0.871153
F21-Gallagher101,NM-Restart,0,31,0
F21-Gallagher101,NM-Restart,0,32,0.853285
F21-Gallagher101,NM-Restart,0,33,0
F21-Gallagher101,NM-Restart,0,34,0.871153
F21-Gallagher101,NM-Restart,0,35,0
F21-Gallagher101,NM-Restart,0,36,0
F21-Gallagher101,NM-Restart,0,37,0
F21-Gallagher101,NM-Restart,0,38,0
F21-Gallagher101,NM-Restart,0,39,0
F21-Gallagher101,NM-Restart,0,40,0.871153
F21-Gallagher101,NM-Restart,0,41,0.871153
F21-Gallagher101,NM-Restart,0,42,0
F21-Gallagher101,NM-Restart,0,43,0.633012
F21-Gallagher101,NM-Restart,0,44,0
F21-Gallagher101,IPOP-CMA-ES,0,15,0.285442
F21-Gallagher101,IPOP-CMA-ES,0,16,0.315258
F21-Gallagher101,IPOP-CMA-ES,0,17,0
F21-Gallagher101,IPOP-CMA-ES,0,18,0
F21-Gallagher101,IPOP-CMA-ES,0,19,0
F21-Gallagher101,IPOP-CMA-ES,0,20,0.315258
F21-Gallagher101,IPOP-CMA-ES,0,21,0
F21-Gallagher101,IPOP-CMA-ES,0,22,0
F21-Gallagher101,IPOP-CMA-ES,0,23,75.2027
F21-Gallagher101,IPOP-CMA-ES,0,24,0
F21-Gallagher101,IPOP-CMA-ES,0,25,0
F21-Gallagher101,IPOP-CMA-ES,0,26,0.315258
F21-Gallagher101,IPOP-CMA-ES,0,27,0.171599
F21-Gallagher101,IPOP-CMA-ES,0,28,0.0765822
F21-Gallagher101,IPOP-CMA-ES,0,29,0
F21-Gallagher101,IPOP-CMA-ES,0,30,0
F21-Gallagher101,IPOP-CMA-ES,0,31,77.8817
F21-Gallagher101,IPOP-CMA-ES,0,32,0.535531
F21-Gallagher101,IPOP-CMA-ES,0,33,0
F21-Gallagher101,IPOP-CMA-ES,0,34,0
F21-Gallagher101,IPOP-CMA-ES,0,35,0
F21-Gallagher101,IPOP-CMA-ES,0,36,0
F21-Gallagher101,IPOP-CMA-ES,0,37,0
F21-Gallagher101,IPOP-CMA-ES,0,38,0
F21-Gallagher101,IPOP-CMA-ES,0,39,0
F21-Gallagher101,IPOP-CMA-ES,0,40,0
F21-Gallagher101,IPOP-CMA-ES,0,41,0
F21-Gallagher101,IPOP-CMA-ES,0,42,0
F21-Gallagher101,IPOP-CMA-ES,0,43,1.06754
F21-Gallagher101,IPOP-CMA-ES,0,44,0
F21-Gallagher101,DE,0,15,77.0209
F21-Gallagher101,DE,0,16,103.054
F21-Gallagher101,DE,0,17,0
F21-Gallagher101,DE,0,18,0
F21-Gallagher101,DE,0,19,0
F21-Gallagher101,DE,0,20,87.1476
F21-Gallagher101,DE,0,21,0
F21-Gallagher101,DE,0,22,0
F21-Gallagher101,DE,0,23,84.2909
F21-Gallagher101,DE,0,24,95.9971
F21-Gallagher101,DE,0,25,0
F21-Gallagher101,DE,0,26,87.8146
F21-Gallagher101,DE,0,27,80.534
F21-Gallagher101,DE,0,28,76.8796
F21-Gallagher101,DE,0,29,0
F21-Gallagher101,DE,0,30,106.613
F21-Gallagher101,DE,0,31,77.8813
F21-Gallagher101,DE,0,32,110.96
F21-Gallagher101,DE,0,33,0
F21-Gallagher101,DE,0,34,80.029
F21-Gallagher101,DE,0,35,0
F21-Gallagher101,DE,0,36,0
F21-Gallagher101,DE,0,37,0
F21-Gallagher101,DE,0,38,0
F21-Gallagher101,DE,0,39,0
F21-Gallagher101,DE,0,40,94.3517
F21-Gallagher101,DE,0,41,89.1023
F21-Gallagher101,DE,0,42,0
F21-Gallagher101,DE,0,43,89.4915
F21-Gallagher101,DE,0,44,0
F21-Gallagher101,PSO,0,15,1.81847
F21-Gallagher101,PSO,0,16,5.49782
F21-Gallagher101,PSO,0,17,0
F21-Gallagher101,PSO,0,18,0
F21-Gallagher101,PSO,0,19,0
F21-Gallagher101,PSO,0,20,5.49782
F21-Gallagher101,PSO,0,21,0
F21-Gallagher101,PSO,0,22,0
F21-Gallagher101,PSO,0,23,81.7397
F21-Gallagher101,PSO,0,24,5.73596
F21-Gallagher101,PSO,0,25,0
F21-Gallagher101,PSO,0,26,5.49782
F21-Gallagher101,PSO,0,27,1.32055
F21-Gallagher101,PSO,0,28,1.60961
F21-Gallagher101,PSO,0,29,0
F21-Gallagher101,PSO,0,30,84.8859
F21-Gallagher101,PSO,0,31,75.3926
F21-Gallagher101,PSO,0,32,5.7181
F21-Gallagher101,PSO,0,33,0
F21-Gallagher101,PSO,0,34,1.14895
F21-Gallagher101,PSO,0,35,0
F21-Gallagher101,PSO,0,36,0
F21-Gallagher101,PSO,0,37,0
F21-Gallagher101,PSO,0,38,0
F21-Gallagher101,PSO,0,39,0
F21-Gallagher101,PSO,0,40,5.73596
F21-Gallagher101,PSO,0,41,5.73596
F21-Gallagher101,PSO,0,42,0
F21-Gallagher101,PSO,0,43,83.6687
F21-Gallagher101,PSO,0,44,0
F21-Gallagher101,Crowding-DE,0,15,0.0253399
F21-Gallagher101,Crowding-DE,0,16,0.0581071
F21-Gallagher101,Crowding-DE,0,17,0.000249359
F21-Gallagher101,Crowding-DE,0,18,0.000249359
F21-Gallagher101,Crowding-DE,0,19,0.000249359
F21-Gallagher101,Crowding-DE,0,20,0.0581071
F21-Gallagher101,Crowding-DE,0,21,0.000249359
F21-Gallagher101,Crowding-DE,0,22,0.000249359
F21-Gallagher101,Crowding-DE,0,23,75.2526
F21-Gallagher101,Crowding-DE,0,24,0.017868
F21-Gallagher101,Crowding-DE,0,25,0.000249359
F21-Gallagher101,Crowding-DE,0,26,0.0581071
F21-Gallagher101,Crowding-DE,0,27,0.189467
F21-Gallagher101,Crowding-DE,0,28,0.478524
F21-Gallagher101,Crowding-DE,0,29,0.000249359
F21-Gallagher101,Crowding-DE,0,30,0.017868
F21-Gallagher101,Crowding-DE,0,31,78.3654
F21-Gallagher101,Crowding-DE,0,32,0
F21-Gallagher101,Crowding-DE,0,33,0.000249359
F21-Gallagher101,Crowding-DE,0,34,0.017868
F21-Gallagher101,Crowding-DE,0,35,0.000249359
F21-Gallagher101,Crowding-DE,0,36,0.000249359
F21-Gallagher101,Crowding-DE,0,37,0.000249359
F21-Gallagher101,Crowding-DE,0,38,0.000249359
F21-Gallagher101,Crowding-DE,0,39,0.000249359
F21-Gallagher101,Crowding-DE,0,40,0.017868
F21-Gallagher101,Crowding-DE,0,41,0.017868
F21-Gallagher101,Crowding-DE,0,42,0.000249359
F21-Gallagher101,Crowding-DE,0,43,0.0581071
F21-Gallagher101,Crowding-DE,0,44,0.000249359
F21-Gallagher101,MAP-Elites,0,15,0.497917
F21-Gallagher101,MAP-Elites,0,16,97.4673
F21-Gallagher101,MAP-Elites,0,17,0.000658285
F21-Gallagher101,MAP-Elites,0,18,0.000658285
F21-Gallagher101,MAP-Elites,0,19,0.000658285
F21-Gallagher101,MAP-Elites,0,20,83.4223
F21-Gallagher101,MAP-Elites,0,21,0.000658285
F21-Gallagher101,MAP-Elites,0,22,0.000658285
F21-Gallagher101,MAP-Elites,0,23,83.552
F21-Gallagher101,MAP-Elites,0,24,88.3977
F21-Gallagher101,MAP-Elites,0,25,0.000658285
F21-Gallagher101,MAP-Elites,0,26,82.4538
F21-Gallagher101,MAP-Elites,0,27,0
F21-Gallagher101,MAP-Elites,0,28,0.289057
F21-Gallagher101,MAP-Elites,0,29,0.000658285
F21-Gallagher101,MAP-Elites,0,30,98.4709
F21-Gallagher101,MAP-Elites,0,31,74.5581
F21-Gallagher101,MAP-Elites,0,32,101.992
F21-Gallagher101,MAP-Elites,0,33,0.000658285
F21-Gallagher101,MAP-Elites,0,34,75.2063
F21-Gallagher101,MAP-Elites,0,35,0.000658285
F21-Gallagher101,MAP-Elites,0,36,0.000658285
F21-Gallagher101,MAP-Elites,0,37,0.000658285
F21-Gallagher101,MAP-Elites,0,38,0.000658285
F21-Gallagher101,MAP-Elites,0,39,0.0146961
F21-Gallagher101,MAP-Elites,0,40,86.4163
F21-Gallagher101,MAP-Elites,0,41,82.4235
F21-Gallagher101,MAP-Elites,0,42,0.000658285
F21-Gallagher101,MAP-Elites,0,43,89.2716
F21-Gallagher101,MAP-Elites,0,44,0.000658285
F21-Gallagher101,MC-ESO-crowd,0,15,0.20886
F21-Gallagher101,MC-ESO-crowd,0,16,0.0038845
F21-Gallagher101,MC-ESO-crowd,0,17,2.33341e-09
F21-Gallagher101,MC-ESO-crowd,0,18,2.33341e-09
F21-Gallagher101,MC-ESO-crowd,0,19,2.33341e-09
F21-Gallagher101,MC-ESO-crowd,0,20,0.0038845
F21-Gallagher101,MC-ESO-crowd,0,21,2.33341e-09
F21-Gallagher101,MC-ESO-crowd,0,22,2.33341e-09
F21-Gallagher101,MC-ESO-crowd,0,23,75.1949
F21-Gallagher101,MC-ESO-crowd,0,24,5.41785e-05
F21-Gallagher101,MC-ESO-crowd,0,25,2.33341e-09
F21-Gallagher101,MC-ESO-crowd,0,26,0.0038845
F21-Gallagher101,MC-ESO-crowd,0,27,0.171653
F21-Gallagher101,MC-ESO-crowd,0,28,0
F21-Gallagher101,MC-ESO-crowd,0,29,2.33341e-09
F21-Gallagher101,MC-ESO-crowd,0,30,5.41785e-05
F21-Gallagher101,MC-ESO-crowd,0,31,74.4507
F21-Gallagher101,MC-ESO-crowd,0,32,0.224157
F21-Gallagher101,MC-ESO-crowd,0,33,2.33341e-09
F21-Gallagher101,MC-ESO-crowd,0,34,5.41785e-05
F21-Gallagher101,MC-ESO-crowd,0,35,2.33341e-09
F21-Gallagher101,MC-ESO-crowd,0,36,2.33341e-09
F21-Gallagher101,MC-ESO-crowd,0,37,2.33341e-09
F21-Gallagher101,MC-ESO-crowd,0,38,2.33341e-09
F21-Gallagher101,MC-ESO-crowd,0,39,2.33341e-09
F21-Gallagher101,MC-ESO-crowd,0,40,5.41785e-05
F21-Gallagher101,MC-ESO-crowd,0,41,5.41785e-05
F21-Gallagher101,MC-ESO-crowd,0,42,2.33341e-09
F21-Gallagher101,MC-ESO-crowd,0,43,0.0038845
F21-Gallagher101,MC-ESO-crowd,0,44,2.33341e-09
F21-Gallagher101,quality,0,15,0.669516
F21-Gallagher101,quality,0,16,0.315258
F21-Gallagher101,quality,0,17,3.24533e-10
F21-Gallagher101,quality,0,18,3.24533e-10
F21-Gallagher101,quality,0,19,3.24533e-10
F21-Gallagher101,quality,0,20,0.315258
F21-Gallagher101,quality,0,21,3.24533e-10
F21-Gallagher101,quality,0,22,3.24533e-10
F21-Gallagher101,quality,0,23,75.2027
F21-Gallagher101,quality,0,24,3.75877e-12
F21-Gallagher101,quality,0,25,3.24533e-10
F21-Gallagher101,quality,0,26,0.315258
F21-Gallagher101,quality,0,27,0.171599
F21-Gallagher101,quality,0,28,0.460656
F21-Gallagher101,quality,0,29,3.24533e-10
F21-Gallagher101,quality,0,30,3.75877e-12
F21-Gallagher101,quality,0,31,77.8951
F21-Gallagher101,quality,0,32,0.535531
F21-Gallagher101,quality,0,33,3.24533e-10
F21-Gallagher101,quality,0,34,3.75877e-12
F21-Gallagher101,quality,0,35,3.24533e-10
F21-Gallagher101,quality,0,36,3.24533e-10
F21-Gallagher101,quality,0,37,3.24533e-10
F21-Gallagher101,quality,0,38,3.24533e-10
F21-Gallagher101,quality,0,39,3.24533e-10
F21-Gallagher101,quality,0,40,3.75877e-12
F21-Gallagher101,quality,0,41,3.75877e-12
F21-Gallagher101,quality,0,42,3.24533e-10
F21-Gallagher101,quality,0,43,0.633012
F21-Gallagher101,quality,0,44,3.24533e-10
F21-Gallagher101,complement,0,15,0.669516
F21-Gallagher101,complement,0,16,0.315258
F21-Gallagher101,complement,0,17,3.24533e-10
F21-Gallagher101,complement,0,18,3.24533e-10
F21-Gallagher101,complement,0,19,3.24533e-10
F21-Gallagher101,complement,0,20,0.315258
F21-Gallagher101,complement,0,21,3.24533e-10
F21-Gallagher101,complement,0,22,3.24533e-10
F21-Gallagher101,complement,0,23,75.2027
F21-Gallagher101,complement,0,24,3.75877e-12
F21-Gallagher101,complement,0,25,3.24533e-10
F21-Gallagher101,complement,0,26,0.315258
F21-Gallagher101,complement,0,27,0.171599
F21-Gallagher101,complement,0,28,0.460656
F21-Gallagher101,complement,0,29,3.24533e-10
F21-Gallagher101,complement,0,30,3.75877e-12
F21-Gallagher101,complement,0,31,77.8951
F21-Gallagher101,complement,0,32,0.535531
F21-Gallagher101,complement,0,33,3.24533e-10
F21-Gallagher101,complement,0,34,3.75877e-12
F21-Gallagher101,complement,0,35,3.24533e-10
F21-Gallagher101,complement,0,36,3.24533e-10
F21-Gallagher101,complement,0,37,3.24533e-10
F21-Gallagher101,complement,0,38,3.24533e-10
F21-Gallagher101,complement,0,39,3.24533e-10
F21-Gallagher101,complement,0,40,3.75877e-12
F21-Gallagher101,complement,0,41,3.75877e-12
F21-Gallagher101,complement,0,42,3.24533e-10
F21-Gallagher101,complement,0,43,81.1995
F21-Gallagher101,complement,0,44,3.24533e-10
F21-Gallagher101,MC-ESO,1,15,60.7313
F21-Gallagher101,MC-ESO,1,16,52.8017
F21-Gallagher101,MC-ESO,1,17,54.3502
F21-Gallagher101,MC-ESO,1,18,55.9637
F21-Gallagher101,MC-ESO,1,19,64.0535
F21-Gallagher101,MC-ESO,1,20,60.7756
F21-Gallagher101,MC-ESO,1,21,0
F21-Gallagher101,MC-ESO,1,22,0
F21-Gallagher101,MC-ESO,1,23,80.3058
F21-Gallagher101,MC-ESO,1,24,0
F21-Gallagher101,MC-ESO,1,25,53.2752
F21-Gallagher101,MC-ESO,1,26,64.7489
F21-Gallagher101,MC-ESO,1,27,76.8062
F21-Gallagher101,MC-ESO,1,28,0
F21-Gallagher101,MC-ESO,1,29,69.4241
F21-Gallagher101,MC-ESO,1,30,0
F21-Gallagher101,MC-ESO,1,31,74.7674
F21-Gallagher101,MC-ESO,1,32,0
F21-Gallagher101,MC-ESO,1,33,0
F21-Gallagher101,MC-ESO,1,34,66.0276
F21-Gallagher101,MC-ESO,1,35,80.0463
F21-Gallagher101,MC-ESO,1,36,0
F21-Gallagher101,MC-ESO,1,37,68.0321
F21-Gallagher101,MC-ESO,1,38,0
F21-Gallagher101,MC-ESO,1,39,60.1214
F21-Gallagher101,MC-ESO,1,40,0
F21-Gallagher101,MC-ESO,1,41,0
F21-Gallagher101,MC-ESO,1,42,0
F21-Gallagher101,MC-ESO,1,43,63.656
F21-Gallagher101,MC-ESO,1,44,0
F21-Gallagher101,NMMSO,1,15,1.3717e-06
F21-Gallagher101,NMMSO,1,16,53.4491
F21-Gallagher101,NMMSO,1,17,55.6791
F21-Gallagher101,NMMSO,1,18,0.498758
F21-Gallagher101,NMMSO,1,19,1.3717e-06
F21-Gallagher101,NMMSO,1,20,1.3717e-06
F21-Gallagher101,NMMSO,1,21,0
F21-Gallagher101,NMMSO,1,22,0
F21-Gallagher101,NMMSO,1,23,0.537928
F21-Gallagher101,NMMSO,1,24,0
F21-Gallagher101,NMMSO,1,25,1.23336
F21-Gallagher101,NMMSO,1,26,1.3717e-06
F21-Gallagher101,NMMSO,1,27,1.3717e-06
F21-Gallagher101,NMMSO,1,28,0
F21-Gallagher101,NMMSO,1,29,1.3717e-06
F21-Gallagher101,NMMSO,1,30,0
F21-Gallagher101,NMMSO,1,31,1.3717e-06
F21-Gallagher101,NMMSO,1,32,0
F21-Gallagher101,NMMSO,1,33,0
F21-Gallagher101,NMMSO,1,34,1.3717e-06
F21-Gallagher101,NMMSO,1,35,0
F21-Gallagher101,NMMSO,1,36,0
F21-Gallagher101,NMMSO,1,37,1.3717e-06
F21-Gallagher101,NMMSO,1,38,0
F21-Gallagher101,NMMSO,1,39,0.315258
F21-Gallagher101,NMMSO,1,40,0
F21-Gallagher101,NMMSO,1,41,0
F21-Gallagher101,NMMSO,1,42,0
F21-Gallagher101,NMMSO,1,43,1.3717e-06
F21-Gallagher101,NMMSO,1,44,0
F21-Gallagher101,NCDE,1,15,0.000329569
F21-Gallagher101,NCDE,1,16,53.4383
F21-Gallagher101,NCDE,1,17,55.1573
F21-Gallagher101,NCDE,1,18,0.499086
F21-Gallagher101,NCDE,1,19,0.000329569
F21-Gallagher101,NCDE,1,20,0.000329569
F21-Gallagher101,NCDE,1,21,0.000977175
F21-Gallagher101,NCDE,1,22,0.000977175
F21-Gallagher101,NCDE,1,23,0.23399
F21-Gallagher101,NCDE,1,24,0.000977175
F21-Gallagher101,NCDE,1,25,0.0122752
F21-Gallagher101,NCDE,1,26,0.000329569
F21-Gallagher101,NCDE,1,27,0.000329569
F21-Gallagher101,NCDE,1,28,0.000977175
F21-Gallagher101,NCDE,1,29,0.000329569
F21-Gallagher101,NCDE,1,30,0.000977175
F21-Gallagher101,NCDE,1,31,0.000329569
F21-Gallagher101,NCDE,1,32,0.000977175
F21-Gallagher101,NCDE,1,33,0.000977175
F21-Gallagher101,NCDE,1,34,0.000329569
F21-Gallagher101,NCDE,1,35,0.000328197
F21-Gallagher101,NCDE,1,36,0.000977175
F21-Gallagher101,NCDE,1,37,0.000329569
F21-Gallagher101,NCDE,1,38,0.000977175
F21-Gallagher101,NCDE,1,39,0.0113202
F21-Gallagher101,NCDE,1,40,0.000977175
F21-Gallagher101,NCDE,1,41,0.000977175
F21-Gallagher101,NCDE,1,42,0.000977175
F21-Gallagher101,NCDE,1,43,0.000329569
F21-Gallagher101,NCDE,1,44,0.0241743
F21-Gallagher101,r3pso,1,15,1.00919e-08
F21-Gallagher101,r3pso,1,16,0.812259
F21-Gallagher101,r3pso,1,17,55.6788
F21-Gallagher101,r3pso,1,18,0.498757
F21-Gallagher101,r3pso,1,19,1.00919e-08
F21-Gallagher101,r3pso,1,20,1.00919e-08
F21-Gallagher101,r3pso,1,21,0
F21-Gallagher101,r3pso,1,22,0
F21-Gallagher101,r3pso,1,23,0.537928
F21-Gallagher101,r3pso,1,24,0
F21-Gallagher101,r3pso,1,25,1.23336
F21-Gallagher101,r3pso,1,26,1.00919e-08
F21-Gallagher101,r3pso,1,27,1.00919e-08
F21-Gallagher101,r3pso,1,28,0
F21-Gallagher101,r3pso,1,29,1.00919e-08
F21-Gallagher101,r3pso,1,30,0
F21-Gallagher101,r3pso,1,31,1.00919e-08
F21-Gallagher101,r3pso,1,32,0
F21-Gallagher101,r3pso,1,33,0
F21-Gallagher101,r3pso,1,34,1.00919e-08
F21-Gallagher101,r3pso,1,35,0.553397
F21-Gallagher101,r3pso,1,36,0
F21-Gallagher101,r3pso,1,37,1.00919e-08
F21-Gallagher101,r3pso,1,38,0
F21-Gallagher101,r3pso,1,39,0.315258
F21-Gallagher101,r3pso,1,40,0
F21-Gallagher101,r3pso,1,41,0
F21-Gallagher101,r3pso,1,42,0
F21-Gallagher101,r3pso,1,43,1.00919e-08
F21-Gallagher101,r3pso,1,44,0
F21-Gallagher101,NM-Restart,1,15,0
F21-Gallagher101,NM-Restart,1,16,53.4477
F21-Gallagher101,NM-Restart,1,17,55.6789
F21-Gallagher101,NM-Restart,1,18,0.498757
F21-Gallagher101,NM-Restart,1,19,0
F21-Gallagher101,NM-Restart,1,20,0
F21-Gallagher101,NM-Restart,1,21,0
F21-Gallagher101,NM-Restart,1,22,0
F21-Gallagher101,NM-Restart,1,23,0.222669
F21-Gallagher101,NM-Restart,1,24,0
F21-Gallagher101,NM-Restart,1,25,0.918098
F21-Gallagher101,NM-Restart,1,26,0
F21-Gallagher101,NM-Restart,1,27,0
F21-Gallagher101,NM-Restart,1,28,0
F21-Gallagher101,NM-Restart,1,29,0
F21-Gallagher101,NM-Restart,1,30,0
F21-Gallagher101,NM-Restart,1,31,0
F21-Gallagher101,NM-Restart,1,32,0
F21-Gallagher101,NM-Restart,1,33,0
F21-Gallagher101,NM-Restart,1,34,0
F21-Gallagher101,NM-Restart,1,35,0.238139
F21-Gallagher101,NM-Restart,1,36,0
F21-Gallagher101,NM-Restart,1,37,0
F21-Gallagher101,NM-Restart,1,38,0
F21-Gallagher101,NM-Restart,1,39,0
F21-Gallagher101,NM-Restart,1,40,0
F21-Gallagher101,NM-Restart,1,41,0
F21-Gallagher101,NM-Restart,1,42,0
F21-Gallagher101,NM-Restart,1,43,0
F21-Gallagher101,NM-Restart,1,44,0
F21-Gallagher101,IPOP-CMA-ES,1,15,0.150218
F21-Gallagher101,IPOP-CMA-ES,1,16,53.1059
F21-Gallagher101,IPOP-CMA-ES,1,17,55.6795
F21-Gallagher101,IPOP-CMA-ES,1,18,0.648975
F21-Gallagher101,IPOP-CMA-ES,1,19,0.150218
F21-Gallagher101,IPOP-CMA-ES,1,20,0.150218
F21-Gallagher101,IPOP-CMA-ES,1,21,0
F21-Gallagher101,IPOP-CMA-ES,1,22,0
F21-Gallagher101,IPOP-CMA-ES,1,23,0.233015
F21-Gallagher101,IPOP-CMA-ES,1,24,0
F21-Gallagher101,IPOP-CMA-ES,1,25,0.928443
F21-Gallagher101,IPOP-CMA-ES,1,26,0.150218
F21-Gallagher101,IPOP-CMA-ES,1,27,0.150218
F21-Gallagher101,IPOP-CMA-ES,1,28,0
F21-Gallagher101,IPOP-CMA-ES,1,29,0.150218
F21-Gallagher101,IPOP-CMA-ES,1,30,0
F21-Gallagher101,IPOP-CMA-ES,1,31,0.150218
F21-Gallagher101,IPOP-CMA-ES,1,32,0
F21-Gallagher101,IPOP-CMA-ES,1,33,0
F21-Gallagher101,IPOP-CMA-ES,1,34,0.150218
F21-Gallagher101,IPOP-CMA-ES,1,35,0.248484
F21-Gallagher101,IPOP-CMA-ES,1,36,0
F21-Gallagher101,IPOP-CMA-ES,1,37,0.150218
F21-Gallagher101,IPOP-CMA-ES,1,38,0
F21-Gallagher101,IPOP-CMA-ES,1,39,0.0103451
F21-Gallagher101,IPOP-CMA-ES,1,40,0
F21-Gallagher101,IPOP-CMA-ES,1,41,0
F21-Gallagher101,IPOP-CMA-ES,1,42,0
F21-Gallagher101,IPOP-CMA-ES,1,43,0.150218
F21-Gallagher101,IPOP-CMA-ES,1,44,0
F21-Gallagher101,DE,1,15,60.7302
F21-Gallagher101,DE,1,16,53.8496
F21-Gallagher101,DE,1,17,55.6797
F21-Gallagher101,DE,1,18,55.9627
F21-Gallagher101,DE,1,19,64.0528
F21-Gallagher101,DE,1,20,60.7744
F21-Gallagher101,DE,1,21,0
F21-Gallagher101,DE,1,22,0
F21-Gallagher101,DE,1,23,80.3048
F21-Gallagher101,DE,1,24,0
F21-Gallagher101,DE,1,25,53.2751
F21-Gallagher101,DE,1,26,64.7478
F21-Gallagher101,DE,1,27,76.8052
F21-Gallagher101,DE,1,28,0
F21-Gallagher101,DE,1,29,69.4233
F21-Gallagher101,DE,1,30,0
F21-Gallagher101,DE,1,31,74.7664
F21-Gallagher101,DE,1,32,0
F21-Gallagher101,DE,1,33,0
F21-Gallagher101,DE,1,34,66.027
F21-Gallagher101,DE,1,35,80.0453
F21-Gallagher101,DE,1,36,0
F21-Gallagher101,DE,1,37,68.0313
F21-Gallagher101,DE,1,38,0
F21-Gallagher101,DE,1,39,60.1212
F21-Gallagher101,DE,1,40,0
F21-Gallagher101,DE,1,41,0
F21-Gallagher101,DE,1,42,0
F21-Gallagher101,DE,1,43,63.655
F21-Gallagher101,DE,1,44,0
F21-Gallagher101,PSO,1,15,0.23814
F21-Gallagher101,PSO,1,16,76.7478
F21-Gallagher101,PSO,1,17,81.0893
F21-Gallagher101,PSO,1,18,0.736897
F21-Gallagher101,PSO,1,19,0.23814
F21-Gallagher101,PSO,1,20,0.23814
F21-Gallagher101,PSO,1,21,75.4354
F21-Gallagher101,PSO,1,22,0.929997
F21-Gallagher101,PSO,1,23,0.222669
F21-Gallagher101,PSO,1,24,81.5712
F21-Gallagher101,PSO,1,25,0.918098
F21-Gallagher101,PSO,1,26,0.23814
F21-Gallagher101,PSO,1,27,0.23814
F21-Gallagher101,PSO,1,28,59.1803
F21-Gallagher101,PSO,1,29,62.1284
F21-Gallagher101,PSO,1,30,54.781
F21-Gallagher101,PSO,1,31,0.23814
F21-Gallagher101,PSO,1,32,56.4262
F21-Gallagher101,PSO,1,33,68.1422
F21-Gallagher101,PSO,1,34,68.6108
F21-Gallagher101,PSO,1,35,0.238139
F21-Gallagher101,PSO,1,36,83.604
F21-Gallagher101,PSO,1,37,61.8033
F21-Gallagher101,PSO,1,38,70.3858
F21-Gallagher101,PSO,1,39,7.10543e-15
F21-Gallagher101,PSO,1,40,63.3385
F21-Gallagher101,PSO,1,41,0.929997
F21-Gallagher101,PSO,1,42,67.924
F21-Gallagher101,PSO,1,43,0.23814
F21-Gallagher101,PSO,1,44,0.929997
F21-Gallagher101,Crowding-DE,1,15,0.025849
F21-Gallagher101,Crowding-DE,1,16,53.729
F21-Gallagher101,Crowding-DE,1,17,55.6858
F21-Gallagher101,Crowding-DE,1,18,0.353779
F21-Gallagher101,Crowding-DE,1,19,0.025849
F21-Gallagher101,Crowding-DE,1,20,0.025849
F21-Gallagher101,Crowding-DE,1,21,1.97088e-07
F21-Gallagher101,Crowding-DE,1,22,1.97088e-07
F21-Gallagher101,Crowding-DE,1,23,0.010378
F21-Gallagher101,Crowding-DE,1,24,1.97088e-07
F21-Gallagher101,Crowding-DE,1,25,0.53498
F21-Gallagher101,Crowding-DE,1,26,0.025849
F21-Gallagher101,Crowding-DE,1,27,0.025849
F21-Gallagher101,Crowding-DE,1,28,1.97088e-07
F21-Gallagher101,Crowding-DE,1,29,0.025849
F21-Gallagher101,Crowding-DE,1,30,1.97088e-07
F21-Gallagher101,Crowding-DE,1,31,0.025849
F21-Gallagher101,Crowding-DE,1,32,1.97088e-07
F21-Gallagher101,Crowding-DE,1,33,1.97088e-07
F21-Gallagher101,Crowding-DE,1,34,0.025849
F21-Gallagher101,Crowding-DE,1,35,0.0258476
F21-Gallagher101,Crowding-DE,1,36,1.97088e-07
F21-Gallagher101,Crowding-DE,1,37,0.025849
F21-Gallagher101,Crowding-DE,1,38,1.97088e-07
F21-Gallagher101,Crowding-DE,1,39,0.0455781
F21-Gallagher101,Crowding-DE,1,40,1.97088e-07
F21-Gallagher101,Crowding-DE,1,41,1.97088e-07
F21-Gallagher101,Crowding-DE,1,42,1.97088e-07
F21-Gallagher101,Crowding-DE,1,43,0.025849
F21-Gallagher101,Crowding-DE,1,44,1.97088e-07
F21-Gallagher101,MAP-Elites,1,15,54.7391
F21-Gallagher101,MAP-Elites,1,16,52.657
F21-Gallagher101,MAP-Elites,1,17,54.2553
F21-Gallagher101,MAP-Elites,1,18,0.307312
F21-Gallagher101,MAP-Elites,1,19,59.7068
F21-Gallagher101,MAP-Elites,1,20,54.7357
F21-Gallagher101,MAP-Elites,1,21,5.361e-07
F21-Gallagher101,MAP-Elites,1,22,5.361e-07
F21-Gallagher101,MAP-Elites,1,23,74.4368
F21-Gallagher101,MAP-Elites,1,24,5.361e-07
F21-Gallagher101,MAP-Elites,1,25,0
F21-Gallagher101,MAP-Elites,1,26,59.0585
F21-Gallagher101,MAP-Elites,1,27,71.095
F21-Gallagher101,MAP-Elites,1,28,5.361e-07
F21-Gallagher101,MAP-Elites,1,29,65.935
F21-Gallagher101,MAP-Elites,1,30,5.361e-07
F21-Gallagher101,MAP-Elites,1,31,69.4647
F21-Gallagher101,MAP-Elites,1,32,5.361e-07
F21-Gallagher101,MAP-Elites,1,33,5.361e-07
F21-Gallagher101,MAP-Elites,1,34,64.035
F21-Gallagher101,MAP-Elites,1,35,74.1419
F21-Gallagher101,MAP-Elites,1,36,5.361e-07
F21-Gallagher101,MAP-Elites,1,37,64.6952
F21-Gallagher101,MAP-Elites,1,38,5.361e-07
F21-Gallagher101,MAP-Elites,1,39,58.4221
F21-Gallagher101,MAP-Elites,1,40,5.361e-07
F21-Gallagher101,MAP-Elites,1,41,5.361e-07
F21-Gallagher101,MAP-Elites,1,42,5.361e-07
F21-Gallagher101,MAP-Elites,1,43,57.6659
F21-Gallagher101,MAP-Elites,1,44,5.361e-07
F21-Gallagher101,MC-ESO-crowd,1,15,0.015471
F21-Gallagher101,MC-ESO-crowd,1,16,0
F21-Gallagher101,MC-ESO-crowd,1,17,53.734
F21-Gallagher101,MC-ESO-crowd,1,18,0
F21-Gallagher101,MC-ESO-crowd,1,19,0.015471
F21-Gallagher101,MC-ESO-crowd,1,20,0.015471
F21-Gallagher101,MC-ESO-crowd,1,21,2.82999e-09
F21-Gallagher101,MC-ESO-crowd,1,22,2.82999e-09
F21-Gallagher101,MC-ESO-crowd,1,23,0
F21-Gallagher101,MC-ESO-crowd,1,24,2.82999e-09
F21-Gallagher101,MC-ESO-crowd,1,25,0.181201
F21-Gallagher101,MC-ESO-crowd,1,26,0.015471
F21-Gallagher101,MC-ESO-crowd,1,27,0.015471
F21-Gallagher101,MC-ESO-crowd,1,28,2.82999e-09
F21-Gallagher101,MC-ESO-crowd,1,29,0.015471
F21-Gallagher101,MC-ESO-crowd,1,30,2.82999e-09
F21-Gallagher101,MC-ESO-crowd,1,31,0.015471
F21-Gallagher101,MC-ESO-crowd,1,32,2.82999e-09
F21-Gallagher101,MC-ESO-crowd,1,33,2.82999e-09
F21-Gallagher101,MC-ESO-crowd,1,34,0.015471
F21-Gallagher101,MC-ESO-crowd,1,35,0.0154696
F21-Gallagher101,MC-ESO-crowd,1,36,2.82999e-09
F21-Gallagher101,MC-ESO-crowd,1,37,0.015471
F21-Gallagher101,MC-ESO-crowd,1,38,2.82999e-09
F21-Gallagher101,MC-ESO-crowd,1,39,56.8674
F21-Gallagher101,MC-ESO-crowd,1,40,2.82999e-09
F21-Gallagher101,MC-ESO-crowd,1,41,2.82999e-09
F21-Gallagher101,MC-ESO-crowd,1,42,2.82999e-09
F21-Gallagher101,MC-ESO-crowd,1,43,0.015471
F21-Gallagher101,MC-ESO-crowd,1,44,2.82999e-09
F21-Gallagher101,quality,1,15,9.23706e-14
F21-Gallagher101,quality,1,16,53.4477
F21-Gallagher101,quality,1,17,55.694
F21-Gallagher101,quality,1,18,0.498757
F21-Gallagher101,quality,1,19,9.23706e-14
F21-Gallagher101,quality,1,20,9.23706e-14
F21-Gallagher101,quality,1,21,8.58329e-10
F21-Gallagher101,quality,1,22,8.58329e-10
F21-Gallagher101,quality,1,23,0.855682
F21-Gallagher101,quality,1,24,8.58329e-10
F21-Gallagher101,quality,1,25,1.55111
F21-Gallagher101,quality,1,26,9.23706e-14
F21-Gallagher101,quality,1,27,9.23706e-14
F21-Gallagher101,quality,1,28,8.58329e-10
F21-Gallagher101,quality,1,29,9.23706e-14
F21-Gallagher101,quality,1,30,8.58329e-10
F21-Gallagher101,quality,1,31,9.23706e-14
F21-Gallagher101,quality,1,32,8.58329e-10
F21-Gallagher101,quality,1,33,8.58329e-10
F21-Gallagher101,quality,1,34,9.23706e-14
F21-Gallagher101,quality,1,35,0.871152
F21-Gallagher101,quality,1,36,8.58329e-10
F21-Gallagher101,quality,1,37,9.23706e-14
F21-Gallagher101,quality,1,38,8.58329e-10
F21-Gallagher101,quality,1,39,0.633012
F21-Gallagher101,quality,1,40,8.58329e-10
F21-Gallagher101,quality,1,41,8.58329e-10
F21-Gallagher101,quality,1,42,8.58329e-10
F21-Gallagher101,quality,1,43,9.23706e-14
F21-Gallagher101,quality,1,44,8.58329e-10
F21-Gallagher101,complement,1,15,9.23706e-14
F21-Gallagher101,complement,1,16,2.28141
F21-Gallagher101,complement,1,17,0.778604
F21-Gallagher101,complement,1,18,0.498757
F21-Gallagher101,complement,1,19,9.23706e-14
F21-Gallagher101,complement,1,20,9.23706e-14
F21-Gallagher101,complement,1,21,8.58329e-10
F21-Gallagher101,complement,1,22,8.58329e-10
F21-Gallagher101,complement,1,23,53.2233
F21-Gallagher101,complement,1,24,8.58329e-10
F21-Gallagher101,complement,1,25,1.92584
F21-Gallagher101,complement,1,26,9.23706e-14
F21-Gallagher101,complement,1,27,9.23706e-14
F21-Gallagher101,complement,1,28,8.58329e-10
F21-Gallagher101,complement,1,29,9.23706e-14
F21-Gallagher101,complement,1,30,8.58329e-10
F21-Gallagher101,complement,1,31,9.23706e-14
F21-Gallagher101,complement,1,32,8.58329e-10
F21-Gallagher101,complement,1,33,8.58329e-10
F21-Gallagher101,complement,1,34,9.23706e-14
F21-Gallagher101,complement,1,35,52.6342
F21-Gallagher101,complement,1,36,8.58329e-10
F21-Gallagher101,complement,1,37,9.23706e-14
F21-Gallagher101,complement,1,38,8.58329e-10
F21-Gallagher101,complement,1,39,1.00774
F21-Gallagher101,complement,1,40,8.58329e-10
F21-Gallagher101,complement,1,41,8.58329e-10
F21-Gallagher101,complement,1,42,8.58329e-10
F21-Gallagher101,complement,1,43,9.23706e-14
F21-Gallagher101,complement,1,44,8.58329e-10
F21-Gallagher101,MC-ESO,2,15,52.0464
F21-Gallagher101,MC-ESO,2,16,0
F21-Gallagher101,MC-ESO,2,17,0
F21-Gallagher101,MC-ESO,2,18,0
F21-Gallagher101,MC-ESO,2,19,0
F21-Gallagher101,MC-ESO,2,20,0
F21-Gallagher101,MC-ESO,2,21,48.921
F21-Gallagher101,MC-ESO,2,22,53.1301
F21-Gallagher101,MC-ESO,2,23,63.3998
F21-Gallagher101,MC-ESO,2,24,0
F21-Gallagher101,MC-ESO,2,25,0
F21-Gallagher101,MC-ESO,2,26,60.9665
F21-Gallagher101,MC-ESO,2,27,67.0116
F21-Gallagher101,MC-ESO,2,28,53.8699
F21-Gallagher101,MC-ESO,2,29,0
F21-Gallagher101,MC-ESO,2,30,0
F21-Gallagher101,MC-ESO,2,31,48.7291
F21-Gallagher101,MC-ESO,2,32,0
F21-Gallagher101,MC-ESO,2,33,0
F21-Gallagher101,MC-ESO,2,34,0
F21-Gallagher101,MC-ESO,2,35,0
F21-Gallagher101,MC-ESO,2,36,59.5411
F21-Gallagher101,MC-ESO,2,37,58.4327
F21-Gallagher101,MC-ESO,2,38,0
F21-Gallagher101,MC-ESO,2,39,59.2812
F21-Gallagher101,MC-ESO,2,40,57.3459
F21-Gallagher101,MC-ESO,2,41,52.8657
F21-Gallagher101,MC-ESO,2,42,65.7407
F21-Gallagher101,MC-ESO,2,43,0
F21-Gallagher101,MC-ESO,2,44,0
F21-Gallagher101,NMMSO,2,15,0.00162573
F21-Gallagher101,NMMSO,2,16,1.32339e-08
F21-Gallagher101,NMMSO,2,17,1.32339e-08
F21-Gallagher101,NMMSO,2,18,1.32339e-08
F21-Gallagher101,NMMSO,2,19,1.32339e-08
F21-Gallagher101,NMMSO,2,20,1.32339e-08
F21-Gallagher101,NMMSO,2,21,0.00162573
F21-Gallagher101,NMMSO,2,22,3.47546e-09
F21-Gallagher101,NMMSO,2,23,3.47546e-09
F21-Gallagher101,NMMSO,2,24,1.32339e-08
F21-Gallagher101,NMMSO,2,25,1.32339e-08
F21-Gallagher101,NMMSO,2,26,3.47546e-09
F21-Gallagher101,NMMSO,2,27,0.00162573
F21-Gallagher101,NMMSO,2,28,0.00162573
F21-Gallagher101,NMMSO,2,29,1.32339e-08
F21-Gallagher101,NMMSO,2,30,1.32339e-08
F21-Gallagher101,NMMSO,2,31,0.203481
F21-Gallagher101,NMMSO,2,32,1.32339e-08
F21-Gallagher101,NMMSO,2,33,1.32339e-08
F21-Gallagher101,NMMSO,2,34,1.32339e-08
F21-Gallagher101,NMMSO,2,35,1.32339e-08
F21-Gallagher101,NMMSO,2,36,3.47546e-09
F21-Gallagher101,NMMSO,2,37,0.00162573
F21-Gallagher101,NMMSO,2,38,1.32339e-08
F21-Gallagher101,NMMSO,2,39,0
F21-Gallagher101,NMMSO,2,40,3.47546e-09
F21-Gallagher101,NMMSO,2,41,0.00162573
F21-Gallagher101,NMMSO,2,42,3.47546e-09
F21-Gallagher101,NMMSO,2,43,1.32339e-08
F21-Gallagher101,NMMSO,2,44,1.32339e-08
F21-Gallagher101,NCDE,2,15,3.77134e-06
F21-Gallagher101,NCDE,2,16,1.42109e-14
F21-Gallagher101,NCDE,2,17,1.42109e-14
F21-Gallagher101,NCDE,2,18,1.42109e-14
F21-Gallagher101,NCDE,2,19,1.42109e-14
F21-Gallagher101,NCDE,2,20,1.42109e-14
F21-Gallagher101,NCDE,2,21,3.77134e-06
F21-Gallagher101,NCDE,2,22,0.0220541
F21-Gallagher101,NCDE,2,23,0.0220541
F21-Gallagher101,NCDE,2,24,1.42109e-14
F21-Gallagher101,NCDE,2,25,1.42109e-14
F21-Gallagher101,NCDE,2,26,0.0220541
F21-Gallagher101,NCDE,2,27,3.77134e-06
F21-Gallagher101,NCDE,2,28,3.77134e-06
F21-Gallagher101,NCDE,2,29,1.42109e-14
F21-Gallagher101,NCDE,2,30,1.42109e-14
F21-Gallagher101,NCDE,2,31,0.201859
F21-Gallagher101,NCDE,2,32,1.42109e-14
F21-Gallagher101,NCDE,2,33,1.42109e-14
F21-Gallagher101,NCDE,2,34,1.42109e-14
F21-Gallagher101,NCDE,2,35,1.42109e-14
F21-Gallagher101,NCDE,2,36,0.0220541
F21-Gallagher101,NCDE,2,37,3.77134e-06
F21-Gallagher101,NCDE,2,38,1.42109e-14
F21-Gallagher101,NCDE,2,39,0.258569
F21-Gallagher101,NCDE,2,40,0.0220541
F21-Gallagher101,NCDE,2,41,3.77134e-06
F21-Gallagher101,NCDE,2,42,0.0220541
F21-Gallagher101,NCDE,2,43,1.42109e-14
F21-Gallagher101,NCDE,2,44,1.42109e-14
F21-Gallagher101,r3pso,2,15,5.67468e-10
F21-Gallagher101,r3pso,2,16,0
F21-Gallagher101,r3pso,2,17,0
F21-Gallagher101,r3pso,2,18,0
F21-Gallagher101,r3pso,2,19,0
F21-Gallagher101,r3pso,2,20,0
F21-Gallagher101,r3pso,2,21,5.67468e-10
F21-Gallagher101,r3pso,2,22,1.62287e-06
F21-Gallagher101,r3pso,2,23,1.62287e-06
F21-Gallagher101,r3pso,2,24,0
F21-Gallagher101,r3pso,2,25,0
F21-Gallagher101,r3pso,2,26,1.62287e-06
F21-Gallagher101,r3pso,2,27,5.67468e-10
F21-Gallagher101,r3pso,2,28,5.67468e-10
F21-Gallagher101,r3pso,2,29,0
F21-Gallagher101,r3pso,2,30,0
F21-Gallagher101,r3pso,2,31,0.201856
F21-Gallagher101,r3pso,2,32,0
F21-Gallagher101,r3pso,2,33,0
F21-Gallagher101,r3pso,2,34,0
F21-Gallagher101,r3pso,2,35,0
F21-Gallagher101,r3pso,2,36,1.62287e-06
F21-Gallagher101,r3pso,2,37,5.67468e-10
F21-Gallagher101,r3pso,2,38,0
F21-Gallagher101,r3pso,2,39,0.236516
F21-Gallagher101,r3pso,2,40,1.62287e-06
F21-Gallagher101,r3pso,2,41,5.67468e-10
F21-Gallagher101,r3pso,2,42,1.62287e-06
F21-Gallagher101,r3pso,2,43,0
F21-Gallagher101,r3pso,2,44,0
F21-Gallagher101,NM-Restart,2,15,0
F21-Gallagher101,NM-Restart,2,16,0
F21-Gallagher101,NM-Restart,2,17,0
F21-Gallagher101,NM-Restart,2,18,0
F21-Gallagher101,NM-Restart,2,19,0
F21-Gallagher101,NM-Restart,2,20,0
F21-Gallagher101,NM-Restart,2,21,0
F21-Gallagher101,NM-Restart,2,22,0.315258
F21-Gallagher101,NM-Restart,2,23,46.2798
F21-Gallagher101,NM-Restart,2,24,0
F21-Gallagher101,NM-Restart,2,25,0
F21-Gallagher101,NM-Restart,2,26,0.315258
F21-Gallagher101,NM-Restart,2,27,0
F21-Gallagher101,NM-Restart,2,28,0
F21-Gallagher101,NM-Restart,2,29,0
F21-Gallagher101,NM-Restart,2,30,0
F21-Gallagher101,NM-Restart,2,31,0.201856
F21-Gallagher101,NM-Restart,2,32,0
F21-Gallagher101,NM-Restart,2,33,0
F21-Gallagher101,NM-Restart,2,34,0
F21-Gallagher101,NM-Restart,2,35,0
F21-Gallagher101,NM-Restart,2,36,0.315258
F21-Gallagher101,NM-Restart,2,37,0
F21-Gallagher101,NM-Restart,2,38,0
F21-Gallagher101,NM-Restart,2,39,0.551773
F21-Gallagher101,NM-Restart,2,40,1.00774
F21-Gallagher101,NM-Restart,2,41,0
F21-Gallagher101,NM-Restart,2,42,0.315258
F21-Gallagher101,NM-Restart,2,43,0
F21-Gallagher101,NM-Restart,2,44,0
F21-Gallagher101,IPOP-CMA-ES,2,15,0.23814
F21-Gallagher101,IPOP-CMA-ES,2,16,0
F21-Gallagher101,IPOP-CMA-ES,2,17,0
F21-Gallagher101,IPOP-CMA-ES,2,18,0
F21-Gallagher101,IPOP-CMA-ES,2,19,0
F21-Gallagher101,IPOP-CMA-ES,2,20,0
F21-Gallagher101,IPOP-CMA-ES,2,21,0.23814
F21-Gallagher101,IPOP-CMA-ES,2,22,0
F21-Gallagher101,IPOP-CMA-ES,2,23,0
F21-Gallagher101,IPOP-CMA-ES,2,24,0
F21-Gallagher101,IPOP-CMA-ES,2,25,0
F21-Gallagher101,IPOP-CMA-ES,2,26,0
F21-Gallagher101,IPOP-CMA-ES,2,27,0.23814
F21-Gallagher101,IPOP-CMA-ES,2,28,0.553399
F21-Gallagher101,IPOP-CMA-ES,2,29,0
F21-Gallagher101,IPOP-CMA-ES,2,30,0
F21-Gallagher101,IPOP-CMA-ES,2,31,0.439996
F21-Gallagher101,IPOP-CMA-ES,2,32,0
F21-Gallagher101,IPOP-CMA-ES,2,33,0
F21-Gallagher101,IPOP-CMA-ES,2,34,0
F21-Gallagher101,IPOP-CMA-ES,2,35,0
F21-Gallagher101,IPOP-CMA-ES,2,36,0
F21-Gallagher101,IPOP-CMA-ES,2,37,56.0643
F21-Gallagher101,IPOP-CMA-ES,2,38,0
F21-Gallagher101,IPOP-CMA-ES,2,39,0.236515
F21-Gallagher101,IPOP-CMA-ES,2,40,0
F21-Gallagher101,IPOP-CMA-ES,2,41,52.8655
F21-Gallagher101,IPOP-CMA-ES,2,42,0
F21-Gallagher101,IPOP-CMA-ES,2,43,0
F21-Gallagher101,IPOP-CMA-ES,2,44,0
F21-Gallagher101,DE,2,15,52.0473
F21-Gallagher101,DE,2,16,0
F21-Gallagher101,DE,2,17,0
F21-Gallagher101,DE,2,18,0
F21-Gallagher101,DE,2,19,0
F21-Gallagher101,DE,2,20,0
F21-Gallagher101,DE,2,21,48.9217
F21-Gallagher101,DE,2,22,53.1305
F21-Gallagher101,DE,2,23,63.4004
F21-Gallagher101,DE,2,24,0
F21-Gallagher101,DE,2,25,0
F21-Gallagher101,DE,2,26,60.9672
F21-Gallagher101,DE,2,27,67.0126
F21-Gallagher101,DE,2,28,53.8702
F21-Gallagher101,DE,2,29,0
F21-Gallagher101,DE,2,30,0
F21-Gallagher101,DE,2,31,48.73
F21-Gallagher101,DE,2,32,0
F21-Gallagher101,DE,2,33,0
F21-Gallagher101,DE,2,34,0
F21-Gallagher101,DE,2,35,0
F21-Gallagher101,DE,2,36,59.5418
F21-Gallagher101,DE,2,37,58.4328
F21-Gallagher101,DE,2,38,0
F21-Gallagher101,DE,2,39,59.282
F21-Gallagher101,DE,2,40,57.3463
F21-Gallagher101,DE,2,41,52.8655
F21-Gallagher101,DE,2,42,65.7415
F21-Gallagher101,DE,2,43,0
F21-Gallagher101,DE,2,44,0
F21-Gallagher101,PSO,2,15,0.23814
F21-Gallagher101,PSO,2,16,0.929997
F21-Gallagher101,PSO,2,17,67.7983
F21-Gallagher101,PSO,2,18,50.3994
F21-Gallagher101,PSO,2,19,69.9421
F21-Gallagher101,PSO,2,20,50.9301
F21-Gallagher101,PSO,2,21,0.23814
F21-Gallagher101,PSO,2,22,4.9738e-14
F21-Gallagher101,PSO,2,23,4.9738e-14
F21-Gallagher101,PSO,2,24,0.929997
F21-Gallagher101,PSO,2,25,0.929997
F21-Gallagher101,PSO,2,26,4.9738e-14
F21-Gallagher101,PSO,2,27,0.23814
F21-Gallagher101,PSO,2,28,47.7341
F21-Gallagher101,PSO,2,29,52.2944
F21-Gallagher101,PSO,2,30,54.8996
F21-Gallagher101,PSO,2,31,0.439996
F21-Gallagher101,PSO,2,32,0.929997
F21-Gallagher101,PSO,2,33,70.9229
F21-Gallagher101,PSO,2,34,0.929997
F21-Gallagher101,PSO,2,35,67.3252
F21-Gallagher101,PSO,2,36,4.9738e-14
F21-Gallagher101,PSO,2,37,61.8941
F21-Gallagher101,PSO,2,38,72.6092
F21-Gallagher101,PSO,2,39,0.236515
F21-Gallagher101,PSO,2,40,4.9738e-14
F21-Gallagher101,PSO,2,41,64.5688
F21-Gallagher101,PSO,2,42,4.9738e-14
F21-Gallagher101,PSO,2,43,0.929997
F21-Gallagher101,PSO,2,44,64.8354
F21-Gallagher101,Crowding-DE,2,15,0.00286878
F21-Gallagher101,Crowding-DE,2,16,0.000853559
F21-Gallagher101,Crowding-DE,2,17,0.000853559
F21-Gallagher101,Crowding-DE,2,18,0.000853559
F21-Gallagher101,Crowding-DE,2,19,0.000853559
F21-Gallagher101,Crowding-DE,2,20,0.000853559
F21-Gallagher101,Crowding-DE,2,21,0.00286878
F21-Gallagher101,Crowding-DE,2,22,53.3543
F21-Gallagher101,Crowding-DE,2,23,57.6553
F21-Gallagher101,Crowding-DE,2,24,0.000853559
F21-Gallagher101,Crowding-DE,2,25,0.000853559
F21-Gallagher101,Crowding-DE,2,26,52.3679
F21-Gallagher101,Crowding-DE,2,27,0.00286878
F21-Gallagher101,Crowding-DE,2,28,0.00286878
F21-Gallagher101,Crowding-DE,2,29,0.000853559
F21-Gallagher101,Crowding-DE,2,30,0.000853559
F21-Gallagher101,Crowding-DE,2,31,0.204724
F21-Gallagher101,Crowding-DE,2,32,0.000853559
F21-Gallagher101,Crowding-DE,2,33,0.000853559
F21-Gallagher101,Crowding-DE,2,34,0.000853559
F21-Gallagher101,Crowding-DE,2,35,0.000853559
F21-Gallagher101,Crowding-DE,2,36,51.0055
F21-Gallagher101,Crowding-DE,2,37,0.00286878
F21-Gallagher101,Crowding-DE,2,38,0.000853559
F21-Gallagher101,Crowding-DE,2,39,0.193711
F21-Gallagher101,Crowding-DE,2,40,57.5828
F21-Gallagher101,Crowding-DE,2,41,0.00286878
F21-Gallagher101,Crowding-DE,2,42,52.2997
F21-Gallagher101,Crowding-DE,2,43,0.000853559
F21-Gallagher101,Crowding-DE,2,44,0.000853559
F21-Gallagher101,MAP-Elites,2,15,47.0154
F21-Gallagher101,MAP-Elites,2,16,2.41672e-05
F21-Gallagher101,MAP-Elites,2,17,2.41672e-05
F21-Gallagher101,MAP-Elites,2,18,2.41672e-05
F21-Gallagher101,MAP-Elites,2,19,2.41672e-05
F21-Gallagher101,MAP-Elites,2,20,2.41672e-05
F21-Gallagher101,MAP-Elites,2,21,46.0125
F21-Gallagher101,MAP-Elites,2,22,52.4318
F21-Gallagher101,MAP-Elites,2,23,61.258
F21-Gallagher101,MAP-Elites,2,24,2.41672e-05
F21-Gallagher101,MAP-Elites,2,25,2.41672e-05
F21-Gallagher101,MAP-Elites,2,26,58.3153
F21-Gallagher101,MAP-Elites,2,27,61.8616
F21-Gallagher101,MAP-Elites,2,28,51.0365
F21-Gallagher101,MAP-Elites,2,29,2.41672e-05
F21-Gallagher101,MAP-Elites,2,30,2.41672e-05
F21-Gallagher101,MAP-Elites,2,31,0
F21-Gallagher101,MAP-Elites,2,32,2.41672e-05
F21-Gallagher101,MAP-Elites,2,33,2.41672e-05
F21-Gallagher101,MAP-Elites,2,34,2.41672e-05
F21-Gallagher101,MAP-Elites,2,35,2.41672e-05
F21-Gallagher101,MAP-Elites,2,36,56.901
F21-Gallagher101,MAP-Elites,2,37,57.1087
F21-Gallagher101,MAP-Elites,2,38,2.41672e-05
F21-Gallagher101,MAP-Elites,2,39,55.5901
F21-Gallagher101,MAP-Elites,2,40,56.6184
F21-Gallagher101,MAP-Elites,2,41,52.7273
F21-Gallagher101,MAP-Elites,2,42,62.2634
F21-Gallagher101,MAP-Elites,2,43,2.41672e-05
F21-Gallagher101,MAP-Elites,2,44,2.41672e-05
F21-Gallagher101,MC-ESO-crowd,2,15,0.0246227
F21-Gallagher101,MC-ESO-crowd,2,16,7.1332e-06
F21-Gallagher101,MC-ESO-crowd,2,17,7.1332e-06
F21-Gallagher101,MC-ESO-crowd,2,18,7.1332e-06
F21-Gallagher101,MC-ESO-crowd,2,19,7.1332e-06
F21-Gallagher101,MC-ESO-crowd,2,20,7.1332e-06
F21-Gallagher101,MC-ESO-crowd,2,21,0.0246227
F21-Gallagher101,MC-ESO-crowd,2,22,0.372226
F21-Gallagher101,MC-ESO-crowd,2,23,0.501203
F21-Gallagher101,MC-ESO-crowd,2,24,7.1332e-06
F21-Gallagher101,MC-ESO-crowd,2,25,7.1332e-06
F21-Gallagher101,MC-ESO-crowd,2,26,0.372226
F21-Gallagher101,MC-ESO-crowd,2,27,0.0246227
F21-Gallagher101,MC-ESO-crowd,2,28,0.0246227
F21-Gallagher101,MC-ESO-crowd,2,29,7.1332e-06
F21-Gallagher101,MC-ESO-crowd,2,30,7.1332e-06
F21-Gallagher101,MC-ESO-crowd,2,31,0.176292
F21-Gallagher101,MC-ESO-crowd,2,32,7.1332e-06
F21-Gallagher101,MC-ESO-crowd,2,33,7.1332e-06
F21-Gallagher101,MC-ESO-crowd,2,34,7.1332e-06
F21-Gallagher101,MC-ESO-crowd,2,35,7.1332e-06
F21-Gallagher101,MC-ESO-crowd,2,36,0.372226
F21-Gallagher101,MC-ESO-crowd,2,37,0.0246227
F21-Gallagher101,MC-ESO-crowd,2,38,7.1332e-06
F21-Gallagher101,MC-ESO-crowd,2,39,0.608741
F21-Gallagher101,MC-ESO-crowd,2,40,0.501203
F21-Gallagher101,MC-ESO-crowd,2,41,0.0246227
F21-Gallagher101,MC-ESO-crowd,2,42,0.372226
F21-Gallagher101,MC-ESO-crowd,2,43,7.1332e-06
F21-Gallagher101,MC-ESO-crowd,2,44,7.1332e-06
F21-Gallagher101,quality,2,15,3.55271e-14
F21-Gallagher101,quality,2,16,5.14021e-09
F21-Gallagher101,quality,2,17,5.14021e-09
F21-Gallagher101,quality,2,18,5.14021e-09
F21-Gallagher101,quality,2,19,5.14021e-09
F21-Gallagher101,quality,2,20,5.14021e-09
F21-Gallagher101,quality,2,21,3.55271e-14
F21-Gallagher101,quality,2,22,4.26326e-14
F21-Gallagher101,quality,2,23,4.26326e-14
F21-Gallagher101,quality,2,24,5.14021e-09
F21-Gallagher101,quality,2,25,5.14021e-09
F21-Gallagher101,quality,2,26,4.26326e-14
F21-Gallagher101,quality,2,27,3.55271e-14
F21-Gallagher101,quality,2,28,3.55271e-14
F21-Gallagher101,quality,2,29,5.14021e-09
F21-Gallagher101,quality,2,30,5.14021e-09
F21-Gallagher101,quality,2,31,0.201856
F21-Gallagher101,quality,2,32,5.14021e-09
F21-Gallagher101,quality,2,33,5.14021e-09
F21-Gallagher101,quality,2,34,5.14021e-09
F21-Gallagher101,quality,2,35,5.14021e-09
F21-Gallagher101,quality,2,36,4.26326e-14
F21-Gallagher101,quality,2,37,3.55271e-14
F21-Gallagher101,quality,2,38,5.14021e-09
F21-Gallagher101,quality,2,39,0.236515
F21-Gallagher101,quality,2,40,4.26326e-14
F21-Gallagher101,quality,2,41,3.55271e-14
F21-Gallagher101,quality,2,42,4.26326e-14
F21-Gallagher101,quality,2,43,5.14021e-09
F21-Gallagher101,quality,2,44,5.14021e-09
F21-Gallagher101,complement,2,15,3.55271e-14
F21-Gallagher101,complement,2,16,5.14021e-09
F21-Gallagher101,complement,2,17,5.14021e-09
F21-Gallagher101,complement,2,18,5.14021e-09
F21-Gallagher101,complement,2,19,5.14021e-09
F21-Gallagher101,complement,2,20,5.14021e-09
F21-Gallagher101,complement,2,21,3.55271e-14
F21-Gallagher101,complement,2,22,4.26326e-14
F21-Gallagher101,complement,2,23,4.26326e-14
F21-Gallagher101,complement,2,24,5.14021e-09
F21-Gallagher101,complement,2,25,5.14021e-09
F21-Gallagher101,complement,2,26,4.26326e-14
F21-Gallagher101,complement,2,27,3.55271e-14
F21-Gallagher101,complement,2,28,3.55271e-14
F21-Gallagher101,complement,2,29,5.14021e-09
F21-Gallagher101,complement,2,30,5.14021e-09
F21-Gallagher101,complement,2,31,0.201856
F21-Gallagher101,complement,2,32,5.14021e-09
F21-Gallagher101,complement,2,33,5.14021e-09
F21-Gallagher101,complement,2,34,5.14021e-09
F21-Gallagher101,complement,2,35,5.14021e-09
F21-Gallagher101,complement,2,36,4.26326e-14
F21-Gallagher101,complement,2,37,3.55271e-14
F21-Gallagher101,complement,2,38,5.14021e-09
F21-Gallagher101,complement,2,39,0.236515
F21-Gallagher101,complement,2,40,4.26326e-14
F21-Gallagher101,complement,2,41,3.55271e-14
F21-Gallagher101,complement,2,42,4.26326e-14
F21-Gallagher101,complement,2,43,5.14021e-09
F21-Gallagher101,complement,2,44,5.14021e-09
F21-Gallagher101,MC-ESO,3,15,0
F21-Gallagher101,MC-ESO,3,16,0
F21-Gallagher101,MC-ESO,3,17,5.66942e-11
F21-Gallagher101,MC-ESO,3,18,0
F21-Gallagher101,MC-ESO,3,19,44.176
F21-Gallagher101,MC-ESO,3,20,0
F21-Gallagher101,MC-ESO,3,21,0.234523
F21-Gallagher101,MC-ESO,3,22,0
F21-Gallagher101,MC-ESO,3,23,5.66942e-11
F21-Gallagher101,MC-ESO,3,24,5.66942e-11
F21-Gallagher101,MC-ESO,3,25,0
F21-Gallagher101,MC-ESO,3,26,0
F21-Gallagher101,MC-ESO,3,27,0
F21-Gallagher101,MC-ESO,3,28,5.66942e-11
F21-Gallagher101,MC-ESO,3,29,0.19468
F21-Gallagher101,MC-ESO,3,30,5.66942e-11
F21-Gallagher101,MC-ESO,3,31,0
F21-Gallagher101,MC-ESO,3,32,5.66942e-11
F21-Gallagher101,MC-ESO,3,33,0
F21-Gallagher101,MC-ESO,3,34,45.9593
F21-Gallagher101,MC-ESO,3,35,0
F21-Gallagher101,MC-ESO,3,36,0
F21-Gallagher101,MC-ESO,3,37,0
F21-Gallagher101,MC-ESO,3,38,0
F21-Gallagher101,MC-ESO,3,39,5.66942e-11
F21-Gallagher101,MC-ESO,3,40,0
F21-Gallagher101,MC-ESO,3,41,0
F21-Gallagher101,MC-ESO,3,42,0
F21-Gallagher101,MC-ESO,3,43,1.14788e-10
F21-Gallagher101,MC-ESO,3,44,0
F21-Gallagher101,NMMSO,3,15,1.10248e-10
F21-Gallagher101,NMMSO,3,16,1.10248e-10
F21-Gallagher101,NMMSO,3,17,5.65486e-05
F21-Gallagher101,NMMSO,3,18,1.10248e-10
F21-Gallagher101,NMMSO,3,19,44.1842
F21-Gallagher101,NMMSO,3,20,1.10248e-10
F21-Gallagher101,NMMSO,3,21,0.234579
F21-Gallagher101,NMMSO,3,22,1.10248e-10
F21-Gallagher101,NMMSO,3,23,5.65486e-05
F21-Gallagher101,NMMSO,3,24,5.65486e-05
F21-Gallagher101,NMMSO,3,25,1.10248e-10
F21-Gallagher101,NMMSO,3,26,1.10248e-10
F21-Gallagher101,NMMSO,3,27,1.10248e-10
F21-Gallagher101,NMMSO,3,28,5.65486e-05
F21-Gallagher101,NMMSO,3,29,0.194736
F21-Gallagher101,NMMSO,3,30,5.65486e-05
F21-Gallagher101,NMMSO,3,31,1.10248e-10
F21-Gallagher101,NMMSO,3,32,5.65486e-05
F21-Gallagher101,NMMSO,3,33,1.10248e-10
F21-Gallagher101,NMMSO,3,34,45.9599
F21-Gallagher101,NMMSO,3,35,1.10248e-10
F21-Gallagher101,NMMSO,3,36,1.10248e-10
F21-Gallagher101,NMMSO,3,37,1.10248e-10
F21-Gallagher101,NMMSO,3,38,1.10248e-10
F21-Gallagher101,NMMSO,3,39,5.65486e-05
F21-Gallagher101,NMMSO,3,40,1.10248e-10
F21-Gallagher101,NMMSO,3,41,1.10248e-10
F21-Gallagher101,NMMSO,3,42,1.10248e-10
F21-Gallagher101,NMMSO,3,43,0.315362
F21-Gallagher101,NMMSO,3,44,1.10248e-10
F21-Gallagher101,NCDE,3,15,0
F21-Gallagher101,NCDE,3,16,0
F21-Gallagher101,NCDE,3,17,4.3762e-06
F21-Gallagher101,NCDE,3,18,0
F21-Gallagher101,NCDE,3,19,43.1027
F21-Gallagher101,NCDE,3,20,0
F21-Gallagher101,NCDE,3,21,0.234527
F21-Gallagher101,NCDE,3,22,0
F21-Gallagher101,NCDE,3,23,4.3762e-06
F21-Gallagher101,NCDE,3,24,4.3762e-06
F21-Gallagher101,NCDE,3,25,0
F21-Gallagher101,NCDE,3,26,0
F21-Gallagher101,NCDE,3,27,0
F21-Gallagher101,NCDE,3,28,4.3762e-06
F21-Gallagher101,NCDE,3,29,0.194684
F21-Gallagher101,NCDE,3,30,4.3762e-06
F21-Gallagher101,NCDE,3,31,0
F21-Gallagher101,NCDE,3,32,4.3762e-06
F21-Gallagher101,NCDE,3,33,0
F21-Gallagher101,NCDE,3,34,45.9605
F21-Gallagher101,NCDE,3,35,0
F21-Gallagher101,NCDE,3,36,0
F21-Gallagher101,NCDE,3,37,0
F21-Gallagher101,NCDE,3,38,0
F21-Gallagher101,NCDE,3,39,4.3762e-06
F21-Gallagher101,NCDE,3,40,0
F21-Gallagher101,NCDE,3,41,0
F21-Gallagher101,NCDE,3,42,0
F21-Gallagher101,NCDE,3,43,0.0158885
F21-Gallagher101,NCDE,3,44,0
F21-Gallagher101,r3pso,3,15,0
F21-Gallagher101,r3pso,3,16,0
F21-Gallagher101,r3pso,3,17,5.81476e-09
F21-Gallagher101,r3pso,3,18,0
F21-Gallagher101,r3pso,3,19,44.1753
F21-Gallagher101,r3pso,3,20,0
F21-Gallagher101,r3pso,3,21,0.234523
F21-Gallagher101,r3pso,3,22,0
F21-Gallagher101,r3pso,3,23,5.81476e-09
F21-Gallagher101,r3pso,3,24,5.81476e-09
F21-Gallagher101,r3pso,3,25,0
F21-Gallagher101,r3pso,3,26,0
F21-Gallagher101,r3pso,3,27,0
F21-Gallagher101,r3pso,3,28,5.81476e-09
F21-Gallagher101,r3pso,3,29,0.19468
F21-Gallagher101,r3pso,3,30,5.81476e-09
F21-Gallagher101,r3pso,3,31,0
F21-Gallagher101,r3pso,3,32,5.81476e-09
F21-Gallagher101,r3pso,3,33,0
F21-Gallagher101,r3pso,3,34,45.9594
F21-Gallagher101,r3pso,3,35,0
F21-Gallagher101,r3pso,3,36,0
F21-Gallagher101,r3pso,3,37,0
F21-Gallagher101,r3pso,3,38,0
F21-Gallagher101,r3pso,3,39,5.81476e-09
F21-Gallagher101,r3pso,3,40,0
F21-Gallagher101,r3pso,3,41,0
F21-Gallagher101,r3pso,3,42,0
F21-Gallagher101,r3pso,3,43,0.340966
F21-Gallagher101,r3pso,3,44,0
F21-Gallagher101,NM-Restart,3,15,0
F21-Gallagher101,NM-Restart,3,16,0
F21-Gallagher101,NM-Restart,3,17,0
F21-Gallagher101,NM-Restart,3,18,0
F21-Gallagher101,NM-Restart,3,19,44.1752
F21-Gallagher101,NM-Restart,3,20,0
F21-Gallagher101,NM-Restart,3,21,0.234523
F21-Gallagher101,NM-Restart,3,22,0
F21-Gallagher101,NM-Restart,3,23,0
F21-Gallagher101,NM-Restart,3,24,0
F21-Gallagher101,NM-Restart,3,25,0
F21-Gallagher101,NM-Restart,3,26,0
F21-Gallagher101,NM-Restart,3,27,0
F21-Gallagher101,NM-Restart,3,28,0
F21-Gallagher101,NM-Restart,3,29,0.19468
F21-Gallagher101,NM-Restart,3,30,0
F21-Gallagher101,NM-Restart,3,31,0
F21-Gallagher101,NM-Restart,3,32,0
F21-Gallagher101,NM-Restart,3,33,0
F21-Gallagher101,NM-Restart,3,34,45.9593
F21-Gallagher101,NM-Restart,3,35,0
F21-Gallagher101,NM-Restart,3,36,0
F21-Gallagher101,NM-Restart,3,37,0
F21-Gallagher101,NM-Restart,3,38,0
F21-Gallagher101,NM-Restart,3,39,0
F21-Gallagher101,NM-Restart,3,40,0
F21-Gallagher101,NM-Restart,3,41,0
F21-Gallagher101,NM-Restart,3,42,0
F21-Gallagher101,NM-Restart,3,43,0.315258
F21-Gallagher101,NM-Restart,3,44,0
F21-Gallagher101,IPOP-CMA-ES,3,15,0
F21-Gallagher101,IPOP-CMA-ES,3,16,0
F21-Gallagher101,IPOP-CMA-ES,3,17,0
F21-Gallagher101,IPOP-CMA-ES,3,18,0
F21-Gallagher101,IPOP-CMA-ES,3,19,44.1753
F21-Gallagher101,IPOP-CMA-ES,3,20,0
F21-Gallagher101,IPOP-CMA-ES,3,21,0.234523
F21-Gallagher101,IPOP-CMA-ES,3,22,0
F21-Gallagher101,IPOP-CMA-ES,3,23,0
F21-Gallagher101,IPOP-CMA-ES,3,24,0
F21-Gallagher101,IPOP-CMA-ES,3,25,0
F21-Gallagher101,IPOP-CMA-ES,3,26,0
F21-Gallagher101,IPOP-CMA-ES,3,27,0
F21-Gallagher101,IPOP-CMA-ES,3,28,0
F21-Gallagher101,IPOP-CMA-ES,3,29,0.19468
F21-Gallagher101,IPOP-CMA-ES,3,30,0
F21-Gallagher101,IPOP-CMA-ES,3,31,0
F21-Gallagher101,IPOP-CMA-ES,3,32,0
F21-Gallagher101,IPOP-CMA-ES,3,33,0
F21-Gallagher101,IPOP-CMA-ES,3,34,45.9593
F21-Gallagher101,IPOP-CMA-ES,3,35,0
F21-Gallagher101,IPOP-CMA-ES,3,36,0
F21-Gallagher101,IPOP-CMA-ES,3,37,0
F21-Gallagher101,IPOP-CMA-ES,3,38,0
F21-Gallagher101,IPOP-CMA-ES,3,39,0
F21-Gallagher101,IPOP-CMA-ES,3,40,0
F21-Gallagher101,IPOP-CMA-ES,3,41,0
F21-Gallagher101,IPOP-CMA-ES,3,42,0
F21-Gallagher101,IPOP-CMA-ES,3,43,53.254
F21-Gallagher101,IPOP-CMA-ES,3,44,0
F21-Gallagher101,DE,3,15,0
F21-Gallagher101,DE,3,16,0
F21-Gallagher101,DE,3,17,59.2388
F21-Gallagher101,DE,3,18,0
F21-Gallagher101,DE,3,19,44.1752
F21-Gallagher101,DE,3,20,0
F21-Gallagher101,DE,3,21,48.6154
F21-Gallagher101,DE,3,22,0
F21-Gallagher101,DE,3,23,63.5311
F21-Gallagher101,DE,3,24,65.5325
F21-Gallagher101,DE,3,25,0
F21-Gallagher101,DE,3,26,0
F21-Gallagher101,DE,3,27,0
F21-Gallagher101,DE,3,28,59.2597
F21-Gallagher101,DE,3,29,46.614
F21-Gallagher101,DE,3,30,63.6546
F21-Gallagher101,DE,3,31,0
F21-Gallagher101,DE,3,32,53.3716
F21-Gallagher101,DE,3,33,0
F21-Gallagher101,DE,3,34,52.3233
F21-Gallagher101,DE,3,35,0
F21-Gallagher101,DE,3,36,0
F21-Gallagher101,DE,3,37,0
F21-Gallagher101,DE,3,38,0
F21-Gallagher101,DE,3,39,62.081
F21-Gallagher101,DE,3,40,0
F21-Gallagher101,DE,3,41,0
F21-Gallagher101,DE,3,42,0
F21-Gallagher101,DE,3,43,57.8636
F21-Gallagher101,DE,3,44,0
F21-Gallagher101,PSO,3,15,7.10543e-15
F21-Gallagher101,PSO,3,16,7.10543e-15
F21-Gallagher101,PSO,3,17,59.2389
F21-Gallagher101,PSO,3,18,7.10543e-15
F21-Gallagher101,PSO,3,19,10.2545
F21-Gallagher101,PSO,3,20,7.10543e-15
F21-Gallagher101,PSO,3,21,48.6159
F21-Gallagher101,PSO,3,22,7.10543e-15
F21-Gallagher101,PSO,3,23,63.5317
F21-Gallagher101,PSO,3,24,65.533
F21-Gallagher101,PSO,3,25,7.10543e-15
F21-Gallagher101,PSO,3,26,7.10543e-15
F21-Gallagher101,PSO,3,27,7.10543e-15
F21-Gallagher101,PSO,3,28,59.2598
F21-Gallagher101,PSO,3,29,12.5353
F21-Gallagher101,PSO,3,30,63.6552
F21-Gallagher101,PSO,3,31,7.10543e-15
F21-Gallagher101,PSO,3,32,53.3718
F21-Gallagher101,PSO,3,33,7.10543e-15
F21-Gallagher101,PSO,3,34,52.3238
F21-Gallagher101,PSO,3,35,7.10543e-15
F21-Gallagher101,PSO,3,36,7.10543e-15
F21-Gallagher101,PSO,3,37,7.10543e-15
F21-Gallagher101,PSO,3,38,7.10543e-15
F21-Gallagher101,PSO,3,39,62.0813
F21-Gallagher101,PSO,3,40,7.10543e-15
F21-Gallagher101,PSO,3,41,7.10543e-15
F21-Gallagher101,PSO,3,42,7.10543e-15
F21-Gallagher101,PSO,3,43,57.8633
F21-Gallagher101,PSO,3,44,7.10543e-15
F21-Gallagher101,Crowding-DE,3,15,2.97077e-08
F21-Gallagher101,Crowding-DE,3,16,2.97077e-08
F21-Gallagher101,Crowding-DE,3,17,0.00866381
F21-Gallagher101,Crowding-DE,3,18,2.97077e-08
F21-Gallagher101,Crowding-DE,3,19,43.0971
F21-Gallagher101,Crowding-DE,3,20,2.97077e-08
F21-Gallagher101,Crowding-DE,3,21,0.243187
F21-Gallagher101,Crowding-DE,3,22,2.97077e-08
F21-Gallagher101,Crowding-DE,3,23,0.00866381
F21-Gallagher101,Crowding-DE,3,24,0.00866381
F21-Gallagher101,Crowding-DE,3,25,2.97077e-08
F21-Gallagher101,Crowding-DE,3,26,2.97077e-08
F21-Gallagher101,Crowding-DE,3,27,2.97077e-08
F21-Gallagher101,Crowding-DE,3,28,0.00866381
F21-Gallagher101,Crowding-DE,3,29,0.203343
F21-Gallagher101,Crowding-DE,3,30,0.00866381
F21-Gallagher101,Crowding-DE,3,31,2.97077e-08
F21-Gallagher101,Crowding-DE,3,32,0.00866381
F21-Gallagher101,Crowding-DE,3,33,2.97077e-08
F21-Gallagher101,Crowding-DE,3,34,46.0153
F21-Gallagher101,Crowding-DE,3,35,2.97077e-08
F21-Gallagher101,Crowding-DE,3,36,2.97077e-08
F21-Gallagher101,Crowding-DE,3,37,2.97077e-08
F21-Gallagher101,Crowding-DE,3,38,2.97077e-08
F21-Gallagher101,Crowding-DE,3,39,0.00866381
F21-Gallagher101,Crowding-DE,3,40,2.97077e-08
F21-Gallagher101,Crowding-DE,3,41,2.97077e-08
F21-Gallagher101,Crowding-DE,3,42,2.97077e-08
F21-Gallagher101,Crowding-DE,3,43,0.00048059
F21-Gallagher101,Crowding-DE,3,44,2.97077e-08
F21-Gallagher101,MAP-Elites,3,15,0.00342597
F21-Gallagher101,MAP-Elites,3,16,0.00342597
F21-Gallagher101,MAP-Elites,3,17,0.0589068
F21-Gallagher101,MAP-Elites,3,18,0.00342597
F21-Gallagher101,MAP-Elites,3,19,42.7304
F21-Gallagher101,MAP-Elites,3,20,0.00342597
F21-Gallagher101,MAP-Elites,3,21,0.0398433
F21-Gallagher101,MAP-Elites,3,22,0.00342597
F21-Gallagher101,MAP-Elites,3,23,0.0589068
F21-Gallagher101,MAP-Elites,3,24,0.0589068
F21-Gallagher101,MAP-Elites,3,25,0.00342597
F21-Gallagher101,MAP-Elites,3,26,0.00342597
F21-Gallagher101,MAP-Elites,3,27,0.00342597
F21-Gallagher101,MAP-Elites,3,28,0.0589068
F21-Gallagher101,MAP-Elites,3,29,0
F21-Gallagher101,MAP-Elites,3,30,0.0589068
F21-Gallagher101,MAP-Elites,3,31,0.00342597
F21-Gallagher101,MAP-Elites,3,32,0.0589068
F21-Gallagher101,MAP-Elites,3,33,0.00342597
F21-Gallagher101,MAP-Elites,3,34,45.9178
F21-Gallagher101,MAP-Elites,3,35,0.00342597
F21-Gallagher101,MAP-Elites,3,36,0.00342597
F21-Gallagher101,MAP-Elites,3,37,0.00342597
F21-Gallagher101,MAP-Elites,3,38,0.00342597
F21-Gallagher101,MAP-Elites,3,39,0.0589068
F21-Gallagher101,MAP-Elites,3,40,0.00342597
F21-Gallagher101,MAP-Elites,3,41,0.00342597
F21-Gallagher101,MAP-Elites,3,42,0.00342597
F21-Gallagher101,MAP-Elites,3,43,52.9596
F21-Gallagher101,MAP-Elites,3,44,0.00342597
F21-Gallagher101,MC-ESO-crowd,3,15,1.01949e-05
F21-Gallagher101,MC-ESO-crowd,3,16,1.01949e-05
F21-Gallagher101,MC-ESO-crowd,3,17,0.000130805
F21-Gallagher101,MC-ESO-crowd,3,18,1.01949e-05
F21-Gallagher101,MC-ESO-crowd,3,19,42.8494
F21-Gallagher101,MC-ESO-crowd,3,20,1.01949e-05
F21-Gallagher101,MC-ESO-crowd,3,21,0
F21-Gallagher101,MC-ESO-crowd,3,22,1.01949e-05
F21-Gallagher101,MC-ESO-crowd,3,23,0.000130805
F21-Gallagher101,MC-ESO-crowd,3,24,0.000130805
F21-Gallagher101,MC-ESO-crowd,3,25,1.01949e-05
F21-Gallagher101,MC-ESO-crowd,3,26,1.01949e-05
F21-Gallagher101,MC-ESO-crowd,3,27,1.01949e-05
F21-Gallagher101,MC-ESO-crowd,3,28,0.000130805
F21-Gallagher101,MC-ESO-crowd,3,29,0.19481
F21-Gallagher101,MC-ESO-crowd,3,30,0.000130805
F21-Gallagher101,MC-ESO-crowd,3,31,1.01949e-05
F21-Gallagher101,MC-ESO-crowd,3,32,0.000130805
F21-Gallagher101,MC-ESO-crowd,3,33,1.01949e-05
F21-Gallagher101,MC-ESO-crowd,3,34,45.9662
F21-Gallagher101,MC-ESO-crowd,3,35,1.01949e-05
F21-Gallagher101,MC-ESO-crowd,3,36,1.01949e-05
F21-Gallagher101,MC-ESO-crowd,3,37,1.01949e-05
F21-Gallagher101,MC-ESO-crowd,3,38,1.01949e-05
F21-Gallagher101,MC-ESO-crowd,3,39,0.000130805
F21-Gallagher101,MC-ESO-crowd,3,40,1.01949e-05
F21-Gallagher101,MC-ESO-crowd,3,41,1.01949e-05
F21-Gallagher101,MC-ESO-crowd,3,42,1.01949e-05
F21-Gallagher101,MC-ESO-crowd,3,43,53.2337
F21-Gallagher101,MC-ESO-crowd,3,44,1.01949e-05
F21-Gallagher101,quality,3,15,4.49327e-09
F21-Gallagher101,quality,3,16,4.49327e-09
F21-Gallagher101,quality,3,17,3.55271e-14
F21-Gallagher101,quality,3,18,4.49327e-09
F21-Gallagher101,quality,3,19,44.1497
F21-Gallagher101,quality,3,20,4.49327e-09
F21-Gallagher101,quality,3,21,0.234523
F21-Gallagher101,quality,3,22,4.49327e-09
F21-Gallagher101,quality,3,23,3.55271e-14
F21-Gallagher101,quality,3,24,3.55271e-14
F21-Gallagher101,quality,3,25,4.49327e-09
F21-Gallagher101,quality,3,26,4.49327e-09
F21-Gallagher101,quality,3,27,4.49327e-09
F21-Gallagher101,quality,3,28,3.55271e-14
F21-Gallagher101,quality,3,29,0.19468
F21-Gallagher101,quality,3,30,3.55271e-14
F21-Gallagher101,quality,3,31,4.49327e-09
F21-Gallagher101,quality,3,32,3.55271e-14
F21-Gallagher101,quality,3,33,4.49327e-09
F21-Gallagher101,quality,3,34,45.9593
F21-Gallagher101,quality,3,35,4.49327e-09
F21-Gallagher101,quality,3,36,4.49327e-09
F21-Gallagher101,quality,3,37,4.49327e-09
F21-Gallagher101,quality,3,38,4.49327e-09
F21-Gallagher101,quality,3,39,3.55271e-14
F21-Gallagher101,quality,3,40,4.49327e-09
F21-Gallagher101,quality,3,41,4.49327e-09
F21-Gallagher101,quality,3,42,4.49327e-09
F21-Gallagher101,quality,3,43,0
F21-Gallagher101,quality,3,44,4.49327e-09
F21-Gallagher101,complement,3,15,4.49327e-09
F21-Gallagher101,complement,3,16,4.49327e-09
F21-Gallagher101,complement,3,17,3.55271e-14
F21-Gallagher101,complement,3,18,4.49327e-09
F21-Gallagher101,complement,3,19,44.1497
F21-Gallagher101,complement,3,20,4.49327e-09
F21-Gallagher101,complement,3,21,0.234523
F21-Gallagher101,complement,3,22,4.49327e-09
F21-Gallagher101,complement,3,23,3.55271e-14
F21-Gallagher101,complement,3,24,3.55271e-14
F21-Gallagher101,complement,3,25,4.49327e-09
F21-Gallagher101,complement,3,26,4.49327e-09
F21-Gallagher101,complement,3,27,4.49327e-09
F21-Gallagher101,complement,3,28,3.55271e-14
F21-Gallagher101,complement,3,29,0.19468
F21-Gallagher101,complement,3,30,3.55271e-14
F21-Gallagher101,complement,3,31,4.49327e-09
F21-Gallagher101,complement,3,32,3.55271e-14
F21-Gallagher101,complement,3,33,4.49327e-09
F21-Gallagher101,complement,3,34,45.9593
F21-Gallagher101,complement,3,35,4.49327e-09
F21-Gallagher101,complement,3,36,4.49327e-09
F21-Gallagher101,complement,3,37,4.49327e-09
F21-Gallagher101,complement,3,38,4.49327e-09
F21-Gallagher101,complement,3,39,3.55271e-14
F21-Gallagher101,complement,3,40,4.49327e-09
F21-Gallagher101,complement,3,41,4.49327e-09
F21-Gallagher101,complement,3,42,4.49327e-09
F21-Gallagher101,complement,3,43,0.315258
F21-Gallagher101,complement,3,44,4.49327e-09
F21-Gallagher101,MC-ESO,4,15,0
F21-Gallagher101,MC-ESO,4,16,0
F21-Gallagher101,MC-ESO,4,17,0
F21-Gallagher101,MC-ESO,4,18,0
F21-Gallagher101,MC-ESO,4,19,0
F21-Gallagher101,MC-ESO,4,20,0.0305216
F21-Gallagher101,MC-ESO,4,21,0.23814
F21-Gallagher101,MC-ESO,4,22,0
F21-Gallagher101,MC-ESO,4,23,0
F21-Gallagher101,MC-ESO,4,24,0.0305216
F21-Gallagher101,MC-ESO,4,25,0.0305216
F21-Gallagher101,MC-ESO,4,26,0.0305216
F21-Gallagher101,MC-ESO,4,27,0
F21-Gallagher101,MC-ESO,4,28,1.24345e-12
F21-Gallagher101,MC-ESO,4,29,0.0305216
F21-Gallagher101,MC-ESO,4,30,0
F21-Gallagher101,MC-ESO,4,31,0
F21-Gallagher101,MC-ESO,4,32,0.0305216
F21-Gallagher101,MC-ESO,4,33,0
F21-Gallagher101,MC-ESO,4,34,0
F21-Gallagher101,MC-ESO,4,35,0
F21-Gallagher101,MC-ESO,4,36,0
F21-Gallagher101,MC-ESO,4,37,0.0305216
F21-Gallagher101,MC-ESO,4,38,0
F21-Gallagher101,MC-ESO,4,39,0
F21-Gallagher101,MC-ESO,4,40,0
F21-Gallagher101,MC-ESO,4,41,0.0305216
F21-Gallagher101,MC-ESO,4,42,0
F21-Gallagher101,MC-ESO,4,43,0
F21-Gallagher101,MC-ESO,4,44,0.0305216
F21-Gallagher101,NMMSO,4,15,5.68434e-14
F21-Gallagher101,NMMSO,4,16,5.68434e-14
F21-Gallagher101,NMMSO,4,17,5.68434e-14
F21-Gallagher101,NMMSO,4,18,5.68434e-14
F21-Gallagher101,NMMSO,4,19,5.68434e-14
F21-Gallagher101,NMMSO,4,20,1.55702e-05
F21-Gallagher101,NMMSO,4,21,1.55702e-05
F21-Gallagher101,NMMSO,4,22,5.68434e-14
F21-Gallagher101,NMMSO,4,23,5.68434e-14
F21-Gallagher101,NMMSO,4,24,1.55702e-05
F21-Gallagher101,NMMSO,4,25,1.55702e-05
F21-Gallagher101,NMMSO,4,26,1.55702e-05
F21-Gallagher101,NMMSO,4,27,5.68434e-14
F21-Gallagher101,NMMSO,4,28,3.94808e-06
F21-Gallagher101,NMMSO,4,29,1.55702e-05
F21-Gallagher101,NMMSO,4,30,5.68434e-14
F21-Gallagher101,NMMSO,4,31,5.68434e-14
F21-Gallagher101,NMMSO,4,32,1.55702e-05
F21-Gallagher101,NMMSO,4,33,5.68434e-14
F21-Gallagher101,NMMSO,4,34,5.68434e-14
F21-Gallagher101,NMMSO,4,35,5.68434e-14
F21-Gallagher101,NMMSO,4,36,5.68434e-14
F21-Gallagher101,NMMSO,4,37,1.55702e-05
F21-Gallagher101,NMMSO,4,38,5.68434e-14
F21-Gallagher101,NMMSO,4,39,5.68434e-14
F21-Gallagher101,NMMSO,4,40,5.68434e-14
F21-Gallagher101,NMMSO,4,41,1.55702e-05
F21-Gallagher101,NMMSO,4,42,5.68434e-14
F21-Gallagher101,NMMSO,4,43,5.68434e-14
F21-Gallagher101,NMMSO,4,44,1.55702e-05
F21-Gallagher101,NCDE,4,15,0
F21-Gallagher101,NCDE,4,16,0
F21-Gallagher101,NCDE,4,17,0
F21-Gallagher101,NCDE,4,18,0
F21-Gallagher101,NCDE,4,19,0
F21-Gallagher101,NCDE,4,20,0.00121963
F21-Gallagher101,NCDE,4,21,0.00121963
F21-Gallagher101,NCDE,4,22,0
F21-Gallagher101,NCDE,4,23,0
F21-Gallagher101,NCDE,4,24,0.00121963
F21-Gallagher101,NCDE,4,25,0.00121963
F21-Gallagher101,NCDE,4,26,0.00121963
F21-Gallagher101,NCDE,4,27,0
F21-Gallagher101,NCDE,4,28,0.0309018
F21-Gallagher101,NCDE,4,29,0.00121963
F21-Gallagher101,NCDE,4,30,0
F21-Gallagher101,NCDE,4,31,0
F21-Gallagher101,NCDE,4,32,0.00121963
F21-Gallagher101,NCDE,4,33,0
F21-Gallagher101,NCDE,4,34,0
F21-Gallagher101,NCDE,4,35,0
F21-Gallagher101,NCDE,4,36,0
F21-Gallagher101,NCDE,4,37,0.00121963
F21-Gallagher101,NCDE,4,38,0
F21-Gallagher101,NCDE,4,39,0
F21-Gallagher101,NCDE,4,40,0
F21-Gallagher101,NCDE,4,41,0.00121963
F21-Gallagher101,NCDE,4,42,0
F21-Gallagher101,NCDE,4,43,0
F21-Gallagher101,NCDE,4,44,0.00121963
F21-Gallagher101,r3pso,4,15,0
F21-Gallagher101,r3pso,4,16,0
F21-Gallagher101,r3pso,4,17,0
F21-Gallagher101,r3pso,4,18,0
F21-Gallagher101,r3pso,4,19,0
F21-Gallagher101,r3pso,4,20,0.0160431
F21-Gallagher101,r3pso,4,21,0.0160431
F21-Gallagher101,r3pso,4,22,0
F21-Gallagher101,r3pso,4,23,0
F21-Gallagher101,r3pso,4,24,0.0160431
F21-Gallagher101,r3pso,4,25,0.0160431
F21-Gallagher101,r3pso,4,26,0.0160431
F21-Gallagher101,r3pso,4,27,0
F21-Gallagher101,r3pso,4,28,1.91974e-08
F21-Gallagher101,r3pso,4,29,0.0160431
F21-Gallagher101,r3pso,4,30,0
F21-Gallagher101,r3pso,4,31,0
F21-Gallagher101,r3pso,4,32,0.0160431
F21-Gallagher101,r3pso,4,33,0
F21-Gallagher101,r3pso,4,34,0
F21-Gallagher101,r3pso,4,35,0
F21-Gallagher101,r3pso,4,36,0
F21-Gallagher101,r3pso,4,37,0.0160431
F21-Gallagher101,r3pso,4,38,0
F21-Gallagher101,r3pso,4,39,0
F21-Gallagher101,r3pso,4,40,0
F21-Gallagher101,r3pso,4,41,0.0160431
F21-Gallagher101,r3pso,4,42,0
F21-Gallagher101,r3pso,4,43,0
F21-Gallagher101,r3pso,4,44,0.0160431
F21-Gallagher101,NM-Restart,4,15,0
F21-Gallagher101,NM-Restart,4,16,0
F21-Gallagher101,NM-Restart,4,17,0
F21-Gallagher101,NM-Restart,4,18,0
F21-Gallagher101,NM-Restart,4,19,0
F21-Gallagher101,NM-Restart,4,20,0
F21-Gallagher101,NM-Restart,4,21,0
F21-Gallagher101,NM-Restart,4,22,0
F21-Gallagher101,NM-Restart,4,23,0
F21-Gallagher101,NM-Restart,4,24,0
F21-Gallagher101,NM-Restart,4,25,0
F21-Gallagher101,NM-Restart,4,26,0
F21-Gallagher101,NM-Restart,4,27,0
F21-Gallagher101,NM-Restart,4,28,0.315258
F21-Gallagher101,NM-Restart,4,29,0
F21-Gallagher101,NM-Restart,4,30,0
F21-Gallagher101,NM-Restart,4,31,0
F21-Gallagher101,NM-Restart,4,32,0
F21-Gallagher101,NM-Restart,4,33,0
F21-Gallagher101,NM-Restart,4,34,0
F21-Gallagher101,NM-Restart,4,35,0
F21-Gallagher101,NM-Restart,4,36,0
F21-Gallagher101,NM-Restart,4,37,0
F21-Gallagher101,NM-Restart,4,38,0
F21-Gallagher101,NM-Restart,4,39,0
F21-Gallagher101,NM-Restart,4,40,0
F21-Gallagher101,NM-Restart,4,41,0
F21-Gallagher101,NM-Restart,4,42,0
F21-Gallagher101,NM-Restart,4,43,0
F21-Gallagher101,NM-Restart,4,44,0
F21-Gallagher101,IPOP-CMA-ES,4,15,0
F21-Gallagher101,IPOP-CMA-ES,4,16,0
F21-Gallagher101,IPOP-CMA-ES,4,17,0
F21-Gallagher101,IPOP-CMA-ES,4,18,0
F21-Gallagher101,IPOP-CMA-ES,4,19,0
F21-Gallagher101,IPOP-CMA-ES,4,20,0.109825
F21-Gallagher101,IPOP-CMA-ES,4,21,0.109825
F21-Gallagher101,IPOP-CMA-ES,4,22,0
F21-Gallagher101,IPOP-CMA-ES,4,23,0
F21-Gallagher101,IPOP-CMA-ES,4,24,0.109825
F21-Gallagher101,IPOP-CMA-ES,4,25,0.109825
F21-Gallagher101,IPOP-CMA-ES,4,26,0.109825
F21-Gallagher101,IPOP-CMA-ES,4,27,0
F21-Gallagher101,IPOP-CMA-ES,4,28,0
F21-Gallagher101,IPOP-CMA-ES,4,29,0.109825
F21-Gallagher101,IPOP-CMA-ES,4,30,0
F21-Gallagher101,IPOP-CMA-ES,4,31,0
F21-Gallagher101,IPOP-CMA-ES,4,32,0.109825
F21-Gallagher101,IPOP-CMA-ES,4,33,0
F21-Gallagher101,IPOP-CMA-ES,4,34,0
F21-Gallagher101,IPOP-CMA-ES,4,35,0
F21-Gallagher101,IPOP-CMA-ES,4,36,0
F21-Gallagher101,IPOP-CMA-ES,4,37,0.109825
F21-Gallagher101,IPOP-CMA-ES,4,38,0
F21-Gallagher101,IPOP-CMA-ES,4,39,0
F21-Gallagher101,IPOP-CMA-ES,4,40,0
F21-Gallagher101,IPOP-CMA-ES,4,41,0.109825
F21-Gallagher101,IPOP-CMA-ES,4,42,0
F21-Gallagher101,IPOP-CMA-ES,4,43,0
F21-Gallagher101,IPOP-CMA-ES,4,44,0.109825
F21-Gallagher101,DE,4,15,0
F21-Gallagher101,DE,4,16,0
F21-Gallagher101,DE,4,17,0
F21-Gallagher101,DE,4,18,0
F21-Gallagher101,DE,4,19,0
F21-Gallagher101,DE,4,20,38.853
F21-Gallagher101,DE,4,21,47.6001
F21-Gallagher101,DE,4,22,0
F21-Gallagher101,DE,4,23,0
F21-Gallagher101,DE,4,24,44.7044
F21-Gallagher101,DE,4,25,46.2843
F21-Gallagher101,DE,4,26,38.9014
F21-Gallagher101,DE,4,27,0
F21-Gallagher101,DE,4,28,35.9917
F21-Gallagher101,DE,4,29,39.3034
F21-Gallagher101,DE,4,30,0
F21-Gallagher101,DE,4,31,0
F21-Gallagher101,DE,4,32,44.8559
F21-Gallagher101,DE,4,33,0
F21-Gallagher101,DE,4,34,0
F21-Gallagher101,DE,4,35,0
F21-Gallagher101,DE,4,36,0
F21-Gallagher101,DE,4,37,43.978
F21-Gallagher101,DE,4,38,0
F21-Gallagher101,DE,4,39,0
F21-Gallagher101,DE,4,40,0
F21-Gallagher101,DE,4,41,39.2236
F21-Gallagher101,DE,4,42,0
F21-Gallagher101,DE,4,43,0
F21-Gallagher101,DE,4,44,38.5146
F21-Gallagher101,PSO,4,15,0
F21-Gallagher101,PSO,4,16,0
F21-Gallagher101,PSO,4,17,0
F21-Gallagher101,PSO,4,18,0
F21-Gallagher101,PSO,4,19,0
F21-Gallagher101,PSO,4,20,38.8519
F21-Gallagher101,PSO,4,21,47.5992
F21-Gallagher101,PSO,4,22,0
F21-Gallagher101,PSO,4,23,0
F21-Gallagher101,PSO,4,24,44.7035
F21-Gallagher101,PSO,4,25,46.2835
F21-Gallagher101,PSO,4,26,38.9006
F21-Gallagher101,PSO,4,27,0
F21-Gallagher101,PSO,4,28,35.9918
F21-Gallagher101,PSO,4,29,39.3025
F21-Gallagher101,PSO,4,30,0
F21-Gallagher101,PSO,4,31,0
F21-Gallagher101,PSO,4,32,44.8547
F21-Gallagher101,PSO,4,33,0
F21-Gallagher101,PSO,4,34,0
F21-Gallagher101,PSO,4,35,0
F21-Gallagher101,PSO,4,36,0
F21-Gallagher101,PSO,4,37,43.9772
F21-Gallagher101,PSO,4,38,0
F21-Gallagher101,PSO,4,39,0
F21-Gallagher101,PSO,4,40,0
F21-Gallagher101,PSO,4,41,39.2233
F21-Gallagher101,PSO,4,42,0
F21-Gallagher101,PSO,4,43,0
F21-Gallagher101,PSO,4,44,38.5138
F21-Gallagher101,Crowding-DE,4,15,0.000506287
F21-Gallagher101,Crowding-DE,4,16,0.000506287
F21-Gallagher101,Crowding-DE,4,17,0.000506287
F21-Gallagher101,Crowding-DE,4,18,0.000506287
F21-Gallagher101,Crowding-DE,4,19,0.000506287
F21-Gallagher101,Crowding-DE,4,20,0.0584626
F21-Gallagher101,Crowding-DE,4,21,0.0584626
F21-Gallagher101,Crowding-DE,4,22,0.000506287
F21-Gallagher101,Crowding-DE,4,23,0.000506287
F21-Gallagher101,Crowding-DE,4,24,0.0584626
F21-Gallagher101,Crowding-DE,4,25,0.0584626
F21-Gallagher101,Crowding-DE,4,26,0.0584626
F21-Gallagher101,Crowding-DE,4,27,0.000506287
F21-Gallagher101,Crowding-DE,4,28,0.0734129
F21-Gallagher101,Crowding-DE,4,29,0.0584626
F21-Gallagher101,Crowding-DE,4,30,0.000506287
F21-Gallagher101,Crowding-DE,4,31,0.000506287
F21-Gallagher101,Crowding-DE,4,32,0.0584626
F21-Gallagher101,Crowding-DE,4,33,0.000506287
F21-Gallagher101,Crowding-DE,4,34,0.000506287
F21-Gallagher101,Crowding-DE,4,35,0.000506287
F21-Gallagher101,Crowding-DE,4,36,0.000506287
F21-Gallagher101,Crowding-DE,4,37,0.0584626
F21-Gallagher101,Crowding-DE,4,38,0.000506287
F21-Gallagher101,Crowding-DE,4,39,0.000506287
F21-Gallagher101,Crowding-DE,4,40,0.000506287
F21-Gallagher101,Crowding-DE,4,41,0.0584626
F21-Gallagher101,Crowding-DE,4,42,0.000506287
F21-Gallagher101,Crowding-DE,4,43,0.000506287
F21-Gallagher101,Crowding-DE,4,44,0.0584626
F21-Gallagher101,MAP-Elites,4,15,0.00028884
F21-Gallagher101,MAP-Elites,4,16,0.00028884
F21-Gallagher101,MAP-Elites,4,17,0.00028884
F21-Gallagher101,MAP-Elites,4,18,0.00028884
F21-Gallagher101,MAP-Elites,4,19,0.00028884
F21-Gallagher101,MAP-Elites,4,20,35.1137
F21-Gallagher101,MAP-Elites,4,21,44.6663
F21-Gallagher101,MAP-Elites,4,22,0.00028884
F21-Gallagher101,MAP-Elites,4,23,0.00028884
F21-Gallagher101,MAP-Elites,4,24,41.6737
F21-Gallagher101,MAP-Elites,4,25,44.2584
F21-Gallagher101,MAP-Elites,4,26,35.8114
F21-Gallagher101,MAP-Elites,4,27,0.00028884
F21-Gallagher101,MAP-Elites,4,28,35.8966
F21-Gallagher101,MAP-Elites,4,29,36.1031
F21-Gallagher101,MAP-Elites,4,30,0.00028884
F21-Gallagher101,MAP-Elites,4,31,0.00028884
F21-Gallagher101,MAP-Elites,4,32,41.1423
F21-Gallagher101,MAP-Elites,4,33,0.00028884
F21-Gallagher101,MAP-Elites,4,34,0.00028884
F21-Gallagher101,MAP-Elites,4,35,0.00028884
F21-Gallagher101,MAP-Elites,4,36,0.00028884
F21-Gallagher101,MAP-Elites,4,37,41.6826
F21-Gallagher101,MAP-Elites,4,38,0.00028884
F21-Gallagher101,MAP-Elites,4,39,0.00028884
F21-Gallagher101,MAP-Elites,4,40,0.00028884
F21-Gallagher101,MAP-Elites,4,41,39.0837
F21-Gallagher101,MAP-Elites,4,42,0.00028884
F21-Gallagher101,MAP-Elites,4,43,0.00028884
F21-Gallagher101,MAP-Elites,4,44,36.2038
F21-Gallagher101,MC-ESO-crowd,4,15,7.62965e-09
F21-Gallagher101,MC-ESO-crowd,4,16,7.62965e-09
F21-Gallagher101,MC-ESO-crowd,4,17,7.62965e-09
F21-Gallagher101,MC-ESO-crowd,4,18,7.62965e-09
F21-Gallagher101,MC-ESO-crowd,4,19,7.62965e-09
F21-Gallagher101,MC-ESO-crowd,4,20,0.0016192
F21-Gallagher101,MC-ESO-crowd,4,21,0.0016192
F21-Gallagher101,MC-ESO-crowd,4,22,7.62965e-09
F21-Gallagher101,MC-ESO-crowd,4,23,7.62965e-09
F21-Gallagher101,MC-ESO-crowd,4,24,0.0016192
F21-Gallagher101,MC-ESO-crowd,4,25,0.0016192
F21-Gallagher101,MC-ESO-crowd,4,26,0.0016192
F21-Gallagher101,MC-ESO-crowd,4,27,7.62965e-09
F21-Gallagher101,MC-ESO-crowd,4,28,0.00138359
F21-Gallagher101,MC-ESO-crowd,4,29,0.0016192
F21-Gallagher101,MC-ESO-crowd,4,30,7.62965e-09
F21-Gallagher101,MC-ESO-crowd,4,31,7.62965e-09
F21-Gallagher101,MC-ESO-crowd,4,32,0.0016192
F21-Gallagher101,MC-ESO-crowd,4,33,7.62965e-09
F21-Gallagher101,MC-ESO-crowd,4,34,7.62965e-09
F21-Gallagher101,MC-ESO-crowd,4,35,7.62965e-09
F21-Gallagher101,MC-ESO-crowd,4,36,7.62965e-09
F21-Gallagher101,MC-ESO-crowd,4,37,0.0016192
F21-Gallagher101,MC-ESO-crowd,4,38,7.62965e-09
F21-Gallagher101,MC-ESO-crowd,4,39,7.62965e-09
F21-Gallagher101,MC-ESO-crowd,4,40,7.62965e-09
F21-Gallagher101,MC-ESO-crowd,4,41,0.0016192
F21-Gallagher101,MC-ESO-crowd,4,42,7.62965e-09
F21-Gallagher101,MC-ESO-crowd,4,43,7.62965e-09
F21-Gallagher101,MC-ESO-crowd,4,44,0.0016192
F21-Gallagher101,quality,4,15,1.16688e-08
F21-Gallagher101,quality,4,16,1.16688e-08
F21-Gallagher101,quality,4,17,1.16688e-08
F21-Gallagher101,quality,4,18,1.16688e-08
F21-Gallagher101,quality,4,19,1.16688e-08
F21-Gallagher101,quality,4,20,4.61853e-13
F21-Gallagher101,quality,4,21,4.61853e-13
F21-Gallagher101,quality,4,22,1.16688e-08
F21-Gallagher101,quality,4,23,1.16688e-08
F21-Gallagher101,quality,4,24,4.61853e-13
F21-Gallagher101,quality,4,25,4.61853e-13
F21-Gallagher101,quality,4,26,4.61853e-13
F21-Gallagher101,quality,4,27,1.16688e-08
F21-Gallagher101,quality,4,28,8.66862e-13
F21-Gallagher101,quality,4,29,4.61853e-13
F21-Gallagher101,quality,4,30,1.16688e-08
F21-Gallagher101,quality,4,31,1.16688e-08
F21-Gallagher101,quality,4,32,4.61853e-13
F21-Gallagher101,quality,4,33,1.16688e-08
F21-Gallagher101,quality,4,34,1.16688e-08
F21-Gallagher101,quality,4,35,1.16688e-08
F21-Gallagher101,quality,4,36,1.16688e-08
F21-Gallagher101,quality,4,37,4.61853e-13
F21-Gallagher101,quality,4,38,1.16688e-08
F21-Gallagher101,quality,4,39,1.16688e-08
F21-Gallagher101,quality,4,40,1.16688e-08
F21-Gallagher101,quality,4,41,4.61853e-13
F21-Gallagher101,quality,4,42,1.16688e-08
F21-Gallagher101,quality,4,43,1.16688e-08
F21-Gallagher101,quality,4,44,4.61853e-13
F21-Gallagher101,complement,4,15,1.16688e-08
F21-Gallagher101,complement,4,16,1.16688e-08
F21-Gallagher101,complement,4,17,1.16688e-08
F21-Gallagher101,complement,4,18,1.16688e-08
F21-Gallagher101,complement,4,19,1.16688e-08
F21-Gallagher101,complement,4,20,4.61853e-13
F21-Gallagher101,complement,4,21,4.61853e-13
F21-Gallagher101,complement,4,22,1.16688e-08
F21-Gallagher101,complement,4,23,1.16688e-08
F21-Gallagher101,complement,4,24,4.61853e-13
F21-Gallagher101,complement,4,25,4.61853e-13
F21-Gallagher101,complement,4,26,4.61853e-13
F21-Gallagher101,complement,4,27,1.16688e-08
F21-Gallagher101,complement,4,28,8.66862e-13
F21-Gallagher101,complement,4,29,4.61853e-13
F21-Gallagher101,complement,4,30,1.16688e-08
F21-Gallagher101,complement,4,31,1.16688e-08
F21-Gallagher101,complement,4,32,4.61853e-13
F21-Gallagher101,complement,4,33,1.16688e-08
F21-Gallagher101,complement,4,34,1.16688e-08
F21-Gallagher101,complement,4,35,1.16688e-08
F21-Gallagher101,complement,4,36,1.16688e-08
F21-Gallagher101,complement,4,37,4.61853e-13
F21-Gallagher101,complement,4,38,1.16688e-08
F21-Gallagher101,complement,4,39,1.16688e-08
F21-Gallagher101,complement,4,40,1.16688e-08
F21-Gallagher101,complement,4,41,4.61853e-13
F21-Gallagher101,complement,4,42,1.16688e-08
F21-Gallagher101,complement,4,43,1.16688e-08
F21-Gallagher101,complement,4,44,4.61853e-13
F21-Gallagher101,MC-ESO,5,15,0
F21-Gallagher101,MC-ESO,5,16,0
F21-Gallagher101,MC-ESO,5,17,0
F21-Gallagher101,MC-ESO,5,18,0
F21-Gallagher101,MC-ESO,5,19,0
F21-Gallagher101,MC-ESO,5,20,81.1075
F21-Gallagher101,MC-ESO,5,21,0
F21-Gallagher101,MC-ESO,5,22,0
F21-Gallagher101,MC-ESO,5,23,0
F21-Gallagher101,MC-ESO,5,24,0
F21-Gallagher101,MC-ESO,5,25,1.73273e-10
F21-Gallagher101,MC-ESO,5,26,1.73273e-10
F21-Gallagher101,MC-ESO,5,27,0
F21-Gallagher101,MC-ESO,5,28,1.73273e-10
F21-Gallagher101,MC-ESO,5,29,1.73273e-10
F21-Gallagher101,MC-ESO,5,30,0
F21-Gallagher101,MC-ESO,5,31,0
F21-Gallagher101,MC-ESO,5,32,0.338053
F21-Gallagher101,MC-ESO,5,33,1.73273e-10
F21-Gallagher101,MC-ESO,5,34,84.308
F21-Gallagher101,MC-ESO,5,35,0
F21-Gallagher101,MC-ESO,5,36,0
F21-Gallagher101,MC-ESO,5,37,0.196898
F21-Gallagher101,MC-ESO,5,38,78.7729
F21-Gallagher101,MC-ESO,5,39,1.73273e-10
F21-Gallagher101,MC-ESO,5,40,0
F21-Gallagher101,MC-ESO,5,41,0
F21-Gallagher101,MC-ESO,5,42,78.3513
F21-Gallagher101,MC-ESO,5,43,1.73273e-10
F21-Gallagher101,MC-ESO,5,44,0
F21-Gallagher101,NMMSO,5,15,0
F21-Gallagher101,NMMSO,5,16,0
F21-Gallagher101,NMMSO,5,17,0
F21-Gallagher101,NMMSO,5,18,0
F21-Gallagher101,NMMSO,5,19,0
F21-Gallagher101,NMMSO,5,20,2.38767e-08
F21-Gallagher101,NMMSO,5,21,0
F21-Gallagher101,NMMSO,5,22,0
F21-Gallagher101,NMMSO,5,23,0
F21-Gallagher101,NMMSO,5,24,0
F21-Gallagher101,NMMSO,5,25,5.25406e-05
F21-Gallagher101,NMMSO,5,26,5.25406e-05
F21-Gallagher101,NMMSO,5,27,0
F21-Gallagher101,NMMSO,5,28,5.25406e-05
F21-Gallagher101,NMMSO,5,29,5.25406e-05
F21-Gallagher101,NMMSO,5,30,0
F21-Gallagher101,NMMSO,5,31,0
F21-Gallagher101,NMMSO,5,32,0.338105
F21-Gallagher101,NMMSO,5,33,5.25406e-05
F21-Gallagher101,NMMSO,5,34,2.38767e-08
F21-Gallagher101,NMMSO,5,35,0
F21-Gallagher101,NMMSO,5,36,0
F21-Gallagher101,NMMSO,5,37,0.196951
F21-Gallagher101,NMMSO,5,38,0.635551
F21-Gallagher101,NMMSO,5,39,5.25406e-05
F21-Gallagher101,NMMSO,5,40,0
F21-Gallagher101,NMMSO,5,41,79.9487
F21-Gallagher101,NMMSO,5,42,0.635551
F21-Gallagher101,NMMSO,5,43,5.25406e-05
F21-Gallagher101,NMMSO,5,44,80.246
F21-Gallagher101,NCDE,5,15,1.56319e-13
F21-Gallagher101,NCDE,5,16,1.56319e-13
F21-Gallagher101,NCDE,5,17,1.56319e-13
F21-Gallagher101,NCDE,5,18,1.56319e-13
F21-Gallagher101,NCDE,5,19,1.56319e-13
F21-Gallagher101,NCDE,5,20,79.4144
F21-Gallagher101,NCDE,5,21,1.56319e-13
F21-Gallagher101,NCDE,5,22,1.56319e-13
F21-Gallagher101,NCDE,5,23,1.56319e-13
F21-Gallagher101,NCDE,5,24,1.56319e-13
F21-Gallagher101,NCDE,5,25,9.17522e-05
F21-Gallagher101,NCDE,5,26,9.17522e-05
F21-Gallagher101,NCDE,5,27,1.56319e-13
F21-Gallagher101,NCDE,5,28,9.17522e-05
F21-Gallagher101,NCDE,5,29,9.17522e-05
F21-Gallagher101,NCDE,5,30,1.56319e-13
F21-Gallagher101,NCDE,5,31,1.56319e-13
F21-Gallagher101,NCDE,5,32,0.338144
F21-Gallagher101,NCDE,5,33,9.17522e-05
F21-Gallagher101,NCDE,5,34,0.149835
F21-Gallagher101,NCDE,5,35,1.56319e-13
F21-Gallagher101,NCDE,5,36,1.56319e-13
F21-Gallagher101,NCDE,5,37,0.19699
F21-Gallagher101,NCDE,5,38,0.785385
F21-Gallagher101,NCDE,5,39,9.17522e-05
F21-Gallagher101,NCDE,5,40,1.56319e-13
F21-Gallagher101,NCDE,5,41,79.9508
F21-Gallagher101,NCDE,5,42,80.1859
F21-Gallagher101,NCDE,5,43,9.17522e-05
F21-Gallagher101,NCDE,5,44,80.246
F21-Gallagher101,r3pso,5,15,0
F21-Gallagher101,r3pso,5,16,0
F21-Gallagher101,r3pso,5,17,0
F21-Gallagher101,r3pso,5,18,0
F21-Gallagher101,r3pso,5,19,0
F21-Gallagher101,r3pso,5,20,0.00421278
F21-Gallagher101,r3pso,5,21,0
F21-Gallagher101,r3pso,5,22,0
F21-Gallagher101,r3pso,5,23,0
F21-Gallagher101,r3pso,5,24,0
F21-Gallagher101,r3pso,5,25,3.87099e-08
F21-Gallagher101,r3pso,5,26,3.87099e-08
F21-Gallagher101,r3pso,5,27,0
F21-Gallagher101,r3pso,5,28,3.87099e-08
F21-Gallagher101,r3pso,5,29,3.87099e-08
F21-Gallagher101,r3pso,5,30,0
F21-Gallagher101,r3pso,5,31,0
F21-Gallagher101,r3pso,5,32,0.338053
F21-Gallagher101,r3pso,5,33,3.87099e-08
F21-Gallagher101,r3pso,5,34,0.00421278
F21-Gallagher101,r3pso,5,35,0
F21-Gallagher101,r3pso,5,36,0
F21-Gallagher101,r3pso,5,37,0.196898
F21-Gallagher101,r3pso,5,38,0.639763
F21-Gallagher101,r3pso,5,39,3.87099e-08
F21-Gallagher101,r3pso,5,40,0
F21-Gallagher101,r3pso,5,41,79.9496
F21-Gallagher101,r3pso,5,42,0.639763
F21-Gallagher101,r3pso,5,43,3.87099e-08
F21-Gallagher101,r3pso,5,44,80.2459
F21-Gallagher101,NM-Restart,5,15,0
F21-Gallagher101,NM-Restart,5,16,0
F21-Gallagher101,NM-Restart,5,17,0
F21-Gallagher101,NM-Restart,5,18,0
F21-Gallagher101,NM-Restart,5,19,0
F21-Gallagher101,NM-Restart,5,20,1.00774
F21-Gallagher101,NM-Restart,5,21,0
F21-Gallagher101,NM-Restart,5,22,0
F21-Gallagher101,NM-Restart,5,23,0
F21-Gallagher101,NM-Restart,5,24,0
F21-Gallagher101,NM-Restart,5,25,0
F21-Gallagher101,NM-Restart,5,26,0
F21-Gallagher101,NM-Restart,5,27,0
F21-Gallagher101,NM-Restart,5,28,0
F21-Gallagher101,NM-Restart,5,29,0
F21-Gallagher101,NM-Restart,5,30,0
F21-Gallagher101,NM-Restart,5,31,0
F21-Gallagher101,NM-Restart,5,32,0.338053
F21-Gallagher101,NM-Restart,5,33,0
F21-Gallagher101,NM-Restart,5,34,0.315258
F21-Gallagher101,NM-Restart,5,35,0
F21-Gallagher101,NM-Restart,5,36,0
F21-Gallagher101,NM-Restart,5,37,0.196898
F21-Gallagher101,NM-Restart,5,38,0.950809
F21-Gallagher101,NM-Restart,5,39,0
F21-Gallagher101,NM-Restart,5,40,0
F21-Gallagher101,NM-Restart,5,41,79.9487
F21-Gallagher101,NM-Restart,5,42,1.64329
F21-Gallagher101,NM-Restart,5,43,0
F21-Gallagher101,NM-Restart,5,44,1.90008
F21-Gallagher101,IPOP-CMA-ES,5,15,0
F21-Gallagher101,IPOP-CMA-ES,5,16,0
F21-Gallagher101,IPOP-CMA-ES,5,17,0
F21-Gallagher101,IPOP-CMA-ES,5,18,0
F21-Gallagher101,IPOP-CMA-ES,5,19,0
F21-Gallagher101,IPOP-CMA-ES,5,20,0
F21-Gallagher101,IPOP-CMA-ES,5,21,0
F21-Gallagher101,IPOP-CMA-ES,5,22,0
F21-Gallagher101,IPOP-CMA-ES,5,23,0
F21-Gallagher101,IPOP-CMA-ES,5,24,0
F21-Gallagher101,IPOP-CMA-ES,5,25,0.553418
F21-Gallagher101,IPOP-CMA-ES,5,26,0.23814
F21-Gallagher101,IPOP-CMA-ES,5,27,0
F21-Gallagher101,IPOP-CMA-ES,5,28,0.23814
F21-Gallagher101,IPOP-CMA-ES,5,29,0.23814
F21-Gallagher101,IPOP-CMA-ES,5,30,0
F21-Gallagher101,IPOP-CMA-ES,5,31,0
F21-Gallagher101,IPOP-CMA-ES,5,32,0.201772
F21-Gallagher101,IPOP-CMA-ES,5,33,0.23814
F21-Gallagher101,IPOP-CMA-ES,5,34,0
F21-Gallagher101,IPOP-CMA-ES,5,35,0
F21-Gallagher101,IPOP-CMA-ES,5,36,0
F21-Gallagher101,IPOP-CMA-ES,5,37,0.060618
F21-Gallagher101,IPOP-CMA-ES,5,38,0.635551
F21-Gallagher101,IPOP-CMA-ES,5,39,0.23814
F21-Gallagher101,IPOP-CMA-ES,5,40,0
F21-Gallagher101,IPOP-CMA-ES,5,41,79.9485
F21-Gallagher101,IPOP-CMA-ES,5,42,0.635551
F21-Gallagher101,IPOP-CMA-ES,5,43,0.23814
F21-Gallagher101,IPOP-CMA-ES,5,44,80.246
F21-Gallagher101,DE,5,15,0
F21-Gallagher101,DE,5,16,0
F21-Gallagher101,DE,5,17,0
F21-Gallagher101,DE,5,18,0
F21-Gallagher101,DE,5,19,0
F21-Gallagher101,DE,5,20,82.5997
F21-Gallagher101,DE,5,21,0
F21-Gallagher101,DE,5,22,0
F21-Gallagher101,DE,5,23,0
F21-Gallagher101,DE,5,24,0
F21-Gallagher101,DE,5,25,95.6694
F21-Gallagher101,DE,5,26,90.2425
F21-Gallagher101,DE,5,27,0
F21-Gallagher101,DE,5,28,96.663
F21-Gallagher101,DE,5,29,98.1637
F21-Gallagher101,DE,5,30,0
F21-Gallagher101,DE,5,31,0
F21-Gallagher101,DE,5,32,83.7556
F21-Gallagher101,DE,5,33,102.662
F21-Gallagher101,DE,5,34,84.3082
F21-Gallagher101,DE,5,35,0
F21-Gallagher101,DE,5,36,0
F21-Gallagher101,DE,5,37,85.5818
F21-Gallagher101,DE,5,38,79.5863
F21-Gallagher101,DE,5,39,104.506
F21-Gallagher101,DE,5,40,0
F21-Gallagher101,DE,5,41,79.9477
F21-Gallagher101,DE,5,42,80.1861
F21-Gallagher101,DE,5,43,112.676
F21-Gallagher101,DE,5,44,80.2448
F21-Gallagher101,PSO,5,15,0
F21-Gallagher101,PSO,5,16,0
F21-Gallagher101,PSO,5,17,0
F21-Gallagher101,PSO,5,18,0
F21-Gallagher101,PSO,5,19,0
F21-Gallagher101,PSO,5,20,82.5995
F21-Gallagher101,PSO,5,21,0
F21-Gallagher101,PSO,5,22,0
F21-Gallagher101,PSO,5,23,0
F21-Gallagher101,PSO,5,24,0
F21-Gallagher101,PSO,5,25,95.67
F21-Gallagher101,PSO,5,26,90.2434
F21-Gallagher101,PSO,5,27,0
F21-Gallagher101,PSO,5,28,96.664
F21-Gallagher101,PSO,5,29,98.1645
F21-Gallagher101,PSO,5,30,0
F21-Gallagher101,PSO,5,31,0
F21-Gallagher101,PSO,5,32,83.7563
F21-Gallagher101,PSO,5,33,102.663
F21-Gallagher101,PSO,5,34,84.3082
F21-Gallagher101,PSO,5,35,0
F21-Gallagher101,PSO,5,36,0
F21-Gallagher101,PSO,5,37,85.5826
F21-Gallagher101,PSO,5,38,79.5862
F21-Gallagher101,PSO,5,39,104.507
F21-Gallagher101,PSO,5,40,0
F21-Gallagher101,PSO,5,41,79.9472
F21-Gallagher101,PSO,5,42,80.1858
F21-Gallagher101,PSO,5,43,112.677
F21-Gallagher101,PSO,5,44,80.2442
F21-Gallagher101,Crowding-DE,5,15,6.05964e-07
F21-Gallagher101,Crowding-DE,5,16,6.05964e-07
F21-Gallagher101,Crowding-DE,5,17,6.05964e-07
F21-Gallagher101,Crowding-DE,5,18,6.05964e-07
F21-Gallagher101,Crowding-DE,5,19,6.05964e-07
F21-Gallagher101,Crowding-DE,5,20,0.0753032
F21-Gallagher101,Crowding-DE,5,21,6.05964e-07
F21-Gallagher101,Crowding-DE,5,22,6.05964e-07
F21-Gallagher101,Crowding-DE,5,23,6.05964e-07
F21-Gallagher101,Crowding-DE,5,24,6.05964e-07
F21-Gallagher101,Crowding-DE,5,25,0.00534353
F21-Gallagher101,Crowding-DE,5,26,0.00534353
F21-Gallagher101,Crowding-DE,5,27,6.05964e-07
F21-Gallagher101,Crowding-DE,5,28,0.00534353
F21-Gallagher101,Crowding-DE,5,29,0.00534353
F21-Gallagher101,Crowding-DE,5,30,6.05964e-07
F21-Gallagher101,Crowding-DE,5,31,6.05964e-07
F21-Gallagher101,Crowding-DE,5,32,0
F21-Gallagher101,Crowding-DE,5,33,0.00534353
F21-Gallagher101,Crowding-DE,5,34,0.0753032
F21-Gallagher101,Crowding-DE,5,35,6.05964e-07
F21-Gallagher101,Crowding-DE,5,36,6.05964e-07
F21-Gallagher101,Crowding-DE,5,37,0.202242
F21-Gallagher101,Crowding-DE,5,38,0.710854
F21-Gallagher101,Crowding-DE,5,39,0.00534353
F21-Gallagher101,Crowding-DE,5,40,6.05964e-07
F21-Gallagher101,Crowding-DE,5,41,0.0223844
F21-Gallagher101,Crowding-DE,5,42,0.710854
F21-Gallagher101,Crowding-DE,5,43,0.00534353
F21-Gallagher101,Crowding-DE,5,44,0.0223844
F21-Gallagher101,MAP-Elites,5,15,2.93465e-05
F21-Gallagher101,MAP-Elites,5,16,2.93465e-05
F21-Gallagher101,MAP-Elites,5,17,2.93465e-05
F21-Gallagher101,MAP-Elites,5,18,2.93465e-05
F21-Gallagher101,MAP-Elites,5,19,2.93465e-05
F21-Gallagher101,MAP-Elites,5,20,79.8351
F21-Gallagher101,MAP-Elites,5,21,2.93465e-05
F21-Gallagher101,MAP-Elites,5,22,2.93465e-05
F21-Gallagher101,MAP-Elites,5,23,2.93465e-05
F21-Gallagher101,MAP-Elites,5,24,2.93465e-05
F21-Gallagher101,MAP-Elites,5,25,90.5873
F21-Gallagher101,MAP-Elites,5,26,81.0438
F21-Gallagher101,MAP-Elites,5,27,2.93465e-05
F21-Gallagher101,MAP-Elites,5,28,87.3372
F21-Gallagher101,MAP-Elites,5,29,90.1915
F21-Gallagher101,MAP-Elites,5,30,2.93465e-05
F21-Gallagher101,MAP-Elites,5,31,2.93465e-05
F21-Gallagher101,MAP-Elites,5,32,0.189687
F21-Gallagher101,MAP-Elites,5,33,93.163
F21-Gallagher101,MAP-Elites,5,34,83.8073
F21-Gallagher101,MAP-Elites,5,35,2.93465e-05
F21-Gallagher101,MAP-Elites,5,36,2.93465e-05
F21-Gallagher101,MAP-Elites,5,37,0.048533
F21-Gallagher101,MAP-Elites,5,38,0.207032
F21-Gallagher101,MAP-Elites,5,39,96.068
F21-Gallagher101,MAP-Elites,5,40,2.93465e-05
F21-Gallagher101,MAP-Elites,5,41,0.00939659
F21-Gallagher101,MAP-Elites,5,42,0.207032
F21-Gallagher101,MAP-Elites,5,43,103.134
F21-Gallagher101,MAP-Elites,5,44,0.00939659
F21-Gallagher101,MC-ESO-crowd,5,15,3.73132e-09
F21-Gallagher101,MC-ESO-crowd,5,16,3.73132e-09
F21-Gallagher101,MC-ESO-crowd,5,17,3.73132e-09
F21-Gallagher101,MC-ESO-crowd,5,18,3.73132e-09
F21-Gallagher101,MC-ESO-crowd,5,19,3.73132e-09
F21-Gallagher101,MC-ESO-crowd,5,20,0.234638
F21-Gallagher101,MC-ESO-crowd,5,21,3.73132e-09
F21-Gallagher101,MC-ESO-crowd,5,22,3.73132e-09
F21-Gallagher101,MC-ESO-crowd,5,23,3.73132e-09
F21-Gallagher101,MC-ESO-crowd,5,24,3.73132e-09
F21-Gallagher101,MC-ESO-crowd,5,25,0.00741772
F21-Gallagher101,MC-ESO-crowd,5,26,0.00741772
F21-Gallagher101,MC-ESO-crowd,5,27,3.73132e-09
F21-Gallagher101,MC-ESO-crowd,5,28,0.00741772
F21-Gallagher101,MC-ESO-crowd,5,29,0.00741772
F21-Gallagher101,MC-ESO-crowd,5,30,3.73132e-09
F21-Gallagher101,MC-ESO-crowd,5,31,3.73132e-09
F21-Gallagher101,MC-ESO-crowd,5,32,0.141154
F21-Gallagher101,MC-ESO-crowd,5,33,0.00741772
F21-Gallagher101,MC-ESO-crowd,5,34,0.234638
F21-Gallagher101,MC-ESO-crowd,5,35,3.73132e-09
F21-Gallagher101,MC-ESO-crowd,5,36,3.73132e-09
F21-Gallagher101,MC-ESO-crowd,5,37,0
F21-Gallagher101,MC-ESO-crowd,5,38,0
F21-Gallagher101,MC-ESO-crowd,5,39,0.00741772
F21-Gallagher101,MC-ESO-crowd,5,40,3.73132e-09
F21-Gallagher101,MC-ESO-crowd,5,41,0.25679
F21-Gallagher101,MC-ESO-crowd,5,42,0
F21-Gallagher101,MC-ESO-crowd,5,43,0.00741772
F21-Gallagher101,MC-ESO-crowd,5,44,0.25679
F21-Gallagher101,quality,5,15,1.19608e-08
F21-Gallagher101,quality,5,16,1.19608e-08
F21-Gallagher101,quality,5,17,1.19608e-08
F21-Gallagher101,quality,5,18,1.19608e-08
F21-Gallagher101,quality,5,19,1.19608e-08
F21-Gallagher101,quality,5,20,81.162
F21-Gallagher101,quality,5,21,1.19608e-08
F21-Gallagher101,quality,5,22,1.19608e-08
F21-Gallagher101,quality,5,23,1.19608e-08
F21-Gallagher101,quality,5,24,1.19608e-08
F21-Gallagher101,quality,5,25,3.55271e-13
F21-Gallagher101,quality,5,26,3.55271e-13
F21-Gallagher101,quality,5,27,1.19608e-08
F21-Gallagher101,quality,5,28,3.55271e-13
F21-Gallagher101,quality,5,29,3.55271e-13
F21-Gallagher101,quality,5,30,1.19608e-08
F21-Gallagher101,quality,5,31,1.19608e-08
F21-Gallagher101,quality,5,32,0.338053
F21-Gallagher101,quality,5,33,3.55271e-13
F21-Gallagher101,quality,5,34,0.315258
F21-Gallagher101,quality,5,35,1.19608e-08
F21-Gallagher101,quality,5,36,1.19608e-08
F21-Gallagher101,quality,5,37,0.196898
F21-Gallagher101,quality,5,38,0.950809
F21-Gallagher101,quality,5,39,3.55271e-13
F21-Gallagher101,quality,5,40,1.19608e-08
F21-Gallagher101,quality,5,41,80.025
F21-Gallagher101,quality,5,42,80.215
F21-Gallagher101,quality,5,43,3.55271e-13
F21-Gallagher101,quality,5,44,80.315
F21-Gallagher101,complement,5,15,1.19608e-08
F21-Gallagher101,complement,5,16,1.19608e-08
F21-Gallagher101,complement,5,17,1.19608e-08
F21-Gallagher101,complement,5,18,1.19608e-08
F21-Gallagher101,complement,5,19,1.19608e-08
F21-Gallagher101,complement,5,20,1.00774
F21-Gallagher101,complement,5,21,1.19608e-08
F21-Gallagher101,complement,5,22,1.19608e-08
F21-Gallagher101,complement,5,23,1.19608e-08
F21-Gallagher101,complement,5,24,1.19608e-08
F21-Gallagher101,complement,5,25,3.55271e-13
F21-Gallagher101,complement,5,26,3.55271e-13
F21-Gallagher101,complement,5,27,1.19608e-08
F21-Gallagher101,complement,5,28,3.55271e-13
F21-Gallagher101,complement,5,29,3.55271e-13
F21-Gallagher101,complement,5,30,1.19608e-08
F21-Gallagher101,complement,5,31,1.19608e-08
F21-Gallagher101,complement,5,32,0.338053
F21-Gallagher101,complement,5,33,3.55271e-13
F21-Gallagher101,complement,5,34,1.00774
F21-Gallagher101,complement,5,35,1.19608e-08
F21-Gallagher101,complement,5,36,1.19608e-08
F21-Gallagher101,complement,5,37,0.196898
F21-Gallagher101,complement,5,38,1.64329
F21-Gallagher101,complement,5,39,3.55271e-13
F21-Gallagher101,complement,5,40,1.19608e-08
F21-Gallagher101,complement,5,41,80.025
F21-Gallagher101,complement,5,42,1.64329
F21-Gallagher101,complement,5,43,3.55271e-13
F21-Gallagher101,complement,5,44,1.90008
F21-Gallagher101,MC-ESO,6,15,4.30234e-11
F21-Gallagher101,MC-ESO,6,16,4.30234e-11
F21-Gallagher101,MC-ESO,6,17,0
F21-Gallagher101,MC-ESO,6,18,0
F21-Gallagher101,MC-ESO,6,19,1.67331e-06
F21-Gallagher101,MC-ESO,6,20,0
F21-Gallagher101,MC-ESO,6,21,0
F21-Gallagher101,MC-ESO,6,22,0
F21-Gallagher101,MC-ESO,6,23,0
F21-Gallagher101,MC-ESO,6,24,1.67331e-06
F21-Gallagher101,MC-ESO,6,25,1.67331e-06
F21-Gallagher101,MC-ESO,6,26,0
F21-Gallagher101,MC-ESO,6,27,1.67331e-06
F21-Gallagher101,MC-ESO,6,28,0
F21-Gallagher101,MC-ESO,6,29,0
F21-Gallagher101,MC-ESO,6,30,1.67331e-06
F21-Gallagher101,MC-ESO,6,31,4.30234e-11
F21-Gallagher101,MC-ESO,6,32,1.67331e-06
F21-Gallagher101,MC-ESO,6,33,1.67331e-06
F21-Gallagher101,MC-ESO,6,34,0
F21-Gallagher101,MC-ESO,6,35,1.67331e-06
F21-Gallagher101,MC-ESO,6,36,0
F21-Gallagher101,MC-ESO,6,37,0
F21-Gallagher101,MC-ESO,6,38,0
F21-Gallagher101,MC-ESO,6,39,0
F21-Gallagher101,MC-ESO,6,40,0
F21-Gallagher101,MC-ESO,6,41,0
F21-Gallagher101,MC-ESO,6,42,0
F21-Gallagher101,MC-ESO,6,43,0
F21-Gallagher101,MC-ESO,6,44,0
F21-Gallagher101,NMMSO,6,15,0.0828665
F21-Gallagher101,NMMSO,6,16,0.0828665
F21-Gallagher101,NMMSO,6,17,7.10543e-15
F21-Gallagher101,NMMSO,6,18,7.10543e-15
F21-Gallagher101,NMMSO,6,19,0.000128334
F21-Gallagher101,NMMSO,6,20,7.10543e-15
F21-Gallagher101,NMMSO,6,21,7.10543e-15
F21-Gallagher101,NMMSO,6,22,7.10543e-15
F21-Gallagher101,NMMSO,6,23,7.10543e-15
F21-Gallagher101,NMMSO,6,24,0.000128334
F21-Gallagher101,NMMSO,6,25,0.000128334
F21-Gallagher101,NMMSO,6,26,7.10543e-15
F21-Gallagher101,NMMSO,6,27,0.000128334
F21-Gallagher101,NMMSO,6,28,7.10543e-15
F21-Gallagher101,NMMSO,6,29,7.10543e-15
F21-Gallagher101,NMMSO,6,30,0.000128334
F21-Gallagher101,NMMSO,6,31,0.0828665
F21-Gallagher101,NMMSO,6,32,0.000128334
F21-Gallagher101,NMMSO,6,33,0.000128334
F21-Gallagher101,NMMSO,6,34,7.10543e-15
F21-Gallagher101,NMMSO,6,35,0.000128334
F21-Gallagher101,NMMSO,6,36,7.10543e-15
F21-Gallagher101,NMMSO,6,37,7.10543e-15
F21-Gallagher101,NMMSO,6,38,7.10543e-15
F21-Gallagher101,NMMSO,6,39,7.10543e-15
F21-Gallagher101,NMMSO,6,40,7.10543e-15
F21-Gallagher101,NMMSO,6,41,0.321005
F21-Gallagher101,NMMSO,6,42,7.10543e-15
F21-Gallagher101,NMMSO,6,43,7.10543e-15
F21-Gallagher101,NMMSO,6,44,7.10543e-15
F21-Gallagher101,NCDE,6,15,0.187481
F21-Gallagher101,NCDE,6,16,0.187481
F21-Gallagher101,NCDE,6,17,2.16005e-11
F21-Gallagher101,NCDE,6,18,2.16005e-11
F21-Gallagher101,NCDE,6,19,0.00096129
F21-Gallagher101,NCDE,6,20,2.16005e-11
F21-Gallagher101,NCDE,6,21,2.16005e-11
F21-Gallagher101,NCDE,6,22,2.16005e-11
F21-Gallagher101,NCDE,6,23,2.16005e-11
F21-Gallagher101,NCDE,6,24,0.00096129
F21-Gallagher101,NCDE,6,25,0.00096129
F21-Gallagher101,NCDE,6,26,2.16005e-11
F21-Gallagher101,NCDE,6,27,0.00096129
F21-Gallagher101,NCDE,6,28,2.16005e-11
F21-Gallagher101,NCDE,6,29,2.16005e-11
F21-Gallagher101,NCDE,6,30,0.00096129
F21-Gallagher101,NCDE,6,31,0.187481
F21-Gallagher101,NCDE,6,32,0.00096129
F21-Gallagher101,NCDE,6,33,0.00096129
F21-Gallagher101,NCDE,6,34,2.16005e-11
F21-Gallagher101,NCDE,6,35,0.00096129
F21-Gallagher101,NCDE,6,36,2.16005e-11
F21-Gallagher101,NCDE,6,37,2.16005e-11
F21-Gallagher101,NCDE,6,38,2.16005e-11
F21-Gallagher101,NCDE,6,39,2.16005e-11
F21-Gallagher101,NCDE,6,40,2.16005e-11
F21-Gallagher101,NCDE,6,41,0.42562
F21-Gallagher101,NCDE,6,42,2.16005e-11
F21-Gallagher101,NCDE,6,43,2.16005e-11
F21-Gallagher101,NCDE,6,44,2.16005e-11
F21-Gallagher101,r3pso,6,15,98.768
F21-Gallagher101,r3pso,6,16,85.2354
F21-Gallagher101,r3pso,6,17,0
F21-Gallagher101,r3pso,6,18,0
F21-Gallagher101,r3pso,6,19,80.0128
F21-Gallagher101,r3pso,6,20,0
F21-Gallagher101,r3pso,6,21,0
F21-Gallagher101,r3pso,6,22,0
F21-Gallagher101,r3pso,6,23,0
F21-Gallagher101,r3pso,6,24,100.307
F21-Gallagher101,r3pso,6,25,85.4848
F21-Gallagher101,r3pso,6,26,0
F21-Gallagher101,r3pso,6,27,85.5185
F21-Gallagher101,r3pso,6,28,0
F21-Gallagher101,r3pso,6,29,0
F21-Gallagher101,r3pso,6,30,92.0391
F21-Gallagher101,r3pso,6,31,99.015
F21-Gallagher101,r3pso,6,32,95.5035
F21-Gallagher101,r3pso,6,33,80.2025
F21-Gallagher101,r3pso,6,34,0
F21-Gallagher101,r3pso,6,35,94.2012
F21-Gallagher101,r3pso,6,36,0
F21-Gallagher101,r3pso,6,37,0
F21-Gallagher101,r3pso,6,38,0
F21-Gallagher101,r3pso,6,39,0
F21-Gallagher101,r3pso,6,40,0
F21-Gallagher101,r3pso,6,41,81.2861
F21-Gallagher101,r3pso,6,42,0
F21-Gallagher101,r3pso,6,43,0
F21-Gallagher101,r3pso,6,44,0
F21-Gallagher101,NM-Restart,6,15,0
F21-Gallagher101,NM-Restart,6,16,0
F21-Gallagher101,NM-Restart,6,17,0
F21-Gallagher101,NM-Restart,6,18,0
F21-Gallagher101,NM-Restart,6,19,0
F21-Gallagher101,NM-Restart,6,20,0
F21-Gallagher101,NM-Restart,6,21,0
F21-Gallagher101,NM-Restart,6,22,0
F21-Gallagher101,NM-Restart,6,23,0
F21-Gallagher101,NM-Restart,6,24,0
F21-Gallagher101,NM-Restart,6,25,0
F21-Gallagher101,NM-Restart,6,26,0
F21-Gallagher101,NM-Restart,6,27,0
F21-Gallagher101,NM-Restart,6,28,0
F21-Gallagher101,NM-Restart,6,29,0
F21-Gallagher101,NM-Restart,6,30,0
F21-Gallagher101,NM-Restart,6,31,0
F21-Gallagher101,NM-Restart,6,32,0
F21-Gallagher101,NM-Restart,6,33,0
F21-Gallagher101,NM-Restart,6,34,0
F21-Gallagher101,NM-Restart,6,35,0
F21-Gallagher101,NM-Restart,6,36,0
F21-Gallagher101,NM-Restart,6,37,0
F21-Gallagher101,NM-Restart,6,38,0
F21-Gallagher101,NM-Restart,6,39,0
F21-Gallagher101,NM-Restart,6,40,0
F21-Gallagher101,NM-Restart,6,41,0.238139
F21-Gallagher101,NM-Restart,6,42,0
F21-Gallagher101,NM-Restart,6,43,0
F21-Gallagher101,NM-Restart,6,44,0
F21-Gallagher101,IPOP-CMA-ES,6,15,0
F21-Gallagher101,IPOP-CMA-ES,6,16,0
F21-Gallagher101,IPOP-CMA-ES,6,17,0
F21-Gallagher101,IPOP-CMA-ES,6,18,0
F21-Gallagher101,IPOP-CMA-ES,6,19,0.0981363
F21-Gallagher101,IPOP-CMA-ES,6,20,0
F21-Gallagher101,IPOP-CMA-ES,6,21,0
F21-Gallagher101,IPOP-CMA-ES,6,22,0
F21-Gallagher101,IPOP-CMA-ES,6,23,0
F21-Gallagher101,IPOP-CMA-ES,6,24,0.0981363
F21-Gallagher101,IPOP-CMA-ES,6,25,0.0981363
F21-Gallagher101,IPOP-CMA-ES,6,26,0
F21-Gallagher101,IPOP-CMA-ES,6,27,0.0981363
F21-Gallagher101,IPOP-CMA-ES,6,28,0
F21-Gallagher101,IPOP-CMA-ES,6,29,0
F21-Gallagher101,IPOP-CMA-ES,6,30,0.0981363
F21-Gallagher101,IPOP-CMA-ES,6,31,0
F21-Gallagher101,IPOP-CMA-ES,6,32,0.0981363
F21-Gallagher101,IPOP-CMA-ES,6,33,0.0981363
F21-Gallagher101,IPOP-CMA-ES,6,34,0
F21-Gallagher101,IPOP-CMA-ES,6,35,0.0981363
F21-Gallagher101,IPOP-CMA-ES,6,36,0
F21-Gallagher101,IPOP-CMA-ES,6,37,0
F21-Gallagher101,IPOP-CMA-ES,6,38,0
F21-Gallagher101,IPOP-CMA-ES,6,39,0
F21-Gallagher101,IPOP-CMA-ES,6,40,0
F21-Gallagher101,IPOP-CMA-ES,6,41,0.238139
F21-Gallagher101,IPOP-CMA-ES,6,42,0
F21-Gallagher101,IPOP-CMA-ES,6,43,0
F21-Gallagher101,IPOP-CMA-ES,6,44,0
F21-Gallagher101,DE,6,15,102.027
F21-Gallagher101,DE,6,16,86.759
F21-Gallagher101,DE,6,17,0
F21-Gallagher101,DE,6,18,0
F21-Gallagher101,DE,6,19,80.8498
F21-Gallagher101,DE,6,20,0
F21-Gallagher101,DE,6,21,0
F21-Gallagher101,DE,6,22,0
F21-Gallagher101,DE,6,23,0
F21-Gallagher101,DE,6,24,105.432
F21-Gallagher101,DE,6,25,90.6103
F21-Gallagher101,DE,6,26,0
F21-Gallagher101,DE,6,27,90.3197
F21-Gallagher101,DE,6,28,0
F21-Gallagher101,DE,6,29,0
F21-Gallagher101,DE,6,30,95.713
F21-Gallagher101,DE,6,31,103.075
F21-Gallagher101,DE,6,32,97.7778
F21-Gallagher101,DE,6,33,82.3051
F21-Gallagher101,DE,6,34,0
F21-Gallagher101,DE,6,35,99.2506
F21-Gallagher101,DE,6,36,0
F21-Gallagher101,DE,6,37,0
F21-Gallagher101,DE,6,38,0
F21-Gallagher101,DE,6,39,0
F21-Gallagher101,DE,6,40,0
F21-Gallagher101,DE,6,41,84.0408
F21-Gallagher101,DE,6,42,0
F21-Gallagher101,DE,6,43,0
F21-Gallagher101,DE,6,44,0
F21-Gallagher101,PSO,6,15,102.027
F21-Gallagher101,PSO,6,16,86.759
F21-Gallagher101,PSO,6,17,0
F21-Gallagher101,PSO,6,18,0
F21-Gallagher101,PSO,6,19,80.85
F21-Gallagher101,PSO,6,20,0
F21-Gallagher101,PSO,6,21,0
F21-Gallagher101,PSO,6,22,0
F21-Gallagher101,PSO,6,23,0
F21-Gallagher101,PSO,6,24,105.433
F21-Gallagher101,PSO,6,25,90.6109
F21-Gallagher101,PSO,6,26,0
F21-Gallagher101,PSO,6,27,90.3202
F21-Gallagher101,PSO,6,28,0
F21-Gallagher101,PSO,6,29,0
F21-Gallagher101,PSO,6,30,95.7135
F21-Gallagher101,PSO,6,31,103.076
F21-Gallagher101,PSO,6,32,97.7782
F21-Gallagher101,PSO,6,33,82.3055
F21-Gallagher101,PSO,6,34,0
F21-Gallagher101,PSO,6,35,99.2512
F21-Gallagher101,PSO,6,36,0
F21-Gallagher101,PSO,6,37,0
F21-Gallagher101,PSO,6,38,0
F21-Gallagher101,PSO,6,39,0
F21-Gallagher101,PSO,6,40,0
F21-Gallagher101,PSO,6,41,84.041
F21-Gallagher101,PSO,6,42,0
F21-Gallagher101,PSO,6,43,0
F21-Gallagher101,PSO,6,44,0
F21-Gallagher101,Crowding-DE,6,15,0.162439
F21-Gallagher101,Crowding-DE,6,16,0.162439
F21-Gallagher101,Crowding-DE,6,17,8.4263e-07
F21-Gallagher101,Crowding-DE,6,18,8.4263e-07
F21-Gallagher101,Crowding-DE,6,19,0.0176133
F21-Gallagher101,Crowding-DE,6,20,8.4263e-07
F21-Gallagher101,Crowding-DE,6,21,8.4263e-07
F21-Gallagher101,Crowding-DE,6,22,8.4263e-07
F21-Gallagher101,Crowding-DE,6,23,8.4263e-07
F21-Gallagher101,Crowding-DE,6,24,0.0176133
F21-Gallagher101,Crowding-DE,6,25,0.0176133
F21-Gallagher101,Crowding-DE,6,26,8.4263e-07
F21-Gallagher101,Crowding-DE,6,27,0.0176133
F21-Gallagher101,Crowding-DE,6,28,8.4263e-07
F21-Gallagher101,Crowding-DE,6,29,8.4263e-07
F21-Gallagher101,Crowding-DE,6,30,0.0176133
F21-Gallagher101,Crowding-DE,6,31,0.162439
F21-Gallagher101,Crowding-DE,6,32,0.0176133
F21-Gallagher101,Crowding-DE,6,33,0.0176133
F21-Gallagher101,Crowding-DE,6,34,8.4263e-07
F21-Gallagher101,Crowding-DE,6,35,0.0176133
F21-Gallagher101,Crowding-DE,6,36,8.4263e-07
F21-Gallagher101,Crowding-DE,6,37,8.4263e-07
F21-Gallagher101,Crowding-DE,6,38,8.4263e-07
F21-Gallagher101,Crowding-DE,6,39,8.4263e-07
F21-Gallagher101,Crowding-DE,6,40,8.4263e-07
F21-Gallagher101,Crowding-DE,6,41,0.400578
F21-Gallagher101,Crowding-DE,6,42,8.4263e-07
F21-Gallagher101,Crowding-DE,6,43,8.4263e-07
F21-Gallagher101,Crowding-DE,6,44,8.4263e-07
F21-Gallagher101,MAP-Elites,6,15,96.2835
F21-Gallagher101,MAP-Elites,6,16,84.2325
F21-Gallagher101,MAP-Elites,6,17,5.87856e-05
F21-Gallagher101,MAP-Elites,6,18,5.87856e-05
F21-Gallagher101,MAP-Elites,6,19,79.4821
F21-Gallagher101,MAP-Elites,6,20,5.87856e-05
F21-Gallagher101,MAP-Elites,6,21,5.87856e-05
F21-Gallagher101,MAP-Elites,6,22,5.87856e-05
F21-Gallagher101,MAP-Elites,6,23,5.87856e-05
F21-Gallagher101,MAP-Elites,6,24,96.2957
F21-Gallagher101,MAP-Elites,6,25,81.4721
F21-Gallagher101,MAP-Elites,6,26,5.87856e-05
F21-Gallagher101,MAP-Elites,6,27,81.7459
F21-Gallagher101,MAP-Elites,6,28,5.87856e-05
F21-Gallagher101,MAP-Elites,6,29,5.87856e-05
F21-Gallagher101,MAP-Elites,6,30,89.3596
F21-Gallagher101,MAP-Elites,6,31,95.8549
F21-Gallagher101,MAP-Elites,6,32,94.0579
F21-Gallagher101,MAP-Elites,6,33,78.9074
F21-Gallagher101,MAP-Elites,6,34,5.87856e-05
F21-Gallagher101,MAP-Elites,6,35,90.2337
F21-Gallagher101,MAP-Elites,6,36,5.87856e-05
F21-Gallagher101,MAP-Elites,6,37,5.87856e-05
F21-Gallagher101,MAP-Elites,6,38,5.87856e-05
F21-Gallagher101,MAP-Elites,6,39,5.87856e-05
F21-Gallagher101,MAP-Elites,6,40,5.87856e-05
F21-Gallagher101,MAP-Elites,6,41,79.2301
F21-Gallagher101,MAP-Elites,6,42,5.87856e-05
F21-Gallagher101,MAP-Elites,6,43,5.87856e-05
F21-Gallagher101,MAP-Elites,6,44,0.0159197
F21-Gallagher101,MC-ESO-crowd,6,15,0.000152606
F21-Gallagher101,MC-ESO-crowd,6,16,0.000152606
F21-Gallagher101,MC-ESO-crowd,6,17,5.95344e-08
F21-Gallagher101,MC-ESO-crowd,6,18,5.95344e-08
F21-Gallagher101,MC-ESO-crowd,6,19,0.00178185
F21-Gallagher101,MC-ESO-crowd,6,20,5.95344e-08
F21-Gallagher101,MC-ESO-crowd,6,21,5.95344e-08
F21-Gallagher101,MC-ESO-crowd,6,22,5.95344e-08
F21-Gallagher101,MC-ESO-crowd,6,23,5.95344e-08
F21-Gallagher101,MC-ESO-crowd,6,24,0.00178185
F21-Gallagher101,MC-ESO-crowd,6,25,0.00178185
F21-Gallagher101,MC-ESO-crowd,6,26,5.95344e-08
F21-Gallagher101,MC-ESO-crowd,6,27,0.00178185
F21-Gallagher101,MC-ESO-crowd,6,28,5.95344e-08
F21-Gallagher101,MC-ESO-crowd,6,29,5.95344e-08
F21-Gallagher101,MC-ESO-crowd,6,30,0.00178185
F21-Gallagher101,MC-ESO-crowd,6,31,0.000152606
F21-Gallagher101,MC-ESO-crowd,6,32,0.00178185
F21-Gallagher101,MC-ESO-crowd,6,33,0.00178185
F21-Gallagher101,MC-ESO-crowd,6,34,5.95344e-08
F21-Gallagher101,MC-ESO-crowd,6,35,0.00178185
F21-Gallagher101,MC-ESO-crowd,6,36,5.95344e-08
F21-Gallagher101,MC-ESO-crowd,6,37,5.95344e-08
F21-Gallagher101,MC-ESO-crowd,6,38,5.95344e-08
F21-Gallagher101,MC-ESO-crowd,6,39,5.95344e-08
F21-Gallagher101,MC-ESO-crowd,6,40,5.95344e-08
F21-Gallagher101,MC-ESO-crowd,6,41,0.00178017
F21-Gallagher101,MC-ESO-crowd,6,42,5.95344e-08
F21-Gallagher101,MC-ESO-crowd,6,43,5.95344e-08
F21-Gallagher101,MC-ESO-crowd,6,44,5.95344e-08
F21-Gallagher101,quality,6,15,8.17124e-13
F21-Gallagher101,quality,6,16,8.17124e-13
F21-Gallagher101,quality,6,17,1.1684e-08
F21-Gallagher101,quality,6,18,1.1684e-08
F21-Gallagher101,quality,6,19,1.42109e-13
F21-Gallagher101,quality,6,20,1.1684e-08
F21-Gallagher101,quality,6,21,1.1684e-08
F21-Gallagher101,quality,6,22,1.1684e-08
F21-Gallagher101,quality,6,23,1.1684e-08
F21-Gallagher101,quality,6,24,1.42109e-13
F21-Gallagher101,quality,6,25,1.42109e-13
F21-Gallagher101,quality,6,26,1.1684e-08
F21-Gallagher101,quality,6,27,1.42109e-13
F21-Gallagher101,quality,6,28,1.1684e-08
F21-Gallagher101,quality,6,29,1.1684e-08
F21-Gallagher101,quality,6,30,1.42109e-13
F21-Gallagher101,quality,6,31,8.17124e-13
F21-Gallagher101,quality,6,32,1.42109e-13
F21-Gallagher101,quality,6,33,1.42109e-13
F21-Gallagher101,quality,6,34,1.1684e-08
F21-Gallagher101,quality,6,35,1.42109e-13
F21-Gallagher101,quality,6,36,1.1684e-08
F21-Gallagher101,quality,6,37,1.1684e-08
F21-Gallagher101,quality,6,38,1.1684e-08
F21-Gallagher101,quality,6,39,1.1684e-08
F21-Gallagher101,quality,6,40,1.1684e-08
F21-Gallagher101,quality,6,41,0.238139
F21-Gallagher101,quality,6,42,1.1684e-08
F21-Gallagher101,quality,6,43,1.1684e-08
F21-Gallagher101,quality,6,44,1.1684e-08
F21-Gallagher101,complement,6,15,8.17124e-13
F21-Gallagher101,complement,6,16,8.17124e-13
F21-Gallagher101,complement,6,17,1.1684e-08
F21-Gallagher101,complement,6,18,1.1684e-08
F21-Gallagher101,complement,6,19,1.42109e-13
F21-Gallagher101,complement,6,20,1.1684e-08
F21-Gallagher101,complement,6,21,1.1684e-08
F21-Gallagher101,complement,6,22,1.1684e-08
F21-Gallagher101,complement,6,23,1.1684e-08
F21-Gallagher101,complement,6,24,1.42109e-13
F21-Gallagher101,complement,6,25,1.42109e-13
F21-Gallagher101,complement,6,26,1.1684e-08
F21-Gallagher101,complement,6,27,1.42109e-13
F21-Gallagher101,complement,6,28,1.1684e-08
F21-Gallagher101,complement,6,29,1.1684e-08
F21-Gallagher101,complement,6,30,1.42109e-13
F21-Gallagher101,complement,6,31,8.17124e-13
F21-Gallagher101,complement,6,32,1.42109e-13
F21-Gallagher101,complement,6,33,1.42109e-13
F21-Gallagher101,complement,6,34,1.1684e-08
F21-Gallagher101,complement,6,35,1.42109e-13
F21-Gallagher101,complement,6,36,1.1684e-08
F21-Gallagher101,complement,6,37,1.1684e-08
F21-Gallagher101,complement,6,38,1.1684e-08
F21-Gallagher101,complement,6,39,1.1684e-08
F21-Gallagher101,complement,6,40,1.1684e-08
F21-Gallagher101,complement,6,41,0.238139
F21-Gallagher101,complement,6,42,1.1684e-08
F21-Gallagher101,complement,6,43,1.1684e-08
F21-Gallagher101,complement,6,44,1.1684e-08
F21-Gallagher101,MC-ESO,7,15,0
F21-Gallagher101,MC-ESO,7,16,0
F21-Gallagher101,MC-ESO,7,17,5.96105e-05
F21-Gallagher101,MC-ESO,7,18,0
F21-Gallagher101,MC-ESO,7,19,0.2382
F21-Gallagher101,MC-ESO,7,20,5.96105e-05
F21-Gallagher101,MC-ESO,7,21,0.2382
F21-Gallagher101,MC-ESO,7,22,0.2382
F21-Gallagher101,MC-ESO,7,23,5.96105e-05
F21-Gallagher101,MC-ESO,7,24,0
F21-Gallagher101,MC-ESO,7,25,0.912601
F21-Gallagher101,MC-ESO,7,26,0.2382
F21-Gallagher101,MC-ESO,7,27,0.862256
F21-Gallagher101,MC-ESO,7,28,0.912601
F21-Gallagher101,MC-ESO,7,29,5.96105e-05
F21-Gallagher101,MC-ESO,7,30,0.2382
F21-Gallagher101,MC-ESO,7,31,0
F21-Gallagher101,MC-ESO,7,32,0.2382
F21-Gallagher101,MC-ESO,7,33,7.68277
F21-Gallagher101,MC-ESO,7,34,0
F21-Gallagher101,MC-ESO,7,35,0.2382
F21-Gallagher101,MC-ESO,7,36,0
F21-Gallagher101,MC-ESO,7,37,0.440415
F21-Gallagher101,MC-ESO,7,38,5.96105e-05
F21-Gallagher101,MC-ESO,7,39,0.912601
F21-Gallagher101,MC-ESO,7,40,0.929623
F21-Gallagher101,MC-ESO,7,41,0
F21-Gallagher101,MC-ESO,7,42,0.2382
F21-Gallagher101,MC-ESO,7,43,2.9223
F21-Gallagher101,MC-ESO,7,44,0
F21-Gallagher101,NMMSO,7,15,4.90985e-12
F21-Gallagher101,NMMSO,7,16,4.90985e-12
F21-Gallagher101,NMMSO,7,17,1.01024
F21-Gallagher101,NMMSO,7,18,4.90985e-12
F21-Gallagher101,NMMSO,7,19,0.000237281
F21-Gallagher101,NMMSO,7,20,1.01024
F21-Gallagher101,NMMSO,7,21,0.000237281
F21-Gallagher101,NMMSO,7,22,0.000237281
F21-Gallagher101,NMMSO,7,23,0.315258
F21-Gallagher101,NMMSO,7,24,4.90985e-12
F21-Gallagher101,NMMSO,7,25,0.674638
F21-Gallagher101,NMMSO,7,26,0.000237281
F21-Gallagher101,NMMSO,7,27,0.624293
F21-Gallagher101,NMMSO,7,28,0.674638
F21-Gallagher101,NMMSO,7,29,1.01024
F21-Gallagher101,NMMSO,7,30,0.000237281
F21-Gallagher101,NMMSO,7,31,4.90985e-12
F21-Gallagher101,NMMSO,7,32,0.000237281
F21-Gallagher101,NMMSO,7,33,0.000237281
F21-Gallagher101,NMMSO,7,34,4.90985e-12
F21-Gallagher101,NMMSO,7,35,0.000237281
F21-Gallagher101,NMMSO,7,36,4.90985e-12
F21-Gallagher101,NMMSO,7,37,0.202452
F21-Gallagher101,NMMSO,7,38,0.315258
F21-Gallagher101,NMMSO,7,39,0.674638
F21-Gallagher101,NMMSO,7,40,0.69166
F21-Gallagher101,NMMSO,7,41,4.90985e-12
F21-Gallagher101,NMMSO,7,42,0.000237281
F21-Gallagher101,NMMSO,7,43,1.63071
F21-Gallagher101,NMMSO,7,44,4.90985e-12
F21-Gallagher101,NCDE,7,15,4.26326e-14
F21-Gallagher101,NCDE,7,16,4.26326e-14
F21-Gallagher101,NCDE,7,17,0.0550055
F21-Gallagher101,NCDE,7,18,4.26326e-14
F21-Gallagher101,NCDE,7,19,0.000155756
F21-Gallagher101,NCDE,7,20,0.0550055
F21-Gallagher101,NCDE,7,21,0.000155756
F21-Gallagher101,NCDE,7,22,0.000155756
F21-Gallagher101,NCDE,7,23,0.0550055
F21-Gallagher101,NCDE,7,24,4.26326e-14
F21-Gallagher101,NCDE,7,25,0.674557
F21-Gallagher101,NCDE,7,26,0.000155756
F21-Gallagher101,NCDE,7,27,0.624211
F21-Gallagher101,NCDE,7,28,0.674557
F21-Gallagher101,NCDE,7,29,60.2043
F21-Gallagher101,NCDE,7,30,0.000155756
F21-Gallagher101,NCDE,7,31,4.26326e-14
F21-Gallagher101,NCDE,7,32,0.000155756
F21-Gallagher101,NCDE,7,33,0.000155756
F21-Gallagher101,NCDE,7,34,4.26326e-14
F21-Gallagher101,NCDE,7,35,0.000155756
F21-Gallagher101,NCDE,7,36,4.26326e-14
F21-Gallagher101,NCDE,7,37,0.20237
F21-Gallagher101,NCDE,7,38,0.0550055
F21-Gallagher101,NCDE,7,39,0.674557
F21-Gallagher101,NCDE,7,40,0.691579
F21-Gallagher101,NCDE,7,41,4.26326e-14
F21-Gallagher101,NCDE,7,42,0.000155756
F21-Gallagher101,NCDE,7,43,62.9071
F21-Gallagher101,NCDE,7,44,4.26326e-14
F21-Gallagher101,r3pso,7,15,0
F21-Gallagher101,r3pso,7,16,0
F21-Gallagher101,r3pso,7,17,1.6847e-11
F21-Gallagher101,r3pso,7,18,0
F21-Gallagher101,r3pso,7,19,0.23814
F21-Gallagher101,r3pso,7,20,1.6847e-11
F21-Gallagher101,r3pso,7,21,0.23814
F21-Gallagher101,r3pso,7,22,0.23814
F21-Gallagher101,r3pso,7,23,1.6847e-11
F21-Gallagher101,r3pso,7,24,0
F21-Gallagher101,r3pso,7,25,0.912542
F21-Gallagher101,r3pso,7,26,0.23814
F21-Gallagher101,r3pso,7,27,0.862196
F21-Gallagher101,r3pso,7,28,0.912542
F21-Gallagher101,r3pso,7,29,1.6847e-11
F21-Gallagher101,r3pso,7,30,0.23814
F21-Gallagher101,r3pso,7,31,0
F21-Gallagher101,r3pso,7,32,0.23814
F21-Gallagher101,r3pso,7,33,0.553568
F21-Gallagher101,r3pso,7,34,0
F21-Gallagher101,r3pso,7,35,0.23814
F21-Gallagher101,r3pso,7,36,0
F21-Gallagher101,r3pso,7,37,0.440355
F21-Gallagher101,r3pso,7,38,1.6847e-11
F21-Gallagher101,r3pso,7,39,0.912542
F21-Gallagher101,r3pso,7,40,0.929563
F21-Gallagher101,r3pso,7,41,0
F21-Gallagher101,r3pso,7,42,0.23814
F21-Gallagher101,r3pso,7,43,62.9096
F21-Gallagher101,r3pso,7,44,0
F21-Gallagher101,NM-Restart,7,15,0
F21-Gallagher101,NM-Restart,7,16,0
F21-Gallagher101,NM-Restart,7,17,0.633012
F21-Gallagher101,NM-Restart,7,18,0
F21-Gallagher101,NM-Restart,7,19,0
F21-Gallagher101,NM-Restart,7,20,0.633012
F21-Gallagher101,NM-Restart,7,21,0
F21-Gallagher101,NM-Restart,7,22,0
F21-Gallagher101,NM-Restart,7,23,0.315258
F21-Gallagher101,NM-Restart,7,24,0
F21-Gallagher101,NM-Restart,7,25,0.674401
F21-Gallagher101,NM-Restart,7,26,0
F21-Gallagher101,NM-Restart,7,27,0.624056
F21-Gallagher101,NM-Restart,7,28,0.674401
F21-Gallagher101,NM-Restart,7,29,1.00774
F21-Gallagher101,NM-Restart,7,30,0
F21-Gallagher101,NM-Restart,7,31,0
F21-Gallagher101,NM-Restart,7,32,0
F21-Gallagher101,NM-Restart,7,33,0
F21-Gallagher101,NM-Restart,7,34,0
F21-Gallagher101,NM-Restart,7,35,0
F21-Gallagher101,NM-Restart,7,36,0
F21-Gallagher101,NM-Restart,7,37,0.202215
F21-Gallagher101,NM-Restart,7,38,0.315258
F21-Gallagher101,NM-Restart,7,39,0.674401
F21-Gallagher101,NM-Restart,7,40,0.691423
F21-Gallagher101,NM-Restart,7,41,0
F21-Gallagher101,NM-Restart,7,42,0
F21-Gallagher101,NM-Restart,7,43,1.62821
F21-Gallagher101,NM-Restart,7,44,0
F21-Gallagher101,IPOP-CMA-ES,7,15,0
F21-Gallagher101,IPOP-CMA-ES,7,16,0
F21-Gallagher101,IPOP-CMA-ES,7,17,0
F21-Gallagher101,IPOP-CMA-ES,7,18,0
F21-Gallagher101,IPOP-CMA-ES,7,19,0.23814
F21-Gallagher101,IPOP-CMA-ES,7,20,0
F21-Gallagher101,IPOP-CMA-ES,7,21,0.23814
F21-Gallagher101,IPOP-CMA-ES,7,22,0.23814
F21-Gallagher101,IPOP-CMA-ES,7,23,0
F21-Gallagher101,IPOP-CMA-ES,7,24,0
F21-Gallagher101,IPOP-CMA-ES,7,25,0.472186
F21-Gallagher101,IPOP-CMA-ES,7,26,0.23814
F21-Gallagher101,IPOP-CMA-ES,7,27,0.421841
F21-Gallagher101,IPOP-CMA-ES,7,28,0.472186
F21-Gallagher101,IPOP-CMA-ES,7,29,0
F21-Gallagher101,IPOP-CMA-ES,7,30,0.23814
F21-Gallagher101,IPOP-CMA-ES,7,31,0
F21-Gallagher101,IPOP-CMA-ES,7,32,0.23814
F21-Gallagher101,IPOP-CMA-ES,7,33,61.9834
F21-Gallagher101,IPOP-CMA-ES,7,34,0
F21-Gallagher101,IPOP-CMA-ES,7,35,0.23814
F21-Gallagher101,IPOP-CMA-ES,7,36,0
F21-Gallagher101,IPOP-CMA-ES,7,37,0
F21-Gallagher101,IPOP-CMA-ES,7,38,0
F21-Gallagher101,IPOP-CMA-ES,7,39,0.472186
F21-Gallagher101,IPOP-CMA-ES,7,40,0.489208
F21-Gallagher101,IPOP-CMA-ES,7,41,0
F21-Gallagher101,IPOP-CMA-ES,7,42,0.23814
F21-Gallagher101,IPOP-CMA-ES,7,43,62.9098
F21-Gallagher101,IPOP-CMA-ES,7,44,0
F21-Gallagher101,DE,7,15,0
F21-Gallagher101,DE,7,16,0
F21-Gallagher101,DE,7,17,77.5283
F21-Gallagher101,DE,7,18,0
F21-Gallagher101,DE,7,19,83.2434
F21-Gallagher101,DE,7,20,72.7174
F21-Gallagher101,DE,7,21,71.5713
F21-Gallagher101,DE,7,22,68.9043
F21-Gallagher101,DE,7,23,67.9238
F21-Gallagher101,DE,7,24,0
F21-Gallagher101,DE,7,25,61.5296
F21-Gallagher101,DE,7,26,87.3389
F21-Gallagher101,DE,7,27,62.3568
F21-Gallagher101,DE,7,28,62.2191
F21-Gallagher101,DE,7,29,65.1573
F21-Gallagher101,DE,7,30,74.2835
F21-Gallagher101,DE,7,31,0
F21-Gallagher101,DE,7,32,72.5195
F21-Gallagher101,DE,7,33,86.6514
F21-Gallagher101,DE,7,34,0
F21-Gallagher101,DE,7,35,64.629
F21-Gallagher101,DE,7,36,0
F21-Gallagher101,DE,7,37,62.9998
F21-Gallagher101,DE,7,38,66.5143
F21-Gallagher101,DE,7,39,61.0808
F21-Gallagher101,DE,7,40,60.8544
F21-Gallagher101,DE,7,41,0
F21-Gallagher101,DE,7,42,87.7984
F21-Gallagher101,DE,7,43,62.9099
F21-Gallagher101,DE,7,44,0
F21-Gallagher101,PSO,7,15,0.691857
F21-Gallagher101,PSO,7,16,0.691857
F21-Gallagher101,PSO,7,17,76.8627
F21-Gallagher101,PSO,7,18,70.0288
F21-Gallagher101,PSO,7,19,1.2534e-11
F21-Gallagher101,PSO,7,20,76.9755
F21-Gallagher101,PSO,7,21,1.2534e-11
F21-Gallagher101,PSO,7,22,1.2534e-11
F21-Gallagher101,PSO,7,23,70.1123
F21-Gallagher101,PSO,7,24,7.96175
F21-Gallagher101,PSO,7,25,0.674401
F21-Gallagher101,PSO,7,26,1.2534e-11
F21-Gallagher101,PSO,7,27,0.624056
F21-Gallagher101,PSO,7,28,0.674401
F21-Gallagher101,PSO,7,29,77.8194
F21-Gallagher101,PSO,7,30,1.2534e-11
F21-Gallagher101,PSO,7,31,72.9727
F21-Gallagher101,PSO,7,32,1.2534e-11
F21-Gallagher101,PSO,7,33,1.2534e-11
F21-Gallagher101,PSO,7,34,0.691857
F21-Gallagher101,PSO,7,35,1.2534e-11
F21-Gallagher101,PSO,7,36,0.691857
F21-Gallagher101,PSO,7,37,0.202215
F21-Gallagher101,PSO,7,38,70.3826
F21-Gallagher101,PSO,7,39,0.674401
F21-Gallagher101,PSO,7,40,0.691423
F21-Gallagher101,PSO,7,41,0.691857
F21-Gallagher101,PSO,7,42,1.2534e-11
F21-Gallagher101,PSO,7,43,89.001
F21-Gallagher101,PSO,7,44,69.6806
F21-Gallagher101,Crowding-DE,7,15,0.000288602
F21-Gallagher101,Crowding-DE,7,16,0.000288602
F21-Gallagher101,Crowding-DE,7,17,76.7816
F21-Gallagher101,Crowding-DE,7,18,0.000288602
F21-Gallagher101,Crowding-DE,7,19,0.0712621
F21-Gallagher101,Crowding-DE,7,20,72.5059
F21-Gallagher101,Crowding-DE,7,21,0.0712621
F21-Gallagher101,Crowding-DE,7,22,0.0712621
F21-Gallagher101,Crowding-DE,7,23,67.4879
F21-Gallagher101,Crowding-DE,7,24,0.000288602
F21-Gallagher101,Crowding-DE,7,25,0
F21-Gallagher101,Crowding-DE,7,26,0.0712621
F21-Gallagher101,Crowding-DE,7,27,0.695318
F21-Gallagher101,Crowding-DE,7,28,0
F21-Gallagher101,Crowding-DE,7,29,64.1103
F21-Gallagher101,Crowding-DE,7,30,0.0712621
F21-Gallagher101,Crowding-DE,7,31,0.000288602
F21-Gallagher101,Crowding-DE,7,32,0.0712621
F21-Gallagher101,Crowding-DE,7,33,0.0712621
F21-Gallagher101,Crowding-DE,7,34,0.000288602
F21-Gallagher101,Crowding-DE,7,35,0.0712621
F21-Gallagher101,Crowding-DE,7,36,0.000288602
F21-Gallagher101,Crowding-DE,7,37,0.273477
F21-Gallagher101,Crowding-DE,7,38,66.2606
F21-Gallagher101,Crowding-DE,7,39,0
F21-Gallagher101,Crowding-DE,7,40,0.0170219
F21-Gallagher101,Crowding-DE,7,41,0.000288602
F21-Gallagher101,Crowding-DE,7,42,0.0712621
F21-Gallagher101,Crowding-DE,7,43,0.232983
F21-Gallagher101,Crowding-DE,7,44,0.000288602
F21-Gallagher101,MAP-Elites,7,15,0.00043389
F21-Gallagher101,MAP-Elites,7,16,0.00043389
F21-Gallagher101,MAP-Elites,7,17,76.7601
F21-Gallagher101,MAP-Elites,7,18,0.00043389
F21-Gallagher101,MAP-Elites,7,19,76.1793
F21-Gallagher101,MAP-Elites,7,20,72.632
F21-Gallagher101,MAP-Elites,7,21,65.8351
F21-Gallagher101,MAP-Elites,7,22,61.7072
F21-Gallagher101,MAP-Elites,7,23,67.6191
F21-Gallagher101,MAP-Elites,7,24,0.00043389
F21-Gallagher101,MAP-Elites,7,25,0.0503455
F21-Gallagher101,MAP-Elites,7,26,80.5248
F21-Gallagher101,MAP-Elites,7,27,0
F21-Gallagher101,MAP-Elites,7,28,0.0503455
F21-Gallagher101,MAP-Elites,7,29,63.7264
F21-Gallagher101,MAP-Elites,7,30,67.3798
F21-Gallagher101,MAP-Elites,7,31,0.00043389
F21-Gallagher101,MAP-Elites,7,32,66.5712
F21-Gallagher101,MAP-Elites,7,33,80.404
F21-Gallagher101,MAP-Elites,7,34,0.00043389
F21-Gallagher101,MAP-Elites,7,35,60.6092
F21-Gallagher101,MAP-Elites,7,36,0.00043389
F21-Gallagher101,MAP-Elites,7,37,0.0204743
F21-Gallagher101,MAP-Elites,7,38,66.4125
F21-Gallagher101,MAP-Elites,7,39,0.0503455
F21-Gallagher101,MAP-Elites,7,40,0
F21-Gallagher101,MAP-Elites,7,41,0.00043389
F21-Gallagher101,MAP-Elites,7,42,80.8434
F21-Gallagher101,MAP-Elites,7,43,0.254169
F21-Gallagher101,MAP-Elites,7,44,0.00043389
F21-Gallagher101,MC-ESO-crowd,7,15,5.45909e-09
F21-Gallagher101,MC-ESO-crowd,7,16,5.45909e-09
F21-Gallagher101,MC-ESO-crowd,7,17,0.000682952
F21-Gallagher101,MC-ESO-crowd,7,18,5.45909e-09
F21-Gallagher101,MC-ESO-crowd,7,19,0.00465925
F21-Gallagher101,MC-ESO-crowd,7,20,0.000682952
F21-Gallagher101,MC-ESO-crowd,7,21,0.00465925
F21-Gallagher101,MC-ESO-crowd,7,22,0.00465925
F21-Gallagher101,MC-ESO-crowd,7,23,0.000682952
F21-Gallagher101,MC-ESO-crowd,7,24,5.45909e-09
F21-Gallagher101,MC-ESO-crowd,7,25,0.67906
F21-Gallagher101,MC-ESO-crowd,7,26,0.00465925
F21-Gallagher101,MC-ESO-crowd,7,27,0.628715
F21-Gallagher101,MC-ESO-crowd,7,28,0.67906
F21-Gallagher101,MC-ESO-crowd,7,29,0.000682952
F21-Gallagher101,MC-ESO-crowd,7,30,0.00465925
F21-Gallagher101,MC-ESO-crowd,7,31,5.45909e-09
F21-Gallagher101,MC-ESO-crowd,7,32,0.00465925
F21-Gallagher101,MC-ESO-crowd,7,33,0.00465925
F21-Gallagher101,MC-ESO-crowd,7,34,5.45909e-09
F21-Gallagher101,MC-ESO-crowd,7,35,0.00465925
F21-Gallagher101,MC-ESO-crowd,7,36,5.45909e-09
F21-Gallagher101,MC-ESO-crowd,7,37,0.206874
F21-Gallagher101,MC-ESO-crowd,7,38,0.000682952
F21-Gallagher101,MC-ESO-crowd,7,39,0.67906
F21-Gallagher101,MC-ESO-crowd,7,40,0.696082
F21-Gallagher101,MC-ESO-crowd,7,41,5.45909e-09
F21-Gallagher101,MC-ESO-crowd,7,42,0.00465925
F21-Gallagher101,MC-ESO-crowd,7,43,0
F21-Gallagher101,MC-ESO-crowd,7,44,5.45909e-09
F21-Gallagher101,quality,7,15,4.81575e-08
F21-Gallagher101,quality,7,16,4.81575e-08
F21-Gallagher101,quality,7,17,0.633012
F21-Gallagher101,quality,7,18,4.81575e-08
F21-Gallagher101,quality,7,19,1.53548e-11
F21-Gallagher101,quality,7,20,0.633012
F21-Gallagher101,quality,7,21,1.53548e-11
F21-Gallagher101,quality,7,22,1.53548e-11
F21-Gallagher101,quality,7,23,0.315258
F21-Gallagher101,quality,7,24,4.81575e-08
F21-Gallagher101,quality,7,25,0.674401
F21-Gallagher101,quality,7,26,1.53548e-11
F21-Gallagher101,quality,7,27,0.624056
F21-Gallagher101,quality,7,28,0.674401
F21-Gallagher101,quality,7,29,62.39
F21-Gallagher101,quality,7,30,1.53548e-11
F21-Gallagher101,quality,7,31,4.81575e-08
F21-Gallagher101,quality,7,32,1.53548e-11
F21-Gallagher101,quality,7,33,1.53548e-11
F21-Gallagher101,quality,7,34,4.81575e-08
F21-Gallagher101,quality,7,35,1.53548e-11
F21-Gallagher101,quality,7,36,4.81575e-08
F21-Gallagher101,quality,7,37,0.202215
F21-Gallagher101,quality,7,38,0.315258
F21-Gallagher101,quality,7,39,0.674401
F21-Gallagher101,quality,7,40,0.691423
F21-Gallagher101,quality,7,41,4.81575e-08
F21-Gallagher101,quality,7,42,1.53548e-11
F21-Gallagher101,quality,7,43,62.9472
F21-Gallagher101,quality,7,44,4.81575e-08
F21-Gallagher101,complement,7,15,4.81575e-08
F21-Gallagher101,complement,7,16,4.81575e-08
F21-Gallagher101,complement,7,17,5.31932
F21-Gallagher101,complement,7,18,4.81575e-08
F21-Gallagher101,complement,7,19,1.53548e-11
F21-Gallagher101,complement,7,20,5.31932
F21-Gallagher101,complement,7,21,1.53548e-11
F21-Gallagher101,complement,7,22,1.53548e-11
F21-Gallagher101,complement,7,23,0.315258
F21-Gallagher101,complement,7,24,4.81575e-08
F21-Gallagher101,complement,7,25,0.674401
F21-Gallagher101,complement,7,26,1.53548e-11
F21-Gallagher101,complement,7,27,0.624056
F21-Gallagher101,complement,7,28,0.674401
F21-Gallagher101,complement,7,29,5.31932
F21-Gallagher101,complement,7,30,1.53548e-11
F21-Gallagher101,complement,7,31,4.81575e-08
F21-Gallagher101,complement,7,32,1.53548e-11
F21-Gallagher101,complement,7,33,1.53548e-11
F21-Gallagher101,complement,7,34,4.81575e-08
F21-Gallagher101,complement,7,35,1.53548e-11
F21-Gallagher101,complement,7,36,4.81575e-08
F21-Gallagher101,complement,7,37,0.202215
F21-Gallagher101,complement,7,38,0.315258
F21-Gallagher101,complement,7,39,0.674401
F21-Gallagher101,complement,7,40,0.691423
F21-Gallagher101,complement,7,41,4.81575e-08
F21-Gallagher101,complement,7,42,1.53548e-11
F21-Gallagher101,complement,7,43,5.93978
F21-Gallagher101,complement,7,44,4.81575e-08
F21-Gallagher101,MC-ESO,8,15,0
F21-Gallagher101,MC-ESO,8,16,3.09611e-08
F21-Gallagher101,MC-ESO,8,17,0
F21-Gallagher101,MC-ESO,8,18,0
F21-Gallagher101,MC-ESO,8,19,0
F21-Gallagher101,MC-ESO,8,20,0
F21-Gallagher101,MC-ESO,8,21,3.09611e-08
F21-Gallagher101,MC-ESO,8,22,3.09611e-08
F21-Gallagher101,MC-ESO,8,23,0.847545
F21-Gallagher101,MC-ESO,8,24,0.847545
F21-Gallagher101,MC-ESO,8,25,0
F21-Gallagher101,MC-ESO,8,26,0
F21-Gallagher101,MC-ESO,8,27,0
F21-Gallagher101,MC-ESO,8,28,0.847545
F21-Gallagher101,MC-ESO,8,29,3.09611e-08
F21-Gallagher101,MC-ESO,8,30,0
F21-Gallagher101,MC-ESO,8,31,0
F21-Gallagher101,MC-ESO,8,32,0.283998
F21-Gallagher101,MC-ESO,8,33,3.09611e-08
F21-Gallagher101,MC-ESO,8,34,0
F21-Gallagher101,MC-ESO,8,35,0
F21-Gallagher101,MC-ESO,8,36,0
F21-Gallagher101,MC-ESO,8,37,0.23311
F21-Gallagher101,MC-ESO,8,38,3.09611e-08
F21-Gallagher101,MC-ESO,8,39,0
F21-Gallagher101,MC-ESO,8,40,0
F21-Gallagher101,MC-ESO,8,41,0
F21-Gallagher101,MC-ESO,8,42,0.23311
F21-Gallagher101,MC-ESO,8,43,0.847545
F21-Gallagher101,MC-ESO,8,44,47.2881
F21-Gallagher101,NMMSO,8,15,2.4265e-11
F21-Gallagher101,NMMSO,8,16,0.000327411
F21-Gallagher101,NMMSO,8,17,2.4265e-11
F21-Gallagher101,NMMSO,8,18,2.4265e-11
F21-Gallagher101,NMMSO,8,19,2.4265e-11
F21-Gallagher101,NMMSO,8,20,2.4265e-11
F21-Gallagher101,NMMSO,8,21,0.000327411
F21-Gallagher101,NMMSO,8,22,0.000327411
F21-Gallagher101,NMMSO,8,23,3.69197e-07
F21-Gallagher101,NMMSO,8,24,3.69197e-07
F21-Gallagher101,NMMSO,8,25,2.4265e-11
F21-Gallagher101,NMMSO,8,26,2.4265e-11
F21-Gallagher101,NMMSO,8,27,2.4265e-11
F21-Gallagher101,NMMSO,8,28,3.69197e-07
F21-Gallagher101,NMMSO,8,29,0.000327411
F21-Gallagher101,NMMSO,8,30,2.4265e-11
F21-Gallagher101,NMMSO,8,31,2.4265e-11
F21-Gallagher101,NMMSO,8,32,0.284325
F21-Gallagher101,NMMSO,8,33,0.000327411
F21-Gallagher101,NMMSO,8,34,2.4265e-11
F21-Gallagher101,NMMSO,8,35,2.4265e-11
F21-Gallagher101,NMMSO,8,36,2.4265e-11
F21-Gallagher101,NMMSO,8,37,0.233437
F21-Gallagher101,NMMSO,8,38,0.000327411
F21-Gallagher101,NMMSO,8,39,2.4265e-11
F21-Gallagher101,NMMSO,8,40,2.4265e-11
F21-Gallagher101,NMMSO,8,41,2.4265e-11
F21-Gallagher101,NMMSO,8,42,0.233437
F21-Gallagher101,NMMSO,8,43,3.69197e-07
F21-Gallagher101,NMMSO,8,44,41.0415
F21-Gallagher101,NCDE,8,15,6.61407e-08
F21-Gallagher101,NCDE,8,16,1.51658e-05
F21-Gallagher101,NCDE,8,17,6.61407e-08
F21-Gallagher101,NCDE,8,18,6.61407e-08
F21-Gallagher101,NCDE,8,19,6.61407e-08
F21-Gallagher101,NCDE,8,20,6.61407e-08
F21-Gallagher101,NCDE,8,21,1.51658e-05
F21-Gallagher101,NCDE,8,22,1.51658e-05
F21-Gallagher101,NCDE,8,23,0.0312835
F21-Gallagher101,NCDE,8,24,0.0312835
F21-Gallagher101,NCDE,8,25,6.61407e-08
F21-Gallagher101,NCDE,8,26,6.61407e-08
F21-Gallagher101,NCDE,8,27,6.61407e-08
F21-Gallagher101,NCDE,8,28,0.0312835
F21-Gallagher101,NCDE,8,29,1.51658e-05
F21-Gallagher101,NCDE,8,30,6.61407e-08
F21-Gallagher101,NCDE,8,31,6.61407e-08
F21-Gallagher101,NCDE,8,32,0.284013
F21-Gallagher101,NCDE,8,33,1.51658e-05
F21-Gallagher101,NCDE,8,34,6.61407e-08
F21-Gallagher101,NCDE,8,35,6.61407e-08
F21-Gallagher101,NCDE,8,36,6.61407e-08
F21-Gallagher101,NCDE,8,37,0.233125
F21-Gallagher101,NCDE,8,38,1.51658e-05
F21-Gallagher101,NCDE,8,39,6.61407e-08
F21-Gallagher101,NCDE,8,40,6.61407e-08
F21-Gallagher101,NCDE,8,41,6.61407e-08
F21-Gallagher101,NCDE,8,42,0.233125
F21-Gallagher101,NCDE,8,43,0.0312835
F21-Gallagher101,NCDE,8,44,41.49
F21-Gallagher101,r3pso,8,15,0
F21-Gallagher101,r3pso,8,16,0.0149496
F21-Gallagher101,r3pso,8,17,0
F21-Gallagher101,r3pso,8,18,0
F21-Gallagher101,r3pso,8,19,0
F21-Gallagher101,r3pso,8,20,0
F21-Gallagher101,r3pso,8,21,0.0149496
F21-Gallagher101,r3pso,8,22,0.0149496
F21-Gallagher101,r3pso,8,23,40.1803
F21-Gallagher101,r3pso,8,24,43.7737
F21-Gallagher101,r3pso,8,25,0
F21-Gallagher101,r3pso,8,26,0
F21-Gallagher101,r3pso,8,27,0
F21-Gallagher101,r3pso,8,28,43.3586
F21-Gallagher101,r3pso,8,29,0.0149496
F21-Gallagher101,r3pso,8,30,0
F21-Gallagher101,r3pso,8,31,0
F21-Gallagher101,r3pso,8,32,0.298947
F21-Gallagher101,r3pso,8,33,0.0149496
F21-Gallagher101,r3pso,8,34,0
F21-Gallagher101,r3pso,8,35,0
F21-Gallagher101,r3pso,8,36,0
F21-Gallagher101,r3pso,8,37,0.248059
F21-Gallagher101,r3pso,8,38,0.0149496
F21-Gallagher101,r3pso,8,39,0
F21-Gallagher101,r3pso,8,40,0
F21-Gallagher101,r3pso,8,41,0
F21-Gallagher101,r3pso,8,42,0.248059
F21-Gallagher101,r3pso,8,43,40.5066
F21-Gallagher101,r3pso,8,44,47.2882
F21-Gallagher101,NM-Restart,8,15,0
F21-Gallagher101,NM-Restart,8,16,0
F21-Gallagher101,NM-Restart,8,17,0
F21-Gallagher101,NM-Restart,8,18,0
F21-Gallagher101,NM-Restart,8,19,0
F21-Gallagher101,NM-Restart,8,20,0
F21-Gallagher101,NM-Restart,8,21,0
F21-Gallagher101,NM-Restart,8,22,0
F21-Gallagher101,NM-Restart,8,23,40.777
F21-Gallagher101,NM-Restart,8,24,41.853
F21-Gallagher101,NM-Restart,8,25,0
F21-Gallagher101,NM-Restart,8,26,0
F21-Gallagher101,NM-Restart,8,27,0
F21-Gallagher101,NM-Restart,8,28,0.873022
F21-Gallagher101,NM-Restart,8,29,0
F21-Gallagher101,NM-Restart,8,30,0
F21-Gallagher101,NM-Restart,8,31,0
F21-Gallagher101,NM-Restart,8,32,0.283997
F21-Gallagher101,NM-Restart,8,33,0
F21-Gallagher101,NM-Restart,8,34,0
F21-Gallagher101,NM-Restart,8,35,0
F21-Gallagher101,NM-Restart,8,36,0
F21-Gallagher101,NM-Restart,8,37,0.23311
F21-Gallagher101,NM-Restart,8,38,0
F21-Gallagher101,NM-Restart,8,39,0
F21-Gallagher101,NM-Restart,8,40,0
F21-Gallagher101,NM-Restart,8,41,0
F21-Gallagher101,NM-Restart,8,42,0.23311
F21-Gallagher101,NM-Restart,8,43,0.873022
F21-Gallagher101,NM-Restart,8,44,0
F21-Gallagher101,IPOP-CMA-ES,8,15,0.00366406
F21-Gallagher101,IPOP-CMA-ES,8,16,0
F21-Gallagher101,IPOP-CMA-ES,8,17,0.00366406
F21-Gallagher101,IPOP-CMA-ES,8,18,0.00366406
F21-Gallagher101,IPOP-CMA-ES,8,19,0.00366406
F21-Gallagher101,IPOP-CMA-ES,8,20,0.00366406
F21-Gallagher101,IPOP-CMA-ES,8,21,0
F21-Gallagher101,IPOP-CMA-ES,8,22,0
F21-Gallagher101,IPOP-CMA-ES,8,23,0
F21-Gallagher101,IPOP-CMA-ES,8,24,0
F21-Gallagher101,IPOP-CMA-ES,8,25,0.00366406
F21-Gallagher101,IPOP-CMA-ES,8,26,0.00366406
F21-Gallagher101,IPOP-CMA-ES,8,27,0.00366406
F21-Gallagher101,IPOP-CMA-ES,8,28,0
F21-Gallagher101,IPOP-CMA-ES,8,29,0
F21-Gallagher101,IPOP-CMA-ES,8,30,0.00366406
F21-Gallagher101,IPOP-CMA-ES,8,31,0.00366406
F21-Gallagher101,IPOP-CMA-ES,8,32,0.283997
F21-Gallagher101,IPOP-CMA-ES,8,33,0
F21-Gallagher101,IPOP-CMA-ES,8,34,0.00366406
F21-Gallagher101,IPOP-CMA-ES,8,35,0.00366406
F21-Gallagher101,IPOP-CMA-ES,8,36,0.00366406
F21-Gallagher101,IPOP-CMA-ES,8,37,0.23311
F21-Gallagher101,IPOP-CMA-ES,8,38,0
F21-Gallagher101,IPOP-CMA-ES,8,39,0.00366406
F21-Gallagher101,IPOP-CMA-ES,8,40,0.00366406
F21-Gallagher101,IPOP-CMA-ES,8,41,0.00366406
F21-Gallagher101,IPOP-CMA-ES,8,42,0.23311
F21-Gallagher101,IPOP-CMA-ES,8,43,0
F21-Gallagher101,IPOP-CMA-ES,8,44,41.043
F21-Gallagher101,DE,8,15,0
F21-Gallagher101,DE,8,16,45.459
F21-Gallagher101,DE,8,17,0
F21-Gallagher101,DE,8,18,0
F21-Gallagher101,DE,8,19,0
F21-Gallagher101,DE,8,20,0
F21-Gallagher101,DE,8,21,50.0187
F21-Gallagher101,DE,8,22,44.1769
F21-Gallagher101,DE,8,23,60.9623
F21-Gallagher101,DE,8,24,52.3641
F21-Gallagher101,DE,8,25,0
F21-Gallagher101,DE,8,26,0
F21-Gallagher101,DE,8,27,0
F21-Gallagher101,DE,8,28,45.3732
F21-Gallagher101,DE,8,29,43.326
F21-Gallagher101,DE,8,30,0
F21-Gallagher101,DE,8,31,0
F21-Gallagher101,DE,8,32,43.8287
F21-Gallagher101,DE,8,33,52.8645
F21-Gallagher101,DE,8,34,0
F21-Gallagher101,DE,8,35,0
F21-Gallagher101,DE,8,36,0
F21-Gallagher101,DE,8,37,43.2697
F21-Gallagher101,DE,8,38,46.4986
F21-Gallagher101,DE,8,39,0
F21-Gallagher101,DE,8,40,0
F21-Gallagher101,DE,8,41,0
F21-Gallagher101,DE,8,42,43.7946
F21-Gallagher101,DE,8,43,49.6047
F21-Gallagher101,DE,8,44,47.2878
F21-Gallagher101,PSO,8,15,0
F21-Gallagher101,PSO,8,16,45.4577
F21-Gallagher101,PSO,8,17,0
F21-Gallagher101,PSO,8,18,0
F21-Gallagher101,PSO,8,19,0
F21-Gallagher101,PSO,8,20,0
F21-Gallagher101,PSO,8,21,50.0175
F21-Gallagher101,PSO,8,22,44.1761
F21-Gallagher101,PSO,8,23,60.9609
F21-Gallagher101,PSO,8,24,52.3634
F21-Gallagher101,PSO,8,25,0
F21-Gallagher101,PSO,8,26,0
F21-Gallagher101,PSO,8,27,0
F21-Gallagher101,PSO,8,28,45.373
F21-Gallagher101,PSO,8,29,43.3253
F21-Gallagher101,PSO,8,30,0
F21-Gallagher101,PSO,8,31,0
F21-Gallagher101,PSO,8,32,43.8274
F21-Gallagher101,PSO,8,33,52.8634
F21-Gallagher101,PSO,8,34,0
F21-Gallagher101,PSO,8,35,0
F21-Gallagher101,PSO,8,36,0
F21-Gallagher101,PSO,8,37,43.2687
F21-Gallagher101,PSO,8,38,46.4974
F21-Gallagher101,PSO,8,39,0
F21-Gallagher101,PSO,8,40,0
F21-Gallagher101,PSO,8,41,0
F21-Gallagher101,PSO,8,42,43.7935
F21-Gallagher101,PSO,8,43,49.604
F21-Gallagher101,PSO,8,44,47.2884
F21-Gallagher101,Crowding-DE,8,15,2.56544e-05
F21-Gallagher101,Crowding-DE,8,16,0.000856915
F21-Gallagher101,Crowding-DE,8,17,2.56544e-05
F21-Gallagher101,Crowding-DE,8,18,2.56544e-05
F21-Gallagher101,Crowding-DE,8,19,2.56544e-05
F21-Gallagher101,Crowding-DE,8,20,2.56544e-05
F21-Gallagher101,Crowding-DE,8,21,0.000856915
F21-Gallagher101,Crowding-DE,8,22,0.000856915
F21-Gallagher101,Crowding-DE,8,23,0.0078521
F21-Gallagher101,Crowding-DE,8,24,0.0078521
F21-Gallagher101,Crowding-DE,8,25,2.56544e-05
F21-Gallagher101,Crowding-DE,8,26,2.56544e-05
F21-Gallagher101,Crowding-DE,8,27,2.56544e-05
F21-Gallagher101,Crowding-DE,8,28,0.0078521
F21-Gallagher101,Crowding-DE,8,29,0.000856915
F21-Gallagher101,Crowding-DE,8,30,2.56544e-05
F21-Gallagher101,Crowding-DE,8,31,2.56544e-05
F21-Gallagher101,Crowding-DE,8,32,0
F21-Gallagher101,Crowding-DE,8,33,0.000856915
F21-Gallagher101,Crowding-DE,8,34,2.56544e-05
F21-Gallagher101,Crowding-DE,8,35,2.56544e-05
F21-Gallagher101,Crowding-DE,8,36,2.56544e-05
F21-Gallagher101,Crowding-DE,8,37,0.233967
F21-Gallagher101,Crowding-DE,8,38,0.000856915
F21-Gallagher101,Crowding-DE,8,39,2.56544e-05
F21-Gallagher101,Crowding-DE,8,40,2.56544e-05
F21-Gallagher101,Crowding-DE,8,41,2.56544e-05
F21-Gallagher101,Crowding-DE,8,42,0.233967
F21-Gallagher101,Crowding-DE,8,43,0.0078521
F21-Gallagher101,Crowding-DE,8,44,41.2319
F21-Gallagher101,MAP-Elites,8,15,0.00017615
F21-Gallagher101,MAP-Elites,8,16,0.000793162
F21-Gallagher101,MAP-Elites,8,17,0.00017615
F21-Gallagher101,MAP-Elites,8,18,0.00017615
F21-Gallagher101,MAP-Elites,8,19,0.00017615
F21-Gallagher101,MAP-Elites,8,20,0.00017615
F21-Gallagher101,MAP-Elites,8,21,0.000793162
F21-Gallagher101,MAP-Elites,8,22,0.000793162
F21-Gallagher101,MAP-Elites,8,23,40.9163
F21-Gallagher101,MAP-Elites,8,24,44.235
F21-Gallagher101,MAP-Elites,8,25,0.00017615
F21-Gallagher101,MAP-Elites,8,26,0.00017615
F21-Gallagher101,MAP-Elites,8,27,0.00017615
F21-Gallagher101,MAP-Elites,8,28,43.6349
F21-Gallagher101,MAP-Elites,8,29,0.000793162
F21-Gallagher101,MAP-Elites,8,30,0.00017615
F21-Gallagher101,MAP-Elites,8,31,0.00017615
F21-Gallagher101,MAP-Elites,8,32,0.0842101
F21-Gallagher101,MAP-Elites,8,33,0.000793162
F21-Gallagher101,MAP-Elites,8,34,0.00017615
F21-Gallagher101,MAP-Elites,8,35,0.00017615
F21-Gallagher101,MAP-Elites,8,36,0.00017615
F21-Gallagher101,MAP-Elites,8,37,0.0333222
F21-Gallagher101,MAP-Elites,8,38,0.000793162
F21-Gallagher101,MAP-Elites,8,39,0.00017615
F21-Gallagher101,MAP-Elites,8,40,0.00017615
F21-Gallagher101,MAP-Elites,8,41,0.00017615
F21-Gallagher101,MAP-Elites,8,42,0.0333222
F21-Gallagher101,MAP-Elites,8,43,40.9814
F21-Gallagher101,MAP-Elites,8,44,46.8815
F21-Gallagher101,MC-ESO-crowd,8,15,2.6225e-07
F21-Gallagher101,MC-ESO-crowd,8,16,41.3094
F21-Gallagher101,MC-ESO-crowd,8,17,2.6225e-07
F21-Gallagher101,MC-ESO-crowd,8,18,2.6225e-07
F21-Gallagher101,MC-ESO-crowd,8,19,2.6225e-07
F21-Gallagher101,MC-ESO-crowd,8,20,2.6225e-07
F21-Gallagher101,MC-ESO-crowd,8,21,47.8753
F21-Gallagher101,MC-ESO-crowd,8,22,41.4046
F21-Gallagher101,MC-ESO-crowd,8,23,56.7114
F21-Gallagher101,MC-ESO-crowd,8,24,49.9168
F21-Gallagher101,MC-ESO-crowd,8,25,2.6225e-07
F21-Gallagher101,MC-ESO-crowd,8,26,2.6225e-07
F21-Gallagher101,MC-ESO-crowd,8,27,2.6225e-07
F21-Gallagher101,MC-ESO-crowd,8,28,44.111
F21-Gallagher101,MC-ESO-crowd,8,29,40.6779
F21-Gallagher101,MC-ESO-crowd,8,30,2.6225e-07
F21-Gallagher101,MC-ESO-crowd,8,31,2.6225e-07
F21-Gallagher101,MC-ESO-crowd,8,32,0.0508879
F21-Gallagher101,MC-ESO-crowd,8,33,51.1137
F21-Gallagher101,MC-ESO-crowd,8,34,2.6225e-07
F21-Gallagher101,MC-ESO-crowd,8,35,2.6225e-07
F21-Gallagher101,MC-ESO-crowd,8,36,2.6225e-07
F21-Gallagher101,MC-ESO-crowd,8,37,0
F21-Gallagher101,MC-ESO-crowd,8,38,44.3503
F21-Gallagher101,MC-ESO-crowd,8,39,2.6225e-07
F21-Gallagher101,MC-ESO-crowd,8,40,2.6225e-07
F21-Gallagher101,MC-ESO-crowd,8,41,2.6225e-07
F21-Gallagher101,MC-ESO-crowd,8,42,0
F21-Gallagher101,MC-ESO-crowd,8,43,47.0701
F21-Gallagher101,MC-ESO-crowd,8,44,46.9013
F21-Gallagher101,quality,8,15,4.07591e-08
F21-Gallagher101,quality,8,16,2.25242e-12
F21-Gallagher101,quality,8,17,4.07591e-08
F21-Gallagher101,quality,8,18,4.07591e-08
F21-Gallagher101,quality,8,19,4.07591e-08
F21-Gallagher101,quality,8,20,4.07591e-08
F21-Gallagher101,quality,8,21,2.25242e-12
F21-Gallagher101,quality,8,22,2.25242e-12
F21-Gallagher101,quality,8,23,1.42109e-14
F21-Gallagher101,quality,8,24,1.42109e-14
F21-Gallagher101,quality,8,25,4.07591e-08
F21-Gallagher101,quality,8,26,4.07591e-08
F21-Gallagher101,quality,8,27,4.07591e-08
F21-Gallagher101,quality,8,28,1.42109e-14
F21-Gallagher101,quality,8,29,2.25242e-12
F21-Gallagher101,quality,8,30,4.07591e-08
F21-Gallagher101,quality,8,31,4.07591e-08
F21-Gallagher101,quality,8,32,0.283997
F21-Gallagher101,quality,8,33,2.25242e-12
F21-Gallagher101,quality,8,34,4.07591e-08
F21-Gallagher101,quality,8,35,4.07591e-08
F21-Gallagher101,quality,8,36,4.07591e-08
F21-Gallagher101,quality,8,37,0.23311
F21-Gallagher101,quality,8,38,2.25242e-12
F21-Gallagher101,quality,8,39,4.07591e-08
F21-Gallagher101,quality,8,40,4.07591e-08
F21-Gallagher101,quality,8,41,4.07591e-08
F21-Gallagher101,quality,8,42,0.23311
F21-Gallagher101,quality,8,43,1.42109e-14
F21-Gallagher101,quality,8,44,41.043
F21-Gallagher101,complement,8,15,4.07591e-08
F21-Gallagher101,complement,8,16,2.25242e-12
F21-Gallagher101,complement,8,17,4.07591e-08
F21-Gallagher101,complement,8,18,4.07591e-08
F21-Gallagher101,complement,8,19,4.07591e-08
F21-Gallagher101,complement,8,20,4.07591e-08
F21-Gallagher101,complement,8,21,2.25242e-12
F21-Gallagher101,complement,8,22,2.25242e-12
F21-Gallagher101,complement,8,23,1.42109e-14
F21-Gallagher101,complement,8,24,1.42109e-14
F21-Gallagher101,complement,8,25,4.07591e-08
F21-Gallagher101,complement,8,26,4.07591e-08
F21-Gallagher101,complement,8,27,4.07591e-08
F21-Gallagher101,complement,8,28,1.42109e-14
F21-Gallagher101,complement,8,29,2.25242e-12
F21-Gallagher101,complement,8,30,4.07591e-08
F21-Gallagher101,complement,8,31,4.07591e-08
F21-Gallagher101,complement,8,32,0.283997
F21-Gallagher101,complement,8,33,2.25242e-12
F21-Gallagher101,complement,8,34,4.07591e-08
F21-Gallagher101,complement,8,35,4.07591e-08
F21-Gallagher101,complement,8,36,4.07591e-08
F21-Gallagher101,complement,8,37,0.23311
F21-Gallagher101,complement,8,38,2.25242e-12
F21-Gallagher101,complement,8,39,4.07591e-08
F21-Gallagher101,complement,8,40,4.07591e-08
F21-Gallagher101,complement,8,41,4.07591e-08
F21-Gallagher101,complement,8,42,0.23311
F21-Gallagher101,complement,8,43,1.42109e-14
F21-Gallagher101,complement,8,44,4.31157
F21-Gallagher101,MC-ESO,9,15,0
F21-Gallagher101,MC-ESO,9,16,0
F21-Gallagher101,MC-ESO,9,17,0
F21-Gallagher101,MC-ESO,9,18,0
F21-Gallagher101,MC-ESO,9,19,97.7414
F21-Gallagher101,MC-ESO,9,20,0
F21-Gallagher101,MC-ESO,9,21,0.384263
F21-Gallagher101,MC-ESO,9,22,99.1866
F21-Gallagher101,MC-ESO,9,23,0
F21-Gallagher101,MC-ESO,9,24,0
F21-Gallagher101,MC-ESO,9,25,106.866
F21-Gallagher101,MC-ESO,9,26,103.186
F21-Gallagher101,MC-ESO,9,27,0
F21-Gallagher101,MC-ESO,9,28,0
F21-Gallagher101,MC-ESO,9,29,90.5855
F21-Gallagher101,MC-ESO,9,30,100.4
F21-Gallagher101,MC-ESO,9,31,0
F21-Gallagher101,MC-ESO,9,32,0
F21-Gallagher101,MC-ESO,9,33,0
F21-Gallagher101,MC-ESO,9,34,96.6602
F21-Gallagher101,MC-ESO,9,35,0
F21-Gallagher101,MC-ESO,9,36,86.1376
F21-Gallagher101,MC-ESO,9,37,0
F21-Gallagher101,MC-ESO,9,38,0
F21-Gallagher101,MC-ESO,9,39,84.3742
F21-Gallagher101,MC-ESO,9,40,89.6895
F21-Gallagher101,MC-ESO,9,41,0
F21-Gallagher101,MC-ESO,9,42,0
F21-Gallagher101,MC-ESO,9,43,0
F21-Gallagher101,MC-ESO,9,44,88.202
F21-Gallagher101,NMMSO,9,15,8.41922e-11
F21-Gallagher101,NMMSO,9,16,8.41922e-11
F21-Gallagher101,NMMSO,9,17,8.41922e-11
F21-Gallagher101,NMMSO,9,18,8.41922e-11
F21-Gallagher101,NMMSO,9,19,6.27421e-06
F21-Gallagher101,NMMSO,9,20,8.41922e-11
F21-Gallagher101,NMMSO,9,21,0.681466
F21-Gallagher101,NMMSO,9,22,3.83953e-07
F21-Gallagher101,NMMSO,9,23,8.41922e-11
F21-Gallagher101,NMMSO,9,24,8.41922e-11
F21-Gallagher101,NMMSO,9,25,3.83953e-07
F21-Gallagher101,NMMSO,9,26,3.83953e-07
F21-Gallagher101,NMMSO,9,27,8.41922e-11
F21-Gallagher101,NMMSO,9,28,8.41922e-11
F21-Gallagher101,NMMSO,9,29,3.83953e-07
F21-Gallagher101,NMMSO,9,30,6.27421e-06
F21-Gallagher101,NMMSO,9,31,8.41922e-11
F21-Gallagher101,NMMSO,9,32,8.41922e-11
F21-Gallagher101,NMMSO,9,33,8.41922e-11
F21-Gallagher101,NMMSO,9,34,0.0566465
F21-Gallagher101,NMMSO,9,35,8.41922e-11
F21-Gallagher101,NMMSO,9,36,6.27421e-06
F21-Gallagher101,NMMSO,9,37,8.41922e-11
F21-Gallagher101,NMMSO,9,38,8.41922e-11
F21-Gallagher101,NMMSO,9,39,6.27421e-06
F21-Gallagher101,NMMSO,9,40,6.27421e-06
F21-Gallagher101,NMMSO,9,41,8.41922e-11
F21-Gallagher101,NMMSO,9,42,8.41922e-11
F21-Gallagher101,NMMSO,9,43,8.41922e-11
F21-Gallagher101,NMMSO,9,44,3.83953e-07
F21-Gallagher101,NCDE,9,15,0.000903867
F21-Gallagher101,NCDE,9,16,0.000903867
F21-Gallagher101,NCDE,9,17,0.000903867
F21-Gallagher101,NCDE,9,18,0.000903867
F21-Gallagher101,NCDE,9,19,0.00881564
F21-Gallagher101,NCDE,9,20,0.000903867
F21-Gallagher101,NCDE,9,21,0.690275
F21-Gallagher101,NCDE,9,22,0.0507531
F21-Gallagher101,NCDE,9,23,0.000903867
F21-Gallagher101,NCDE,9,24,0.000903867
F21-Gallagher101,NCDE,9,25,0.0507531
F21-Gallagher101,NCDE,9,26,0.0507531
F21-Gallagher101,NCDE,9,27,0.000903867
F21-Gallagher101,NCDE,9,28,0.000903867
F21-Gallagher101,NCDE,9,29,0.0507531
F21-Gallagher101,NCDE,9,30,0.00881564
F21-Gallagher101,NCDE,9,31,0.000903867
F21-Gallagher101,NCDE,9,32,0.000903867
F21-Gallagher101,NCDE,9,33,0.000903867
F21-Gallagher101,NCDE,9,34,0
F21-Gallagher101,NCDE,9,35,0.000903867
F21-Gallagher101,NCDE,9,36,0.00881564
F21-Gallagher101,NCDE,9,37,0.000903867
F21-Gallagher101,NCDE,9,38,0.000903867
F21-Gallagher101,NCDE,9,39,0.00881564
F21-Gallagher101,NCDE,9,40,0.00881564
F21-Gallagher101,NCDE,9,41,0.000903867
F21-Gallagher101,NCDE,9,42,0.000903867
F21-Gallagher101,NCDE,9,43,0.000903867
F21-Gallagher101,NCDE,9,44,0.0507531
F21-Gallagher101,r3pso,9,15,0
F21-Gallagher101,r3pso,9,16,0
F21-Gallagher101,r3pso,9,17,0
F21-Gallagher101,r3pso,9,18,0
F21-Gallagher101,r3pso,9,19,3.01625e-11
F21-Gallagher101,r3pso,9,20,0
F21-Gallagher101,r3pso,9,21,0.68146
F21-Gallagher101,r3pso,9,22,84.0032
F21-Gallagher101,r3pso,9,23,0
F21-Gallagher101,r3pso,9,24,0
F21-Gallagher101,r3pso,9,25,0.315258
F21-Gallagher101,r3pso,9,26,0.315258
F21-Gallagher101,r3pso,9,27,0
F21-Gallagher101,r3pso,9,28,0
F21-Gallagher101,r3pso,9,29,88.1518
F21-Gallagher101,r3pso,9,30,3.01625e-11
F21-Gallagher101,r3pso,9,31,0
F21-Gallagher101,r3pso,9,32,0
F21-Gallagher101,r3pso,9,33,0
F21-Gallagher101,r3pso,9,34,0.371904
F21-Gallagher101,r3pso,9,35,0
F21-Gallagher101,r3pso,9,36,3.01625e-11
F21-Gallagher101,r3pso,9,37,0
F21-Gallagher101,r3pso,9,38,0
F21-Gallagher101,r3pso,9,39,3.01625e-11
F21-Gallagher101,r3pso,9,40,3.01625e-11
F21-Gallagher101,r3pso,9,41,0
F21-Gallagher101,r3pso,9,42,0
F21-Gallagher101,r3pso,9,43,0
F21-Gallagher101,r3pso,9,44,0.315258
F21-Gallagher101,NM-Restart,9,15,0
F21-Gallagher101,NM-Restart,9,16,0
F21-Gallagher101,NM-Restart,9,17,0
F21-Gallagher101,NM-Restart,9,18,0
F21-Gallagher101,NM-Restart,9,19,0
F21-Gallagher101,NM-Restart,9,20,0
F21-Gallagher101,NM-Restart,9,21,0.68146
F21-Gallagher101,NM-Restart,9,22,1.11366
F21-Gallagher101,NM-Restart,9,23,0
F21-Gallagher101,NM-Restart,9,24,0
F21-Gallagher101,NM-Restart,9,25,82.3969
F21-Gallagher101,NM-Restart,9,26,1.11366
F21-Gallagher101,NM-Restart,9,27,0
F21-Gallagher101,NM-Restart,9,28,0
F21-Gallagher101,NM-Restart,9,29,1.11366
F21-Gallagher101,NM-Restart,9,30,0
F21-Gallagher101,NM-Restart,9,31,0
F21-Gallagher101,NM-Restart,9,32,0
F21-Gallagher101,NM-Restart,9,33,0
F21-Gallagher101,NM-Restart,9,34,0.929668
F21-Gallagher101,NM-Restart,9,35,0
F21-Gallagher101,NM-Restart,9,36,0
F21-Gallagher101,NM-Restart,9,37,0
F21-Gallagher101,NM-Restart,9,38,0
F21-Gallagher101,NM-Restart,9,39,0
F21-Gallagher101,NM-Restart,9,40,0
F21-Gallagher101,NM-Restart,9,41,0
F21-Gallagher101,NM-Restart,9,42,0
F21-Gallagher101,NM-Restart,9,43,0
F21-Gallagher101,NM-Restart,9,44,0.873022
F21-Gallagher101,IPOP-CMA-ES,9,15,0
F21-Gallagher101,IPOP-CMA-ES,9,16,0
F21-Gallagher101,IPOP-CMA-ES,9,17,0
F21-Gallagher101,IPOP-CMA-ES,9,18,0
F21-Gallagher101,IPOP-CMA-ES,9,19,0.23814
F21-Gallagher101,IPOP-CMA-ES,9,20,0
F21-Gallagher101,IPOP-CMA-ES,9,21,0.9196
F21-Gallagher101,IPOP-CMA-ES,9,22,0
F21-Gallagher101,IPOP-CMA-ES,9,23,0
F21-Gallagher101,IPOP-CMA-ES,9,24,0
F21-Gallagher101,IPOP-CMA-ES,9,25,0
F21-Gallagher101,IPOP-CMA-ES,9,26,0
F21-Gallagher101,IPOP-CMA-ES,9,27,0
F21-Gallagher101,IPOP-CMA-ES,9,28,0
F21-Gallagher101,IPOP-CMA-ES,9,29,0
F21-Gallagher101,IPOP-CMA-ES,9,30,0.23814
F21-Gallagher101,IPOP-CMA-ES,9,31,0
F21-Gallagher101,IPOP-CMA-ES,9,32,0
F21-Gallagher101,IPOP-CMA-ES,9,33,0
F21-Gallagher101,IPOP-CMA-ES,9,34,0.0566461
F21-Gallagher101,IPOP-CMA-ES,9,35,0
F21-Gallagher101,IPOP-CMA-ES,9,36,0.23814
F21-Gallagher101,IPOP-CMA-ES,9,37,0
F21-Gallagher101,IPOP-CMA-ES,9,38,0
F21-Gallagher101,IPOP-CMA-ES,9,39,81.4093
F21-Gallagher101,IPOP-CMA-ES,9,40,0.23814
F21-Gallagher101,IPOP-CMA-ES,9,41,0
F21-Gallagher101,IPOP-CMA-ES,9,42,0
F21-Gallagher101,IPOP-CMA-ES,9,43,0
F21-Gallagher101,IPOP-CMA-ES,9,44,0
F21-Gallagher101,DE,9,15,0
F21-Gallagher101,DE,9,16,0
F21-Gallagher101,DE,9,17,0
F21-Gallagher101,DE,9,18,0
F21-Gallagher101,DE,9,19,104.738
F21-Gallagher101,DE,9,20,0
F21-Gallagher101,DE,9,21,79.726
F21-Gallagher101,DE,9,22,99.1866
F21-Gallagher101,DE,9,23,0
F21-Gallagher101,DE,9,24,0
F21-Gallagher101,DE,9,25,109.735
F21-Gallagher101,DE,9,26,106.112
F21-Gallagher101,DE,9,27,0
F21-Gallagher101,DE,9,28,0
F21-Gallagher101,DE,9,29,91.2782
F21-Gallagher101,DE,9,30,105.526
F21-Gallagher101,DE,9,31,0
F21-Gallagher101,DE,9,32,0
F21-Gallagher101,DE,9,33,0
F21-Gallagher101,DE,9,34,100.729
F21-Gallagher101,DE,9,35,0
F21-Gallagher101,DE,9,36,90.945
F21-Gallagher101,DE,9,37,0
F21-Gallagher101,DE,9,38,0
F21-Gallagher101,DE,9,39,88.4891
F21-Gallagher101,DE,9,40,96.7351
F21-Gallagher101,DE,9,41,0
F21-Gallagher101,DE,9,42,0
F21-Gallagher101,DE,9,43,0
F21-Gallagher101,DE,9,44,89.5185
F21-Gallagher101,PSO,9,15,0
F21-Gallagher101,PSO,9,16,0
F21-Gallagher101,PSO,9,17,0
F21-Gallagher101,PSO,9,18,0
F21-Gallagher101,PSO,9,19,104.738
F21-Gallagher101,PSO,9,20,0
F21-Gallagher101,PSO,9,21,79.7266
F21-Gallagher101,PSO,9,22,99.1859
F21-Gallagher101,PSO,9,23,0
F21-Gallagher101,PSO,9,24,0
F21-Gallagher101,PSO,9,25,109.734
F21-Gallagher101,PSO,9,26,106.111
F21-Gallagher101,PSO,9,27,0
F21-Gallagher101,PSO,9,28,0
F21-Gallagher101,PSO,9,29,91.2775
F21-Gallagher101,PSO,9,30,105.525
F21-Gallagher101,PSO,9,31,0
F21-Gallagher101,PSO,9,32,0
F21-Gallagher101,PSO,9,33,0
F21-Gallagher101,PSO,9,34,100.729
F21-Gallagher101,PSO,9,35,0
F21-Gallagher101,PSO,9,36,90.9455
F21-Gallagher101,PSO,9,37,0
F21-Gallagher101,PSO,9,38,0
F21-Gallagher101,PSO,9,39,88.4897
F21-Gallagher101,PSO,9,40,96.7351
F21-Gallagher101,PSO,9,41,0
F21-Gallagher101,PSO,9,42,0
F21-Gallagher101,PSO,9,43,0
F21-Gallagher101,PSO,9,44,89.5177
F21-Gallagher101,Crowding-DE,9,15,9.59927e-05
F21-Gallagher101,Crowding-DE,9,16,9.59927e-05
F21-Gallagher101,Crowding-DE,9,17,9.59927e-05
F21-Gallagher101,Crowding-DE,9,18,9.59927e-05
F21-Gallagher101,Crowding-DE,9,19,0.0690107
F21-Gallagher101,Crowding-DE,9,20,9.59927e-05
F21-Gallagher101,Crowding-DE,9,21,0
F21-Gallagher101,Crowding-DE,9,22,0.0249497
F21-Gallagher101,Crowding-DE,9,23,9.59927e-05
F21-Gallagher101,Crowding-DE,9,24,9.59927e-05
F21-Gallagher101,Crowding-DE,9,25,0.0249497
F21-Gallagher101,Crowding-DE,9,26,0.0249497
F21-Gallagher101,Crowding-DE,9,27,9.59927e-05
F21-Gallagher101,Crowding-DE,9,28,9.59927e-05
F21-Gallagher101,Crowding-DE,9,29,0.0249497
F21-Gallagher101,Crowding-DE,9,30,0.0690107
F21-Gallagher101,Crowding-DE,9,31,9.59927e-05
F21-Gallagher101,Crowding-DE,9,32,9.59927e-05
F21-Gallagher101,Crowding-DE,9,33,9.59927e-05
F21-Gallagher101,Crowding-DE,9,34,0.0815958
F21-Gallagher101,Crowding-DE,9,35,9.59927e-05
F21-Gallagher101,Crowding-DE,9,36,0.0690107
F21-Gallagher101,Crowding-DE,9,37,9.59927e-05
F21-Gallagher101,Crowding-DE,9,38,9.59927e-05
F21-Gallagher101,Crowding-DE,9,39,0.0690107
F21-Gallagher101,Crowding-DE,9,40,0.0690107
F21-Gallagher101,Crowding-DE,9,41,9.59927e-05
F21-Gallagher101,Crowding-DE,9,42,9.59927e-05
F21-Gallagher101,Crowding-DE,9,43,9.59927e-05
F21-Gallagher101,Crowding-DE,9,44,0.0249497
F21-Gallagher101,MAP-Elites,9,15,5.04781e-07
F21-Gallagher101,MAP-Elites,9,16,5.04781e-07
F21-Gallagher101,MAP-Elites,9,17,5.04781e-07
F21-Gallagher101,MAP-Elites,9,18,5.04781e-07
F21-Gallagher101,MAP-Elites,9,19,0.00315298
F21-Gallagher101,MAP-Elites,9,20,5.04781e-07
F21-Gallagher101,MAP-Elites,9,21,0.123848
F21-Gallagher101,MAP-Elites,9,22,98.462
F21-Gallagher101,MAP-Elites,9,23,5.04781e-07
F21-Gallagher101,MAP-Elites,9,24,5.04781e-07
F21-Gallagher101,MAP-Elites,9,25,96.8663
F21-Gallagher101,MAP-Elites,9,26,92.8694
F21-Gallagher101,MAP-Elites,9,27,5.04781e-07
F21-Gallagher101,MAP-Elites,9,28,5.04781e-07
F21-Gallagher101,MAP-Elites,9,29,90.3123
F21-Gallagher101,MAP-Elites,9,30,0.00315298
F21-Gallagher101,MAP-Elites,9,31,5.04781e-07
F21-Gallagher101,MAP-Elites,9,32,5.04781e-07
F21-Gallagher101,MAP-Elites,9,33,5.04781e-07
F21-Gallagher101,MAP-Elites,9,34,79.8687
F21-Gallagher101,MAP-Elites,9,35,5.04781e-07
F21-Gallagher101,MAP-Elites,9,36,0.00315298
F21-Gallagher101,MAP-Elites,9,37,5.04781e-07
F21-Gallagher101,MAP-Elites,9,38,5.04781e-07
F21-Gallagher101,MAP-Elites,9,39,0.00315298
F21-Gallagher101,MAP-Elites,9,40,0.00315298
F21-Gallagher101,MAP-Elites,9,41,5.04781e-07
F21-Gallagher101,MAP-Elites,9,42,5.04781e-07
F21-Gallagher101,MAP-Elites,9,43,5.04781e-07
F21-Gallagher101,MAP-Elites,9,44,86.6171
F21-Gallagher101,MC-ESO-crowd,9,15,3.41053e-10
F21-Gallagher101,MC-ESO-crowd,9,16,3.41053e-10
F21-Gallagher101,MC-ESO-crowd,9,17,3.41053e-10
F21-Gallagher101,MC-ESO-crowd,9,18,3.41053e-10
F21-Gallagher101,MC-ESO-crowd,9,19,0.0026731
F21-Gallagher101,MC-ESO-crowd,9,20,3.41053e-10
F21-Gallagher101,MC-ESO-crowd,9,21,0.684133
F21-Gallagher101,MC-ESO-crowd,9,22,0.0111755
F21-Gallagher101,MC-ESO-crowd,9,23,3.41053e-10
F21-Gallagher101,MC-ESO-crowd,9,24,3.41053e-10
F21-Gallagher101,MC-ESO-crowd,9,25,0.0111755
F21-Gallagher101,MC-ESO-crowd,9,26,0.0111755
F21-Gallagher101,MC-ESO-crowd,9,27,3.41053e-10
F21-Gallagher101,MC-ESO-crowd,9,28,3.41053e-10
F21-Gallagher101,MC-ESO-crowd,9,29,0.0111755
F21-Gallagher101,MC-ESO-crowd,9,30,0.0026731
F21-Gallagher101,MC-ESO-crowd,9,31,3.41053e-10
F21-Gallagher101,MC-ESO-crowd,9,32,3.41053e-10
F21-Gallagher101,MC-ESO-crowd,9,33,3.41053e-10
F21-Gallagher101,MC-ESO-crowd,9,34,0.0678215
F21-Gallagher101,MC-ESO-crowd,9,35,3.41053e-10
F21-Gallagher101,MC-ESO-crowd,9,36,0.0026731
F21-Gallagher101,MC-ESO-crowd,9,37,3.41053e-10
F21-Gallagher101,MC-ESO-crowd,9,38,3.41053e-10
F21-Gallagher101,MC-ESO-crowd,9,39,0.0026731
F21-Gallagher101,MC-ESO-crowd,9,40,0.0026731
F21-Gallagher101,MC-ESO-crowd,9,41,3.41053e-10
F21-Gallagher101,MC-ESO-crowd,9,42,3.41053e-10
F21-Gallagher101,MC-ESO-crowd,9,43,3.41053e-10
F21-Gallagher101,MC-ESO-crowd,9,44,0.0111755
F21-Gallagher101,quality,9,15,5.63637e-08
F21-Gallagher101,quality,9,16,5.63637e-08
F21-Gallagher101,quality,9,17,5.63637e-08
F21-Gallagher101,quality,9,18,5.63637e-08
F21-Gallagher101,quality,9,19,6.46594e-13
F21-Gallagher101,quality,9,20,5.63637e-08
F21-Gallagher101,quality,9,21,0.68146
F21-Gallagher101,quality,9,22,1.00774
F21-Gallagher101,quality,9,23,5.63637e-08
F21-Gallagher101,quality,9,24,5.63637e-08
F21-Gallagher101,quality,9,25,0.315258
F21-Gallagher101,quality,9,26,0.315258
F21-Gallagher101,quality,9,27,5.63637e-08
F21-Gallagher101,quality,9,28,5.63637e-08
F21-Gallagher101,quality,9,29,1.00774
F21-Gallagher101,quality,9,30,6.46594e-13
F21-Gallagher101,quality,9,31,5.63637e-08
F21-Gallagher101,quality,9,32,5.63637e-08
F21-Gallagher101,quality,9,33,5.63637e-08
F21-Gallagher101,quality,9,34,0.371904
F21-Gallagher101,quality,9,35,5.63637e-08
F21-Gallagher101,quality,9,36,6.46594e-13
F21-Gallagher101,quality,9,37,5.63637e-08
F21-Gallagher101,quality,9,38,5.63637e-08
F21-Gallagher101,quality,9,39,6.46594e-13
F21-Gallagher101,quality,9,40,6.46594e-13
F21-Gallagher101,quality,9,41,5.63637e-08
F21-Gallagher101,quality,9,42,5.63637e-08
F21-Gallagher101,quality,9,43,5.63637e-08
F21-Gallagher101,quality,9,44,0.315258
F21-Gallagher101,complement,9,15,5.63637e-08
F21-Gallagher101,complement,9,16,5.63637e-08
F21-Gallagher101,complement,9,17,5.63637e-08
F21-Gallagher101,complement,9,18,5.63637e-08
F21-Gallagher101,complement,9,19,6.46594e-13
F21-Gallagher101,complement,9,20,5.63637e-08
F21-Gallagher101,complement,9,21,0.68146
F21-Gallagher101,complement,9,22,1.11366
F21-Gallagher101,complement,9,23,5.63637e-08
F21-Gallagher101,complement,9,24,5.63637e-08
F21-Gallagher101,complement,9,25,0.315258
F21-Gallagher101,complement,9,26,0.315258
F21-Gallagher101,complement,9,27,5.63637e-08
F21-Gallagher101,complement,9,28,5.63637e-08
F21-Gallagher101,complement,9,29,1.11366
F21-Gallagher101,complement,9,30,6.46594e-13
F21-Gallagher101,complement,9,31,5.63637e-08
F21-Gallagher101,complement,9,32,5.63637e-08
F21-Gallagher101,complement,9,33,5.63637e-08
F21-Gallagher101,complement,9,34,0.371904
F21-Gallagher101,complement,9,35,5.63637e-08
F21-Gallagher101,complement,9,36,6.46594e-13
F21-Gallagher101,complement,9,37,5.63637e-08
F21-Gallagher101,complement,9,38,5.63637e-08
F21-Gallagher101,complement,9,39,6.46594e-13
F21-Gallagher101,complement,9,40,6.46594e-13
F21-Gallagher101,complement,9,41,5.63637e-08
F21-Gallagher101,complement,9,42,5.63637e-08
F21-Gallagher101,complement,9,43,5.63637e-08
F21-Gallagher101,complement,9,44,0.315258
F21-Gallagher101,MC-ESO,10,15,0
F21-Gallagher101,MC-ESO,10,16,0.481895
F21-Gallagher101,MC-ESO,10,17,0.481895
F21-Gallagher101,MC-ESO,10,18,0.481895
F21-Gallagher101,MC-ESO,10,19,0.481895
F21-Gallagher101,MC-ESO,10,20,0
F21-Gallagher101,MC-ESO,10,21,0.243754
F21-Gallagher101,MC-ESO,10,22,0
F21-Gallagher101,MC-ESO,10,23,95.1329
F21-Gallagher101,MC-ESO,10,24,0.481895
F21-Gallagher101,MC-ESO,10,25,79.9714
F21-Gallagher101,MC-ESO,10,26,0
F21-Gallagher101,MC-ESO,10,27,0.243754
F21-Gallagher101,MC-ESO,10,28,0.481895
F21-Gallagher101,MC-ESO,10,29,0.243754
F21-Gallagher101,MC-ESO,10,30,0
F21-Gallagher101,MC-ESO,10,31,0
F21-Gallagher101,MC-ESO,10,32,0.568758
F21-Gallagher101,MC-ESO,10,33,83.7435
F21-Gallagher101,MC-ESO,10,34,0.655118
F21-Gallagher101,MC-ESO,10,35,0
F21-Gallagher101,MC-ESO,10,36,0.481895
F21-Gallagher101,MC-ESO,10,37,0.471205
F21-Gallagher101,MC-ESO,10,38,83.746
F21-Gallagher101,MC-ESO,10,39,1.10934
F21-Gallagher101,MC-ESO,10,40,0.243754
F21-Gallagher101,MC-ESO,10,41,0
F21-Gallagher101,MC-ESO,10,42,81.8175
F21-Gallagher101,MC-ESO,10,43,91.5872
F21-Gallagher101,MC-ESO,10,44,1.10934
F21-Gallagher101,NMMSO,10,15,1.78133e-11
F21-Gallagher101,NMMSO,10,16,3.75314e-06
F21-Gallagher101,NMMSO,10,17,3.75314e-06
F21-Gallagher101,NMMSO,10,18,3.75314e-06
F21-Gallagher101,NMMSO,10,19,3.75314e-06
F21-Gallagher101,NMMSO,10,20,1.78133e-11
F21-Gallagher101,NMMSO,10,21,2.24667e-07
F21-Gallagher101,NMMSO,10,22,1.78133e-11
F21-Gallagher101,NMMSO,10,23,3.75314e-06
F21-Gallagher101,NMMSO,10,24,3.75314e-06
F21-Gallagher101,NMMSO,10,25,79.9575
F21-Gallagher101,NMMSO,10,26,1.78133e-11
F21-Gallagher101,NMMSO,10,27,2.24667e-07
F21-Gallagher101,NMMSO,10,28,3.75314e-06
F21-Gallagher101,NMMSO,10,29,2.24667e-07
F21-Gallagher101,NMMSO,10,30,1.78133e-11
F21-Gallagher101,NMMSO,10,31,1.78133e-11
F21-Gallagher101,NMMSO,10,32,0.0868667
F21-Gallagher101,NMMSO,10,33,83.7335
F21-Gallagher101,NMMSO,10,34,0.173227
F21-Gallagher101,NMMSO,10,35,1.78133e-11
F21-Gallagher101,NMMSO,10,36,3.75314e-06
F21-Gallagher101,NMMSO,10,37,0.227451
F21-Gallagher101,NMMSO,10,38,3.75314e-06
F21-Gallagher101,NMMSO,10,39,0.627448
F21-Gallagher101,NMMSO,10,40,2.24667e-07
F21-Gallagher101,NMMSO,10,41,1.78133e-11
F21-Gallagher101,NMMSO,10,42,81.8024
F21-Gallagher101,NMMSO,10,43,3.75314e-06
F21-Gallagher101,NMMSO,10,44,0.627448
F21-Gallagher101,NCDE,10,15,8.19952e-10
F21-Gallagher101,NCDE,10,16,1.10958e-05
F21-Gallagher101,NCDE,10,17,1.10958e-05
F21-Gallagher101,NCDE,10,18,1.10958e-05
F21-Gallagher101,NCDE,10,19,1.10958e-05
F21-Gallagher101,NCDE,10,20,8.19952e-10
F21-Gallagher101,NCDE,10,21,0.00545163
F21-Gallagher101,NCDE,10,22,8.19952e-10
F21-Gallagher101,NCDE,10,23,1.10958e-05
F21-Gallagher101,NCDE,10,24,1.10958e-05
F21-Gallagher101,NCDE,10,25,79.9652
F21-Gallagher101,NCDE,10,26,8.19952e-10
F21-Gallagher101,NCDE,10,27,0.00545163
F21-Gallagher101,NCDE,10,28,1.10958e-05
F21-Gallagher101,NCDE,10,29,0.00545163
F21-Gallagher101,NCDE,10,30,8.19952e-10
F21-Gallagher101,NCDE,10,31,8.19952e-10
F21-Gallagher101,NCDE,10,32,0.0868741
F21-Gallagher101,NCDE,10,33,83.7356
F21-Gallagher101,NCDE,10,34,0.173234
F21-Gallagher101,NCDE,10,35,8.19952e-10
F21-Gallagher101,NCDE,10,36,1.10958e-05
F21-Gallagher101,NCDE,10,37,0.232902
F21-Gallagher101,NCDE,10,38,1.10958e-05
F21-Gallagher101,NCDE,10,39,0.627455
F21-Gallagher101,NCDE,10,40,0.00545163
F21-Gallagher101,NCDE,10,41,8.19952e-10
F21-Gallagher101,NCDE,10,42,81.8297
F21-Gallagher101,NCDE,10,43,1.10958e-05
F21-Gallagher101,NCDE,10,44,0.627455
F21-Gallagher101,r3pso,10,15,0
F21-Gallagher101,r3pso,10,16,3.92947e-07
F21-Gallagher101,r3pso,10,17,3.92947e-07
F21-Gallagher101,r3pso,10,18,3.92947e-07
F21-Gallagher101,r3pso,10,19,3.92947e-07
F21-Gallagher101,r3pso,10,20,0
F21-Gallagher101,r3pso,10,21,3.53925e-05
F21-Gallagher101,r3pso,10,22,0
F21-Gallagher101,r3pso,10,23,3.92947e-07
F21-Gallagher101,r3pso,10,24,3.92947e-07
F21-Gallagher101,r3pso,10,25,79.9689
F21-Gallagher101,r3pso,10,26,0
F21-Gallagher101,r3pso,10,27,3.53925e-05
F21-Gallagher101,r3pso,10,28,3.92947e-07
F21-Gallagher101,r3pso,10,29,3.53925e-05
F21-Gallagher101,r3pso,10,30,0
F21-Gallagher101,r3pso,10,31,0
F21-Gallagher101,r3pso,10,32,0.0868634
F21-Gallagher101,r3pso,10,33,83.7418
F21-Gallagher101,r3pso,10,34,0.173224
F21-Gallagher101,r3pso,10,35,0
F21-Gallagher101,r3pso,10,36,3.92947e-07
F21-Gallagher101,r3pso,10,37,0.227486
F21-Gallagher101,r3pso,10,38,3.92947e-07
F21-Gallagher101,r3pso,10,39,0.627445
F21-Gallagher101,r3pso,10,40,3.53925e-05
F21-Gallagher101,r3pso,10,41,0
F21-Gallagher101,r3pso,10,42,81.8149
F21-Gallagher101,r3pso,10,43,3.92947e-07
F21-Gallagher101,r3pso,10,44,0.627445
F21-Gallagher101,NM-Restart,10,15,0
F21-Gallagher101,NM-Restart,10,16,0
F21-Gallagher101,NM-Restart,10,17,0
F21-Gallagher101,NM-Restart,10,18,0
F21-Gallagher101,NM-Restart,10,19,0
F21-Gallagher101,NM-Restart,10,20,0
F21-Gallagher101,NM-Restart,10,21,1.00774
F21-Gallagher101,NM-Restart,10,22,0
F21-Gallagher101,NM-Restart,10,23,0
F21-Gallagher101,NM-Restart,10,24,0
F21-Gallagher101,NM-Restart,10,25,1.90864
F21-Gallagher101,NM-Restart,10,26,0
F21-Gallagher101,NM-Restart,10,27,81.2809
F21-Gallagher101,NM-Restart,10,28,0
F21-Gallagher101,NM-Restart,10,29,81.2351
F21-Gallagher101,NM-Restart,10,30,0
F21-Gallagher101,NM-Restart,10,31,0
F21-Gallagher101,NM-Restart,10,32,0.086863
F21-Gallagher101,NM-Restart,10,33,0
F21-Gallagher101,NM-Restart,10,34,0.173223
F21-Gallagher101,NM-Restart,10,35,0
F21-Gallagher101,NM-Restart,10,36,0
F21-Gallagher101,NM-Restart,10,37,1.29684
F21-Gallagher101,NM-Restart,10,38,0
F21-Gallagher101,NM-Restart,10,39,0.627444
F21-Gallagher101,NM-Restart,10,40,0.873022
F21-Gallagher101,NM-Restart,10,41,0
F21-Gallagher101,NM-Restart,10,42,81.8159
F21-Gallagher101,NM-Restart,10,43,0
F21-Gallagher101,NM-Restart,10,44,0.627444
F21-Gallagher101,IPOP-CMA-ES,10,15,0
F21-Gallagher101,IPOP-CMA-ES,10,16,0
F21-Gallagher101,IPOP-CMA-ES,10,17,0
F21-Gallagher101,IPOP-CMA-ES,10,18,0
F21-Gallagher101,IPOP-CMA-ES,10,19,0
F21-Gallagher101,IPOP-CMA-ES,10,20,0
F21-Gallagher101,IPOP-CMA-ES,10,21,0.0737427
F21-Gallagher101,IPOP-CMA-ES,10,22,0
F21-Gallagher101,IPOP-CMA-ES,10,23,0
F21-Gallagher101,IPOP-CMA-ES,10,24,0
F21-Gallagher101,IPOP-CMA-ES,10,25,0.0692968
F21-Gallagher101,IPOP-CMA-ES,10,26,0
F21-Gallagher101,IPOP-CMA-ES,10,27,0.0737427
F21-Gallagher101,IPOP-CMA-ES,10,28,0
F21-Gallagher101,IPOP-CMA-ES,10,29,0.0737427
F21-Gallagher101,IPOP-CMA-ES,10,30,0
F21-Gallagher101,IPOP-CMA-ES,10,31,0
F21-Gallagher101,IPOP-CMA-ES,10,32,0
F21-Gallagher101,IPOP-CMA-ES,10,33,83.1174
F21-Gallagher101,IPOP-CMA-ES,10,34,0.0863603
F21-Gallagher101,IPOP-CMA-ES,10,35,0
F21-Gallagher101,IPOP-CMA-ES,10,36,0
F21-Gallagher101,IPOP-CMA-ES,10,37,0.301193
F21-Gallagher101,IPOP-CMA-ES,10,38,0
F21-Gallagher101,IPOP-CMA-ES,10,39,0.540581
F21-Gallagher101,IPOP-CMA-ES,10,40,0.0737427
F21-Gallagher101,IPOP-CMA-ES,10,41,0
F21-Gallagher101,IPOP-CMA-ES,10,42,0.0692968
F21-Gallagher101,IPOP-CMA-ES,10,43,0
F21-Gallagher101,IPOP-CMA-ES,10,44,0.540581
F21-Gallagher101,DE,10,15,0
F21-Gallagher101,DE,10,16,100.889
F21-Gallagher101,DE,10,17,117.979
F21-Gallagher101,DE,10,18,115.114
F21-Gallagher101,DE,10,19,106.494
F21-Gallagher101,DE,10,20,0
F21-Gallagher101,DE,10,21,91.3573
F21-Gallagher101,DE,10,22,0
F21-Gallagher101,DE,10,23,95.1331
F21-Gallagher101,DE,10,24,88.3234
F21-Gallagher101,DE,10,25,79.9698
F21-Gallagher101,DE,10,26,0
F21-Gallagher101,DE,10,27,115.064
F21-Gallagher101,DE,10,28,102.467
F21-Gallagher101,DE,10,29,118.321
F21-Gallagher101,DE,10,30,0
F21-Gallagher101,DE,10,31,0
F21-Gallagher101,DE,10,32,86.4948
F21-Gallagher101,DE,10,33,83.7425
F21-Gallagher101,DE,10,34,85.832
F21-Gallagher101,DE,10,35,0
F21-Gallagher101,DE,10,36,113.299
F21-Gallagher101,DE,10,37,122.602
F21-Gallagher101,DE,10,38,100.289
F21-Gallagher101,DE,10,39,84.276
F21-Gallagher101,DE,10,40,95.6156
F21-Gallagher101,DE,10,41,0
F21-Gallagher101,DE,10,42,81.8151
F21-Gallagher101,DE,10,43,99.7539
F21-Gallagher101,DE,10,44,84.2158
F21-Gallagher101,PSO,10,15,0
F21-Gallagher101,PSO,10,16,100.889
F21-Gallagher101,PSO,10,17,117.979
F21-Gallagher101,PSO,10,18,115.115
F21-Gallagher101,PSO,10,19,106.495
F21-Gallagher101,PSO,10,20,0
F21-Gallagher101,PSO,10,21,91.3567
F21-Gallagher101,PSO,10,22,0
F21-Gallagher101,PSO,10,23,95.1337
F21-Gallagher101,PSO,10,24,88.3234
F21-Gallagher101,PSO,10,25,79.9692
F21-Gallagher101,PSO,10,26,0
F21-Gallagher101,PSO,10,27,115.064
F21-Gallagher101,PSO,10,28,102.468
F21-Gallagher101,PSO,10,29,118.321
F21-Gallagher101,PSO,10,30,0
F21-Gallagher101,PSO,10,31,0
F21-Gallagher101,PSO,10,32,86.4954
F21-Gallagher101,PSO,10,33,83.7419
F21-Gallagher101,PSO,10,34,85.8322
F21-Gallagher101,PSO,10,35,0
F21-Gallagher101,PSO,10,36,113.299
F21-Gallagher101,PSO,10,37,122.602
F21-Gallagher101,PSO,10,38,100.289
F21-Gallagher101,PSO,10,39,84.276
F21-Gallagher101,PSO,10,40,95.6153
F21-Gallagher101,PSO,10,41,0
F21-Gallagher101,PSO,10,42,81.8154
F21-Gallagher101,PSO,10,43,99.7545
F21-Gallagher101,PSO,10,44,84.2163
F21-Gallagher101,Crowding-DE,10,15,2.22537e-06
F21-Gallagher101,Crowding-DE,10,16,0.0110957
F21-Gallagher101,Crowding-DE,10,17,0.0110957
F21-Gallagher101,Crowding-DE,10,18,0.0110957
F21-Gallagher101,Crowding-DE,10,19,0.0110957
F21-Gallagher101,Crowding-DE,10,20,2.22537e-06
F21-Gallagher101,Crowding-DE,10,21,0.111458
F21-Gallagher101,Crowding-DE,10,22,2.22537e-06
F21-Gallagher101,Crowding-DE,10,23,0.0110957
F21-Gallagher101,Crowding-DE,10,24,0.0110957
F21-Gallagher101,Crowding-DE,10,25,0.0420542
F21-Gallagher101,Crowding-DE,10,26,2.22537e-06
F21-Gallagher101,Crowding-DE,10,27,0.111458
F21-Gallagher101,Crowding-DE,10,28,0.0110957
F21-Gallagher101,Crowding-DE,10,29,0.111458
F21-Gallagher101,Crowding-DE,10,30,2.22537e-06
F21-Gallagher101,Crowding-DE,10,31,2.22537e-06
F21-Gallagher101,Crowding-DE,10,32,0.0979587
F21-Gallagher101,Crowding-DE,10,33,80.0476
F21-Gallagher101,Crowding-DE,10,34,0.184319
F21-Gallagher101,Crowding-DE,10,35,2.22537e-06
F21-Gallagher101,Crowding-DE,10,36,0.0110957
F21-Gallagher101,Crowding-DE,10,37,0.000405576
F21-Gallagher101,Crowding-DE,10,38,0.0110957
F21-Gallagher101,Crowding-DE,10,39,0.63854
F21-Gallagher101,Crowding-DE,10,40,0.111458
F21-Gallagher101,Crowding-DE,10,41,2.22537e-06
F21-Gallagher101,Crowding-DE,10,42,0.0420542
F21-Gallagher101,Crowding-DE,10,43,0.0110957
F21-Gallagher101,Crowding-DE,10,44,0.63854
F21-Gallagher101,MAP-Elites,10,15,0.000159082
F21-Gallagher101,MAP-Elites,10,16,91.2862
F21-Gallagher101,MAP-Elites,10,17,108.41
F21-Gallagher101,MAP-Elites,10,18,105.554
F21-Gallagher101,MAP-Elites,10,19,97.9876
F21-Gallagher101,MAP-Elites,10,20,0.000159082
F21-Gallagher101,MAP-Elites,10,21,91.0403
F21-Gallagher101,MAP-Elites,10,22,0.0644128
F21-Gallagher101,MAP-Elites,10,23,93.3716
F21-Gallagher101,MAP-Elites,10,24,80.3007
F21-Gallagher101,MAP-Elites,10,25,0
F21-Gallagher101,MAP-Elites,10,26,0.000159082
F21-Gallagher101,MAP-Elites,10,27,106.997
F21-Gallagher101,MAP-Elites,10,28,92.8723
F21-Gallagher101,MAP-Elites,10,29,109.607
F21-Gallagher101,MAP-Elites,10,30,0.000159082
F21-Gallagher101,MAP-Elites,10,31,0.000159082
F21-Gallagher101,MAP-Elites,10,32,79.9434
F21-Gallagher101,MAP-Elites,10,33,80.6045
F21-Gallagher101,MAP-Elites,10,34,0
F21-Gallagher101,MAP-Elites,10,35,0.000159082
F21-Gallagher101,MAP-Elites,10,36,103.726
F21-Gallagher101,MAP-Elites,10,37,113.183
F21-Gallagher101,MAP-Elites,10,38,93.9766
F21-Gallagher101,MAP-Elites,10,39,0
F21-Gallagher101,MAP-Elites,10,40,92.091
F21-Gallagher101,MAP-Elites,10,41,0.000159082
F21-Gallagher101,MAP-Elites,10,42,0
F21-Gallagher101,MAP-Elites,10,43,94.6353
F21-Gallagher101,MAP-Elites,10,44,0
F21-Gallagher101,MC-ESO-crowd,10,15,1.3214e-09
F21-Gallagher101,MC-ESO-crowd,10,16,0.0106902
F21-Gallagher101,MC-ESO-crowd,10,17,0.0106902
F21-Gallagher101,MC-ESO-crowd,10,18,0.0106902
F21-Gallagher101,MC-ESO-crowd,10,19,0.0106902
F21-Gallagher101,MC-ESO-crowd,10,20,1.3214e-09
F21-Gallagher101,MC-ESO-crowd,10,21,0.00348008
F21-Gallagher101,MC-ESO-crowd,10,22,1.3214e-09
F21-Gallagher101,MC-ESO-crowd,10,23,0.0106902
F21-Gallagher101,MC-ESO-crowd,10,24,0.0106902
F21-Gallagher101,MC-ESO-crowd,10,25,0.0343482
F21-Gallagher101,MC-ESO-crowd,10,26,1.3214e-09
F21-Gallagher101,MC-ESO-crowd,10,27,0.00348008
F21-Gallagher101,MC-ESO-crowd,10,28,0.0106902
F21-Gallagher101,MC-ESO-crowd,10,29,0.00348008
F21-Gallagher101,MC-ESO-crowd,10,30,1.3214e-09
F21-Gallagher101,MC-ESO-crowd,10,31,1.3214e-09
F21-Gallagher101,MC-ESO-crowd,10,32,0.0975532
F21-Gallagher101,MC-ESO-crowd,10,33,79.6521
F21-Gallagher101,MC-ESO-crowd,10,34,0.183913
F21-Gallagher101,MC-ESO-crowd,10,35,1.3214e-09
F21-Gallagher101,MC-ESO-crowd,10,36,0.0106902
F21-Gallagher101,MC-ESO-crowd,10,37,0
F21-Gallagher101,MC-ESO-crowd,10,38,0.0106902
F21-Gallagher101,MC-ESO-crowd,10,39,0.638134
F21-Gallagher101,MC-ESO-crowd,10,40,0.00348008
F21-Gallagher101,MC-ESO-crowd,10,41,1.3214e-09
F21-Gallagher101,MC-ESO-crowd,10,42,0.0343482
F21-Gallagher101,MC-ESO-crowd,10,43,0.0106902
F21-Gallagher101,MC-ESO-crowd,10,44,0.638134
F21-Gallagher101,quality,10,15,4.72667e-09
F21-Gallagher101,quality,10,16,2.84217e-13
F21-Gallagher101,quality,10,17,2.84217e-13
F21-Gallagher101,quality,10,18,2.84217e-13
F21-Gallagher101,quality,10,19,2.84217e-13
F21-Gallagher101,quality,10,20,4.72667e-09
F21-Gallagher101,quality,10,21,0
F21-Gallagher101,quality,10,22,4.72667e-09
F21-Gallagher101,quality,10,23,2.84217e-13
F21-Gallagher101,quality,10,24,2.84217e-13
F21-Gallagher101,quality,10,25,79.9283
F21-Gallagher101,quality,10,26,4.72667e-09
F21-Gallagher101,quality,10,27,0
F21-Gallagher101,quality,10,28,2.84217e-13
F21-Gallagher101,quality,10,29,0
F21-Gallagher101,quality,10,30,4.72667e-09
F21-Gallagher101,quality,10,31,4.72667e-09
F21-Gallagher101,quality,10,32,0.086863
F21-Gallagher101,quality,10,33,83.7075
F21-Gallagher101,quality,10,34,0.173223
F21-Gallagher101,quality,10,35,4.72667e-09
F21-Gallagher101,quality,10,36,2.84217e-13
F21-Gallagher101,quality,10,37,0.22745
F21-Gallagher101,quality,10,38,2.84217e-13
F21-Gallagher101,quality,10,39,0.627444
F21-Gallagher101,quality,10,40,0
F21-Gallagher101,quality,10,41,4.72667e-09
F21-Gallagher101,quality,10,42,81.7986
F21-Gallagher101,quality,10,43,2.84217e-13
F21-Gallagher101,quality,10,44,0.627444
F21-Gallagher101,complement,10,15,4.72667e-09
F21-Gallagher101,complement,10,16,2.84217e-13
F21-Gallagher101,complement,10,17,2.84217e-13
F21-Gallagher101,complement,10,18,2.84217e-13
F21-Gallagher101,complement,10,19,2.84217e-13
F21-Gallagher101,complement,10,20,4.72667e-09
F21-Gallagher101,complement,10,21,0
F21-Gallagher101,complement,10,22,4.72667e-09
F21-Gallagher101,complement,10,23,2.84217e-13
F21-Gallagher101,complement,10,24,2.84217e-13
F21-Gallagher101,complement,10,25,1.90864
F21-Gallagher101,complement,10,26,4.72667e-09
F21-Gallagher101,complement,10,27,0
F21-Gallagher101,complement,10,28,2.84217e-13
F21-Gallagher101,complement,10,29,0
F21-Gallagher101,complement,10,30,4.72667e-09
F21-Gallagher101,complement,10,31,4.72667e-09
F21-Gallagher101,complement,10,32,0.086863
F21-Gallagher101,complement,10,33,1.96039e-11
F21-Gallagher101,complement,10,34,0.173223
F21-Gallagher101,complement,10,35,4.72667e-09
F21-Gallagher101,complement,10,36,2.84217e-13
F21-Gallagher101,complement,10,37,0.22745
F21-Gallagher101,complement,10,38,2.84217e-13
F21-Gallagher101,complement,10,39,0.627444
F21-Gallagher101,complement,10,40,0
F21-Gallagher101,complement,10,41,4.72667e-09
F21-Gallagher101,complement,10,42,81.7986
F21-Gallagher101,complement,10,43,2.84217e-13
F21-Gallagher101,complement,10,44,0.627444
F21-Gallagher101,MC-ESO,11,15,0.062441
F21-Gallagher101,MC-ESO,11,16,0
F21-Gallagher101,MC-ESO,11,17,0
F21-Gallagher101,MC-ESO,11,18,0
F21-Gallagher101,MC-ESO,11,19,0
F21-Gallagher101,MC-ESO,11,20,0
F21-Gallagher101,MC-ESO,11,21,0.062441
F21-Gallagher101,MC-ESO,11,22,0
F21-Gallagher101,MC-ESO,11,23,47.5645
F21-Gallagher101,MC-ESO,11,24,0.062441
F21-Gallagher101,MC-ESO,11,25,0
F21-Gallagher101,MC-ESO,11,26,0
F21-Gallagher101,MC-ESO,11,27,0
F21-Gallagher101,MC-ESO,11,28,0
F21-Gallagher101,MC-ESO,11,29,0
F21-Gallagher101,MC-ESO,11,30,0
F21-Gallagher101,MC-ESO,11,31,0
F21-Gallagher101,MC-ESO,11,32,0
F21-Gallagher101,MC-ESO,11,33,0.062441
F21-Gallagher101,MC-ESO,11,34,0.062441
F21-Gallagher101,MC-ESO,11,35,0.062441
F21-Gallagher101,MC-ESO,11,36,0
F21-Gallagher101,MC-ESO,11,37,0
F21-Gallagher101,MC-ESO,11,38,0.062441
F21-Gallagher101,MC-ESO,11,39,0.062441
F21-Gallagher101,MC-ESO,11,40,0
F21-Gallagher101,MC-ESO,11,41,0
F21-Gallagher101,MC-ESO,11,42,47.0089
F21-Gallagher101,MC-ESO,11,43,0.0213001
F21-Gallagher101,MC-ESO,11,44,0
F21-Gallagher101,NMMSO,11,15,0.00694155
F21-Gallagher101,NMMSO,11,16,6.56236e-10
F21-Gallagher101,NMMSO,11,17,6.56236e-10
F21-Gallagher101,NMMSO,11,18,0
F21-Gallagher101,NMMSO,11,19,0
F21-Gallagher101,NMMSO,11,20,0.662106
F21-Gallagher101,NMMSO,11,21,0.00694155
F21-Gallagher101,NMMSO,11,22,6.56236e-10
F21-Gallagher101,NMMSO,11,23,47.5646
F21-Gallagher101,NMMSO,11,24,0.00694155
F21-Gallagher101,NMMSO,11,25,0
F21-Gallagher101,NMMSO,11,26,0
F21-Gallagher101,NMMSO,11,27,0.662106
F21-Gallagher101,NMMSO,11,28,0
F21-Gallagher101,NMMSO,11,29,0
F21-Gallagher101,NMMSO,11,30,6.56236e-10
F21-Gallagher101,NMMSO,11,31,0
F21-Gallagher101,NMMSO,11,32,0
F21-Gallagher101,NMMSO,11,33,0.00694155
F21-Gallagher101,NMMSO,11,34,0.00694155
F21-Gallagher101,NMMSO,11,35,0.00694155
F21-Gallagher101,NMMSO,11,36,0
F21-Gallagher101,NMMSO,11,37,0
F21-Gallagher101,NMMSO,11,38,0.00694155
F21-Gallagher101,NMMSO,11,39,0.00694155
F21-Gallagher101,NMMSO,11,40,0
F21-Gallagher101,NMMSO,11,41,0
F21-Gallagher101,NMMSO,11,42,46.5598
F21-Gallagher101,NMMSO,11,43,0.197
F21-Gallagher101,NMMSO,11,44,6.56236e-10
F21-Gallagher101,NCDE,11,15,0.00480505
F21-Gallagher101,NCDE,11,16,0.473411
F21-Gallagher101,NCDE,11,17,0.473411
F21-Gallagher101,NCDE,11,18,0
F21-Gallagher101,NCDE,11,19,0
F21-Gallagher101,NCDE,11,20,0.659969
F21-Gallagher101,NCDE,11,21,0.00480505
F21-Gallagher101,NCDE,11,22,0.473411
F21-Gallagher101,NCDE,11,23,1.50738e-07
F21-Gallagher101,NCDE,11,24,0.00480505
F21-Gallagher101,NCDE,11,25,0
F21-Gallagher101,NCDE,11,26,0
F21-Gallagher101,NCDE,11,27,0.659969
F21-Gallagher101,NCDE,11,28,0
F21-Gallagher101,NCDE,11,29,0
F21-Gallagher101,NCDE,11,30,0.473411
F21-Gallagher101,NCDE,11,31,0
F21-Gallagher101,NCDE,11,32,0
F21-Gallagher101,NCDE,11,33,0.00480505
F21-Gallagher101,NCDE,11,34,0.00480505
F21-Gallagher101,NCDE,11,35,0.00480505
F21-Gallagher101,NCDE,11,36,0
F21-Gallagher101,NCDE,11,37,0
F21-Gallagher101,NCDE,11,38,0.00480505
F21-Gallagher101,NCDE,11,39,0.00480505
F21-Gallagher101,NCDE,11,40,0
F21-Gallagher101,NCDE,11,41,0
F21-Gallagher101,NCDE,11,42,46.5999
F21-Gallagher101,NCDE,11,43,0.670411
F21-Gallagher101,NCDE,11,44,0.473411
F21-Gallagher101,r3pso,11,15,51.7485
F21-Gallagher101,r3pso,11,16,48.7867
F21-Gallagher101,r3pso,11,17,45.8612
F21-Gallagher101,r3pso,11,18,0
F21-Gallagher101,r3pso,11,19,0
F21-Gallagher101,r3pso,11,20,45.9007
F21-Gallagher101,r3pso,11,21,64.666
F21-Gallagher101,r3pso,11,22,67.789
F21-Gallagher101,r3pso,11,23,48.4443
F21-Gallagher101,r3pso,11,24,54.3254
F21-Gallagher101,r3pso,11,25,0
F21-Gallagher101,r3pso,11,26,0
F21-Gallagher101,r3pso,11,27,46.7907
F21-Gallagher101,r3pso,11,28,0
F21-Gallagher101,r3pso,11,29,0
F21-Gallagher101,r3pso,11,30,51.9719
F21-Gallagher101,r3pso,11,31,0
F21-Gallagher101,r3pso,11,32,0
F21-Gallagher101,r3pso,11,33,49.3588
F21-Gallagher101,r3pso,11,34,58.5457
F21-Gallagher101,r3pso,11,35,53.8649
F21-Gallagher101,r3pso,11,36,0
F21-Gallagher101,r3pso,11,37,0
F21-Gallagher101,r3pso,11,38,50.5998
F21-Gallagher101,r3pso,11,39,56.8255
F21-Gallagher101,r3pso,11,40,0
F21-Gallagher101,r3pso,11,41,0
F21-Gallagher101,r3pso,11,42,48.4102
F21-Gallagher101,r3pso,11,43,64.0457
F21-Gallagher101,r3pso,11,44,52.7755
F21-Gallagher101,NM-Restart,11,15,0
F21-Gallagher101,NM-Restart,11,16,0.633012
F21-Gallagher101,NM-Restart,11,17,0.633012
F21-Gallagher101,NM-Restart,11,18,0
F21-Gallagher101,NM-Restart,11,19,0
F21-Gallagher101,NM-Restart,11,20,0.655164
F21-Gallagher101,NM-Restart,11,21,0
F21-Gallagher101,NM-Restart,11,22,0.633012
F21-Gallagher101,NM-Restart,11,23,0.105921
F21-Gallagher101,NM-Restart,11,24,0
F21-Gallagher101,NM-Restart,11,25,0
F21-Gallagher101,NM-Restart,11,26,0
F21-Gallagher101,NM-Restart,11,27,0.655164
F21-Gallagher101,NM-Restart,11,28,0
F21-Gallagher101,NM-Restart,11,29,0
F21-Gallagher101,NM-Restart,11,30,0.633012
F21-Gallagher101,NM-Restart,11,31,0
F21-Gallagher101,NM-Restart,11,32,0
F21-Gallagher101,NM-Restart,11,33,0
F21-Gallagher101,NM-Restart,11,34,0
F21-Gallagher101,NM-Restart,11,35,0
F21-Gallagher101,NM-Restart,11,36,0
F21-Gallagher101,NM-Restart,11,37,0
F21-Gallagher101,NM-Restart,11,38,0
F21-Gallagher101,NM-Restart,11,39,0
F21-Gallagher101,NM-Restart,11,40,0
F21-Gallagher101,NM-Restart,11,41,0
F21-Gallagher101,NM-Restart,11,42,0
F21-Gallagher101,NM-Restart,11,43,0.830012
F21-Gallagher101,NM-Restart,11,44,0.633012
F21-Gallagher101,IPOP-CMA-ES,11,15,0.553399
F21-Gallagher101,IPOP-CMA-ES,11,16,3.86822e-06
F21-Gallagher101,IPOP-CMA-ES,11,17,3.86822e-06
F21-Gallagher101,IPOP-CMA-ES,11,18,0
F21-Gallagher101,IPOP-CMA-ES,11,19,0
F21-Gallagher101,IPOP-CMA-ES,11,20,0.250268
F21-Gallagher101,IPOP-CMA-ES,11,21,0.238144
F21-Gallagher101,IPOP-CMA-ES,11,22,3.86822e-06
F21-Gallagher101,IPOP-CMA-ES,11,23,47.569
F21-Gallagher101,IPOP-CMA-ES,11,24,0.238144
F21-Gallagher101,IPOP-CMA-ES,11,25,0
F21-Gallagher101,IPOP-CMA-ES,11,26,0
F21-Gallagher101,IPOP-CMA-ES,11,27,0.250268
F21-Gallagher101,IPOP-CMA-ES,11,28,0
F21-Gallagher101,IPOP-CMA-ES,11,29,0
F21-Gallagher101,IPOP-CMA-ES,11,30,3.86822e-06
F21-Gallagher101,IPOP-CMA-ES,11,31,0
F21-Gallagher101,IPOP-CMA-ES,11,32,0
F21-Gallagher101,IPOP-CMA-ES,11,33,0.238144
F21-Gallagher101,IPOP-CMA-ES,11,34,0.238144
F21-Gallagher101,IPOP-CMA-ES,11,35,48.5297
F21-Gallagher101,IPOP-CMA-ES,11,36,0
F21-Gallagher101,IPOP-CMA-ES,11,37,0
F21-Gallagher101,IPOP-CMA-ES,11,38,0.553399
F21-Gallagher101,IPOP-CMA-ES,11,39,0.238144
F21-Gallagher101,IPOP-CMA-ES,11,40,0
F21-Gallagher101,IPOP-CMA-ES,11,41,0
F21-Gallagher101,IPOP-CMA-ES,11,42,48.4098
F21-Gallagher101,IPOP-CMA-ES,11,43,0.197003
F21-Gallagher101,IPOP-CMA-ES,11,44,3.86822e-06
F21-Gallagher101,DE,11,15,51.7487
F21-Gallagher101,DE,11,16,48.7867
F21-Gallagher101,DE,11,17,45.8612
F21-Gallagher101,DE,11,18,0
F21-Gallagher101,DE,11,19,0
F21-Gallagher101,DE,11,20,45.901
F21-Gallagher101,DE,11,21,64.6663
F21-Gallagher101,DE,11,22,67.7894
F21-Gallagher101,DE,11,23,48.4441
F21-Gallagher101,DE,11,24,54.3257
F21-Gallagher101,DE,11,25,0
F21-Gallagher101,DE,11,26,0
F21-Gallagher101,DE,11,27,46.791
F21-Gallagher101,DE,11,28,0
F21-Gallagher101,DE,11,29,0
F21-Gallagher101,DE,11,30,51.972
F21-Gallagher101,DE,11,31,0
F21-Gallagher101,DE,11,32,0
F21-Gallagher101,DE,11,33,49.359
F21-Gallagher101,DE,11,34,58.5461
F21-Gallagher101,DE,11,35,53.8651
F21-Gallagher101,DE,11,36,0
F21-Gallagher101,DE,11,37,0
F21-Gallagher101,DE,11,38,50.6
F21-Gallagher101,DE,11,39,56.8259
F21-Gallagher101,DE,11,40,0
F21-Gallagher101,DE,11,41,0
F21-Gallagher101,DE,11,42,48.4102
F21-Gallagher101,DE,11,43,64.046
F21-Gallagher101,DE,11,44,52.7755
F21-Gallagher101,PSO,11,15,51.7493
F21-Gallagher101,PSO,11,16,48.7866
F21-Gallagher101,PSO,11,17,45.8609
F21-Gallagher101,PSO,11,18,0
F21-Gallagher101,PSO,11,19,0
F21-Gallagher101,PSO,11,20,45.9017
F21-Gallagher101,PSO,11,21,64.6669
F21-Gallagher101,PSO,11,22,67.7899
F21-Gallagher101,PSO,11,23,48.4436
F21-Gallagher101,PSO,11,24,54.3264
F21-Gallagher101,PSO,11,25,0
F21-Gallagher101,PSO,11,26,0
F21-Gallagher101,PSO,11,27,46.7917
F21-Gallagher101,PSO,11,28,0
F21-Gallagher101,PSO,11,29,0
F21-Gallagher101,PSO,11,30,51.972
F21-Gallagher101,PSO,11,31,0
F21-Gallagher101,PSO,11,32,0
F21-Gallagher101,PSO,11,33,49.3596
F21-Gallagher101,PSO,11,34,58.5467
F21-Gallagher101,PSO,11,35,53.8657
F21-Gallagher101,PSO,11,36,0
F21-Gallagher101,PSO,11,37,0
F21-Gallagher101,PSO,11,38,50.6006
F21-Gallagher101,PSO,11,39,56.8265
F21-Gallagher101,PSO,11,40,0
F21-Gallagher101,PSO,11,41,0
F21-Gallagher101,PSO,11,42,48.4104
F21-Gallagher101,PSO,11,43,64.0464
F21-Gallagher101,PSO,11,44,52.7755
F21-Gallagher101,Crowding-DE,11,15,0.761444
F21-Gallagher101,Crowding-DE,11,16,0.0884539
F21-Gallagher101,Crowding-DE,11,17,0.0884539
F21-Gallagher101,Crowding-DE,11,18,9.57097e-05
F21-Gallagher101,Crowding-DE,11,19,9.57097e-05
F21-Gallagher101,Crowding-DE,11,20,0.0173095
F21-Gallagher101,Crowding-DE,11,21,0.326594
F21-Gallagher101,Crowding-DE,11,22,0.0884539
F21-Gallagher101,Crowding-DE,11,23,47.0268
F21-Gallagher101,Crowding-DE,11,24,0.326594
F21-Gallagher101,Crowding-DE,11,25,9.57097e-05
F21-Gallagher101,Crowding-DE,11,26,9.57097e-05
F21-Gallagher101,Crowding-DE,11,27,0.0173095
F21-Gallagher101,Crowding-DE,11,28,9.57097e-05
F21-Gallagher101,Crowding-DE,11,29,9.57097e-05
F21-Gallagher101,Crowding-DE,11,30,0.0884539
F21-Gallagher101,Crowding-DE,11,31,9.57097e-05
F21-Gallagher101,Crowding-DE,11,32,9.57097e-05
F21-Gallagher101,Crowding-DE,11,33,0.761444
F21-Gallagher101,Crowding-DE,11,34,0.326594
F21-Gallagher101,Crowding-DE,11,35,0.761444
F21-Gallagher101,Crowding-DE,11,36,9.57097e-05
F21-Gallagher101,Crowding-DE,11,37,9.57097e-05
F21-Gallagher101,Crowding-DE,11,38,0.761444
F21-Gallagher101,Crowding-DE,11,39,0.326594
F21-Gallagher101,Crowding-DE,11,40,9.57097e-05
F21-Gallagher101,Crowding-DE,11,41,9.57097e-05
F21-Gallagher101,Crowding-DE,11,42,46.8451
F21-Gallagher101,Crowding-DE,11,43,0.285454
F21-Gallagher101,Crowding-DE,11,44,0.0884539
F21-Gallagher101,MAP-Elites,11,15,49.1002
F21-Gallagher101,MAP-Elites,11,16,47.1884
F21-Gallagher101,MAP-Elites,11,17,45.5614
F21-Gallagher101,MAP-Elites,11,18,0.000211938
F21-Gallagher101,MAP-Elites,11,19,0.000211938
F21-Gallagher101,MAP-Elites,11,20,0.0483596
F21-Gallagher101,MAP-Elites,11,21,59.156
F21-Gallagher101,MAP-Elites,11,22,62.4346
F21-Gallagher101,MAP-Elites,11,23,47.2311
F21-Gallagher101,MAP-Elites,11,24,50.1759
F21-Gallagher101,MAP-Elites,11,25,0.000211938
F21-Gallagher101,MAP-Elites,11,26,0.000211938
F21-Gallagher101,MAP-Elites,11,27,0.0483596
F21-Gallagher101,MAP-Elites,11,28,0.000211938
F21-Gallagher101,MAP-Elites,11,29,0.000211938
F21-Gallagher101,MAP-Elites,11,30,50.0234
F21-Gallagher101,MAP-Elites,11,31,0.000211938
F21-Gallagher101,MAP-Elites,11,32,0.000211938
F21-Gallagher101,MAP-Elites,11,33,46.5213
F21-Gallagher101,MAP-Elites,11,34,54.2316
F21-Gallagher101,MAP-Elites,11,35,51.8154
F21-Gallagher101,MAP-Elites,11,36,0.000211938
F21-Gallagher101,MAP-Elites,11,37,0.000211938
F21-Gallagher101,MAP-Elites,11,38,48.2297
F21-Gallagher101,MAP-Elites,11,39,52.1584
F21-Gallagher101,MAP-Elites,11,40,0.000211938
F21-Gallagher101,MAP-Elites,11,41,0.000211938
F21-Gallagher101,MAP-Elites,11,42,47.8349
F21-Gallagher101,MAP-Elites,11,43,59.0859
F21-Gallagher101,MAP-Elites,11,44,51.0342
F21-Gallagher101,MC-ESO-crowd,11,15,0.0411409
F21-Gallagher101,MC-ESO-crowd,11,16,0.0173544
F21-Gallagher101,MC-ESO-crowd,11,17,0.0173544
F21-Gallagher101,MC-ESO-crowd,11,18,8.71054e-11
F21-Gallagher101,MC-ESO-crowd,11,19,8.71054e-11
F21-Gallagher101,MC-ESO-crowd,11,20,0.471085
F21-Gallagher101,MC-ESO-crowd,11,21,0.0411409
F21-Gallagher101,MC-ESO-crowd,11,22,0.0173544
F21-Gallagher101,MC-ESO-crowd,11,23,47.255
F21-Gallagher101,MC-ESO-crowd,11,24,0.0411409
F21-Gallagher101,MC-ESO-crowd,11,25,8.71054e-11
F21-Gallagher101,MC-ESO-crowd,11,26,8.71054e-11
F21-Gallagher101,MC-ESO-crowd,11,27,0.471085
F21-Gallagher101,MC-ESO-crowd,11,28,8.71054e-11
F21-Gallagher101,MC-ESO-crowd,11,29,8.71054e-11
F21-Gallagher101,MC-ESO-crowd,11,30,0.0173544
F21-Gallagher101,MC-ESO-crowd,11,31,8.71054e-11
F21-Gallagher101,MC-ESO-crowd,11,32,8.71054e-11
F21-Gallagher101,MC-ESO-crowd,11,33,0.0411409
F21-Gallagher101,MC-ESO-crowd,11,34,0.0411409
F21-Gallagher101,MC-ESO-crowd,11,35,0.0411409
F21-Gallagher101,MC-ESO-crowd,11,36,8.71054e-11
F21-Gallagher101,MC-ESO-crowd,11,37,8.71054e-11
F21-Gallagher101,MC-ESO-crowd,11,38,0.0411409
F21-Gallagher101,MC-ESO-crowd,11,39,0.0411409
F21-Gallagher101,MC-ESO-crowd,11,40,8.71054e-11
F21-Gallagher101,MC-ESO-crowd,11,41,8.71054e-11
F21-Gallagher101,MC-ESO-crowd,11,42,46.8951
F21-Gallagher101,MC-ESO-crowd,11,43,0
F21-Gallagher101,MC-ESO-crowd,11,44,0.0173544
F21-Gallagher101,quality,11,15,4.91696e-12
F21-Gallagher101,quality,11,16,0.315258
F21-Gallagher101,quality,11,17,0.315258
F21-Gallagher101,quality,11,18,9.29239e-09
F21-Gallagher101,quality,11,19,9.29239e-09
F21-Gallagher101,quality,11,20,0.655164
F21-Gallagher101,quality,11,21,4.91696e-12
F21-Gallagher101,quality,11,22,0.315258
F21-Gallagher101,quality,11,23,48.4566
F21-Gallagher101,quality,11,24,4.91696e-12
F21-Gallagher101,quality,11,25,9.29239e-09
F21-Gallagher101,quality,11,26,9.29239e-09
F21-Gallagher101,quality,11,27,0.655164
F21-Gallagher101,quality,11,28,9.29239e-09
F21-Gallagher101,quality,11,29,9.29239e-09
F21-Gallagher101,quality,11,30,0.315258
F21-Gallagher101,quality,11,31,9.29239e-09
F21-Gallagher101,quality,11,32,9.29239e-09
F21-Gallagher101,quality,11,33,4.91696e-12
F21-Gallagher101,quality,11,34,4.91696e-12
F21-Gallagher101,quality,11,35,4.91696e-12
F21-Gallagher101,quality,11,36,9.29239e-09
F21-Gallagher101,quality,11,37,9.29239e-09
F21-Gallagher101,quality,11,38,4.91696e-12
F21-Gallagher101,quality,11,39,4.91696e-12
F21-Gallagher101,quality,11,40,9.29239e-09
F21-Gallagher101,quality,11,41,9.29239e-09
F21-Gallagher101,quality,11,42,46.6504
F21-Gallagher101,quality,11,43,0.512258
F21-Gallagher101,quality,11,44,0.315258
F21-Gallagher101,complement,11,15,4.91696e-12
F21-Gallagher101,complement,11,16,0.315258
F21-Gallagher101,complement,11,17,0.315258
F21-Gallagher101,complement,11,18,9.29239e-09
F21-Gallagher101,complement,11,19,9.29239e-09
F21-Gallagher101,complement,11,20,0.655164
F21-Gallagher101,complement,11,21,4.91696e-12
F21-Gallagher101,complement,11,22,0.315258
F21-Gallagher101,complement,11,23,0
F21-Gallagher101,complement,11,24,4.91696e-12
F21-Gallagher101,complement,11,25,9.29239e-09
F21-Gallagher101,complement,11,26,9.29239e-09
F21-Gallagher101,complement,11,27,0.655164
F21-Gallagher101,complement,11,28,9.29239e-09
F21-Gallagher101,complement,11,29,9.29239e-09
F21-Gallagher101,complement,11,30,0.315258
F21-Gallagher101,complement,11,31,9.29239e-09
F21-Gallagher101,complement,11,32,9.29239e-09
F21-Gallagher101,complement,11,33,4.91696e-12
F21-Gallagher101,complement,11,34,4.91696e-12
F21-Gallagher101,complement,11,35,4.91696e-12
F21-Gallagher101,complement,11,36,9.29239e-09
F21-Gallagher101,complement,11,37,9.29239e-09
F21-Gallagher101,complement,11,38,4.91696e-12
F21-Gallagher101,complement,11,39,4.91696e-12
F21-Gallagher101,complement,11,40,9.29239e-09
F21-Gallagher101,complement,11,41,9.29239e-09
F21-Gallagher101,complement,11,42,46.6504
F21-Gallagher101,complement,11,43,0.512258
F21-Gallagher101,complement,11,44,0.315258
F21-Gallagher101,MC-ESO,12,15,6.35225e-12
F21-Gallagher101,MC-ESO,12,16,0
F21-Gallagher101,MC-ESO,12,17,0.542868
F21-Gallagher101,MC-ESO,12,18,0
F21-Gallagher101,MC-ESO,12,19,0
F21-Gallagher101,MC-ESO,12,20,0
F21-Gallagher101,MC-ESO,12,21,0
F21-Gallagher101,MC-ESO,12,22,6.35225e-12
F21-Gallagher101,MC-ESO,12,23,0.203451
F21-Gallagher101,MC-ESO,12,24,0.691321
F21-Gallagher101,MC-ESO,12,25,0
F21-Gallagher101,MC-ESO,12,26,0
F21-Gallagher101,MC-ESO,12,27,0
F21-Gallagher101,MC-ESO,12,28,45.0248
F21-Gallagher101,MC-ESO,12,29,4.55814
F21-Gallagher101,MC-ESO,12,30,6.35225e-12
F21-Gallagher101,MC-ESO,12,31,4.33361
F21-Gallagher101,MC-ESO,12,32,0
F21-Gallagher101,MC-ESO,12,33,0.203451
F21-Gallagher101,MC-ESO,12,34,0
F21-Gallagher101,MC-ESO,12,35,0
F21-Gallagher101,MC-ESO,12,36,0
F21-Gallagher101,MC-ESO,12,37,4.33361
F21-Gallagher101,MC-ESO,12,38,6.35225e-12
F21-Gallagher101,MC-ESO,12,39,0
F21-Gallagher101,MC-ESO,12,40,6.35225e-12
F21-Gallagher101,MC-ESO,12,41,0
F21-Gallagher101,MC-ESO,12,42,0
F21-Gallagher101,MC-ESO,12,43,6.35225e-12
F21-Gallagher101,MC-ESO,12,44,0
F21-Gallagher101,NMMSO,12,15,0.000302504
F21-Gallagher101,NMMSO,12,16,2.42224e-11
F21-Gallagher101,NMMSO,12,17,0.54317
F21-Gallagher101,NMMSO,12,18,2.42224e-11
F21-Gallagher101,NMMSO,12,19,2.42224e-11
F21-Gallagher101,NMMSO,12,20,2.42224e-11
F21-Gallagher101,NMMSO,12,21,2.42224e-11
F21-Gallagher101,NMMSO,12,22,0.000302504
F21-Gallagher101,NMMSO,12,23,0.203753
F21-Gallagher101,NMMSO,12,24,0.691624
F21-Gallagher101,NMMSO,12,25,2.42224e-11
F21-Gallagher101,NMMSO,12,26,2.42224e-11
F21-Gallagher101,NMMSO,12,27,2.42224e-11
F21-Gallagher101,NMMSO,12,28,45.032
F21-Gallagher101,NMMSO,12,29,0.224533
F21-Gallagher101,NMMSO,12,30,0.000302504
F21-Gallagher101,NMMSO,12,31,3.15158e-06
F21-Gallagher101,NMMSO,12,32,2.42224e-11
F21-Gallagher101,NMMSO,12,33,0.203753
F21-Gallagher101,NMMSO,12,34,2.42224e-11
F21-Gallagher101,NMMSO,12,35,2.42224e-11
F21-Gallagher101,NMMSO,12,36,2.42224e-11
F21-Gallagher101,NMMSO,12,37,3.15158e-06
F21-Gallagher101,NMMSO,12,38,0.000302504
F21-Gallagher101,NMMSO,12,39,2.42224e-11
F21-Gallagher101,NMMSO,12,40,0.000302504
F21-Gallagher101,NMMSO,12,41,2.42224e-11
F21-Gallagher101,NMMSO,12,42,2.42224e-11
F21-Gallagher101,NMMSO,12,43,0.000302504
F21-Gallagher101,NMMSO,12,44,2.42224e-11
F21-Gallagher101,NCDE,12,15,0.0127365
F21-Gallagher101,NCDE,12,16,0
F21-Gallagher101,NCDE,12,17,0.555604
F21-Gallagher101,NCDE,12,18,0
F21-Gallagher101,NCDE,12,19,0
F21-Gallagher101,NCDE,12,20,0
F21-Gallagher101,NCDE,12,21,0
F21-Gallagher101,NCDE,12,22,0.0127365
F21-Gallagher101,NCDE,12,23,0.216188
F21-Gallagher101,NCDE,12,24,0.704058
F21-Gallagher101,NCDE,12,25,0
F21-Gallagher101,NCDE,12,26,0
F21-Gallagher101,NCDE,12,27,0
F21-Gallagher101,NCDE,12,28,45.0246
F21-Gallagher101,NCDE,12,29,0.276771
F21-Gallagher101,NCDE,12,30,0.0127365
F21-Gallagher101,NCDE,12,31,0.0522405
F21-Gallagher101,NCDE,12,32,0
F21-Gallagher101,NCDE,12,33,0.216188
F21-Gallagher101,NCDE,12,34,0
F21-Gallagher101,NCDE,12,35,0
F21-Gallagher101,NCDE,12,36,0
F21-Gallagher101,NCDE,12,37,0.0522405
F21-Gallagher101,NCDE,12,38,0.0127365
F21-Gallagher101,NCDE,12,39,0
F21-Gallagher101,NCDE,12,40,0.0127365
F21-Gallagher101,NCDE,12,41,0
F21-Gallagher101,NCDE,12,42,0
F21-Gallagher101,NCDE,12,43,0.0127365
F21-Gallagher101,NCDE,12,44,0
F21-Gallagher101,r3pso,12,15,1.7053e-13
F21-Gallagher101,r3pso,12,16,0
F21-Gallagher101,r3pso,12,17,0.542868
F21-Gallagher101,r3pso,12,18,0
F21-Gallagher101,r3pso,12,19,0
F21-Gallagher101,r3pso,12,20,0
F21-Gallagher101,r3pso,12,21,0
F21-Gallagher101,r3pso,12,22,1.7053e-13
F21-Gallagher101,r3pso,12,23,0.203451
F21-Gallagher101,r3pso,12,24,0.691321
F21-Gallagher101,r3pso,12,25,0
F21-Gallagher101,r3pso,12,26,0
F21-Gallagher101,r3pso,12,27,0
F21-Gallagher101,r3pso,12,28,45.0249
F21-Gallagher101,r3pso,12,29,0.22453
F21-Gallagher101,r3pso,12,30,1.7053e-13
F21-Gallagher101,r3pso,12,31,1.66118e-09
F21-Gallagher101,r3pso,12,32,0
F21-Gallagher101,r3pso,12,33,0.203451
F21-Gallagher101,r3pso,12,34,0
F21-Gallagher101,r3pso,12,35,0
F21-Gallagher101,r3pso,12,36,0
F21-Gallagher101,r3pso,12,37,1.66118e-09
F21-Gallagher101,r3pso,12,38,1.7053e-13
F21-Gallagher101,r3pso,12,39,0
F21-Gallagher101,r3pso,12,40,1.7053e-13
F21-Gallagher101,r3pso,12,41,0
F21-Gallagher101,r3pso,12,42,0
F21-Gallagher101,r3pso,12,43,1.7053e-13
F21-Gallagher101,r3pso,12,44,0
F21-Gallagher101,NM-Restart,12,15,0
F21-Gallagher101,NM-Restart,12,16,0
F21-Gallagher101,NM-Restart,12,17,0.542868
F21-Gallagher101,NM-Restart,12,18,0
F21-Gallagher101,NM-Restart,12,19,0
F21-Gallagher101,NM-Restart,12,20,0
F21-Gallagher101,NM-Restart,12,21,0
F21-Gallagher101,NM-Restart,12,22,0
F21-Gallagher101,NM-Restart,12,23,0.203451
F21-Gallagher101,NM-Restart,12,24,0.691321
F21-Gallagher101,NM-Restart,12,25,0
F21-Gallagher101,NM-Restart,12,26,0
F21-Gallagher101,NM-Restart,12,27,0
F21-Gallagher101,NM-Restart,12,28,0
F21-Gallagher101,NM-Restart,12,29,0.22453
F21-Gallagher101,NM-Restart,12,30,0
F21-Gallagher101,NM-Restart,12,31,0
F21-Gallagher101,NM-Restart,12,32,0
F21-Gallagher101,NM-Restart,12,33,0.203451
F21-Gallagher101,NM-Restart,12,34,0
F21-Gallagher101,NM-Restart,12,35,0
F21-Gallagher101,NM-Restart,12,36,0
F21-Gallagher101,NM-Restart,12,37,0
F21-Gallagher101,NM-Restart,12,38,0
F21-Gallagher101,NM-Restart,12,39,0
F21-Gallagher101,NM-Restart,12,40,0
F21-Gallagher101,NM-Restart,12,41,0
F21-Gallagher101,NM-Restart,12,42,0
F21-Gallagher101,NM-Restart,12,43,0
F21-Gallagher101,NM-Restart,12,44,0
F21-Gallagher101,IPOP-CMA-ES,12,15,0.0136103
F21-Gallagher101,IPOP-CMA-ES,12,16,0
F21-Gallagher101,IPOP-CMA-ES,12,17,0.556478
F21-Gallagher101,IPOP-CMA-ES,12,18,0
F21-Gallagher101,IPOP-CMA-ES,12,19,0
F21-Gallagher101,IPOP-CMA-ES,12,20,0
F21-Gallagher101,IPOP-CMA-ES,12,21,0
F21-Gallagher101,IPOP-CMA-ES,12,22,0.0136103
F21-Gallagher101,IPOP-CMA-ES,12,23,0.217061
F21-Gallagher101,IPOP-CMA-ES,12,24,0.067298
F21-Gallagher101,IPOP-CMA-ES,12,25,0
F21-Gallagher101,IPOP-CMA-ES,12,26,0
F21-Gallagher101,IPOP-CMA-ES,12,27,0
F21-Gallagher101,IPOP-CMA-ES,12,28,0.0745948
F21-Gallagher101,IPOP-CMA-ES,12,29,0
F21-Gallagher101,IPOP-CMA-ES,12,30,0.0136103
F21-Gallagher101,IPOP-CMA-ES,12,31,44.1576
F21-Gallagher101,IPOP-CMA-ES,12,32,0
F21-Gallagher101,IPOP-CMA-ES,12,33,0.217061
F21-Gallagher101,IPOP-CMA-ES,12,34,0
F21-Gallagher101,IPOP-CMA-ES,12,35,0
F21-Gallagher101,IPOP-CMA-ES,12,36,0
F21-Gallagher101,IPOP-CMA-ES,12,37,47.4035
F21-Gallagher101,IPOP-CMA-ES,12,38,0.0136103
F21-Gallagher101,IPOP-CMA-ES,12,39,0
F21-Gallagher101,IPOP-CMA-ES,12,40,0.0136103
F21-Gallagher101,IPOP-CMA-ES,12,41,0
F21-Gallagher101,IPOP-CMA-ES,12,42,0
F21-Gallagher101,IPOP-CMA-ES,12,43,0.0136103
F21-Gallagher101,IPOP-CMA-ES,12,44,0
F21-Gallagher101,DE,12,15,47.3647
F21-Gallagher101,DE,12,16,0
F21-Gallagher101,DE,12,17,45.8193
F21-Gallagher101,DE,12,18,0
F21-Gallagher101,DE,12,19,0
F21-Gallagher101,DE,12,20,0
F21-Gallagher101,DE,12,21,0
F21-Gallagher101,DE,12,22,48.9197
F21-Gallagher101,DE,12,23,46.6157
F21-Gallagher101,DE,12,24,42.9268
F21-Gallagher101,DE,12,25,0
F21-Gallagher101,DE,12,26,0
F21-Gallagher101,DE,12,27,0
F21-Gallagher101,DE,12,28,45.0244
F21-Gallagher101,DE,12,29,55.7735
F21-Gallagher101,DE,12,30,58.1904
F21-Gallagher101,DE,12,31,56.3445
F21-Gallagher101,DE,12,32,0
F21-Gallagher101,DE,12,33,46.302
F21-Gallagher101,DE,12,34,0
F21-Gallagher101,DE,12,35,0
F21-Gallagher101,DE,12,36,0
F21-Gallagher101,DE,12,37,60.2208
F21-Gallagher101,DE,12,38,55.9488
F21-Gallagher101,DE,12,39,0
F21-Gallagher101,DE,12,40,54.8625
F21-Gallagher101,DE,12,41,0
F21-Gallagher101,DE,12,42,0
F21-Gallagher101,DE,12,43,60.7156
F21-Gallagher101,DE,12,44,0
F21-Gallagher101,PSO,12,15,47.3655
F21-Gallagher101,PSO,12,16,0
F21-Gallagher101,PSO,12,17,45.8202
F21-Gallagher101,PSO,12,18,0
F21-Gallagher101,PSO,12,19,0
F21-Gallagher101,PSO,12,20,0
F21-Gallagher101,PSO,12,21,0
F21-Gallagher101,PSO,12,22,48.9205
F21-Gallagher101,PSO,12,23,46.6164
F21-Gallagher101,PSO,12,24,42.9271
F21-Gallagher101,PSO,12,25,0
F21-Gallagher101,PSO,12,26,0
F21-Gallagher101,PSO,12,27,0
F21-Gallagher101,PSO,12,28,45.0238
F21-Gallagher101,PSO,12,29,55.774
F21-Gallagher101,PSO,12,30,58.1912
F21-Gallagher101,PSO,12,31,56.3449
F21-Gallagher101,PSO,12,32,0
F21-Gallagher101,PSO,12,33,46.3026
F21-Gallagher101,PSO,12,34,0
F21-Gallagher101,PSO,12,35,0
F21-Gallagher101,PSO,12,36,0
F21-Gallagher101,PSO,12,37,60.2212
F21-Gallagher101,PSO,12,38,55.9496
F21-Gallagher101,PSO,12,39,0
F21-Gallagher101,PSO,12,40,54.8633
F21-Gallagher101,PSO,12,41,0
F21-Gallagher101,PSO,12,42,0
F21-Gallagher101,PSO,12,43,60.7162
F21-Gallagher101,PSO,12,44,0
F21-Gallagher101,Crowding-DE,12,15,0.0079208
F21-Gallagher101,Crowding-DE,12,16,0.0005359
F21-Gallagher101,Crowding-DE,12,17,0.550789
F21-Gallagher101,Crowding-DE,12,18,0.0005359
F21-Gallagher101,Crowding-DE,12,19,0.0005359
F21-Gallagher101,Crowding-DE,12,20,0.0005359
F21-Gallagher101,Crowding-DE,12,21,0.0005359
F21-Gallagher101,Crowding-DE,12,22,0.0079208
F21-Gallagher101,Crowding-DE,12,23,0.211372
F21-Gallagher101,Crowding-DE,12,24,0
F21-Gallagher101,Crowding-DE,12,25,0.0005359
F21-Gallagher101,Crowding-DE,12,26,0.0005359
F21-Gallagher101,Crowding-DE,12,27,0.0005359
F21-Gallagher101,Crowding-DE,12,28,43.8813
F21-Gallagher101,Crowding-DE,12,29,0.194836
F21-Gallagher101,Crowding-DE,12,30,0.0079208
F21-Gallagher101,Crowding-DE,12,31,0.127652
F21-Gallagher101,Crowding-DE,12,32,0.0005359
F21-Gallagher101,Crowding-DE,12,33,0.211372
F21-Gallagher101,Crowding-DE,12,34,0.0005359
F21-Gallagher101,Crowding-DE,12,35,0.0005359
F21-Gallagher101,Crowding-DE,12,36,0.0005359
F21-Gallagher101,Crowding-DE,12,37,0.127652
F21-Gallagher101,Crowding-DE,12,38,0.0079208
F21-Gallagher101,Crowding-DE,12,39,0.0005359
F21-Gallagher101,Crowding-DE,12,40,0.0079208
F21-Gallagher101,Crowding-DE,12,41,0.0005359
F21-Gallagher101,Crowding-DE,12,42,0.0005359
F21-Gallagher101,Crowding-DE,12,43,0.0079208
F21-Gallagher101,Crowding-DE,12,44,0.0005359
F21-Gallagher101,MAP-Elites,12,15,0.125743
F21-Gallagher101,MAP-Elites,12,16,0.00120977
F21-Gallagher101,MAP-Elites,12,17,0.339417
F21-Gallagher101,MAP-Elites,12,18,0.00120977
F21-Gallagher101,MAP-Elites,12,19,0.00120977
F21-Gallagher101,MAP-Elites,12,20,0.00120977
F21-Gallagher101,MAP-Elites,12,21,0.00120977
F21-Gallagher101,MAP-Elites,12,22,0.125743
F21-Gallagher101,MAP-Elites,12,23,0
F21-Gallagher101,MAP-Elites,12,24,0.00428656
F21-Gallagher101,MAP-Elites,12,25,0.00120977
F21-Gallagher101,MAP-Elites,12,26,0.00120977
F21-Gallagher101,MAP-Elites,12,27,0.00482246
F21-Gallagher101,MAP-Elites,12,28,42.8342
F21-Gallagher101,MAP-Elites,12,29,0.112132
F21-Gallagher101,MAP-Elites,12,30,0.125743
F21-Gallagher101,MAP-Elites,12,31,43.402
F21-Gallagher101,MAP-Elites,12,32,0.00120977
F21-Gallagher101,MAP-Elites,12,33,0
F21-Gallagher101,MAP-Elites,12,34,0.00120977
F21-Gallagher101,MAP-Elites,12,35,0.00120977
F21-Gallagher101,MAP-Elites,12,36,0.00120977
F21-Gallagher101,MAP-Elites,12,37,46.6245
F21-Gallagher101,MAP-Elites,12,38,0.125743
F21-Gallagher101,MAP-Elites,12,39,0.00120977
F21-Gallagher101,MAP-Elites,12,40,0.125743
F21-Gallagher101,MAP-Elites,12,41,0.00120977
F21-Gallagher101,MAP-Elites,12,42,0.00120977
F21-Gallagher101,MAP-Elites,12,43,0.125743
F21-Gallagher101,MAP-Elites,12,44,0.00120977
F21-Gallagher101,MC-ESO-crowd,12,15,0.00136885
F21-Gallagher101,MC-ESO-crowd,12,16,5.11514e-08
F21-Gallagher101,MC-ESO-crowd,12,17,0
F21-Gallagher101,MC-ESO-crowd,12,18,5.11514e-08
F21-Gallagher101,MC-ESO-crowd,12,19,5.11514e-08
F21-Gallagher101,MC-ESO-crowd,12,20,5.11514e-08
F21-Gallagher101,MC-ESO-crowd,12,21,5.11514e-08
F21-Gallagher101,MC-ESO-crowd,12,22,0.00136885
F21-Gallagher101,MC-ESO-crowd,12,23,0.20482
F21-Gallagher101,MC-ESO-crowd,12,24,0.148453
F21-Gallagher101,MC-ESO-crowd,12,25,5.11514e-08
F21-Gallagher101,MC-ESO-crowd,12,26,5.11514e-08
F21-Gallagher101,MC-ESO-crowd,12,27,5.11514e-08
F21-Gallagher101,MC-ESO-crowd,12,28,43.2837
F21-Gallagher101,MC-ESO-crowd,12,29,0.239432
F21-Gallagher101,MC-ESO-crowd,12,30,0.00136885
F21-Gallagher101,MC-ESO-crowd,12,31,0.0149021
F21-Gallagher101,MC-ESO-crowd,12,32,5.11514e-08
F21-Gallagher101,MC-ESO-crowd,12,33,0.20482
F21-Gallagher101,MC-ESO-crowd,12,34,5.11514e-08
F21-Gallagher101,MC-ESO-crowd,12,35,5.11514e-08
F21-Gallagher101,MC-ESO-crowd,12,36,5.11514e-08
F21-Gallagher101,MC-ESO-crowd,12,37,0.0149021
F21-Gallagher101,MC-ESO-crowd,12,38,0.00136885
F21-Gallagher101,MC-ESO-crowd,12,39,5.11514e-08
F21-Gallagher101,MC-ESO-crowd,12,40,0.00136885
F21-Gallagher101,MC-ESO-crowd,12,41,5.11514e-08
F21-Gallagher101,MC-ESO-crowd,12,42,5.11514e-08
F21-Gallagher101,MC-ESO-crowd,12,43,0.00136885
F21-Gallagher101,MC-ESO-crowd,12,44,5.11514e-08
F21-Gallagher101,quality,12,15,7.10543e-15
F21-Gallagher101,quality,12,16,1.42549e-10
F21-Gallagher101,quality,12,17,0.542868
F21-Gallagher101,quality,12,18,1.42549e-10
F21-Gallagher101,quality,12,19,1.42549e-10
F21-Gallagher101,quality,12,20,1.42549e-10
F21-Gallagher101,quality,12,21,1.42549e-10
F21-Gallagher101,quality,12,22,7.10543e-15
F21-Gallagher101,quality,12,23,0.203451
F21-Gallagher101,quality,12,24,0.691321
F21-Gallagher101,quality,12,25,1.42549e-10
F21-Gallagher101,quality,12,26,1.42549e-10
F21-Gallagher101,quality,12,27,1.42549e-10
F21-Gallagher101,quality,12,28,45.0154
F21-Gallagher101,quality,12,29,0.22453
F21-Gallagher101,quality,12,30,7.10543e-15
F21-Gallagher101,quality,12,31,3.48166e-13
F21-Gallagher101,quality,12,32,1.42549e-10
F21-Gallagher101,quality,12,33,0.203451
F21-Gallagher101,quality,12,34,1.42549e-10
F21-Gallagher101,quality,12,35,1.42549e-10
F21-Gallagher101,quality,12,36,1.42549e-10
F21-Gallagher101,quality,12,37,3.48166e-13
F21-Gallagher101,quality,12,38,7.10543e-15
F21-Gallagher101,quality,12,39,1.42549e-10
F21-Gallagher101,quality,12,40,7.10543e-15
F21-Gallagher101,quality,12,41,1.42549e-10
F21-Gallagher101,quality,12,42,1.42549e-10
F21-Gallagher101,quality,12,43,7.10543e-15
F21-Gallagher101,quality,12,44,1.42549e-10
F21-Gallagher101,complement,12,15,7.10543e-15
F21-Gallagher101,complement,12,16,1.42549e-10
F21-Gallagher101,complement,12,17,0.542868
F21-Gallagher101,complement,12,18,1.42549e-10
F21-Gallagher101,complement,12,19,1.42549e-10
F21-Gallagher101,complement,12,20,1.42549e-10
F21-Gallagher101,complement,12,21,1.42549e-10
F21-Gallagher101,complement,12,22,7.10543e-15
F21-Gallagher101,complement,12,23,0.203451
F21-Gallagher101,complement,12,24,0.691321
F21-Gallagher101,complement,12,25,1.42549e-10
F21-Gallagher101,complement,12,26,1.42549e-10
F21-Gallagher101,complement,12,27,1.42549e-10
F21-Gallagher101,complement,12,28,45.0154
F21-Gallagher101,complement,12,29,0.22453
F21-Gallagher101,complement,12,30,7.10543e-15
F21-Gallagher101,complement,12,31,3.48166e-13
F21-Gallagher101,complement,12,32,1.42549e-10
F21-Gallagher101,complement,12,33,0.203451
F21-Gallagher101,complement,12,34,1.42549e-10
F21-Gallagher101,complement,12,35,1.42549e-10
F21-Gallagher101,complement,12,36,1.42549e-10
F21-Gallagher101,complement,12,37,3.48166e-13
F21-Gallagher101,complement,12,38,7.10543e-15
F21-Gallagher101,complement,12,39,1.42549e-10
F21-Gallagher101,complement,12,40,7.10543e-15
F21-Gallagher101,complement,12,41,1.42549e-10
F21-Gallagher101,complement,12,42,1.42549e-10
F21-Gallagher101,complement,12,43,7.10543e-15
F21-Gallagher101,complement,12,44,1.42549e-10
F21-Gallagher101,MC-ESO,13,15,0
F21-Gallagher101,MC-ESO,13,16,59.9953
F21-Gallagher101,MC-ESO,13,17,0
F21-Gallagher101,MC-ESO,13,18,0.415223
F21-Gallagher101,MC-ESO,13,19,0.653363
F21-Gallagher101,MC-ESO,13,20,0
F21-Gallagher101,MC-ESO,13,21,62.5985
F21-Gallagher101,MC-ESO,13,22,0.415223
F21-Gallagher101,MC-ESO,13,23,0
F21-Gallagher101,MC-ESO,13,24,0.649679
F21-Gallagher101,MC-ESO,13,25,0
F21-Gallagher101,MC-ESO,13,26,0
F21-Gallagher101,MC-ESO,13,27,0
F21-Gallagher101,MC-ESO,13,28,1.27373
F21-Gallagher101,MC-ESO,13,29,0
F21-Gallagher101,MC-ESO,13,30,0.415223
F21-Gallagher101,MC-ESO,13,31,1.35245
F21-Gallagher101,MC-ESO,13,32,0
F21-Gallagher101,MC-ESO,13,33,0
F21-Gallagher101,MC-ESO,13,34,0
F21-Gallagher101,MC-ESO,13,35,0.653363
F21-Gallagher101,MC-ESO,13,36,0.415223
F21-Gallagher101,MC-ESO,13,37,0
F21-Gallagher101,MC-ESO,13,38,0
F21-Gallagher101,MC-ESO,13,39,0
F21-Gallagher101,MC-ESO,13,40,0
F21-Gallagher101,MC-ESO,13,41,1.27373
F21-Gallagher101,MC-ESO,13,42,0
F21-Gallagher101,MC-ESO,13,43,0
F21-Gallagher101,MC-ESO,13,44,0
F21-Gallagher101,NMMSO,13,15,3.57801e-10
F21-Gallagher101,NMMSO,13,16,59.9752
F21-Gallagher101,NMMSO,13,17,3.57801e-10
F21-Gallagher101,NMMSO,13,18,3.25378e-09
F21-Gallagher101,NMMSO,13,19,0.00368402
F21-Gallagher101,NMMSO,13,20,3.57801e-10
F21-Gallagher101,NMMSO,13,21,0.00368402
F21-Gallagher101,NMMSO,13,22,3.25378e-09
F21-Gallagher101,NMMSO,13,23,3.57801e-10
F21-Gallagher101,NMMSO,13,24,0
F21-Gallagher101,NMMSO,13,25,3.57801e-10
F21-Gallagher101,NMMSO,13,26,3.57801e-10
F21-Gallagher101,NMMSO,13,27,3.57801e-10
F21-Gallagher101,NMMSO,13,28,0.00368402
F21-Gallagher101,NMMSO,13,29,3.57801e-10
F21-Gallagher101,NMMSO,13,30,3.25378e-09
F21-Gallagher101,NMMSO,13,31,0.00368402
F21-Gallagher101,NMMSO,13,32,3.57801e-10
F21-Gallagher101,NMMSO,13,33,3.57801e-10
F21-Gallagher101,NMMSO,13,34,3.57801e-10
F21-Gallagher101,NMMSO,13,35,0.00368402
F21-Gallagher101,NMMSO,13,36,3.25378e-09
F21-Gallagher101,NMMSO,13,37,3.57801e-10
F21-Gallagher101,NMMSO,13,38,3.57801e-10
F21-Gallagher101,NMMSO,13,39,3.57801e-10
F21-Gallagher101,NMMSO,13,40,3.57801e-10
F21-Gallagher101,NMMSO,13,41,0.00368402
F21-Gallagher101,NMMSO,13,42,3.57801e-10
F21-Gallagher101,NMMSO,13,43,3.57801e-10
F21-Gallagher101,NMMSO,13,44,3.57801e-10
F21-Gallagher101,NCDE,13,15,6.24778e-07
F21-Gallagher101,NCDE,13,16,60.0932
F21-Gallagher101,NCDE,13,17,6.24778e-07
F21-Gallagher101,NCDE,13,18,0.0770173
F21-Gallagher101,NCDE,13,19,3.45607e-05
F21-Gallagher101,NCDE,13,20,6.24778e-07
F21-Gallagher101,NCDE,13,21,3.45607e-05
F21-Gallagher101,NCDE,13,22,0.0770173
F21-Gallagher101,NCDE,13,23,6.24778e-07
F21-Gallagher101,NCDE,13,24,0.311474
F21-Gallagher101,NCDE,13,25,6.24778e-07
F21-Gallagher101,NCDE,13,26,6.24778e-07
F21-Gallagher101,NCDE,13,27,6.24778e-07
F21-Gallagher101,NCDE,13,28,3.45607e-05
F21-Gallagher101,NCDE,13,29,6.24778e-07
F21-Gallagher101,NCDE,13,30,0.0770173
F21-Gallagher101,NCDE,13,31,3.45607e-05
F21-Gallagher101,NCDE,13,32,6.24778e-07
F21-Gallagher101,NCDE,13,33,6.24778e-07
F21-Gallagher101,NCDE,13,34,6.24778e-07
F21-Gallagher101,NCDE,13,35,3.45607e-05
F21-Gallagher101,NCDE,13,36,0.0770173
F21-Gallagher101,NCDE,13,37,6.24778e-07
F21-Gallagher101,NCDE,13,38,6.24778e-07
F21-Gallagher101,NCDE,13,39,6.24778e-07
F21-Gallagher101,NCDE,13,40,6.24778e-07
F21-Gallagher101,NCDE,13,41,3.45607e-05
F21-Gallagher101,NCDE,13,42,6.24778e-07
F21-Gallagher101,NCDE,13,43,6.24778e-07
F21-Gallagher101,NCDE,13,44,6.24778e-07
F21-Gallagher101,r3pso,13,15,0
F21-Gallagher101,r3pso,13,16,59.9961
F21-Gallagher101,r3pso,13,17,0
F21-Gallagher101,r3pso,13,18,1.76248e-09
F21-Gallagher101,r3pso,13,19,0.23814
F21-Gallagher101,r3pso,13,20,0
F21-Gallagher101,r3pso,13,21,64.8246
F21-Gallagher101,r3pso,13,22,1.76248e-09
F21-Gallagher101,r3pso,13,23,0
F21-Gallagher101,r3pso,13,24,0.234456
F21-Gallagher101,r3pso,13,25,0
F21-Gallagher101,r3pso,13,26,0
F21-Gallagher101,r3pso,13,27,0
F21-Gallagher101,r3pso,13,28,58.8732
F21-Gallagher101,r3pso,13,29,0
F21-Gallagher101,r3pso,13,30,1.76248e-09
F21-Gallagher101,r3pso,13,31,58.4649
F21-Gallagher101,r3pso,13,32,0
F21-Gallagher101,r3pso,13,33,0
F21-Gallagher101,r3pso,13,34,0
F21-Gallagher101,r3pso,13,35,0.23814
F21-Gallagher101,r3pso,13,36,1.76248e-09
F21-Gallagher101,r3pso,13,37,0
F21-Gallagher101,r3pso,13,38,0
F21-Gallagher101,r3pso,13,39,0
F21-Gallagher101,r3pso,13,40,0
F21-Gallagher101,r3pso,13,41,59.2446
F21-Gallagher101,r3pso,13,42,0
F21-Gallagher101,r3pso,13,43,0
F21-Gallagher101,r3pso,13,44,0
F21-Gallagher101,NM-Restart,13,15,0
F21-Gallagher101,NM-Restart,13,16,1.79724
F21-Gallagher101,NM-Restart,13,17,0
F21-Gallagher101,NM-Restart,13,18,0
F21-Gallagher101,NM-Restart,13,19,0.23814
F21-Gallagher101,NM-Restart,13,20,0
F21-Gallagher101,NM-Restart,13,21,62.3684
F21-Gallagher101,NM-Restart,13,22,0
F21-Gallagher101,NM-Restart,13,23,0
F21-Gallagher101,NM-Restart,13,24,0.234456
F21-Gallagher101,NM-Restart,13,25,0
F21-Gallagher101,NM-Restart,13,26,0
F21-Gallagher101,NM-Restart,13,27,0
F21-Gallagher101,NM-Restart,13,28,1.11116
F21-Gallagher101,NM-Restart,13,29,0
F21-Gallagher101,NM-Restart,13,30,0
F21-Gallagher101,NM-Restart,13,31,1.11116
F21-Gallagher101,NM-Restart,13,32,0
F21-Gallagher101,NM-Restart,13,33,0
F21-Gallagher101,NM-Restart,13,34,0
F21-Gallagher101,NM-Restart,13,35,0.23814
F21-Gallagher101,NM-Restart,13,36,0
F21-Gallagher101,NM-Restart,13,37,0
F21-Gallagher101,NM-Restart,13,38,0
F21-Gallagher101,NM-Restart,13,39,0
F21-Gallagher101,NM-Restart,13,40,0
F21-Gallagher101,NM-Restart,13,41,1.11116
F21-Gallagher101,NM-Restart,13,42,0
F21-Gallagher101,NM-Restart,13,43,0
F21-Gallagher101,NM-Restart,13,44,0
F21-Gallagher101,IPOP-CMA-ES,13,15,0
F21-Gallagher101,IPOP-CMA-ES,13,16,0
F21-Gallagher101,IPOP-CMA-ES,13,17,0
F21-Gallagher101,IPOP-CMA-ES,13,18,0
F21-Gallagher101,IPOP-CMA-ES,13,19,0.00474712
F21-Gallagher101,IPOP-CMA-ES,13,20,0
F21-Gallagher101,IPOP-CMA-ES,13,21,0.00474712
F21-Gallagher101,IPOP-CMA-ES,13,22,0
F21-Gallagher101,IPOP-CMA-ES,13,23,0
F21-Gallagher101,IPOP-CMA-ES,13,24,0.0010631
F21-Gallagher101,IPOP-CMA-ES,13,25,0
F21-Gallagher101,IPOP-CMA-ES,13,26,0
F21-Gallagher101,IPOP-CMA-ES,13,27,0
F21-Gallagher101,IPOP-CMA-ES,13,28,0.00474712
F21-Gallagher101,IPOP-CMA-ES,13,29,0
F21-Gallagher101,IPOP-CMA-ES,13,30,0
F21-Gallagher101,IPOP-CMA-ES,13,31,0.00474712
F21-Gallagher101,IPOP-CMA-ES,13,32,0
F21-Gallagher101,IPOP-CMA-ES,13,33,0
F21-Gallagher101,IPOP-CMA-ES,13,34,0
F21-Gallagher101,IPOP-CMA-ES,13,35,0.00474712
F21-Gallagher101,IPOP-CMA-ES,13,36,0
F21-Gallagher101,IPOP-CMA-ES,13,37,0
F21-Gallagher101,IPOP-CMA-ES,13,38,0
F21-Gallagher101,IPOP-CMA-ES,13,39,0
F21-Gallagher101,IPOP-CMA-ES,13,40,0
F21-Gallagher101,IPOP-CMA-ES,13,41,0.00474712
F21-Gallagher101,IPOP-CMA-ES,13,42,0
F21-Gallagher101,IPOP-CMA-ES,13,43,0
F21-Gallagher101,IPOP-CMA-ES,13,44,0
F21-Gallagher101,DE,13,15,0
F21-Gallagher101,DE,13,16,59.9946
F21-Gallagher101,DE,13,17,0
F21-Gallagher101,DE,13,18,87.1975
F21-Gallagher101,DE,13,19,65.3062
F21-Gallagher101,DE,13,20,0
F21-Gallagher101,DE,13,21,65.959
F21-Gallagher101,DE,13,22,64.8033
F21-Gallagher101,DE,13,23,0
F21-Gallagher101,DE,13,24,68.5846
F21-Gallagher101,DE,13,25,0
F21-Gallagher101,DE,13,26,0
F21-Gallagher101,DE,13,27,0
F21-Gallagher101,DE,13,28,65.5326
F21-Gallagher101,DE,13,29,0
F21-Gallagher101,DE,13,30,65.3974
F21-Gallagher101,DE,13,31,59.9896
F21-Gallagher101,DE,13,32,0
F21-Gallagher101,DE,13,33,0
F21-Gallagher101,DE,13,34,0
F21-Gallagher101,DE,13,35,82.6806
F21-Gallagher101,DE,13,36,75.907
F21-Gallagher101,DE,13,37,0
F21-Gallagher101,DE,13,38,0
F21-Gallagher101,DE,13,39,0
F21-Gallagher101,DE,13,40,0
F21-Gallagher101,DE,13,41,64.3154
F21-Gallagher101,DE,13,42,0
F21-Gallagher101,DE,13,43,0
F21-Gallagher101,DE,13,44,0
F21-Gallagher101,PSO,13,15,0
F21-Gallagher101,PSO,13,16,59.9958
F21-Gallagher101,PSO,13,17,0
F21-Gallagher101,PSO,13,18,87.1955
F21-Gallagher101,PSO,13,19,65.3046
F21-Gallagher101,PSO,13,20,0
F21-Gallagher101,PSO,13,21,65.9585
F21-Gallagher101,PSO,13,22,64.8034
F21-Gallagher101,PSO,13,23,0
F21-Gallagher101,PSO,13,24,68.5835
F21-Gallagher101,PSO,13,25,0
F21-Gallagher101,PSO,13,26,0
F21-Gallagher101,PSO,13,27,0
F21-Gallagher101,PSO,13,28,65.5313
F21-Gallagher101,PSO,13,29,0
F21-Gallagher101,PSO,13,30,65.397
F21-Gallagher101,PSO,13,31,59.989
F21-Gallagher101,PSO,13,32,0
F21-Gallagher101,PSO,13,33,0
F21-Gallagher101,PSO,13,34,0
F21-Gallagher101,PSO,13,35,82.6785
F21-Gallagher101,PSO,13,36,75.9057
F21-Gallagher101,PSO,13,37,0
F21-Gallagher101,PSO,13,38,0
F21-Gallagher101,PSO,13,39,0
F21-Gallagher101,PSO,13,40,0
F21-Gallagher101,PSO,13,41,64.3143
F21-Gallagher101,PSO,13,42,0
F21-Gallagher101,PSO,13,43,0
F21-Gallagher101,PSO,13,44,0
F21-Gallagher101,Crowding-DE,13,15,1.54104e-06
F21-Gallagher101,Crowding-DE,13,16,58.4193
F21-Gallagher101,Crowding-DE,13,17,1.54104e-06
F21-Gallagher101,Crowding-DE,13,18,0.0726632
F21-Gallagher101,Crowding-DE,13,19,0.032005
F21-Gallagher101,Crowding-DE,13,20,1.54104e-06
F21-Gallagher101,Crowding-DE,13,21,0.032005
F21-Gallagher101,Crowding-DE,13,22,0.0726632
F21-Gallagher101,Crowding-DE,13,23,1.54104e-06
F21-Gallagher101,Crowding-DE,13,24,0.30712
F21-Gallagher101,Crowding-DE,13,25,1.54104e-06
F21-Gallagher101,Crowding-DE,13,26,1.54104e-06
F21-Gallagher101,Crowding-DE,13,27,1.54104e-06
F21-Gallagher101,Crowding-DE,13,28,0.032005
F21-Gallagher101,Crowding-DE,13,29,1.54104e-06
F21-Gallagher101,Crowding-DE,13,30,0.0726632
F21-Gallagher101,Crowding-DE,13,31,0.032005
F21-Gallagher101,Crowding-DE,13,32,1.54104e-06
F21-Gallagher101,Crowding-DE,13,33,1.54104e-06
F21-Gallagher101,Crowding-DE,13,34,1.54104e-06
F21-Gallagher101,Crowding-DE,13,35,0.032005
F21-Gallagher101,Crowding-DE,13,36,0.0726632
F21-Gallagher101,Crowding-DE,13,37,1.54104e-06
F21-Gallagher101,Crowding-DE,13,38,1.54104e-06
F21-Gallagher101,Crowding-DE,13,39,1.54104e-06
F21-Gallagher101,Crowding-DE,13,40,1.54104e-06
F21-Gallagher101,Crowding-DE,13,41,0.032005
F21-Gallagher101,Crowding-DE,13,42,1.54104e-06
F21-Gallagher101,Crowding-DE,13,43,1.54104e-06
F21-Gallagher101,Crowding-DE,13,44,1.54104e-06
F21-Gallagher101,MAP-Elites,13,15,0.000239697
F21-Gallagher101,MAP-Elites,13,16,0.263865
F21-Gallagher101,MAP-Elites,13,17,0.000239697
F21-Gallagher101,MAP-Elites,13,18,80.534
F21-Gallagher101,MAP-Elites,13,19,60.3298
F21-Gallagher101,MAP-Elites,13,20,0.000239697
F21-Gallagher101,MAP-Elites,13,21,65.0369
F21-Gallagher101,MAP-Elites,13,22,64.8732
F21-Gallagher101,MAP-Elites,13,23,0.000239697
F21-Gallagher101,MAP-Elites,13,24,64.7808
F21-Gallagher101,MAP-Elites,13,25,0.000239697
F21-Gallagher101,MAP-Elites,13,26,0.000239697
F21-Gallagher101,MAP-Elites,13,27,0.000239697
F21-Gallagher101,MAP-Elites,13,28,62.0571
F21-Gallagher101,MAP-Elites,13,29,0.000239697
F21-Gallagher101,MAP-Elites,13,30,64.0413
F21-Gallagher101,MAP-Elites,13,31,58.7936
F21-Gallagher101,MAP-Elites,13,32,0.000239697
F21-Gallagher101,MAP-Elites,13,33,0.000239697
F21-Gallagher101,MAP-Elites,13,34,0.000239697
F21-Gallagher101,MAP-Elites,13,35,75.8248
F21-Gallagher101,MAP-Elites,13,36,71.5468
F21-Gallagher101,MAP-Elites,13,37,0.000239697
F21-Gallagher101,MAP-Elites,13,38,0.000239697
F21-Gallagher101,MAP-Elites,13,39,0.000239697
F21-Gallagher101,MAP-Elites,13,40,0.000239697
F21-Gallagher101,MAP-Elites,13,41,61.0855
F21-Gallagher101,MAP-Elites,13,42,0.000239697
F21-Gallagher101,MAP-Elites,13,43,0.000239697
F21-Gallagher101,MAP-Elites,13,44,0.000239697
F21-Gallagher101,MC-ESO-crowd,13,15,1.20034e-08
F21-Gallagher101,MC-ESO-crowd,13,16,60.0238
F21-Gallagher101,MC-ESO-crowd,13,17,1.20034e-08
F21-Gallagher101,MC-ESO-crowd,13,18,0.0908697
F21-Gallagher101,MC-ESO-crowd,13,19,0.000573588
F21-Gallagher101,MC-ESO-crowd,13,20,1.20034e-08
F21-Gallagher101,MC-ESO-crowd,13,21,0.000573588
F21-Gallagher101,MC-ESO-crowd,13,22,0.0908697
F21-Gallagher101,MC-ESO-crowd,13,23,1.20034e-08
F21-Gallagher101,MC-ESO-crowd,13,24,0.325326
F21-Gallagher101,MC-ESO-crowd,13,25,1.20034e-08
F21-Gallagher101,MC-ESO-crowd,13,26,1.20034e-08
F21-Gallagher101,MC-ESO-crowd,13,27,1.20034e-08
F21-Gallagher101,MC-ESO-crowd,13,28,0.000573588
F21-Gallagher101,MC-ESO-crowd,13,29,1.20034e-08
F21-Gallagher101,MC-ESO-crowd,13,30,0.0908697
F21-Gallagher101,MC-ESO-crowd,13,31,0.000573588
F21-Gallagher101,MC-ESO-crowd,13,32,1.20034e-08
F21-Gallagher101,MC-ESO-crowd,13,33,1.20034e-08
F21-Gallagher101,MC-ESO-crowd,13,34,1.20034e-08
F21-Gallagher101,MC-ESO-crowd,13,35,0.000573588
F21-Gallagher101,MC-ESO-crowd,13,36,0.0908697
F21-Gallagher101,MC-ESO-crowd,13,37,1.20034e-08
F21-Gallagher101,MC-ESO-crowd,13,38,1.20034e-08
F21-Gallagher101,MC-ESO-crowd,13,39,1.20034e-08
F21-Gallagher101,MC-ESO-crowd,13,40,1.20034e-08
F21-Gallagher101,MC-ESO-crowd,13,41,0.000573588
F21-Gallagher101,MC-ESO-crowd,13,42,1.20034e-08
F21-Gallagher101,MC-ESO-crowd,13,43,1.20034e-08
F21-Gallagher101,MC-ESO-crowd,13,44,1.20034e-08
F21-Gallagher101,quality,13,15,2.76354e-09
F21-Gallagher101,quality,13,16,59.9963
F21-Gallagher101,quality,13,17,2.76354e-09
F21-Gallagher101,quality,13,18,1.42109e-12
F21-Gallagher101,quality,13,19,0
F21-Gallagher101,quality,13,20,2.76354e-09
F21-Gallagher101,quality,13,21,0
F21-Gallagher101,quality,13,22,1.42109e-12
F21-Gallagher101,quality,13,23,2.76354e-09
F21-Gallagher101,quality,13,24,0.234456
F21-Gallagher101,quality,13,25,2.76354e-09
F21-Gallagher101,quality,13,26,2.76354e-09
F21-Gallagher101,quality,13,27,2.76354e-09
F21-Gallagher101,quality,13,28,0
F21-Gallagher101,quality,13,29,2.76354e-09
F21-Gallagher101,quality,13,30,1.42109e-12
F21-Gallagher101,quality,13,31,0
F21-Gallagher101,quality,13,32,2.76354e-09
F21-Gallagher101,quality,13,33,2.76354e-09
F21-Gallagher101,quality,13,34,2.76354e-09
F21-Gallagher101,quality,13,35,0
F21-Gallagher101,quality,13,36,1.42109e-12
F21-Gallagher101,quality,13,37,2.76354e-09
F21-Gallagher101,quality,13,38,2.76354e-09
F21-Gallagher101,quality,13,39,2.76354e-09
F21-Gallagher101,quality,13,40,2.76354e-09
F21-Gallagher101,quality,13,41,0
F21-Gallagher101,quality,13,42,2.76354e-09
F21-Gallagher101,quality,13,43,2.76354e-09
F21-Gallagher101,quality,13,44,2.76354e-09
F21-Gallagher101,complement,13,15,2.76354e-09
F21-Gallagher101,complement,13,16,1.90316
F21-Gallagher101,complement,13,17,2.76354e-09
F21-Gallagher101,complement,13,18,1.42109e-12
F21-Gallagher101,complement,13,19,0
F21-Gallagher101,complement,13,20,2.76354e-09
F21-Gallagher101,complement,13,21,0
F21-Gallagher101,complement,13,22,1.42109e-12
F21-Gallagher101,complement,13,23,2.76354e-09
F21-Gallagher101,complement,13,24,0.234456
F21-Gallagher101,complement,13,25,2.76354e-09
F21-Gallagher101,complement,13,26,2.76354e-09
F21-Gallagher101,complement,13,27,2.76354e-09
F21-Gallagher101,complement,13,28,0
F21-Gallagher101,complement,13,29,2.76354e-09
F21-Gallagher101,complement,13,30,1.42109e-12
F21-Gallagher101,complement,13,31,0
F21-Gallagher101,complement,13,32,2.76354e-09
F21-Gallagher101,complement,13,33,2.76354e-09
F21-Gallagher101,complement,13,34,2.76354e-09
F21-Gallagher101,complement,13,35,0
F21-Gallagher101,complement,13,36,1.42109e-12
F21-Gallagher101,complement,13,37,2.76354e-09
F21-Gallagher101,complement,13,38,2.76354e-09
F21-Gallagher101,complement,13,39,2.76354e-09
F21-Gallagher101,complement,13,40,2.76354e-09
F21-Gallagher101,complement,13,41,0
F21-Gallagher101,complement,13,42,2.76354e-09
F21-Gallagher101,complement,13,43,2.76354e-09
F21-Gallagher101,complement,13,44,2.76354e-09
F21-Gallagher101,MC-ESO,14,15,0
F21-Gallagher101,MC-ESO,14,16,4.75637e-11
F21-Gallagher101,MC-ESO,14,17,0
F21-Gallagher101,MC-ESO,14,18,4.75637e-11
F21-Gallagher101,MC-ESO,14,19,0.204836
F21-Gallagher101,MC-ESO,14,20,0
F21-Gallagher101,MC-ESO,14,21,0
F21-Gallagher101,MC-ESO,14,22,1.87781e-08
F21-Gallagher101,MC-ESO,14,23,4.75637e-11
F21-Gallagher101,MC-ESO,14,24,0
F21-Gallagher101,MC-ESO,14,25,4.75637e-11
F21-Gallagher101,MC-ESO,14,26,4.75637e-11
F21-Gallagher101,MC-ESO,14,27,0
F21-Gallagher101,MC-ESO,14,28,0
F21-Gallagher101,MC-ESO,14,29,4.75637e-11
F21-Gallagher101,MC-ESO,14,30,1.87781e-08
F21-Gallagher101,MC-ESO,14,31,0
F21-Gallagher101,MC-ESO,14,32,0
F21-Gallagher101,MC-ESO,14,33,4.75637e-11
F21-Gallagher101,MC-ESO,14,34,0
F21-Gallagher101,MC-ESO,14,35,0
F21-Gallagher101,MC-ESO,14,36,0
F21-Gallagher101,MC-ESO,14,37,4.75637e-11
F21-Gallagher101,MC-ESO,14,38,77.4949
F21-Gallagher101,MC-ESO,14,39,4.75637e-11
F21-Gallagher101,MC-ESO,14,40,0
F21-Gallagher101,MC-ESO,14,41,0
F21-Gallagher101,MC-ESO,14,42,4.75637e-11
F21-Gallagher101,MC-ESO,14,43,4.75637e-11
F21-Gallagher101,MC-ESO,14,44,0
F21-Gallagher101,NMMSO,14,15,1.91743
F21-Gallagher101,NMMSO,14,16,0.000157337
F21-Gallagher101,NMMSO,14,17,0
F21-Gallagher101,NMMSO,14,18,0.000157337
F21-Gallagher101,NMMSO,14,19,0.204993
F21-Gallagher101,NMMSO,14,20,1.91743
F21-Gallagher101,NMMSO,14,21,0
F21-Gallagher101,NMMSO,14,22,0.31526
F21-Gallagher101,NMMSO,14,23,0.000157337
F21-Gallagher101,NMMSO,14,24,0
F21-Gallagher101,NMMSO,14,25,0.000157337
F21-Gallagher101,NMMSO,14,26,0.000157337
F21-Gallagher101,NMMSO,14,27,0
F21-Gallagher101,NMMSO,14,28,0
F21-Gallagher101,NMMSO,14,29,0.000157337
F21-Gallagher101,NMMSO,14,30,73.448
F21-Gallagher101,NMMSO,14,31,0
F21-Gallagher101,NMMSO,14,32,0
F21-Gallagher101,NMMSO,14,33,0.000157337
F21-Gallagher101,NMMSO,14,34,0
F21-Gallagher101,NMMSO,14,35,0
F21-Gallagher101,NMMSO,14,36,0
F21-Gallagher101,NMMSO,14,37,0.000157337
F21-Gallagher101,NMMSO,14,38,0.000106001
F21-Gallagher101,NMMSO,14,39,0.000157337
F21-Gallagher101,NMMSO,14,40,0.559165
F21-Gallagher101,NMMSO,14,41,0
F21-Gallagher101,NMMSO,14,42,0.000157337
F21-Gallagher101,NMMSO,14,43,0.000157337
F21-Gallagher101,NMMSO,14,44,0
F21-Gallagher101,NCDE,14,15,72.7774
F21-Gallagher101,NCDE,14,16,0.000148749
F21-Gallagher101,NCDE,14,17,6.6791e-13
F21-Gallagher101,NCDE,14,18,0.000148749
F21-Gallagher101,NCDE,14,19,0.204985
F21-Gallagher101,NCDE,14,20,73.7455
F21-Gallagher101,NCDE,14,21,6.6791e-13
F21-Gallagher101,NCDE,14,22,0.00498061
F21-Gallagher101,NCDE,14,23,0.000148749
F21-Gallagher101,NCDE,14,24,6.6791e-13
F21-Gallagher101,NCDE,14,25,0.000148749
F21-Gallagher101,NCDE,14,26,0.000148749
F21-Gallagher101,NCDE,14,27,6.6791e-13
F21-Gallagher101,NCDE,14,28,6.6791e-13
F21-Gallagher101,NCDE,14,29,0.000148749
F21-Gallagher101,NCDE,14,30,0.00498061
F21-Gallagher101,NCDE,14,31,6.6791e-13
F21-Gallagher101,NCDE,14,32,6.6791e-13
F21-Gallagher101,NCDE,14,33,0.000148749
F21-Gallagher101,NCDE,14,34,6.6791e-13
F21-Gallagher101,NCDE,14,35,6.6791e-13
F21-Gallagher101,NCDE,14,36,6.6791e-13
F21-Gallagher101,NCDE,14,37,0.000148749
F21-Gallagher101,NCDE,14,38,79.0628
F21-Gallagher101,NCDE,14,39,0.000148749
F21-Gallagher101,NCDE,14,40,0.559156
F21-Gallagher101,NCDE,14,41,6.6791e-13
F21-Gallagher101,NCDE,14,42,0.000148749
F21-Gallagher101,NCDE,14,43,0.000148749
F21-Gallagher101,NCDE,14,44,6.6791e-13
F21-Gallagher101,r3pso,14,15,72.7797
F21-Gallagher101,r3pso,14,16,83.4857
F21-Gallagher101,r3pso,14,17,0
F21-Gallagher101,r3pso,14,18,79.4789
F21-Gallagher101,r3pso,14,19,77.8779
F21-Gallagher101,r3pso,14,20,73.7477
F21-Gallagher101,r3pso,14,21,0
F21-Gallagher101,r3pso,14,22,83.2272
F21-Gallagher101,r3pso,14,23,95.2567
F21-Gallagher101,r3pso,14,24,0
F21-Gallagher101,r3pso,14,25,81.6778
F21-Gallagher101,r3pso,14,26,92.8871
F21-Gallagher101,r3pso,14,27,0
F21-Gallagher101,r3pso,14,28,0
F21-Gallagher101,r3pso,14,29,88.8899
F21-Gallagher101,r3pso,14,30,95.9376
F21-Gallagher101,r3pso,14,31,0
F21-Gallagher101,r3pso,14,32,0
F21-Gallagher101,r3pso,14,33,77.2195
F21-Gallagher101,r3pso,14,34,0
F21-Gallagher101,r3pso,14,35,0
F21-Gallagher101,r3pso,14,36,0
F21-Gallagher101,r3pso,14,37,85.303
F21-Gallagher101,r3pso,14,38,79.0629
F21-Gallagher101,r3pso,14,39,100.196
F21-Gallagher101,r3pso,14,40,75.172
F21-Gallagher101,r3pso,14,41,0
F21-Gallagher101,r3pso,14,42,80.9038
F21-Gallagher101,r3pso,14,43,96.2623
F21-Gallagher101,r3pso,14,44,0
F21-Gallagher101,NM-Restart,14,15,1.91732
F21-Gallagher101,NM-Restart,14,16,0.553399
F21-Gallagher101,NM-Restart,14,17,0
F21-Gallagher101,NM-Restart,14,18,0.553399
F21-Gallagher101,NM-Restart,14,19,0.758235
F21-Gallagher101,NM-Restart,14,20,1.91732
F21-Gallagher101,NM-Restart,14,21,0
F21-Gallagher101,NM-Restart,14,22,0.315258
F21-Gallagher101,NM-Restart,14,23,0.553399
F21-Gallagher101,NM-Restart,14,24,0
F21-Gallagher101,NM-Restart,14,25,0.553399
F21-Gallagher101,NM-Restart,14,26,0.553399
F21-Gallagher101,NM-Restart,14,27,0
F21-Gallagher101,NM-Restart,14,28,0
F21-Gallagher101,NM-Restart,14,29,0.553399
F21-Gallagher101,NM-Restart,14,30,73.5212
F21-Gallagher101,NM-Restart,14,31,0
F21-Gallagher101,NM-Restart,14,32,0
F21-Gallagher101,NM-Restart,14,33,1.11116
F21-Gallagher101,NM-Restart,14,34,0
F21-Gallagher101,NM-Restart,14,35,0
F21-Gallagher101,NM-Restart,14,36,0
F21-Gallagher101,NM-Restart,14,37,0.553399
F21-Gallagher101,NM-Restart,14,38,0
F21-Gallagher101,NM-Restart,14,39,0.553399
F21-Gallagher101,NM-Restart,14,40,1.11241
F21-Gallagher101,NM-Restart,14,41,0
F21-Gallagher101,NM-Restart,14,42,0.553399
F21-Gallagher101,NM-Restart,14,43,0.553399
F21-Gallagher101,NM-Restart,14,44,0
F21-Gallagher101,IPOP-CMA-ES,14,15,72.778
F21-Gallagher101,IPOP-CMA-ES,14,16,0.23814
F21-Gallagher101,IPOP-CMA-ES,14,17,0
F21-Gallagher101,IPOP-CMA-ES,14,18,0.23814
F21-Gallagher101,IPOP-CMA-ES,14,19,0.442976
F21-Gallagher101,IPOP-CMA-ES,14,20,73.746
F21-Gallagher101,IPOP-CMA-ES,14,21,0
F21-Gallagher101,IPOP-CMA-ES,14,22,0
F21-Gallagher101,IPOP-CMA-ES,14,23,0.23814
F21-Gallagher101,IPOP-CMA-ES,14,24,0
F21-Gallagher101,IPOP-CMA-ES,14,25,0.23814
F21-Gallagher101,IPOP-CMA-ES,14,26,0.23814
F21-Gallagher101,IPOP-CMA-ES,14,27,0
F21-Gallagher101,IPOP-CMA-ES,14,28,0
F21-Gallagher101,IPOP-CMA-ES,14,29,0.23814
F21-Gallagher101,IPOP-CMA-ES,14,30,0
F21-Gallagher101,IPOP-CMA-ES,14,31,0
F21-Gallagher101,IPOP-CMA-ES,14,32,0
F21-Gallagher101,IPOP-CMA-ES,14,33,77.2206
F21-Gallagher101,IPOP-CMA-ES,14,34,0
F21-Gallagher101,IPOP-CMA-ES,14,35,0
F21-Gallagher101,IPOP-CMA-ES,14,36,0
F21-Gallagher101,IPOP-CMA-ES,14,37,0.23814
F21-Gallagher101,IPOP-CMA-ES,14,38,76.2882
F21-Gallagher101,IPOP-CMA-ES,14,39,0.23814
F21-Gallagher101,IPOP-CMA-ES,14,40,0.797148
F21-Gallagher101,IPOP-CMA-ES,14,41,0
F21-Gallagher101,IPOP-CMA-ES,14,42,0.23814
F21-Gallagher101,IPOP-CMA-ES,14,43,0.23814
F21-Gallagher101,IPOP-CMA-ES,14,44,0
F21-Gallagher101,DE,14,15,72.7785
F21-Gallagher101,DE,14,16,83.487
F21-Gallagher101,DE,14,17,0
F21-Gallagher101,DE,14,18,79.4794
F21-Gallagher101,DE,14,19,77.8786
F21-Gallagher101,DE,14,20,73.7464
F21-Gallagher101,DE,14,21,0
F21-Gallagher101,DE,14,22,83.2271
F21-Gallagher101,DE,14,23,95.2578
F21-Gallagher101,DE,14,24,0
F21-Gallagher101,DE,14,25,81.6781
F21-Gallagher101,DE,14,26,92.8885
F21-Gallagher101,DE,14,27,0
F21-Gallagher101,DE,14,28,0
F21-Gallagher101,DE,14,29,88.8909
F21-Gallagher101,DE,14,30,95.9375
F21-Gallagher101,DE,14,31,0
F21-Gallagher101,DE,14,32,0
F21-Gallagher101,DE,14,33,77.2204
F21-Gallagher101,DE,14,34,0
F21-Gallagher101,DE,14,35,0
F21-Gallagher101,DE,14,36,0
F21-Gallagher101,DE,14,37,85.3042
F21-Gallagher101,DE,14,38,79.062
F21-Gallagher101,DE,14,39,100.197
F21-Gallagher101,DE,14,40,75.1725
F21-Gallagher101,DE,14,41,0
F21-Gallagher101,DE,14,42,80.905
F21-Gallagher101,DE,14,43,96.2636
F21-Gallagher101,DE,14,44,0
F21-Gallagher101,PSO,14,15,72.7989
F21-Gallagher101,PSO,14,16,11.6219
F21-Gallagher101,PSO,14,17,2.95515e-11
F21-Gallagher101,PSO,14,18,4.84495
F21-Gallagher101,PSO,14,19,5.04979
F21-Gallagher101,PSO,14,20,73.7663
F21-Gallagher101,PSO,14,21,2.95515e-11
F21-Gallagher101,PSO,14,22,4.60681
F21-Gallagher101,PSO,14,23,11.6219
F21-Gallagher101,PSO,14,24,2.95515e-11
F21-Gallagher101,PSO,14,25,4.84495
F21-Gallagher101,PSO,14,26,83.3985
F21-Gallagher101,PSO,14,27,2.95515e-11
F21-Gallagher101,PSO,14,28,2.95515e-11
F21-Gallagher101,PSO,14,29,4.84495
F21-Gallagher101,PSO,14,30,11.3838
F21-Gallagher101,PSO,14,31,2.95515e-11
F21-Gallagher101,PSO,14,32,2.95515e-11
F21-Gallagher101,PSO,14,33,77.2116
F21-Gallagher101,PSO,14,34,2.95515e-11
F21-Gallagher101,PSO,14,35,2.95515e-11
F21-Gallagher101,PSO,14,36,2.95515e-11
F21-Gallagher101,PSO,14,37,85.2858
F21-Gallagher101,PSO,14,38,10.376
F21-Gallagher101,PSO,14,39,88.5464
F21-Gallagher101,PSO,14,40,5.40396
F21-Gallagher101,PSO,14,41,2.95515e-11
F21-Gallagher101,PSO,14,42,80.8886
F21-Gallagher101,PSO,14,43,96.0861
F21-Gallagher101,PSO,14,44,2.95515e-11
F21-Gallagher101,Crowding-DE,14,15,0.0010518
F21-Gallagher101,Crowding-DE,14,16,0.0143316
F21-Gallagher101,Crowding-DE,14,17,2.01088e-06
F21-Gallagher101,Crowding-DE,14,18,0.0143316
F21-Gallagher101,Crowding-DE,14,19,0.219168
F21-Gallagher101,Crowding-DE,14,20,0.0010518
F21-Gallagher101,Crowding-DE,14,21,2.01088e-06
F21-Gallagher101,Crowding-DE,14,22,82.1965
F21-Gallagher101,Crowding-DE,14,23,0.0143316
F21-Gallagher101,Crowding-DE,14,24,2.01088e-06
F21-Gallagher101,Crowding-DE,14,25,0.0143316
F21-Gallagher101,Crowding-DE,14,26,0.0143316
F21-Gallagher101,Crowding-DE,14,27,2.01088e-06
F21-Gallagher101,Crowding-DE,14,28,2.01088e-06
F21-Gallagher101,Crowding-DE,14,29,0.0143316
F21-Gallagher101,Crowding-DE,14,30,94.3075
F21-Gallagher101,Crowding-DE,14,31,2.01088e-06
F21-Gallagher101,Crowding-DE,14,32,2.01088e-06
F21-Gallagher101,Crowding-DE,14,33,0.0143316
F21-Gallagher101,Crowding-DE,14,34,2.01088e-06
F21-Gallagher101,Crowding-DE,14,35,2.01088e-06
F21-Gallagher101,Crowding-DE,14,36,2.01088e-06
F21-Gallagher101,Crowding-DE,14,37,0.0143316
F21-Gallagher101,Crowding-DE,14,38,75.8474
F21-Gallagher101,Crowding-DE,14,39,0.0143316
F21-Gallagher101,Crowding-DE,14,40,0.573339
F21-Gallagher101,Crowding-DE,14,41,2.01088e-06
F21-Gallagher101,Crowding-DE,14,42,0.0143316
F21-Gallagher101,Crowding-DE,14,43,0.0143316
F21-Gallagher101,Crowding-DE,14,44,2.01088e-06
F21-Gallagher101,MAP-Elites,14,15,0.0636692
F21-Gallagher101,MAP-Elites,14,16,76.179
F21-Gallagher101,MAP-Elites,14,17,1.81547e-07
F21-Gallagher101,MAP-Elites,14,18,74.6791
F21-Gallagher101,MAP-Elites,14,19,71.6376
F21-Gallagher101,MAP-Elites,14,20,0.0636692
F21-Gallagher101,MAP-Elites,14,21,1.81547e-07
F21-Gallagher101,MAP-Elites,14,22,81.371
F21-Gallagher101,MAP-Elites,14,23,87.3161
F21-Gallagher101,MAP-Elites,14,24,1.81547e-07
F21-Gallagher101,MAP-Elites,14,25,77.5024
F21-Gallagher101,MAP-Elites,14,26,84.8469
F21-Gallagher101,MAP-Elites,14,27,1.81547e-07
F21-Gallagher101,MAP-Elites,14,28,1.81547e-07
F21-Gallagher101,MAP-Elites,14,29,81.037
F21-Gallagher101,MAP-Elites,14,30,93.9175
F21-Gallagher101,MAP-Elites,14,31,1.81547e-07
F21-Gallagher101,MAP-Elites,14,32,1.81547e-07
F21-Gallagher101,MAP-Elites,14,33,74.6901
F21-Gallagher101,MAP-Elites,14,34,1.81547e-07
F21-Gallagher101,MAP-Elites,14,35,1.81547e-07
F21-Gallagher101,MAP-Elites,14,36,1.81547e-07
F21-Gallagher101,MAP-Elites,14,37,79.3244
F21-Gallagher101,MAP-Elites,14,38,75.7877
F21-Gallagher101,MAP-Elites,14,39,91.9776
F21-Gallagher101,MAP-Elites,14,40,0.370495
F21-Gallagher101,MAP-Elites,14,41,1.81547e-07
F21-Gallagher101,MAP-Elites,14,42,75.6562
F21-Gallagher101,MAP-Elites,14,43,89.3431
F21-Gallagher101,MAP-Elites,14,44,1.81547e-07
F21-Gallagher101,MC-ESO-crowd,14,15,0.124964
F21-Gallagher101,MC-ESO-crowd,14,16,9.37717e-05
F21-Gallagher101,MC-ESO-crowd,14,17,3.7366e-10
F21-Gallagher101,MC-ESO-crowd,14,18,9.37717e-05
F21-Gallagher101,MC-ESO-crowd,14,19,0
F21-Gallagher101,MC-ESO-crowd,14,20,0.124964
F21-Gallagher101,MC-ESO-crowd,14,21,3.7366e-10
F21-Gallagher101,MC-ESO-crowd,14,22,80.7201
F21-Gallagher101,MC-ESO-crowd,14,23,9.37717e-05
F21-Gallagher101,MC-ESO-crowd,14,24,3.7366e-10
F21-Gallagher101,MC-ESO-crowd,14,25,9.37717e-05
F21-Gallagher101,MC-ESO-crowd,14,26,9.37717e-05
F21-Gallagher101,MC-ESO-crowd,14,27,3.7366e-10
F21-Gallagher101,MC-ESO-crowd,14,28,3.7366e-10
F21-Gallagher101,MC-ESO-crowd,14,29,9.37717e-05
F21-Gallagher101,MC-ESO-crowd,14,30,93.2765
F21-Gallagher101,MC-ESO-crowd,14,31,3.7366e-10
F21-Gallagher101,MC-ESO-crowd,14,32,3.7366e-10
F21-Gallagher101,MC-ESO-crowd,14,33,9.37717e-05
F21-Gallagher101,MC-ESO-crowd,14,34,3.7366e-10
F21-Gallagher101,MC-ESO-crowd,14,35,3.7366e-10
F21-Gallagher101,MC-ESO-crowd,14,36,3.7366e-10
F21-Gallagher101,MC-ESO-crowd,14,37,9.37717e-05
F21-Gallagher101,MC-ESO-crowd,14,38,77.0107
F21-Gallagher101,MC-ESO-crowd,14,39,9.37717e-05
F21-Gallagher101,MC-ESO-crowd,14,40,0.354172
F21-Gallagher101,MC-ESO-crowd,14,41,3.7366e-10
F21-Gallagher101,MC-ESO-crowd,14,42,9.37717e-05
F21-Gallagher101,MC-ESO-crowd,14,43,9.37717e-05
F21-Gallagher101,MC-ESO-crowd,14,44,3.7366e-10
F21-Gallagher101,quality,14,15,72.9057
F21-Gallagher101,quality,14,16,0
F21-Gallagher101,quality,14,17,5.00239e-08
F21-Gallagher101,quality,14,18,0
F21-Gallagher101,quality,14,19,0.204836
F21-Gallagher101,quality,14,20,73.87
F21-Gallagher101,quality,14,21,5.00239e-08
F21-Gallagher101,quality,14,22,2.41585e-13
F21-Gallagher101,quality,14,23,0
F21-Gallagher101,quality,14,24,5.00239e-08
F21-Gallagher101,quality,14,25,0
F21-Gallagher101,quality,14,26,0
F21-Gallagher101,quality,14,27,5.00239e-08
F21-Gallagher101,quality,14,28,5.00239e-08
F21-Gallagher101,quality,14,29,0
F21-Gallagher101,quality,14,30,2.41585e-13
F21-Gallagher101,quality,14,31,5.00239e-08
F21-Gallagher101,quality,14,32,5.00239e-08
F21-Gallagher101,quality,14,33,0
F21-Gallagher101,quality,14,34,5.00239e-08
F21-Gallagher101,quality,14,35,5.00239e-08
F21-Gallagher101,quality,14,36,5.00239e-08
F21-Gallagher101,quality,14,37,0
F21-Gallagher101,quality,14,38,79.1247
F21-Gallagher101,quality,14,39,0
F21-Gallagher101,quality,14,40,0.559008
F21-Gallagher101,quality,14,41,5.00239e-08
F21-Gallagher101,quality,14,42,0
F21-Gallagher101,quality,14,43,0
F21-Gallagher101,quality,14,44,5.00239e-08
F21-Gallagher101,complement,14,15,1.91732
F21-Gallagher101,complement,14,16,0
F21-Gallagher101,complement,14,17,5.00239e-08
F21-Gallagher101,complement,14,18,0
F21-Gallagher101,complement,14,19,0.204836
F21-Gallagher101,complement,14,20,1.91732
F21-Gallagher101,complement,14,21,5.00239e-08
F21-Gallagher101,complement,14,22,1.00774
F21-Gallagher101,complement,14,23,0
F21-Gallagher101,complement,14,24,5.00239e-08
F21-Gallagher101,complement,14,25,0
F21-Gallagher101,complement,14,26,0
F21-Gallagher101,complement,14,27,5.00239e-08
F21-Gallagher101,complement,14,28,5.00239e-08
F21-Gallagher101,complement,14,29,0
F21-Gallagher101,complement,14,30,73.5212
F21-Gallagher101,complement,14,31,5.00239e-08
F21-Gallagher101,complement,14,32,5.00239e-08
F21-Gallagher101,complement,14,33,0
F21-Gallagher101,complement,14,34,5.00239e-08
F21-Gallagher101,complement,14,35,5.00239e-08
F21-Gallagher101,complement,14,36,5.00239e-08
F21-Gallagher101,complement,14,37,0
F21-Gallagher101,complement,14,38,1.16742e-11
F21-Gallagher101,complement,14,39,0
F21-Gallagher101,complement,14,40,0.559008
F21-Gallagher101,complement,14,41,5.00239e-08
F21-Gallagher101,complement,14,42,0
F21-Gallagher101,complement,14,43,0
F21-Gallagher101,complement,14,44,5.00239e-08
F17-SchafferF7,MC-ESO,0,15,0
F17-SchafferF7,MC-ESO,0,16,0
F17-SchafferF7,MC-ESO,0,17,2.32138
F17-SchafferF7,MC-ESO,0,18,4.92902
F17-SchafferF7,MC-ESO,0,19,650.628
F17-SchafferF7,MC-ESO,0,20,0
F17-SchafferF7,MC-ESO,0,21,625.277
F17-SchafferF7,MC-ESO,0,22,528.008
F17-SchafferF7,MC-ESO,0,23,526.064
F17-SchafferF7,MC-ESO,0,24,0
F17-SchafferF7,MC-ESO,0,25,0
F17-SchafferF7,MC-ESO,0,26,0
F17-SchafferF7,MC-ESO,0,27,0
F17-SchafferF7,MC-ESO,0,28,0
F17-SchafferF7,MC-ESO,0,29,1.10032
F17-SchafferF7,MC-ESO,0,30,0
F17-SchafferF7,MC-ESO,0,31,575.394
F17-SchafferF7,MC-ESO,0,32,0
F17-SchafferF7,MC-ESO,0,33,554.771
F17-SchafferF7,MC-ESO,0,34,0
F17-SchafferF7,MC-ESO,0,35,644.533
F17-SchafferF7,MC-ESO,0,36,623.628
F17-SchafferF7,MC-ESO,0,37,637.235
F17-SchafferF7,MC-ESO,0,38,579.97
F17-SchafferF7,MC-ESO,0,39,0
F17-SchafferF7,MC-ESO,0,40,0
F17-SchafferF7,MC-ESO,0,41,0
F17-SchafferF7,MC-ESO,0,42,515.51
F17-SchafferF7,MC-ESO,0,43,3.89529
F17-SchafferF7,MC-ESO,0,44,5.29151
F17-SchafferF7,NMMSO,0,15,0.00302131
F17-SchafferF7,NMMSO,0,16,0.00302131
F17-SchafferF7,NMMSO,0,17,2.68525e-09
F17-SchafferF7,NMMSO,0,18,0.459686
F17-SchafferF7,NMMSO,0,19,672.005
F17-SchafferF7,NMMSO,0,20,0.00302131
F17-SchafferF7,NMMSO,0,21,658.416
F17-SchafferF7,NMMSO,0,22,556.617
F17-SchafferF7,NMMSO,0,23,591.553
F17-SchafferF7,NMMSO,0,24,0.00302131
F17-SchafferF7,NMMSO,0,25,0.00302131
F17-SchafferF7,NMMSO,0,26,0.00302131
F17-SchafferF7,NMMSO,0,27,0.00302131
F17-SchafferF7,NMMSO,0,28,0.00302131
F17-SchafferF7,NMMSO,0,29,525.807
F17-SchafferF7,NMMSO,0,30,0.00302131
F17-SchafferF7,NMMSO,0,31,623.733
F17-SchafferF7,NMMSO,0,32,0.00302131
F17-SchafferF7,NMMSO,0,33,577.879
F17-SchafferF7,NMMSO,0,34,0.00302131
F17-SchafferF7,NMMSO,0,35,646.578
F17-SchafferF7,NMMSO,0,36,644.982
F17-SchafferF7,NMMSO,0,37,625.777
F17-SchafferF7,NMMSO,0,38,615.131
F17-SchafferF7,NMMSO,0,39,0.00302131
F17-SchafferF7,NMMSO,0,40,0.00302131
F17-SchafferF7,NMMSO,0,41,0.00302131
F17-SchafferF7,NMMSO,0,42,554.388
F17-SchafferF7,NMMSO,0,43,0.708536
F17-SchafferF7,NMMSO,0,44,0.822169
F17-SchafferF7,NCDE,0,15,0.0180561
F17-SchafferF7,NCDE,0,16,0.0180561
F17-SchafferF7,NCDE,0,17,560.409
F17-SchafferF7,NCDE,0,18,0.00552509
F17-SchafferF7,NCDE,0,19,690.471
F17-SchafferF7,NCDE,0,20,0.0180561
F17-SchafferF7,NCDE,0,21,691.649
F17-SchafferF7,NCDE,0,22,582.651
F17-SchafferF7,NCDE,0,23,528.625
F17-SchafferF7,NCDE,0,24,0.0180561
F17-SchafferF7,NCDE,0,25,0.0180561
F17-SchafferF7,NCDE,0,26,0.0180561
F17-SchafferF7,NCDE,0,27,0.0180561
F17-SchafferF7,NCDE,0,28,0.0180561
F17-SchafferF7,NCDE,0,29,1.69799
F17-SchafferF7,NCDE,0,30,0.0180561
F17-SchafferF7,NCDE,0,31,563.78
F17-SchafferF7,NCDE,0,32,0.0180561
F17-SchafferF7,NCDE,0,33,534.838
F17-SchafferF7,NCDE,0,34,0.0180561
F17-SchafferF7,NCDE,0,35,660.046
F17-SchafferF7,NCDE,0,36,605.44
F17-SchafferF7,NCDE,0,37,635.515
F17-SchafferF7,NCDE,0,38,563.086
F17-SchafferF7,NCDE,0,39,0.0180561
F17-SchafferF7,NCDE,0,40,0.0180561
F17-SchafferF7,NCDE,0,41,0.0180561
F17-SchafferF7,NCDE,0,42,499.868
F17-SchafferF7,NCDE,0,43,0.00689018
F17-SchafferF7,NCDE,0,44,0.368008
F17-SchafferF7,r3pso,0,15,5.88608e-06
F17-SchafferF7,r3pso,0,16,5.88608e-06
F17-SchafferF7,r3pso,0,17,667.305
F17-SchafferF7,r3pso,0,18,562.959
F17-SchafferF7,r3pso,0,19,751.948
F17-SchafferF7,r3pso,0,20,5.88608e-06
F17-SchafferF7,r3pso,0,21,772.153
F17-SchafferF7,r3pso,0,22,654.918
F17-SchafferF7,r3pso,0,23,591.427
F17-SchafferF7,r3pso,0,24,5.88608e-06
F17-SchafferF7,r3pso,0,25,5.88608e-06
F17-SchafferF7,r3pso,0,26,5.88608e-06
F17-SchafferF7,r3pso,0,27,5.88608e-06
F17-SchafferF7,r3pso,0,28,5.88608e-06
F17-SchafferF7,r3pso,0,29,525.717
F17-SchafferF7,r3pso,0,30,5.88608e-06
F17-SchafferF7,r3pso,0,31,623.627
F17-SchafferF7,r3pso,0,32,5.88608e-06
F17-SchafferF7,r3pso,0,33,577.824
F17-SchafferF7,r3pso,0,34,5.88608e-06
F17-SchafferF7,r3pso,0,35,702.95
F17-SchafferF7,r3pso,0,36,644.936
F17-SchafferF7,r3pso,0,37,664.692
F17-SchafferF7,r3pso,0,38,615.052
F17-SchafferF7,r3pso,0,39,5.88608e-06
F17-SchafferF7,r3pso,0,40,5.88608e-06
F17-SchafferF7,r3pso,0,41,5.88608e-06
F17-SchafferF7,r3pso,0,42,554.301
F17-SchafferF7,r3pso,0,43,579.732
F17-SchafferF7,r3pso,0,44,540.868
F17-SchafferF7,NM-Restart,0,15,1.84858
F17-SchafferF7,NM-Restart,0,16,2.42262
F17-SchafferF7,NM-Restart,0,17,0
F17-SchafferF7,NM-Restart,0,18,1.03374
F17-SchafferF7,NM-Restart,0,19,660.755
F17-SchafferF7,NM-Restart,0,20,1.84858
F17-SchafferF7,NM-Restart,0,21,649.35
F17-SchafferF7,NM-Restart,0,22,547.243
F17-SchafferF7,NM-Restart,0,23,509.246
F17-SchafferF7,NM-Restart,0,24,1.84858
F17-SchafferF7,NM-Restart,0,25,1.84858
F17-SchafferF7,NM-Restart,0,26,1.84858
F17-SchafferF7,NM-Restart,0,27,1.84858
F17-SchafferF7,NM-Restart,0,28,1.84858
F17-SchafferF7,NM-Restart,0,29,1.09695
F17-SchafferF7,NM-Restart,0,30,1.84858
F17-SchafferF7,NM-Restart,0,31,557.144
F17-SchafferF7,NM-Restart,0,32,1.84858
F17-SchafferF7,NM-Restart,0,33,499.183
F17-SchafferF7,NM-Restart,0,34,1.84858
F17-SchafferF7,NM-Restart,0,35,610.173
F17-SchafferF7,NM-Restart,0,36,562.818
F17-SchafferF7,NM-Restart,0,37,572.696
F17-SchafferF7,NM-Restart,0,38,549.43
F17-SchafferF7,NM-Restart,0,39,1.84858
F17-SchafferF7,NM-Restart,0,40,1.84858
F17-SchafferF7,NM-Restart,0,41,1.84858
F17-SchafferF7,NM-Restart,0,42,0
F17-SchafferF7,NM-Restart,0,43,0
F17-SchafferF7,NM-Restart,0,44,1.39622
F17-SchafferF7,IPOP-CMA-ES,0,15,6.92779e-13
F17-SchafferF7,IPOP-CMA-ES,0,16,6.92779e-13
F17-SchafferF7,IPOP-CMA-ES,0,17,667.305
F17-SchafferF7,IPOP-CMA-ES,0,18,562.959
F17-SchafferF7,IPOP-CMA-ES,0,19,751.948
F17-SchafferF7,IPOP-CMA-ES,0,20,6.92779e-13
F17-SchafferF7,IPOP-CMA-ES,0,21,772.154
F17-SchafferF7,IPOP-CMA-ES,0,22,654.919
F17-SchafferF7,IPOP-CMA-ES,0,23,591.427
F17-SchafferF7,IPOP-CMA-ES,0,24,6.92779e-13
F17-SchafferF7,IPOP-CMA-ES,0,25,6.92779e-13
F17-SchafferF7,IPOP-CMA-ES,0,26,6.92779e-13
F17-SchafferF7,IPOP-CMA-ES,0,27,6.92779e-13
F17-SchafferF7,IPOP-CMA-ES,0,28,6.92779e-13
F17-SchafferF7,IPOP-CMA-ES,0,29,525.717
F17-SchafferF7,IPOP-CMA-ES,0,30,6.92779e-13
F17-SchafferF7,IPOP-CMA-ES,0,31,623.627
F17-SchafferF7,IPOP-CMA-ES,0,32,6.92779e-13
F17-SchafferF7,IPOP-CMA-ES,0,33,577.824
F17-SchafferF7,IPOP-CMA-ES,0,34,6.92779e-13
F17-SchafferF7,IPOP-CMA-ES,0,35,702.95
F17-SchafferF7,IPOP-CMA-ES,0,36,644.936
F17-SchafferF7,IPOP-CMA-ES,0,37,664.692
F17-SchafferF7,IPOP-CMA-ES,0,38,615.052
F17-SchafferF7,IPOP-CMA-ES,0,39,6.92779e-13
F17-SchafferF7,IPOP-CMA-ES,0,40,6.92779e-13
F17-SchafferF7,IPOP-CMA-ES,0,41,6.92779e-13
F17-SchafferF7,IPOP-CMA-ES,0,42,554.301
F17-SchafferF7,IPOP-CMA-ES,0,43,579.733
F17-SchafferF7,IPOP-CMA-ES,0,44,540.868
F17-SchafferF7,DE,0,15,0
F17-SchafferF7,DE,0,16,0
F17-SchafferF7,DE,0,17,667.305
F17-SchafferF7,DE,0,18,562.959
F17-SchafferF7,DE,0,19,751.948
F17-SchafferF7,DE,0,20,0
F17-SchafferF7,DE,0,21,772.154
F17-SchafferF7,DE,0,22,654.919
F17-SchafferF7,DE,0,23,591.427
F17-SchafferF7,DE,0,24,0
F17-SchafferF7,DE,0,25,0
F17-SchafferF7,DE,0,26,0
F17-SchafferF7,DE,0,27,0
F17-SchafferF7,DE,0,28,0
F17-SchafferF7,DE,0,29,525.717
F17-SchafferF7,DE,0,30,0
F17-SchafferF7,DE,0,31,623.627
F17-SchafferF7,DE,0,32,0
F17-SchafferF7,DE,0,33,577.824
F17-SchafferF7,DE,0,34,0
F17-SchafferF7,DE,0,35,702.95
F17-SchafferF7,DE,0,36,644.936
F17-SchafferF7,DE,0,37,664.692
F17-SchafferF7,DE,0,38,615.052
F17-SchafferF7,DE,0,39,0
F17-SchafferF7,DE,0,40,0
F17-SchafferF7,DE,0,41,0
F17-SchafferF7,DE,0,42,554.301
F17-SchafferF7,DE,0,43,579.733
F17-SchafferF7,DE,0,44,540.868
F17-SchafferF7,PSO,0,15,8.99328e-09
F17-SchafferF7,PSO,0,16,8.99328e-09
F17-SchafferF7,PSO,0,17,667.305
F17-SchafferF7,PSO,0,18,562.959
F17-SchafferF7,PSO,0,19,751.948
F17-SchafferF7,PSO,0,20,8.99328e-09
F17-SchafferF7,PSO,0,21,772.154
F17-SchafferF7,PSO,0,22,654.919
F17-SchafferF7,PSO,0,23,591.427
F17-SchafferF7,PSO,0,24,8.99328e-09
F17-SchafferF7,PSO,0,25,8.99328e-09
F17-SchafferF7,PSO,0,26,8.99328e-09
F17-SchafferF7,PSO,0,27,8.99328e-09
F17-SchafferF7,PSO,0,28,8.99328e-09
F17-SchafferF7,PSO,0,29,525.717
F17-SchafferF7,PSO,0,30,8.99328e-09
F17-SchafferF7,PSO,0,31,623.627
F17-SchafferF7,PSO,0,32,8.99328e-09
F17-SchafferF7,PSO,0,33,577.824
F17-SchafferF7,PSO,0,34,8.99328e-09
F17-SchafferF7,PSO,0,35,702.95
F17-SchafferF7,PSO,0,36,644.936
F17-SchafferF7,PSO,0,37,664.692
F17-SchafferF7,PSO,0,38,615.052
F17-SchafferF7,PSO,0,39,8.99328e-09
F17-SchafferF7,PSO,0,40,8.99328e-09
F17-SchafferF7,PSO,0,41,8.99328e-09
F17-SchafferF7,PSO,0,42,554.301
F17-SchafferF7,PSO,0,43,579.733
F17-SchafferF7,PSO,0,44,540.868
F17-SchafferF7,Crowding-DE,0,15,0.0985519
F17-SchafferF7,Crowding-DE,0,16,0.0985519
F17-SchafferF7,Crowding-DE,0,17,607.498
F17-SchafferF7,Crowding-DE,0,18,0.000277675
F17-SchafferF7,Crowding-DE,0,19,706.74
F17-SchafferF7,Crowding-DE,0,20,0.0985519
F17-SchafferF7,Crowding-DE,0,21,722.08
F17-SchafferF7,Crowding-DE,0,22,606.785
F17-SchafferF7,Crowding-DE,0,23,570.222
F17-SchafferF7,Crowding-DE,0,24,0.0985519
F17-SchafferF7,Crowding-DE,0,25,0.0985519
F17-SchafferF7,Crowding-DE,0,26,0.0985519
F17-SchafferF7,Crowding-DE,0,27,0.0985519
F17-SchafferF7,Crowding-DE,0,28,0.0985519
F17-SchafferF7,Crowding-DE,0,29,517.108
F17-SchafferF7,Crowding-DE,0,30,0.0985519
F17-SchafferF7,Crowding-DE,0,31,609.902
F17-SchafferF7,Crowding-DE,0,32,0.0985519
F17-SchafferF7,Crowding-DE,0,33,562.763
F17-SchafferF7,Crowding-DE,0,34,0.0985519
F17-SchafferF7,Crowding-DE,0,35,663.552
F17-SchafferF7,Crowding-DE,0,36,626.151
F17-SchafferF7,Crowding-DE,0,37,630.094
F17-SchafferF7,Crowding-DE,0,38,609.211
F17-SchafferF7,Crowding-DE,0,39,0.0985519
F17-SchafferF7,Crowding-DE,0,40,0.0985519
F17-SchafferF7,Crowding-DE,0,41,0.0985519
F17-SchafferF7,Crowding-DE,0,42,546.359
F17-SchafferF7,Crowding-DE,0,43,519.52
F17-SchafferF7,Crowding-DE,0,44,0.362761
F17-SchafferF7,MAP-Elites,0,15,0.208649
F17-SchafferF7,MAP-Elites,0,16,0.208649
F17-SchafferF7,MAP-Elites,0,17,636.187
F17-SchafferF7,MAP-Elites,0,18,528.018
F17-SchafferF7,MAP-Elites,0,19,737.407
F17-SchafferF7,MAP-Elites,0,20,0.208649
F17-SchafferF7,MAP-Elites,0,21,751.026
F17-SchafferF7,MAP-Elites,0,22,636.679
F17-SchafferF7,MAP-Elites,0,23,529.98
F17-SchafferF7,MAP-Elites,0,24,0.208649
F17-SchafferF7,MAP-Elites,0,25,0.208649
F17-SchafferF7,MAP-Elites,0,26,0.208649
F17-SchafferF7,MAP-Elites,0,27,0.208649
F17-SchafferF7,MAP-Elites,0,28,0.208649
F17-SchafferF7,MAP-Elites,0,29,0
F17-SchafferF7,MAP-Elites,0,30,0.208649
F17-SchafferF7,MAP-Elites,0,31,572.267
F17-SchafferF7,MAP-Elites,0,32,0.208649
F17-SchafferF7,MAP-Elites,0,33,552.35
F17-SchafferF7,MAP-Elites,0,34,0.208649
F17-SchafferF7,MAP-Elites,0,35,694.604
F17-SchafferF7,MAP-Elites,0,36,623.926
F17-SchafferF7,MAP-Elites,0,37,660.811
F17-SchafferF7,MAP-Elites,0,38,577.131
F17-SchafferF7,MAP-Elites,0,39,0.208649
F17-SchafferF7,MAP-Elites,0,40,0.208649
F17-SchafferF7,MAP-Elites,0,41,0.208649
F17-SchafferF7,MAP-Elites,0,42,512.583
F17-SchafferF7,MAP-Elites,0,43,547.206
F17-SchafferF7,MAP-Elites,0,44,504.925
F17-SchafferF7,MC-ESO-crowd,0,15,0.0533632
F17-SchafferF7,MC-ESO-crowd,0,16,0.0533632
F17-SchafferF7,MC-ESO-crowd,0,17,570.542
F17-SchafferF7,MC-ESO-crowd,0,18,1.03509
F17-SchafferF7,MC-ESO-crowd,0,19,709.405
F17-SchafferF7,MC-ESO-crowd,0,20,0.0533632
F17-SchafferF7,MC-ESO-crowd,0,21,708.29
F17-SchafferF7,MC-ESO-crowd,0,22,600.428
F17-SchafferF7,MC-ESO-crowd,0,23,501.63
F17-SchafferF7,MC-ESO-crowd,0,24,0.0533632
F17-SchafferF7,MC-ESO-crowd,0,25,0.0533632
F17-SchafferF7,MC-ESO-crowd,0,26,0.0533632
F17-SchafferF7,MC-ESO-crowd,0,27,0.0533632
F17-SchafferF7,MC-ESO-crowd,0,28,0.0533632
F17-SchafferF7,MC-ESO-crowd,0,29,0.277332
F17-SchafferF7,MC-ESO-crowd,0,30,0.0533632
F17-SchafferF7,MC-ESO-crowd,0,31,559.17
F17-SchafferF7,MC-ESO-crowd,0,32,0.0533632
F17-SchafferF7,MC-ESO-crowd,0,33,558.029
F17-SchafferF7,MC-ESO-crowd,0,34,0.0533632
F17-SchafferF7,MC-ESO-crowd,0,35,680.299
F17-SchafferF7,MC-ESO-crowd,0,36,628.639
F17-SchafferF7,MC-ESO-crowd,0,37,651.311
F17-SchafferF7,MC-ESO-crowd,0,38,578.814
F17-SchafferF7,MC-ESO-crowd,0,39,0.0533632
F17-SchafferF7,MC-ESO-crowd,0,40,0.0533632
F17-SchafferF7,MC-ESO-crowd,0,41,0.0533632
F17-SchafferF7,MC-ESO-crowd,0,42,510.427
F17-SchafferF7,MC-ESO-crowd,0,43,0.00135318
F17-SchafferF7,MC-ESO-crowd,0,44,0
F17-SchafferF7,quality,0,15,1.38889
F17-SchafferF7,quality,0,16,1.38889
F17-SchafferF7,quality,0,17,539.226
F17-SchafferF7,quality,0,18,0
F17-SchafferF7,quality,0,19,693.642
F17-SchafferF7,quality,0,20,1.38889
F17-SchafferF7,quality,0,21,686.253
F17-SchafferF7,quality,0,22,581.132
F17-SchafferF7,quality,0,23,512.598
F17-SchafferF7,quality,0,24,1.38889
F17-SchafferF7,quality,0,25,1.38889
F17-SchafferF7,quality,0,26,1.38889
F17-SchafferF7,quality,0,27,1.38889
F17-SchafferF7,quality,0,28,1.38889
F17-SchafferF7,quality,0,29,1.09695
F17-SchafferF7,quality,0,30,1.38889
F17-SchafferF7,quality,0,31,557.845
F17-SchafferF7,quality,0,32,1.38889
F17-SchafferF7,quality,0,33,545.386
F17-SchafferF7,quality,0,34,1.38889
F17-SchafferF7,quality,0,35,670.502
F17-SchafferF7,quality,0,36,618.238
F17-SchafferF7,quality,0,37,637.524
F17-SchafferF7,quality,0,38,566.594
F17-SchafferF7,quality,0,39,1.38889
F17-SchafferF7,quality,0,40,1.38889
F17-SchafferF7,quality,0,41,1.38889
F17-SchafferF7,quality,0,42,500.952
F17-SchafferF7,quality,0,43,0.708536
F17-SchafferF7,quality,0,44,0.362483
F17-SchafferF7,complement,0,15,1.38889
F17-SchafferF7,complement,0,16,1.38889
F17-SchafferF7,complement,0,17,3.79668
F17-SchafferF7,complement,0,18,0
F17-SchafferF7,complement,0,19,0
F17-SchafferF7,complement,0,20,1.38889
F17-SchafferF7,complement,0,21,0
F17-SchafferF7,complement,0,22,0
F17-SchafferF7,complement,0,23,575.326
F17-SchafferF7,complement,0,24,1.38889
F17-SchafferF7,complement,0,25,1.38889
F17-SchafferF7,complement,0,26,1.38889
F17-SchafferF7,complement,0,27,1.38889
F17-SchafferF7,complement,0,28,1.38889
F17-SchafferF7,complement,0,29,50.6678
F17-SchafferF7,complement,0,30,1.38889
F17-SchafferF7,complement,0,31,611.084
F17-SchafferF7,complement,0,32,1.38889
F17-SchafferF7,complement,0,33,41.8612
F17-SchafferF7,complement,0,34,1.38889
F17-SchafferF7,complement,0,35,31.3412
F17-SchafferF7,complement,0,36,451.48
F17-SchafferF7,complement,0,37,41.8612
F17-SchafferF7,complement,0,38,506.459
F17-SchafferF7,complement,0,39,1.38889
F17-SchafferF7,complement,0,40,1.38889
F17-SchafferF7,complement,0,41,1.38889
F17-SchafferF7,complement,0,42,43.6262
F17-SchafferF7,complement,0,43,5.37059
F17-SchafferF7,complement,0,44,0.362483
F17-SchafferF7,MC-ESO,1,15,0
F17-SchafferF7,MC-ESO,1,16,1241.09
F17-SchafferF7,MC-ESO,1,17,1367.81
F17-SchafferF7,MC-ESO,1,18,0
F17-SchafferF7,MC-ESO,1,19,0
F17-SchafferF7,MC-ESO,1,20,0
F17-SchafferF7,MC-ESO,1,21,1323.9
F17-SchafferF7,MC-ESO,1,22,1186.31
F17-SchafferF7,MC-ESO,1,23,0
F17-SchafferF7,MC-ESO,1,24,1574.78
F17-SchafferF7,MC-ESO,1,25,0
F17-SchafferF7,MC-ESO,1,26,0
F17-SchafferF7,MC-ESO,1,27,0
F17-SchafferF7,MC-ESO,1,28,0
F17-SchafferF7,MC-ESO,1,29,0
F17-SchafferF7,MC-ESO,1,30,1277.58
F17-SchafferF7,MC-ESO,1,31,0
F17-SchafferF7,MC-ESO,1,32,1274.63
F17-SchafferF7,MC-ESO,1,33,1500.9
F17-SchafferF7,MC-ESO,1,34,1090.36
F17-SchafferF7,MC-ESO,1,35,0
F17-SchafferF7,MC-ESO,1,36,1383.41
F17-SchafferF7,MC-ESO,1,37,0
F17-SchafferF7,MC-ESO,1,38,1163.71
F17-SchafferF7,MC-ESO,1,39,0
F17-SchafferF7,MC-ESO,1,40,1225.71
F17-SchafferF7,MC-ESO,1,41,0
F17-SchafferF7,MC-ESO,1,42,1296.59
F17-SchafferF7,MC-ESO,1,43,0
F17-SchafferF7,MC-ESO,1,44,0
F17-SchafferF7,NMMSO,1,15,0.000243654
F17-SchafferF7,NMMSO,1,16,1241.1
F17-SchafferF7,NMMSO,1,17,1367.82
F17-SchafferF7,NMMSO,1,18,0.000243654
F17-SchafferF7,NMMSO,1,19,0.000243654
F17-SchafferF7,NMMSO,1,20,0.000243654
F17-SchafferF7,NMMSO,1,21,1203.39
F17-SchafferF7,NMMSO,1,22,2.62084
F17-SchafferF7,NMMSO,1,23,0.000243654
F17-SchafferF7,NMMSO,1,24,1026.46
F17-SchafferF7,NMMSO,1,25,0.000243654
F17-SchafferF7,NMMSO,1,26,0.000243654
F17-SchafferF7,NMMSO,1,27,0.000243654
F17-SchafferF7,NMMSO,1,28,0.000243654
F17-SchafferF7,NMMSO,1,29,0.000243654
F17-SchafferF7,NMMSO,1,30,1.9123
F17-SchafferF7,NMMSO,1,31,0.000243654
F17-SchafferF7,NMMSO,1,32,2.52691e-06
F17-SchafferF7,NMMSO,1,33,1.49897
F17-SchafferF7,NMMSO,1,34,1090.38
F17-SchafferF7,NMMSO,1,35,0.000243654
F17-SchafferF7,NMMSO,1,36,1383.42
F17-SchafferF7,NMMSO,1,37,0.000243654
F17-SchafferF7,NMMSO,1,38,1163.72
F17-SchafferF7,NMMSO,1,39,0.000243654
F17-SchafferF7,NMMSO,1,40,0.00485177
F17-SchafferF7,NMMSO,1,41,0.000243654
F17-SchafferF7,NMMSO,1,42,0.00463473
F17-SchafferF7,NMMSO,1,43,0.000243654
F17-SchafferF7,NMMSO,1,44,0.000243654
F17-SchafferF7,NCDE,1,15,0.00128429
F17-SchafferF7,NCDE,1,16,1175.71
F17-SchafferF7,NCDE,1,17,1306.32
F17-SchafferF7,NCDE,1,18,0.00128429
F17-SchafferF7,NCDE,1,19,0.00128429
F17-SchafferF7,NCDE,1,20,0.00128429
F17-SchafferF7,NCDE,1,21,1295.39
F17-SchafferF7,NCDE,1,22,0.000489274
F17-SchafferF7,NCDE,1,23,0.00128429
F17-SchafferF7,NCDE,1,24,1461.54
F17-SchafferF7,NCDE,1,25,0.00128429
F17-SchafferF7,NCDE,1,26,0.00128429
F17-SchafferF7,NCDE,1,27,0.00128429
F17-SchafferF7,NCDE,1,28,0.00128429
F17-SchafferF7,NCDE,1,29,0.00128429
F17-SchafferF7,NCDE,1,30,1052.38
F17-SchafferF7,NCDE,1,31,0.00128429
F17-SchafferF7,NCDE,1,32,1064.83
F17-SchafferF7,NCDE,1,33,1291.54
F17-SchafferF7,NCDE,1,34,0.00312996
F17-SchafferF7,NCDE,1,35,0.00128429
F17-SchafferF7,NCDE,1,36,1338.79
F17-SchafferF7,NCDE,1,37,0.00128429
F17-SchafferF7,NCDE,1,38,1100.34
F17-SchafferF7,NCDE,1,39,0.00128429
F17-SchafferF7,NCDE,1,40,1159.91
F17-SchafferF7,NCDE,1,41,0.00128429
F17-SchafferF7,NCDE,1,42,1244.1
F17-SchafferF7,NCDE,1,43,0.00128429
F17-SchafferF7,NCDE,1,44,0.00128429
F17-SchafferF7,r3pso,1,15,1.10882e-08
F17-SchafferF7,r3pso,1,16,1241.09
F17-SchafferF7,r3pso,1,17,1367.81
F17-SchafferF7,r3pso,1,18,1.10882e-08
F17-SchafferF7,r3pso,1,19,1.10882e-08
F17-SchafferF7,r3pso,1,20,1.10882e-08
F17-SchafferF7,r3pso,1,21,1323.9
F17-SchafferF7,r3pso,1,22,1186.31
F17-SchafferF7,r3pso,1,23,1.10882e-08
F17-SchafferF7,r3pso,1,24,1574.78
F17-SchafferF7,r3pso,1,25,1.10882e-08
F17-SchafferF7,r3pso,1,26,1.10882e-08
F17-SchafferF7,r3pso,1,27,1.10882e-08
F17-SchafferF7,r3pso,1,28,1.10882e-08
F17-SchafferF7,r3pso,1,29,1.10882e-08
F17-SchafferF7,r3pso,1,30,1277.58
F17-SchafferF7,r3pso,1,31,1.10882e-08
F17-SchafferF7,r3pso,1,32,1274.63
F17-SchafferF7,r3pso,1,33,1500.9
F17-SchafferF7,r3pso,1,34,1090.36
F17-SchafferF7,r3pso,1,35,1.10882e-08
F17-SchafferF7,r3pso,1,36,1383.41
F17-SchafferF7,r3pso,1,37,1.10882e-08
F17-SchafferF7,r3pso,1,38,1163.71
F17-SchafferF7,r3pso,1,39,1.10882e-08
F17-SchafferF7,r3pso,1,40,1225.71
F17-SchafferF7,r3pso,1,41,1.10882e-08
F17-SchafferF7,r3pso,1,42,1296.59
F17-SchafferF7,r3pso,1,43,1.10882e-08
F17-SchafferF7,r3pso,1,44,1.10882e-08
F17-SchafferF7,NM-Restart,1,15,0.52582
F17-SchafferF7,NM-Restart,1,16,1088.98
F17-SchafferF7,NM-Restart,1,17,1224.81
F17-SchafferF7,NM-Restart,1,18,0.52582
F17-SchafferF7,NM-Restart,1,19,0.52582
F17-SchafferF7,NM-Restart,1,20,0.52582
F17-SchafferF7,NM-Restart,1,21,1258.06
F17-SchafferF7,NM-Restart,1,22,0.708536
F17-SchafferF7,NM-Restart,1,23,0.52582
F17-SchafferF7,NM-Restart,1,24,1458.99
F17-SchafferF7,NM-Restart,1,25,0.52582
F17-SchafferF7,NM-Restart,1,26,0.52582
F17-SchafferF7,NM-Restart,1,27,0.52582
F17-SchafferF7,NM-Restart,1,28,0.52582
F17-SchafferF7,NM-Restart,1,29,0.52582
F17-SchafferF7,NM-Restart,1,30,0
F17-SchafferF7,NM-Restart,1,31,0.52582
F17-SchafferF7,NM-Restart,1,32,1064.51
F17-SchafferF7,NM-Restart,1,33,1291.73
F17-SchafferF7,NM-Restart,1,34,1.09794
F17-SchafferF7,NM-Restart,1,35,0.52582
F17-SchafferF7,NM-Restart,1,36,1279.9
F17-SchafferF7,NM-Restart,1,37,0.52582
F17-SchafferF7,NM-Restart,1,38,0
F17-SchafferF7,NM-Restart,1,39,0.52582
F17-SchafferF7,NM-Restart,1,40,1138.65
F17-SchafferF7,NM-Restart,1,41,0.52582
F17-SchafferF7,NM-Restart,1,42,1218.01
F17-SchafferF7,NM-Restart,1,43,0.52582
F17-SchafferF7,NM-Restart,1,44,0.52582
F17-SchafferF7,IPOP-CMA-ES,1,15,3.00204e-12
F17-SchafferF7,IPOP-CMA-ES,1,16,1241.09
F17-SchafferF7,IPOP-CMA-ES,1,17,1367.81
F17-SchafferF7,IPOP-CMA-ES,1,18,3.00204e-12
F17-SchafferF7,IPOP-CMA-ES,1,19,3.00204e-12
F17-SchafferF7,IPOP-CMA-ES,1,20,3.00204e-12
F17-SchafferF7,IPOP-CMA-ES,1,21,1323.9
F17-SchafferF7,IPOP-CMA-ES,1,22,1186.31
F17-SchafferF7,IPOP-CMA-ES,1,23,3.00204e-12
F17-SchafferF7,IPOP-CMA-ES,1,24,1574.78
F17-SchafferF7,IPOP-CMA-ES,1,25,3.00204e-12
F17-SchafferF7,IPOP-CMA-ES,1,26,3.00204e-12
F17-SchafferF7,IPOP-CMA-ES,1,27,3.00204e-12
F17-SchafferF7,IPOP-CMA-ES,1,28,3.00204e-12
F17-SchafferF7,IPOP-CMA-ES,1,29,3.00204e-12
F17-SchafferF7,IPOP-CMA-ES,1,30,1277.58
F17-SchafferF7,IPOP-CMA-ES,1,31,3.00204e-12
F17-SchafferF7,IPOP-CMA-ES,1,32,1274.63
F17-SchafferF7,IPOP-CMA-ES,1,33,1500.9
F17-SchafferF7,IPOP-CMA-ES,1,34,1090.36
F17-SchafferF7,IPOP-CMA-ES,1,35,3.00204e-12
F17-SchafferF7,IPOP-CMA-ES,1,36,1383.41
F17-SchafferF7,IPOP-CMA-ES,1,37,3.00204e-12
F17-SchafferF7,IPOP-CMA-ES,1,38,1163.71
F17-SchafferF7,IPOP-CMA-ES,1,39,3.00204e-12
F17-SchafferF7,IPOP-CMA-ES,1,40,1225.71
F17-SchafferF7,IPOP-CMA-ES,1,41,3.00204e-12
F17-SchafferF7,IPOP-CMA-ES,1,42,1296.59
F17-SchafferF7,IPOP-CMA-ES,1,43,3.00204e-12
F17-SchafferF7,IPOP-CMA-ES,1,44,3.00204e-12
F17-SchafferF7,DE,1,15,3.55271e-15
F17-SchafferF7,DE,1,16,1241.09
F17-SchafferF7,DE,1,17,1367.81
F17-SchafferF7,DE,1,18,3.55271e-15
F17-SchafferF7,DE,1,19,3.55271e-15
F17-SchafferF7,DE,1,20,3.55271e-15
F17-SchafferF7,DE,1,21,1323.9
F17-SchafferF7,DE,1,22,1186.31
F17-SchafferF7,DE,1,23,3.55271e-15
F17-SchafferF7,DE,1,24,1574.78
F17-SchafferF7,DE,1,25,3.55271e-15
F17-SchafferF7,DE,1,26,3.55271e-15
F17-SchafferF7,DE,1,27,3.55271e-15
F17-SchafferF7,DE,1,28,3.55271e-15
F17-SchafferF7,DE,1,29,3.55271e-15
F17-SchafferF7,DE,1,30,1277.58
F17-SchafferF7,DE,1,31,3.55271e-15
F17-SchafferF7,DE,1,32,1274.63
F17-SchafferF7,DE,1,33,1500.9
F17-SchafferF7,DE,1,34,1090.36
F17-SchafferF7,DE,1,35,3.55271e-15
F17-SchafferF7,DE,1,36,1383.41
F17-SchafferF7,DE,1,37,3.55271e-15
F17-SchafferF7,DE,1,38,1163.71
F17-SchafferF7,DE,1,39,3.55271e-15
F17-SchafferF7,DE,1,40,1225.71
F17-SchafferF7,DE,1,41,3.55271e-15
F17-SchafferF7,DE,1,42,1296.59
F17-SchafferF7,DE,1,43,3.55271e-15
F17-SchafferF7,DE,1,44,3.55271e-15
F17-SchafferF7,PSO,1,15,5.36644e-08
F17-SchafferF7,PSO,1,16,1241.09
F17-SchafferF7,PSO,1,17,1367.81
F17-SchafferF7,PSO,1,18,5.36644e-08
F17-SchafferF7,PSO,1,19,5.36644e-08
F17-SchafferF7,PSO,1,20,5.36644e-08
F17-SchafferF7,PSO,1,21,1323.9
F17-SchafferF7,PSO,1,22,1186.31
F17-SchafferF7,PSO,1,23,5.36644e-08
F17-SchafferF7,PSO,1,24,1574.78
F17-SchafferF7,PSO,1,25,5.36644e-08
F17-SchafferF7,PSO,1,26,5.36644e-08
F17-SchafferF7,PSO,1,27,5.36644e-08
F17-SchafferF7,PSO,1,28,5.36644e-08
F17-SchafferF7,PSO,1,29,5.36644e-08
F17-SchafferF7,PSO,1,30,1277.58
F17-SchafferF7,PSO,1,31,5.36644e-08
F17-SchafferF7,PSO,1,32,1274.63
F17-SchafferF7,PSO,1,33,1500.9
F17-SchafferF7,PSO,1,34,1090.36
F17-SchafferF7,PSO,1,35,5.36644e-08
F17-SchafferF7,PSO,1,36,1383.41
F17-SchafferF7,PSO,1,37,5.36644e-08
F17-SchafferF7,PSO,1,38,1163.71
F17-SchafferF7,PSO,1,39,5.36644e-08
F17-SchafferF7,PSO,1,40,1225.71
F17-SchafferF7,PSO,1,41,5.36644e-08
F17-SchafferF7,PSO,1,42,1296.59
F17-SchafferF7,PSO,1,43,5.36644e-08
F17-SchafferF7,PSO,1,44,5.36644e-08
F17-SchafferF7,Crowding-DE,1,15,0.0795975
F17-SchafferF7,Crowding-DE,1,16,1175.07
F17-SchafferF7,Crowding-DE,1,17,1304.79
F17-SchafferF7,Crowding-DE,1,18,0.0795975
F17-SchafferF7,Crowding-DE,1,19,0.0795975
F17-SchafferF7,Crowding-DE,1,20,0.0795975
F17-SchafferF7,Crowding-DE,1,21,1288.79
F17-SchafferF7,Crowding-DE,1,22,0.00554021
F17-SchafferF7,Crowding-DE,1,23,0.0795975
F17-SchafferF7,Crowding-DE,1,24,1458.86
F17-SchafferF7,Crowding-DE,1,25,0.0795975
F17-SchafferF7,Crowding-DE,1,26,0.0795975
F17-SchafferF7,Crowding-DE,1,27,0.0795975
F17-SchafferF7,Crowding-DE,1,28,0.0795975
F17-SchafferF7,Crowding-DE,1,29,0.0795975
F17-SchafferF7,Crowding-DE,1,30,1092.57
F17-SchafferF7,Crowding-DE,1,31,0.0795975
F17-SchafferF7,Crowding-DE,1,32,1093.56
F17-SchafferF7,Crowding-DE,1,33,1320.05
F17-SchafferF7,Crowding-DE,1,34,0.0142244
F17-SchafferF7,Crowding-DE,1,35,0.0795975
F17-SchafferF7,Crowding-DE,1,36,1334.27
F17-SchafferF7,Crowding-DE,1,37,0.0795975
F17-SchafferF7,Crowding-DE,1,38,1099.22
F17-SchafferF7,Crowding-DE,1,39,0.0795975
F17-SchafferF7,Crowding-DE,1,40,1146
F17-SchafferF7,Crowding-DE,1,41,0.0795975
F17-SchafferF7,Crowding-DE,1,42,1227.3
F17-SchafferF7,Crowding-DE,1,43,0.0795975
F17-SchafferF7,Crowding-DE,1,44,0.0795975
F17-SchafferF7,MAP-Elites,1,15,0.166678
F17-SchafferF7,MAP-Elites,1,16,1149.5
F17-SchafferF7,MAP-Elites,1,17,1281.19
F17-SchafferF7,MAP-Elites,1,18,0.166678
F17-SchafferF7,MAP-Elites,1,19,0.166678
F17-SchafferF7,MAP-Elites,1,20,0.166678
F17-SchafferF7,MAP-Elites,1,21,1280.73
F17-SchafferF7,MAP-Elites,1,22,1120.63
F17-SchafferF7,MAP-Elites,1,23,0.166678
F17-SchafferF7,MAP-Elites,1,24,1511.86
F17-SchafferF7,MAP-Elites,1,25,0.166678
F17-SchafferF7,MAP-Elites,1,26,0.166678
F17-SchafferF7,MAP-Elites,1,27,0.166678
F17-SchafferF7,MAP-Elites,1,28,0.166678
F17-SchafferF7,MAP-Elites,1,29,0.166678
F17-SchafferF7,MAP-Elites,1,30,1215.45
F17-SchafferF7,MAP-Elites,1,31,0.166678
F17-SchafferF7,MAP-Elites,1,32,1207.43
F17-SchafferF7,MAP-Elites,1,33,1433.61
F17-SchafferF7,MAP-Elites,1,34,0.310934
F17-SchafferF7,MAP-Elites,1,35,0.166678
F17-SchafferF7,MAP-Elites,1,36,1318.81
F17-SchafferF7,MAP-Elites,1,37,0.166678
F17-SchafferF7,MAP-Elites,1,38,1074.68
F17-SchafferF7,MAP-Elites,1,39,0.166678
F17-SchafferF7,MAP-Elites,1,40,1171.07
F17-SchafferF7,MAP-Elites,1,41,0.166678
F17-SchafferF7,MAP-Elites,1,42,1244.66
F17-SchafferF7,MAP-Elites,1,43,0.166678
F17-SchafferF7,MAP-Elites,1,44,0.166678
F17-SchafferF7,MC-ESO-crowd,1,15,0.0976191
F17-SchafferF7,MC-ESO-crowd,1,16,1121.67
F17-SchafferF7,MC-ESO-crowd,1,17,1255.64
F17-SchafferF7,MC-ESO-crowd,1,18,0.0976191
F17-SchafferF7,MC-ESO-crowd,1,19,0.0976191
F17-SchafferF7,MC-ESO-crowd,1,20,0.0976191
F17-SchafferF7,MC-ESO-crowd,1,21,1272.84
F17-SchafferF7,MC-ESO-crowd,1,22,0.000349783
F17-SchafferF7,MC-ESO-crowd,1,23,0.0976191
F17-SchafferF7,MC-ESO-crowd,1,24,1512.9
F17-SchafferF7,MC-ESO-crowd,1,25,0.0976191
F17-SchafferF7,MC-ESO-crowd,1,26,0.0976191
F17-SchafferF7,MC-ESO-crowd,1,27,0.0976191
F17-SchafferF7,MC-ESO-crowd,1,28,0.0976191
F17-SchafferF7,MC-ESO-crowd,1,29,0.0976191
F17-SchafferF7,MC-ESO-crowd,1,30,1055.46
F17-SchafferF7,MC-ESO-crowd,1,31,0.0976191
F17-SchafferF7,MC-ESO-crowd,1,32,1086.55
F17-SchafferF7,MC-ESO-crowd,1,33,1313.54
F17-SchafferF7,MC-ESO-crowd,1,34,0
F17-SchafferF7,MC-ESO-crowd,1,35,0.0976191
F17-SchafferF7,MC-ESO-crowd,1,36,1302.56
F17-SchafferF7,MC-ESO-crowd,1,37,0.0976191
F17-SchafferF7,MC-ESO-crowd,1,38,1048.03
F17-SchafferF7,MC-ESO-crowd,1,39,0.0976191
F17-SchafferF7,MC-ESO-crowd,1,40,1208.59
F17-SchafferF7,MC-ESO-crowd,1,41,0.0976191
F17-SchafferF7,MC-ESO-crowd,1,42,1285.68
F17-SchafferF7,MC-ESO-crowd,1,43,0.0976191
F17-SchafferF7,MC-ESO-crowd,1,44,0.0976191
F17-SchafferF7,quality,1,15,1.02556
F17-SchafferF7,quality,1,16,1122.31
F17-SchafferF7,quality,1,17,1256.09
F17-SchafferF7,quality,1,18,1.02556
F17-SchafferF7,quality,1,19,1.02556
F17-SchafferF7,quality,1,20,1.02556
F17-SchafferF7,quality,1,21,1272.07
F17-SchafferF7,quality,1,22,0
F17-SchafferF7,quality,1,23,1.02556
F17-SchafferF7,quality,1,24,1470.75
F17-SchafferF7,quality,1,25,1.02556
F17-SchafferF7,quality,1,26,1.02556
F17-SchafferF7,quality,1,27,1.02556
F17-SchafferF7,quality,1,28,1.02556
F17-SchafferF7,quality,1,29,1.02556
F17-SchafferF7,quality,1,30,1038.53
F17-SchafferF7,quality,1,31,1.02556
F17-SchafferF7,quality,1,32,1058.07
F17-SchafferF7,quality,1,33,1284.9
F17-SchafferF7,quality,1,34,0.274925
F17-SchafferF7,quality,1,35,1.02556
F17-SchafferF7,quality,1,36,1302.32
F17-SchafferF7,quality,1,37,1.02556
F17-SchafferF7,quality,1,38,1048.57
F17-SchafferF7,quality,1,39,1.02556
F17-SchafferF7,quality,1,40,1174.02
F17-SchafferF7,quality,1,41,1.02556
F17-SchafferF7,quality,1,42,1259.39
F17-SchafferF7,quality,1,43,1.02556
F17-SchafferF7,quality,1,44,1.02556
F17-SchafferF7,complement,1,15,2.42262
F17-SchafferF7,complement,1,16,0
F17-SchafferF7,complement,1,17,0
F17-SchafferF7,complement,1,18,2.42262
F17-SchafferF7,complement,1,19,2.42262
F17-SchafferF7,complement,1,20,2.42262
F17-SchafferF7,complement,1,21,0
F17-SchafferF7,complement,1,22,3.87647
F17-SchafferF7,complement,1,23,2.42262
F17-SchafferF7,complement,1,24,133.771
F17-SchafferF7,complement,1,25,2.42262
F17-SchafferF7,complement,1,26,2.42262
F17-SchafferF7,complement,1,27,2.42262
F17-SchafferF7,complement,1,28,2.42262
F17-SchafferF7,complement,1,29,2.42262
F17-SchafferF7,complement,1,30,3.16794
F17-SchafferF7,complement,1,31,2.42262
F17-SchafferF7,complement,1,32,1.25564
F17-SchafferF7,complement,1,33,0
F17-SchafferF7,complement,1,34,1.67199
F17-SchafferF7,complement,1,35,2.42262
F17-SchafferF7,complement,1,36,101.405
F17-SchafferF7,complement,1,37,2.42262
F17-SchafferF7,complement,1,38,0.57405
F17-SchafferF7,complement,1,39,2.42262
F17-SchafferF7,complement,1,40,15.9945
F17-SchafferF7,complement,1,41,2.42262
F17-SchafferF7,complement,1,42,12.1582
F17-SchafferF7,complement,1,43,2.42262
F17-SchafferF7,complement,1,44,2.42262
F17-SchafferF7,MC-ESO,2,15,2.88288e-05
F17-SchafferF7,MC-ESO,2,16,1.93427
F17-SchafferF7,MC-ESO,2,17,771.705
F17-SchafferF7,MC-ESO,2,18,2.88288e-05
F17-SchafferF7,MC-ESO,2,19,876.07
F17-SchafferF7,MC-ESO,2,20,2.88288e-05
F17-SchafferF7,MC-ESO,2,21,2.88288e-05
F17-SchafferF7,MC-ESO,2,22,1.42175
F17-SchafferF7,MC-ESO,2,23,1.42175
F17-SchafferF7,MC-ESO,2,24,2.88288e-05
F17-SchafferF7,MC-ESO,2,25,2.88288e-05
F17-SchafferF7,MC-ESO,2,26,2.88288e-05
F17-SchafferF7,MC-ESO,2,27,2.88288e-05
F17-SchafferF7,MC-ESO,2,28,2.88288e-05
F17-SchafferF7,MC-ESO,2,29,742.194
F17-SchafferF7,MC-ESO,2,30,687.88
F17-SchafferF7,MC-ESO,2,31,2.88288e-05
F17-SchafferF7,MC-ESO,2,32,2.88288e-05
F17-SchafferF7,MC-ESO,2,33,848.965
F17-SchafferF7,MC-ESO,2,34,2.39395
F17-SchafferF7,MC-ESO,2,35,889.467
F17-SchafferF7,MC-ESO,2,36,2.88288e-05
F17-SchafferF7,MC-ESO,2,37,0.793941
F17-SchafferF7,MC-ESO,2,38,969.246
F17-SchafferF7,MC-ESO,2,39,2.88288e-05
F17-SchafferF7,MC-ESO,2,40,678.504
F17-SchafferF7,MC-ESO,2,41,715.318
F17-SchafferF7,MC-ESO,2,42,2.88288e-05
F17-SchafferF7,MC-ESO,2,43,2.39395
F17-SchafferF7,MC-ESO,2,44,780.27
F17-SchafferF7,NMMSO,2,15,0.00022964
F17-SchafferF7,NMMSO,2,16,768.237
F17-SchafferF7,NMMSO,2,17,706.237
F17-SchafferF7,NMMSO,2,18,0.00022964
F17-SchafferF7,NMMSO,2,19,873.383
F17-SchafferF7,NMMSO,2,20,0.00022964
F17-SchafferF7,NMMSO,2,21,0.00022964
F17-SchafferF7,NMMSO,2,22,685.004
F17-SchafferF7,NMMSO,2,23,675.655
F17-SchafferF7,NMMSO,2,24,0.00022964
F17-SchafferF7,NMMSO,2,25,0.00022964
F17-SchafferF7,NMMSO,2,26,0.00022964
F17-SchafferF7,NMMSO,2,27,0.00022964
F17-SchafferF7,NMMSO,2,28,0.00022964
F17-SchafferF7,NMMSO,2,29,876.908
F17-SchafferF7,NMMSO,2,30,0.564838
F17-SchafferF7,NMMSO,2,31,0.00022964
F17-SchafferF7,NMMSO,2,32,0.00022964
F17-SchafferF7,NMMSO,2,33,804.701
F17-SchafferF7,NMMSO,2,34,739.505
F17-SchafferF7,NMMSO,2,35,955.551
F17-SchafferF7,NMMSO,2,36,0.00022964
F17-SchafferF7,NMMSO,2,37,0
F17-SchafferF7,NMMSO,2,38,1054.57
F17-SchafferF7,NMMSO,2,39,0.00022964
F17-SchafferF7,NMMSO,2,40,740.227
F17-SchafferF7,NMMSO,2,41,0
F17-SchafferF7,NMMSO,2,42,0.00022964
F17-SchafferF7,NMMSO,2,43,760
F17-SchafferF7,NMMSO,2,44,728.206
F17-SchafferF7,NCDE,2,15,0.0136462
F17-SchafferF7,NCDE,2,16,701.425
F17-SchafferF7,NCDE,2,17,709.52
F17-SchafferF7,NCDE,2,18,0.0136462
F17-SchafferF7,NCDE,2,19,876.512
F17-SchafferF7,NCDE,2,20,0.0136462
F17-SchafferF7,NCDE,2,21,0.0136462
F17-SchafferF7,NCDE,2,22,0
F17-SchafferF7,NCDE,2,23,0
F17-SchafferF7,NCDE,2,24,0.0136462
F17-SchafferF7,NCDE,2,25,0.0136462
F17-SchafferF7,NCDE,2,26,0.0136462
F17-SchafferF7,NCDE,2,27,0.0136462
F17-SchafferF7,NCDE,2,28,0.0136462
F17-SchafferF7,NCDE,2,29,817.846
F17-SchafferF7,NCDE,2,30,673.325
F17-SchafferF7,NCDE,2,31,0.0136462
F17-SchafferF7,NCDE,2,32,0.0136462
F17-SchafferF7,NCDE,2,33,808.693
F17-SchafferF7,NCDE,2,34,673.146
F17-SchafferF7,NCDE,2,35,948.886
F17-SchafferF7,NCDE,2,36,0.0136462
F17-SchafferF7,NCDE,2,37,0.46438
F17-SchafferF7,NCDE,2,38,1034.9
F17-SchafferF7,NCDE,2,39,0.0136462
F17-SchafferF7,NCDE,2,40,689.181
F17-SchafferF7,NCDE,2,41,0.00177387
F17-SchafferF7,NCDE,2,42,0.0136462
F17-SchafferF7,NCDE,2,43,693.189
F17-SchafferF7,NCDE,2,44,732.053
F17-SchafferF7,r3pso,2,15,1.39044e-06
F17-SchafferF7,r3pso,2,16,768.225
F17-SchafferF7,r3pso,2,17,819.79
F17-SchafferF7,r3pso,2,18,1.39044e-06
F17-SchafferF7,r3pso,2,19,913.41
F17-SchafferF7,r3pso,2,20,1.39044e-06
F17-SchafferF7,r3pso,2,21,1.39044e-06
F17-SchafferF7,r3pso,2,22,684.992
F17-SchafferF7,r3pso,2,23,675.645
F17-SchafferF7,r3pso,2,24,1.39044e-06
F17-SchafferF7,r3pso,2,25,1.39044e-06
F17-SchafferF7,r3pso,2,26,1.39044e-06
F17-SchafferF7,r3pso,2,27,1.39044e-06
F17-SchafferF7,r3pso,2,28,1.39044e-06
F17-SchafferF7,r3pso,2,29,876.898
F17-SchafferF7,r3pso,2,30,726.026
F17-SchafferF7,r3pso,2,31,1.39044e-06
F17-SchafferF7,r3pso,2,32,1.39044e-06
F17-SchafferF7,r3pso,2,33,887.409
F17-SchafferF7,r3pso,2,34,739.492
F17-SchafferF7,r3pso,2,35,959.774
F17-SchafferF7,r3pso,2,36,1.39044e-06
F17-SchafferF7,r3pso,2,37,746.025
F17-SchafferF7,r3pso,2,38,1054.57
F17-SchafferF7,r3pso,2,39,1.39044e-06
F17-SchafferF7,r3pso,2,40,740.215
F17-SchafferF7,r3pso,2,41,793.032
F17-SchafferF7,r3pso,2,42,1.39044e-06
F17-SchafferF7,r3pso,2,43,759.987
F17-SchafferF7,r3pso,2,44,818.553
F17-SchafferF7,NM-Restart,2,15,0.243136
F17-SchafferF7,NM-Restart,2,16,0
F17-SchafferF7,NM-Restart,2,17,762.05
F17-SchafferF7,NM-Restart,2,18,0.243136
F17-SchafferF7,NM-Restart,2,19,850.774
F17-SchafferF7,NM-Restart,2,20,0.243136
F17-SchafferF7,NM-Restart,2,21,0.243136
F17-SchafferF7,NM-Restart,2,22,1.31172
F17-SchafferF7,NM-Restart,2,23,1.31172
F17-SchafferF7,NM-Restart,2,24,0.243136
F17-SchafferF7,NM-Restart,2,25,0.243136
F17-SchafferF7,NM-Restart,2,26,0.243136
F17-SchafferF7,NM-Restart,2,27,0.243136
F17-SchafferF7,NM-Restart,2,28,0.243136
F17-SchafferF7,NM-Restart,2,29,782.188
F17-SchafferF7,NM-Restart,2,30,1.27337
F17-SchafferF7,NM-Restart,2,31,0.243136
F17-SchafferF7,NM-Restart,2,32,0.243136
F17-SchafferF7,NM-Restart,2,33,832.347
F17-SchafferF7,NM-Restart,2,34,0.459684
F17-SchafferF7,NM-Restart,2,35,895.085
F17-SchafferF7,NM-Restart,2,36,0.243136
F17-SchafferF7,NM-Restart,2,37,0.459685
F17-SchafferF7,NM-Restart,2,38,991.235
F17-SchafferF7,NM-Restart,2,39,0.243136
F17-SchafferF7,NM-Restart,2,40,677.621
F17-SchafferF7,NM-Restart,2,41,706.124
F17-SchafferF7,NM-Restart,2,42,0.243136
F17-SchafferF7,NM-Restart,2,43,0.459684
F17-SchafferF7,NM-Restart,2,44,765.545
F17-SchafferF7,IPOP-CMA-ES,2,15,5.09814e-12
F17-SchafferF7,IPOP-CMA-ES,2,16,739.691
F17-SchafferF7,IPOP-CMA-ES,2,17,795.144
F17-SchafferF7,IPOP-CMA-ES,2,18,5.09814e-12
F17-SchafferF7,IPOP-CMA-ES,2,19,906.718
F17-SchafferF7,IPOP-CMA-ES,2,20,5.09814e-12
F17-SchafferF7,IPOP-CMA-ES,2,21,5.09814e-12
F17-SchafferF7,IPOP-CMA-ES,2,22,1.37637
F17-SchafferF7,IPOP-CMA-ES,2,23,1.37637
F17-SchafferF7,IPOP-CMA-ES,2,24,5.09814e-12
F17-SchafferF7,IPOP-CMA-ES,2,25,5.09814e-12
F17-SchafferF7,IPOP-CMA-ES,2,26,5.09814e-12
F17-SchafferF7,IPOP-CMA-ES,2,27,5.09814e-12
F17-SchafferF7,IPOP-CMA-ES,2,28,5.09814e-12
F17-SchafferF7,IPOP-CMA-ES,2,29,859.031
F17-SchafferF7,IPOP-CMA-ES,2,30,715.219
F17-SchafferF7,IPOP-CMA-ES,2,31,5.09814e-12
F17-SchafferF7,IPOP-CMA-ES,2,32,5.09814e-12
F17-SchafferF7,IPOP-CMA-ES,2,33,870.364
F17-SchafferF7,IPOP-CMA-ES,2,34,709.175
F17-SchafferF7,IPOP-CMA-ES,2,35,959.774
F17-SchafferF7,IPOP-CMA-ES,2,36,5.09814e-12
F17-SchafferF7,IPOP-CMA-ES,2,37,709.412
F17-SchafferF7,IPOP-CMA-ES,2,38,1054.57
F17-SchafferF7,IPOP-CMA-ES,2,39,5.09814e-12
F17-SchafferF7,IPOP-CMA-ES,2,40,708.515
F17-SchafferF7,IPOP-CMA-ES,2,41,759.464
F17-SchafferF7,IPOP-CMA-ES,2,42,5.09814e-12
F17-SchafferF7,IPOP-CMA-ES,2,43,731.101
F17-SchafferF7,IPOP-CMA-ES,2,44,799.637
F17-SchafferF7,DE,2,15,0
F17-SchafferF7,DE,2,16,768.225
F17-SchafferF7,DE,2,17,819.79
F17-SchafferF7,DE,2,18,0
F17-SchafferF7,DE,2,19,913.41
F17-SchafferF7,DE,2,20,0
F17-SchafferF7,DE,2,21,0
F17-SchafferF7,DE,2,22,684.992
F17-SchafferF7,DE,2,23,675.646
F17-SchafferF7,DE,2,24,0
F17-SchafferF7,DE,2,25,0
F17-SchafferF7,DE,2,26,0
F17-SchafferF7,DE,2,27,0
F17-SchafferF7,DE,2,28,0
F17-SchafferF7,DE,2,29,876.898
F17-SchafferF7,DE,2,30,726.026
F17-SchafferF7,DE,2,31,0
F17-SchafferF7,DE,2,32,0
F17-SchafferF7,DE,2,33,887.409
F17-SchafferF7,DE,2,34,739.492
F17-SchafferF7,DE,2,35,959.774
F17-SchafferF7,DE,2,36,0
F17-SchafferF7,DE,2,37,746.025
F17-SchafferF7,DE,2,38,1054.57
F17-SchafferF7,DE,2,39,0
F17-SchafferF7,DE,2,40,740.215
F17-SchafferF7,DE,2,41,793.032
F17-SchafferF7,DE,2,42,0
F17-SchafferF7,DE,2,43,759.987
F17-SchafferF7,DE,2,44,818.553
F17-SchafferF7,PSO,2,15,3.42467e-08
F17-SchafferF7,PSO,2,16,768.225
F17-SchafferF7,PSO,2,17,819.79
F17-SchafferF7,PSO,2,18,3.42467e-08
F17-SchafferF7,PSO,2,19,913.41
F17-SchafferF7,PSO,2,20,3.42467e-08
F17-SchafferF7,PSO,2,21,3.42467e-08
F17-SchafferF7,PSO,2,22,684.992
F17-SchafferF7,PSO,2,23,675.646
F17-SchafferF7,PSO,2,24,3.42467e-08
F17-SchafferF7,PSO,2,25,3.42467e-08
F17-SchafferF7,PSO,2,26,3.42467e-08
F17-SchafferF7,PSO,2,27,3.42467e-08
F17-SchafferF7,PSO,2,28,3.42467e-08
F17-SchafferF7,PSO,2,29,876.898
F17-SchafferF7,PSO,2,30,726.026
F17-SchafferF7,PSO,2,31,3.42467e-08
F17-SchafferF7,PSO,2,32,3.42467e-08
F17-SchafferF7,PSO,2,33,887.409
F17-SchafferF7,PSO,2,34,739.492
F17-SchafferF7,PSO,2,35,959.774
F17-SchafferF7,PSO,2,36,3.42467e-08
F17-SchafferF7,PSO,2,37,746.025
F17-SchafferF7,PSO,2,38,1054.57
F17-SchafferF7,PSO,2,39,3.42467e-08
F17-SchafferF7,PSO,2,40,740.215
F17-SchafferF7,PSO,2,41,793.032
F17-SchafferF7,PSO,2,42,3.42467e-08
F17-SchafferF7,PSO,2,43,759.987
F17-SchafferF7,PSO,2,44,818.553
F17-SchafferF7,Crowding-DE,2,15,0.138753
F17-SchafferF7,Crowding-DE,2,16,677.56
F17-SchafferF7,Crowding-DE,2,17,779.202
F17-SchafferF7,Crowding-DE,2,18,0.138753
F17-SchafferF7,Crowding-DE,2,19,880.595
F17-SchafferF7,Crowding-DE,2,20,0.138753
F17-SchafferF7,Crowding-DE,2,21,0.138753
F17-SchafferF7,Crowding-DE,2,22,0.487958
F17-SchafferF7,Crowding-DE,2,23,0.487958
F17-SchafferF7,Crowding-DE,2,24,0.138753
F17-SchafferF7,Crowding-DE,2,25,0.138753
F17-SchafferF7,Crowding-DE,2,26,0.138753
F17-SchafferF7,Crowding-DE,2,27,0.138753
F17-SchafferF7,Crowding-DE,2,28,0.138753
F17-SchafferF7,Crowding-DE,2,29,796.923
F17-SchafferF7,Crowding-DE,2,30,694.948
F17-SchafferF7,Crowding-DE,2,31,0.138753
F17-SchafferF7,Crowding-DE,2,32,0.138753
F17-SchafferF7,Crowding-DE,2,33,854.869
F17-SchafferF7,Crowding-DE,2,34,0
F17-SchafferF7,Crowding-DE,2,35,924.251
F17-SchafferF7,Crowding-DE,2,36,0.138753
F17-SchafferF7,Crowding-DE,2,37,696.481
F17-SchafferF7,Crowding-DE,2,38,1019.16
F17-SchafferF7,Crowding-DE,2,39,0.138753
F17-SchafferF7,Crowding-DE,2,40,0
F17-SchafferF7,Crowding-DE,2,41,744.627
F17-SchafferF7,Crowding-DE,2,42,0.138753
F17-SchafferF7,Crowding-DE,2,43,0
F17-SchafferF7,Crowding-DE,2,44,783.962
F17-SchafferF7,MAP-Elites,2,15,0.263342
F17-SchafferF7,MAP-Elites,2,16,701.233
F17-SchafferF7,MAP-Elites,2,17,781.355
F17-SchafferF7,MAP-Elites,2,18,0.263342
F17-SchafferF7,MAP-Elites,2,19,892.031
F17-SchafferF7,MAP-Elites,2,20,0.263342
F17-SchafferF7,MAP-Elites,2,21,0.263342
F17-SchafferF7,MAP-Elites,2,22,0.488863
F17-SchafferF7,MAP-Elites,2,23,0.488863
F17-SchafferF7,MAP-Elites,2,24,0.263342
F17-SchafferF7,MAP-Elites,2,25,0.263342
F17-SchafferF7,MAP-Elites,2,26,0.263342
F17-SchafferF7,MAP-Elites,2,27,0.263342
F17-SchafferF7,MAP-Elites,2,28,0.263342
F17-SchafferF7,MAP-Elites,2,29,820.478
F17-SchafferF7,MAP-Elites,2,30,705.106
F17-SchafferF7,MAP-Elites,2,31,0.263342
F17-SchafferF7,MAP-Elites,2,32,0.263342
F17-SchafferF7,MAP-Elites,2,33,858.468
F17-SchafferF7,MAP-Elites,2,34,672.181
F17-SchafferF7,MAP-Elites,2,35,933.366
F17-SchafferF7,MAP-Elites,2,36,0.263342
F17-SchafferF7,MAP-Elites,2,37,694.377
F17-SchafferF7,MAP-Elites,2,38,1027.05
F17-SchafferF7,MAP-Elites,2,39,0.263342
F17-SchafferF7,MAP-Elites,2,40,685.041
F17-SchafferF7,MAP-Elites,2,41,744.213
F17-SchafferF7,MAP-Elites,2,42,0.263342
F17-SchafferF7,MAP-Elites,2,43,692.86
F17-SchafferF7,MAP-Elites,2,44,787.243
F17-SchafferF7,MC-ESO-crowd,2,15,0.0163629
F17-SchafferF7,MC-ESO-crowd,2,16,700.217
F17-SchafferF7,MC-ESO-crowd,2,17,734.192
F17-SchafferF7,MC-ESO-crowd,2,18,0.0163629
F17-SchafferF7,MC-ESO-crowd,2,19,866.581
F17-SchafferF7,MC-ESO-crowd,2,20,0.0163629
F17-SchafferF7,MC-ESO-crowd,2,21,0.0163629
F17-SchafferF7,MC-ESO-crowd,2,22,0.498597
F17-SchafferF7,MC-ESO-crowd,2,23,0.498597
F17-SchafferF7,MC-ESO-crowd,2,24,0.0163629
F17-SchafferF7,MC-ESO-crowd,2,25,0.0163629
F17-SchafferF7,MC-ESO-crowd,2,26,0.0163629
F17-SchafferF7,MC-ESO-crowd,2,27,0.0163629
F17-SchafferF7,MC-ESO-crowd,2,28,0.0163629
F17-SchafferF7,MC-ESO-crowd,2,29,817.863
F17-SchafferF7,MC-ESO-crowd,2,30,0
F17-SchafferF7,MC-ESO-crowd,2,31,0.0163629
F17-SchafferF7,MC-ESO-crowd,2,32,0.0163629
F17-SchafferF7,MC-ESO-crowd,2,33,817.146
F17-SchafferF7,MC-ESO-crowd,2,34,671.645
F17-SchafferF7,MC-ESO-crowd,2,35,946.167
F17-SchafferF7,MC-ESO-crowd,2,36,0.0163629
F17-SchafferF7,MC-ESO-crowd,2,37,0.000890722
F17-SchafferF7,MC-ESO-crowd,2,38,1036.8
F17-SchafferF7,MC-ESO-crowd,2,39,0.0163629
F17-SchafferF7,MC-ESO-crowd,2,40,686.707
F17-SchafferF7,MC-ESO-crowd,2,41,693.586
F17-SchafferF7,MC-ESO-crowd,2,42,0.0163629
F17-SchafferF7,MC-ESO-crowd,2,43,691.927
F17-SchafferF7,MC-ESO-crowd,2,44,744.337
F17-SchafferF7,quality,2,15,0.742581
F17-SchafferF7,quality,2,16,702.63
F17-SchafferF7,quality,2,17,806.267
F17-SchafferF7,quality,2,18,0.742581
F17-SchafferF7,quality,2,19,876.994
F17-SchafferF7,quality,2,20,0.742581
F17-SchafferF7,quality,2,21,0.742581
F17-SchafferF7,quality,2,22,0.205726
F17-SchafferF7,quality,2,23,0.205726
F17-SchafferF7,quality,2,24,0.742581
F17-SchafferF7,quality,2,25,0.742581
F17-SchafferF7,quality,2,26,0.742581
F17-SchafferF7,quality,2,27,0.742581
F17-SchafferF7,quality,2,28,0.742581
F17-SchafferF7,quality,2,29,818.02
F17-SchafferF7,quality,2,30,693.707
F17-SchafferF7,quality,2,31,0.742581
F17-SchafferF7,quality,2,32,0.742581
F17-SchafferF7,quality,2,33,862.463
F17-SchafferF7,quality,2,34,674.589
F17-SchafferF7,quality,2,35,913.713
F17-SchafferF7,quality,2,36,0.742581
F17-SchafferF7,quality,2,37,692.705
F17-SchafferF7,quality,2,38,1006.22
F17-SchafferF7,quality,2,39,0.742581
F17-SchafferF7,quality,2,40,691.378
F17-SchafferF7,quality,2,41,756.297
F17-SchafferF7,quality,2,42,0.742581
F17-SchafferF7,quality,2,43,694.438
F17-SchafferF7,quality,2,44,796.133
F17-SchafferF7,complement,2,15,0.742581
F17-SchafferF7,complement,2,16,3.19488
F17-SchafferF7,complement,2,17,6.93839
F17-SchafferF7,complement,2,18,0.742581
F17-SchafferF7,complement,2,19,698.373
F17-SchafferF7,complement,2,20,0.742581
F17-SchafferF7,complement,2,21,0.742581
F17-SchafferF7,complement,2,22,0.205726
F17-SchafferF7,complement,2,23,0.205726
F17-SchafferF7,complement,2,24,0.742581
F17-SchafferF7,complement,2,25,0.742581
F17-SchafferF7,complement,2,26,0.742581
F17-SchafferF7,complement,2,27,0.742581
F17-SchafferF7,complement,2,28,0.742581
F17-SchafferF7,complement,2,29,0
F17-SchafferF7,complement,2,30,7.70048
F17-SchafferF7,complement,2,31,0.742581
F17-SchafferF7,complement,2,32,0.742581
F17-SchafferF7,complement,2,33,0
F17-SchafferF7,complement,2,34,3.65457
F17-SchafferF7,complement,2,35,7.94798
F17-SchafferF7,complement,2,36,0.742581
F17-SchafferF7,complement,2,37,8.16938
F17-SchafferF7,complement,2,38,4.23851
F17-SchafferF7,complement,2,39,0.742581
F17-SchafferF7,complement,2,40,3.65457
F17-SchafferF7,complement,2,41,7.13564
F17-SchafferF7,complement,2,42,0.742581
F17-SchafferF7,complement,2,43,3.65457
F17-SchafferF7,complement,2,44,27.6317
F17-SchafferF7,MC-ESO,3,15,1.51611
F17-SchafferF7,MC-ESO,3,16,818.229
F17-SchafferF7,MC-ESO,3,17,0
F17-SchafferF7,MC-ESO,3,18,0
F17-SchafferF7,MC-ESO,3,19,756.348
F17-SchafferF7,MC-ESO,3,20,0
F17-SchafferF7,MC-ESO,3,21,0
F17-SchafferF7,MC-ESO,3,22,1.51144
F17-SchafferF7,MC-ESO,3,23,0
F17-SchafferF7,MC-ESO,3,24,0
F17-SchafferF7,MC-ESO,3,25,0.806916
F17-SchafferF7,MC-ESO,3,26,705.688
F17-SchafferF7,MC-ESO,3,27,896.701
F17-SchafferF7,MC-ESO,3,28,0
F17-SchafferF7,MC-ESO,3,29,0
F17-SchafferF7,MC-ESO,3,30,0
F17-SchafferF7,MC-ESO,3,31,1.14512
F17-SchafferF7,MC-ESO,3,32,0
F17-SchafferF7,MC-ESO,3,33,784.682
F17-SchafferF7,MC-ESO,3,34,789.623
F17-SchafferF7,MC-ESO,3,35,683.863
F17-SchafferF7,MC-ESO,3,36,724.698
F17-SchafferF7,MC-ESO,3,37,861.356
F17-SchafferF7,MC-ESO,3,38,0.806916
F17-SchafferF7,MC-ESO,3,39,0
F17-SchafferF7,MC-ESO,3,40,0
F17-SchafferF7,MC-ESO,3,41,959.768
F17-SchafferF7,MC-ESO,3,42,847.941
F17-SchafferF7,MC-ESO,3,43,0
F17-SchafferF7,MC-ESO,3,44,689.844
F17-SchafferF7,NMMSO,3,15,0.709193
F17-SchafferF7,NMMSO,3,16,770.972
F17-SchafferF7,NMMSO,3,17,0.00755044
F17-SchafferF7,NMMSO,3,18,0.00755044
F17-SchafferF7,NMMSO,3,19,762.167
F17-SchafferF7,NMMSO,3,20,0.00755044
F17-SchafferF7,NMMSO,3,21,0.00755044
F17-SchafferF7,NMMSO,3,22,1.37519
F17-SchafferF7,NMMSO,3,23,0.00755044
F17-SchafferF7,NMMSO,3,24,0.00755044
F17-SchafferF7,NMMSO,3,25,0
F17-SchafferF7,NMMSO,3,26,0
F17-SchafferF7,NMMSO,3,27,855.076
F17-SchafferF7,NMMSO,3,28,0.00755044
F17-SchafferF7,NMMSO,3,29,0.00755044
F17-SchafferF7,NMMSO,3,30,0.00755044
F17-SchafferF7,NMMSO,3,31,1.00886
F17-SchafferF7,NMMSO,3,32,0.00755044
F17-SchafferF7,NMMSO,3,33,750.543
F17-SchafferF7,NMMSO,3,34,832.934
F17-SchafferF7,NMMSO,3,35,696.473
F17-SchafferF7,NMMSO,3,36,672.262
F17-SchafferF7,NMMSO,3,37,823.553
F17-SchafferF7,NMMSO,3,38,0
F17-SchafferF7,NMMSO,3,39,0.00755044
F17-SchafferF7,NMMSO,3,40,0.00755044
F17-SchafferF7,NMMSO,3,41,935.706
F17-SchafferF7,NMMSO,3,42,867.755
F17-SchafferF7,NMMSO,3,43,0.00755044
F17-SchafferF7,NMMSO,3,44,716.169
F17-SchafferF7,NCDE,3,15,0
F17-SchafferF7,NCDE,3,16,850.76
F17-SchafferF7,NCDE,3,17,0.0214558
F17-SchafferF7,NCDE,3,18,0.0214558
F17-SchafferF7,NCDE,3,19,762.277
F17-SchafferF7,NCDE,3,20,0.0214558
F17-SchafferF7,NCDE,3,21,0.0214558
F17-SchafferF7,NCDE,3,22,0.828035
F17-SchafferF7,NCDE,3,23,0.0214558
F17-SchafferF7,NCDE,3,24,0.0214558
F17-SchafferF7,NCDE,3,25,698.301
F17-SchafferF7,NCDE,3,26,724.572
F17-SchafferF7,NCDE,3,27,932.922
F17-SchafferF7,NCDE,3,28,0.0214558
F17-SchafferF7,NCDE,3,29,0.0214558
F17-SchafferF7,NCDE,3,30,0.0214558
F17-SchafferF7,NCDE,3,31,0.935328
F17-SchafferF7,NCDE,3,32,0.0214558
F17-SchafferF7,NCDE,3,33,823.132
F17-SchafferF7,NCDE,3,34,833.406
F17-SchafferF7,NCDE,3,35,696.648
F17-SchafferF7,NCDE,3,36,748.013
F17-SchafferF7,NCDE,3,37,898.976
F17-SchafferF7,NCDE,3,38,690.527
F17-SchafferF7,NCDE,3,39,0.0214558
F17-SchafferF7,NCDE,3,40,0.0214558
F17-SchafferF7,NCDE,3,41,983.265
F17-SchafferF7,NCDE,3,42,855.551
F17-SchafferF7,NCDE,3,43,0.0214558
F17-SchafferF7,NCDE,3,44,716.478
F17-SchafferF7,r3pso,3,15,813.015
F17-SchafferF7,r3pso,3,16,969.314
F17-SchafferF7,r3pso,3,17,4.04347e-07
F17-SchafferF7,r3pso,3,18,4.04347e-07
F17-SchafferF7,r3pso,3,19,762.201
F17-SchafferF7,r3pso,3,20,4.04347e-07
F17-SchafferF7,r3pso,3,21,4.04347e-07
F17-SchafferF7,r3pso,3,22,730.268
F17-SchafferF7,r3pso,3,23,4.04347e-07
F17-SchafferF7,r3pso,3,24,4.04347e-07
F17-SchafferF7,r3pso,3,25,810.665
F17-SchafferF7,r3pso,3,26,878.581
F17-SchafferF7,r3pso,3,27,1027.82
F17-SchafferF7,r3pso,3,28,4.04347e-07
F17-SchafferF7,r3pso,3,29,4.04347e-07
F17-SchafferF7,r3pso,3,30,4.04347e-07
F17-SchafferF7,r3pso,3,31,744.441
F17-SchafferF7,r3pso,3,32,4.04347e-07
F17-SchafferF7,r3pso,3,33,889.789
F17-SchafferF7,r3pso,3,34,833.091
F17-SchafferF7,r3pso,3,35,696.53
F17-SchafferF7,r3pso,3,36,895.276
F17-SchafferF7,r3pso,3,37,979.142
F17-SchafferF7,r3pso,3,38,841.364
F17-SchafferF7,r3pso,3,39,4.04347e-07
F17-SchafferF7,r3pso,3,40,4.04347e-07
F17-SchafferF7,r3pso,3,41,1030.34
F17-SchafferF7,r3pso,3,42,867.668
F17-SchafferF7,r3pso,3,43,4.04347e-07
F17-SchafferF7,r3pso,3,44,716.271
F17-SchafferF7,NM-Restart,3,15,3.8757
F17-SchafferF7,NM-Restart,3,16,672.344
F17-SchafferF7,NM-Restart,3,17,0.742581
F17-SchafferF7,NM-Restart,3,18,0.742581
F17-SchafferF7,NM-Restart,3,19,660.345
F17-SchafferF7,NM-Restart,3,20,0.742581
F17-SchafferF7,NM-Restart,3,21,0.742581
F17-SchafferF7,NM-Restart,3,22,1.37519
F17-SchafferF7,NM-Restart,3,23,0.742581
F17-SchafferF7,NM-Restart,3,24,0.742581
F17-SchafferF7,NM-Restart,3,25,3.16651
F17-SchafferF7,NM-Restart,3,26,2.30256
F17-SchafferF7,NM-Restart,3,27,764.794
F17-SchafferF7,NM-Restart,3,28,0.742581
F17-SchafferF7,NM-Restart,3,29,0.742581
F17-SchafferF7,NM-Restart,3,30,0.742581
F17-SchafferF7,NM-Restart,3,31,4.88534
F17-SchafferF7,NM-Restart,3,32,0.742581
F17-SchafferF7,NM-Restart,3,33,672.621
F17-SchafferF7,NM-Restart,3,34,688.095
F17-SchafferF7,NM-Restart,3,35,0.215157
F17-SchafferF7,NM-Restart,3,36,0
F17-SchafferF7,NM-Restart,3,37,739.458
F17-SchafferF7,NM-Restart,3,38,3.16651
F17-SchafferF7,NM-Restart,3,39,0.742581
F17-SchafferF7,NM-Restart,3,40,0.742581
F17-SchafferF7,NM-Restart,3,41,875.599
F17-SchafferF7,NM-Restart,3,42,825.088
F17-SchafferF7,NM-Restart,3,43,0.742581
F17-SchafferF7,NM-Restart,3,44,1.39691
F17-SchafferF7,IPOP-CMA-ES,3,15,813.015
F17-SchafferF7,IPOP-CMA-ES,3,16,969.314
F17-SchafferF7,IPOP-CMA-ES,3,17,2.47979e-12
F17-SchafferF7,IPOP-CMA-ES,3,18,2.47979e-12
F17-SchafferF7,IPOP-CMA-ES,3,19,762.201
F17-SchafferF7,IPOP-CMA-ES,3,20,2.47979e-12
F17-SchafferF7,IPOP-CMA-ES,3,21,2.47979e-12
F17-SchafferF7,IPOP-CMA-ES,3,22,730.268
F17-SchafferF7,IPOP-CMA-ES,3,23,2.47979e-12
F17-SchafferF7,IPOP-CMA-ES,3,24,2.47979e-12
F17-SchafferF7,IPOP-CMA-ES,3,25,810.665
F17-SchafferF7,IPOP-CMA-ES,3,26,878.581
F17-SchafferF7,IPOP-CMA-ES,3,27,1027.82
F17-SchafferF7,IPOP-CMA-ES,3,28,2.47979e-12
F17-SchafferF7,IPOP-CMA-ES,3,29,2.47979e-12
F17-SchafferF7,IPOP-CMA-ES,3,30,2.47979e-12
F17-SchafferF7,IPOP-CMA-ES,3,31,744.441
F17-SchafferF7,IPOP-CMA-ES,3,32,2.47979e-12
F17-SchafferF7,IPOP-CMA-ES,3,33,889.789
F17-SchafferF7,IPOP-CMA-ES,3,34,833.091
F17-SchafferF7,IPOP-CMA-ES,3,35,696.53
F17-SchafferF7,IPOP-CMA-ES,3,36,895.276
F17-SchafferF7,IPOP-CMA-ES,3,37,979.142
F17-SchafferF7,IPOP-CMA-ES,3,38,841.364
F17-SchafferF7,IPOP-CMA-ES,3,39,2.47979e-12
F17-SchafferF7,IPOP-CMA-ES,3,40,2.47979e-12
F17-SchafferF7,IPOP-CMA-ES,3,41,1030.34
F17-SchafferF7,IPOP-CMA-ES,3,42,867.668
F17-SchafferF7,IPOP-CMA-ES,3,43,2.47979e-12
F17-SchafferF7,IPOP-CMA-ES,3,44,716.271
F17-SchafferF7,DE,3,15,813.015
F17-SchafferF7,DE,3,16,969.314
F17-SchafferF7,DE,3,17,0
F17-SchafferF7,DE,3,18,0
F17-SchafferF7,DE,3,19,762.201
F17-SchafferF7,DE,3,20,0
F17-SchafferF7,DE,3,21,0
F17-SchafferF7,DE,3,22,730.268
F17-SchafferF7,DE,3,23,0
F17-SchafferF7,DE,3,24,0
F17-SchafferF7,DE,3,25,810.665
F17-SchafferF7,DE,3,26,878.581
F17-SchafferF7,DE,3,27,1027.82
F17-SchafferF7,DE,3,28,0
F17-SchafferF7,DE,3,29,0
F17-SchafferF7,DE,3,30,0
F17-SchafferF7,DE,3,31,744.441
F17-SchafferF7,DE,3,32,0
F17-SchafferF7,DE,3,33,889.789
F17-SchafferF7,DE,3,34,833.091
F17-SchafferF7,DE,3,35,696.53
F17-SchafferF7,DE,3,36,895.276
F17-SchafferF7,DE,3,37,979.142
F17-SchafferF7,DE,3,38,841.364
F17-SchafferF7,DE,3,39,0
F17-SchafferF7,DE,3,40,0
F17-SchafferF7,DE,3,41,1030.34
F17-SchafferF7,DE,3,42,867.668
F17-SchafferF7,DE,3,43,0
F17-SchafferF7,DE,3,44,716.271
F17-SchafferF7,PSO,3,15,813.015
F17-SchafferF7,PSO,3,16,969.314
F17-SchafferF7,PSO,3,17,3.28268e-08
F17-SchafferF7,PSO,3,18,3.28268e-08
F17-SchafferF7,PSO,3,19,762.201
F17-SchafferF7,PSO,3,20,3.28268e-08
F17-SchafferF7,PSO,3,21,3.28268e-08
F17-SchafferF7,PSO,3,22,730.268
F17-SchafferF7,PSO,3,23,3.28268e-08
F17-SchafferF7,PSO,3,24,3.28268e-08
F17-SchafferF7,PSO,3,25,810.665
F17-SchafferF7,PSO,3,26,878.581
F17-SchafferF7,PSO,3,27,1027.82
F17-SchafferF7,PSO,3,28,3.28268e-08
F17-SchafferF7,PSO,3,29,3.28268e-08
F17-SchafferF7,PSO,3,30,3.28268e-08
F17-SchafferF7,PSO,3,31,744.441
F17-SchafferF7,PSO,3,32,3.28268e-08
F17-SchafferF7,PSO,3,33,889.789
F17-SchafferF7,PSO,3,34,833.091
F17-SchafferF7,PSO,3,35,696.53
F17-SchafferF7,PSO,3,36,895.276
F17-SchafferF7,PSO,3,37,979.142
F17-SchafferF7,PSO,3,38,841.364
F17-SchafferF7,PSO,3,39,3.28268e-08
F17-SchafferF7,PSO,3,40,3.28268e-08
F17-SchafferF7,PSO,3,41,1030.34
F17-SchafferF7,PSO,3,42,867.668
F17-SchafferF7,PSO,3,43,3.28268e-08
F17-SchafferF7,PSO,3,44,716.271
F17-SchafferF7,Crowding-DE,3,15,704.846
F17-SchafferF7,Crowding-DE,3,16,875.725
F17-SchafferF7,Crowding-DE,3,17,0.055482
F17-SchafferF7,Crowding-DE,3,18,0.055482
F17-SchafferF7,Crowding-DE,3,19,697.335
F17-SchafferF7,Crowding-DE,3,20,0.055482
F17-SchafferF7,Crowding-DE,3,21,0.055482
F17-SchafferF7,Crowding-DE,3,22,0.822919
F17-SchafferF7,Crowding-DE,3,23,0.055482
F17-SchafferF7,Crowding-DE,3,24,0.055482
F17-SchafferF7,Crowding-DE,3,25,720.383
F17-SchafferF7,Crowding-DE,3,26,769.774
F17-SchafferF7,Crowding-DE,3,27,947.31
F17-SchafferF7,Crowding-DE,3,28,0.055482
F17-SchafferF7,Crowding-DE,3,29,0.055482
F17-SchafferF7,Crowding-DE,3,30,0.055482
F17-SchafferF7,Crowding-DE,3,31,0.456594
F17-SchafferF7,Crowding-DE,3,32,0.055482
F17-SchafferF7,Crowding-DE,3,33,826.067
F17-SchafferF7,Crowding-DE,3,34,747.047
F17-SchafferF7,Crowding-DE,3,35,0
F17-SchafferF7,Crowding-DE,3,36,788.374
F17-SchafferF7,Crowding-DE,3,37,907.261
F17-SchafferF7,Crowding-DE,3,38,733.308
F17-SchafferF7,Crowding-DE,3,39,0.055482
F17-SchafferF7,Crowding-DE,3,40,0.055482
F17-SchafferF7,Crowding-DE,3,41,988.67
F17-SchafferF7,Crowding-DE,3,42,834.653
F17-SchafferF7,Crowding-DE,3,43,0.055482
F17-SchafferF7,Crowding-DE,3,44,0.365087
F17-SchafferF7,MAP-Elites,3,15,724.721
F17-SchafferF7,MAP-Elites,3,16,896.154
F17-SchafferF7,MAP-Elites,3,17,0.254497
F17-SchafferF7,MAP-Elites,3,18,0.254497
F17-SchafferF7,MAP-Elites,3,19,697.262
F17-SchafferF7,MAP-Elites,3,20,0.254497
F17-SchafferF7,MAP-Elites,3,21,0.254497
F17-SchafferF7,MAP-Elites,3,22,0.366325
F17-SchafferF7,MAP-Elites,3,23,0.254497
F17-SchafferF7,MAP-Elites,3,24,0.254497
F17-SchafferF7,MAP-Elites,3,25,740.615
F17-SchafferF7,MAP-Elites,3,26,789.273
F17-SchafferF7,MAP-Elites,3,27,966.742
F17-SchafferF7,MAP-Elites,3,28,0.254497
F17-SchafferF7,MAP-Elites,3,29,0.254497
F17-SchafferF7,MAP-Elites,3,30,0.254497
F17-SchafferF7,MAP-Elites,3,31,0
F17-SchafferF7,MAP-Elites,3,32,0.254497
F17-SchafferF7,MAP-Elites,3,33,843.661
F17-SchafferF7,MAP-Elites,3,34,747.475
F17-SchafferF7,MAP-Elites,3,35,0.229658
F17-SchafferF7,MAP-Elites,3,36,808.597
F17-SchafferF7,MAP-Elites,3,37,925.805
F17-SchafferF7,MAP-Elites,3,38,753.228
F17-SchafferF7,MAP-Elites,3,39,0.254497
F17-SchafferF7,MAP-Elites,3,40,0.254497
F17-SchafferF7,MAP-Elites,3,41,1003.31
F17-SchafferF7,MAP-Elites,3,42,834.126
F17-SchafferF7,MAP-Elites,3,43,0.254497
F17-SchafferF7,MAP-Elites,3,44,0.365139
F17-SchafferF7,MC-ESO-crowd,3,15,703.451
F17-SchafferF7,MC-ESO-crowd,3,16,875.121
F17-SchafferF7,MC-ESO-crowd,3,17,0.00103278
F17-SchafferF7,MC-ESO-crowd,3,18,0.00103278
F17-SchafferF7,MC-ESO-crowd,3,19,688.478
F17-SchafferF7,MC-ESO-crowd,3,20,0.00103278
F17-SchafferF7,MC-ESO-crowd,3,21,0.00103278
F17-SchafferF7,MC-ESO-crowd,3,22,0
F17-SchafferF7,MC-ESO-crowd,3,23,0.00103278
F17-SchafferF7,MC-ESO-crowd,3,24,0.00103278
F17-SchafferF7,MC-ESO-crowd,3,25,719.898
F17-SchafferF7,MC-ESO-crowd,3,26,768.279
F17-SchafferF7,MC-ESO-crowd,3,27,947.136
F17-SchafferF7,MC-ESO-crowd,3,28,0.00103278
F17-SchafferF7,MC-ESO-crowd,3,29,0.00103278
F17-SchafferF7,MC-ESO-crowd,3,30,0.00103278
F17-SchafferF7,MC-ESO-crowd,3,31,0.461493
F17-SchafferF7,MC-ESO-crowd,3,32,0.00103278
F17-SchafferF7,MC-ESO-crowd,3,33,826.342
F17-SchafferF7,MC-ESO-crowd,3,34,723.474
F17-SchafferF7,MC-ESO-crowd,3,35,0.498294
F17-SchafferF7,MC-ESO-crowd,3,36,787.104
F17-SchafferF7,MC-ESO-crowd,3,37,907.329
F17-SchafferF7,MC-ESO-crowd,3,38,731.928
F17-SchafferF7,MC-ESO-crowd,3,39,0.00103278
F17-SchafferF7,MC-ESO-crowd,3,40,0.00103278
F17-SchafferF7,MC-ESO-crowd,3,41,989.434
F17-SchafferF7,MC-ESO-crowd,3,42,841.223
F17-SchafferF7,MC-ESO-crowd,3,43,0.00103278
F17-SchafferF7,MC-ESO-crowd,3,44,0
F17-SchafferF7,quality,3,15,698.033
F17-SchafferF7,quality,3,16,852.161
F17-SchafferF7,quality,3,17,0.742581
F17-SchafferF7,quality,3,18,1.84858
F17-SchafferF7,quality,3,19,724.779
F17-SchafferF7,quality,3,20,0.742581
F17-SchafferF7,quality,3,21,0.742581
F17-SchafferF7,quality,3,22,0.80114
F17-SchafferF7,quality,3,23,0.742581
F17-SchafferF7,quality,3,24,0.742581
F17-SchafferF7,quality,3,25,694.663
F17-SchafferF7,quality,3,26,762.464
F17-SchafferF7,quality,3,27,916.462
F17-SchafferF7,quality,3,28,0.742581
F17-SchafferF7,quality,3,29,0.742581
F17-SchafferF7,quality,3,30,0.742581
F17-SchafferF7,quality,3,31,0.434815
F17-SchafferF7,quality,3,32,0.742581
F17-SchafferF7,quality,3,33,789.077
F17-SchafferF7,quality,3,34,784.58
F17-SchafferF7,quality,3,35,0.215157
F17-SchafferF7,quality,3,36,779.206
F17-SchafferF7,quality,3,37,872.932
F17-SchafferF7,quality,3,38,726.564
F17-SchafferF7,quality,3,39,0.742581
F17-SchafferF7,quality,3,40,0.742581
F17-SchafferF7,quality,3,41,946.695
F17-SchafferF7,quality,3,42,829.992
F17-SchafferF7,quality,3,43,0.742581
F17-SchafferF7,quality,3,44,671.842
F17-SchafferF7,complement,3,15,7.13487
F17-SchafferF7,complement,3,16,3.25917
F17-SchafferF7,complement,3,17,1.84858
F17-SchafferF7,complement,3,18,1.84858
F17-SchafferF7,complement,3,19,594.474
F17-SchafferF7,complement,3,20,1.84858
F17-SchafferF7,complement,3,21,1.84858
F17-SchafferF7,complement,3,22,0.80114
F17-SchafferF7,complement,3,23,1.84858
F17-SchafferF7,complement,3,24,1.84858
F17-SchafferF7,complement,3,25,6.42568
F17-SchafferF7,complement,3,26,5.56173
F17-SchafferF7,complement,3,27,0
F17-SchafferF7,complement,3,28,1.84858
F17-SchafferF7,complement,3,29,1.84858
F17-SchafferF7,complement,3,30,1.84858
F17-SchafferF7,complement,3,31,8.14451
F17-SchafferF7,complement,3,32,1.84858
F17-SchafferF7,complement,3,33,3.25917
F17-SchafferF7,complement,3,34,676.718
F17-SchafferF7,complement,3,35,4.51604
F17-SchafferF7,complement,3,36,3.25917
F17-SchafferF7,complement,3,37,0
F17-SchafferF7,complement,3,38,6.42568
F17-SchafferF7,complement,3,39,1.84858
F17-SchafferF7,complement,3,40,1.84858
F17-SchafferF7,complement,3,41,0
F17-SchafferF7,complement,3,42,0
F17-SchafferF7,complement,3,43,1.84858
F17-SchafferF7,complement,3,44,4.01774
F17-SchafferF7,MC-ESO,4,15,0.115023
F17-SchafferF7,MC-ESO,4,16,915.534
F17-SchafferF7,MC-ESO,4,17,1.47153e-11
F17-SchafferF7,MC-ESO,4,18,859.817
F17-SchafferF7,MC-ESO,4,19,1050.52
F17-SchafferF7,MC-ESO,4,20,1.47153e-11
F17-SchafferF7,MC-ESO,4,21,1.47153e-11
F17-SchafferF7,MC-ESO,4,22,1.47153e-11
F17-SchafferF7,MC-ESO,4,23,1116.74
F17-SchafferF7,MC-ESO,4,24,1.47153e-11
F17-SchafferF7,MC-ESO,4,25,1.47153e-11
F17-SchafferF7,MC-ESO,4,26,1.47153e-11
F17-SchafferF7,MC-ESO,4,27,1082
F17-SchafferF7,MC-ESO,4,28,1.47153e-11
F17-SchafferF7,MC-ESO,4,29,1.47153e-11
F17-SchafferF7,MC-ESO,4,30,977.682
F17-SchafferF7,MC-ESO,4,31,1.47153e-11
F17-SchafferF7,MC-ESO,4,32,1.47153e-11
F17-SchafferF7,MC-ESO,4,33,1.47153e-11
F17-SchafferF7,MC-ESO,4,34,0.115023
F17-SchafferF7,MC-ESO,4,35,1.47153e-11
F17-SchafferF7,MC-ESO,4,36,0
F17-SchafferF7,MC-ESO,4,37,1.47153e-11
F17-SchafferF7,MC-ESO,4,38,1.47153e-11
F17-SchafferF7,MC-ESO,4,39,882.368
F17-SchafferF7,MC-ESO,4,40,767.996
F17-SchafferF7,MC-ESO,4,41,0.11679
F17-SchafferF7,MC-ESO,4,42,1088.02
F17-SchafferF7,MC-ESO,4,43,897.321
F17-SchafferF7,MC-ESO,4,44,1.47153e-11
F17-SchafferF7,NMMSO,4,15,3.67346
F17-SchafferF7,NMMSO,4,16,0.0188913
F17-SchafferF7,NMMSO,4,17,2.87777e-05
F17-SchafferF7,NMMSO,4,18,864.52
F17-SchafferF7,NMMSO,4,19,947.894
F17-SchafferF7,NMMSO,4,20,2.87777e-05
F17-SchafferF7,NMMSO,4,21,2.87777e-05
F17-SchafferF7,NMMSO,4,22,2.87777e-05
F17-SchafferF7,NMMSO,4,23,1013.83
F17-SchafferF7,NMMSO,4,24,2.87777e-05
F17-SchafferF7,NMMSO,4,25,2.87777e-05
F17-SchafferF7,NMMSO,4,26,2.87777e-05
F17-SchafferF7,NMMSO,4,27,923.442
F17-SchafferF7,NMMSO,4,28,2.87777e-05
F17-SchafferF7,NMMSO,4,29,2.87777e-05
F17-SchafferF7,NMMSO,4,30,1002.6
F17-SchafferF7,NMMSO,4,31,2.87777e-05
F17-SchafferF7,NMMSO,4,32,2.87777e-05
F17-SchafferF7,NMMSO,4,33,2.87777e-05
F17-SchafferF7,NMMSO,4,34,3.67346
F17-SchafferF7,NMMSO,4,35,2.87777e-05
F17-SchafferF7,NMMSO,4,36,0.142128
F17-SchafferF7,NMMSO,4,37,2.87777e-05
F17-SchafferF7,NMMSO,4,38,2.87777e-05
F17-SchafferF7,NMMSO,4,39,802.882
F17-SchafferF7,NMMSO,4,40,3.21377
F17-SchafferF7,NMMSO,4,41,843.476
F17-SchafferF7,NMMSO,4,42,1092.66
F17-SchafferF7,NMMSO,4,43,1.06581
F17-SchafferF7,NMMSO,4,44,2.87777e-05
F17-SchafferF7,NCDE,4,15,0.460011
F17-SchafferF7,NCDE,4,16,854.128
F17-SchafferF7,NCDE,4,17,0.0418824
F17-SchafferF7,NCDE,4,18,837.31
F17-SchafferF7,NCDE,4,19,1000.42
F17-SchafferF7,NCDE,4,20,0.0418824
F17-SchafferF7,NCDE,4,21,0.0418824
F17-SchafferF7,NCDE,4,22,0.0418824
F17-SchafferF7,NCDE,4,23,1066.59
F17-SchafferF7,NCDE,4,24,0.0418824
F17-SchafferF7,NCDE,4,25,0.0418824
F17-SchafferF7,NCDE,4,26,0.0418824
F17-SchafferF7,NCDE,4,27,1022.99
F17-SchafferF7,NCDE,4,28,0.0418824
F17-SchafferF7,NCDE,4,29,0.0418824
F17-SchafferF7,NCDE,4,30,964.821
F17-SchafferF7,NCDE,4,31,0.0418824
F17-SchafferF7,NCDE,4,32,0.0418824
F17-SchafferF7,NCDE,4,33,0.0418824
F17-SchafferF7,NCDE,4,34,0.460011
F17-SchafferF7,NCDE,4,35,0.0418824
F17-SchafferF7,NCDE,4,36,0.142355
F17-SchafferF7,NCDE,4,37,0.0418824
F17-SchafferF7,NCDE,4,38,0.0418824
F17-SchafferF7,NCDE,4,39,836.449
F17-SchafferF7,NCDE,4,40,0.000331138
F17-SchafferF7,NCDE,4,41,0.457201
F17-SchafferF7,NCDE,4,42,1065.39
F17-SchafferF7,NCDE,4,43,834.122
F17-SchafferF7,NCDE,4,44,0.0418824
F17-SchafferF7,r3pso,4,15,838.824
F17-SchafferF7,r3pso,4,16,989.601
F17-SchafferF7,r3pso,4,17,5.22114e-07
F17-SchafferF7,r3pso,4,18,865.549
F17-SchafferF7,r3pso,4,19,1099.28
F17-SchafferF7,r3pso,4,20,5.22114e-07
F17-SchafferF7,r3pso,4,21,5.22114e-07
F17-SchafferF7,r3pso,4,22,5.22114e-07
F17-SchafferF7,r3pso,4,23,1165.6
F17-SchafferF7,r3pso,4,24,5.22114e-07
F17-SchafferF7,r3pso,4,25,5.22114e-07
F17-SchafferF7,r3pso,4,26,5.22114e-07
F17-SchafferF7,r3pso,4,27,1150.06
F17-SchafferF7,r3pso,4,28,5.22114e-07
F17-SchafferF7,r3pso,4,29,5.22114e-07
F17-SchafferF7,r3pso,4,30,1002.6
F17-SchafferF7,r3pso,4,31,5.22114e-07
F17-SchafferF7,r3pso,4,32,5.22114e-07
F17-SchafferF7,r3pso,4,33,5.22114e-07
F17-SchafferF7,r3pso,4,34,831.132
F17-SchafferF7,r3pso,4,35,5.22114e-07
F17-SchafferF7,r3pso,4,36,792.171
F17-SchafferF7,r3pso,4,37,5.22114e-07
F17-SchafferF7,r3pso,4,38,5.22114e-07
F17-SchafferF7,r3pso,4,39,922.937
F17-SchafferF7,r3pso,4,40,858.591
F17-SchafferF7,r3pso,4,41,843.478
F17-SchafferF7,r3pso,4,42,1093.73
F17-SchafferF7,r3pso,4,43,998.404
F17-SchafferF7,r3pso,4,44,5.22114e-07
F17-SchafferF7,NM-Restart,4,15,1.03373
F17-SchafferF7,NM-Restart,4,16,784.177
F17-SchafferF7,NM-Restart,4,17,1.84858
F17-SchafferF7,NM-Restart,4,18,751.86
F17-SchafferF7,NM-Restart,4,19,936.336
F17-SchafferF7,NM-Restart,4,20,1.84858
F17-SchafferF7,NM-Restart,4,21,1.84858
F17-SchafferF7,NM-Restart,4,22,1.84858
F17-SchafferF7,NM-Restart,4,23,1002.57
F17-SchafferF7,NM-Restart,4,24,1.84858
F17-SchafferF7,NM-Restart,4,25,1.84858
F17-SchafferF7,NM-Restart,4,26,1.84858
F17-SchafferF7,NM-Restart,4,27,963.291
F17-SchafferF7,NM-Restart,4,28,2.42262
F17-SchafferF7,NM-Restart,4,29,1.84858
F17-SchafferF7,NM-Restart,4,30,901.642
F17-SchafferF7,NM-Restart,4,31,2.42262
F17-SchafferF7,NM-Restart,4,32,1.84858
F17-SchafferF7,NM-Restart,4,33,2.42262
F17-SchafferF7,NM-Restart,4,34,1.03373
F17-SchafferF7,NM-Restart,4,35,1.84858
F17-SchafferF7,NM-Restart,4,36,1.82198
F17-SchafferF7,NM-Restart,4,37,1.84858
F17-SchafferF7,NM-Restart,4,38,2.42262
F17-SchafferF7,NM-Restart,4,39,766.969
F17-SchafferF7,NM-Restart,4,40,0.57405
F17-SchafferF7,NM-Restart,4,41,0.454726
F17-SchafferF7,NM-Restart,4,42,979.955
F17-SchafferF7,NM-Restart,4,43,0
F17-SchafferF7,NM-Restart,4,44,1.84858
F17-SchafferF7,IPOP-CMA-ES,4,15,838.824
F17-SchafferF7,IPOP-CMA-ES,4,16,989.601
F17-SchafferF7,IPOP-CMA-ES,4,17,2.77467e-12
F17-SchafferF7,IPOP-CMA-ES,4,18,865.549
F17-SchafferF7,IPOP-CMA-ES,4,19,1099.28
F17-SchafferF7,IPOP-CMA-ES,4,20,2.77467e-12
F17-SchafferF7,IPOP-CMA-ES,4,21,2.77467e-12
F17-SchafferF7,IPOP-CMA-ES,4,22,2.77467e-12
F17-SchafferF7,IPOP-CMA-ES,4,23,1165.6
F17-SchafferF7,IPOP-CMA-ES,4,24,2.77467e-12
F17-SchafferF7,IPOP-CMA-ES,4,25,2.77467e-12
F17-SchafferF7,IPOP-CMA-ES,4,26,2.77467e-12
F17-SchafferF7,IPOP-CMA-ES,4,27,1150.06
F17-SchafferF7,IPOP-CMA-ES,4,28,2.77467e-12
F17-SchafferF7,IPOP-CMA-ES,4,29,2.77467e-12
F17-SchafferF7,IPOP-CMA-ES,4,30,1002.6
F17-SchafferF7,IPOP-CMA-ES,4,31,2.77467e-12
F17-SchafferF7,IPOP-CMA-ES,4,32,2.77467e-12
F17-SchafferF7,IPOP-CMA-ES,4,33,2.77467e-12
F17-SchafferF7,IPOP-CMA-ES,4,34,831.132
F17-SchafferF7,IPOP-CMA-ES,4,35,2.77467e-12
F17-SchafferF7,IPOP-CMA-ES,4,36,792.171
F17-SchafferF7,IPOP-CMA-ES,4,37,2.77467e-12
F17-SchafferF7,IPOP-CMA-ES,4,38,2.77467e-12
F17-SchafferF7,IPOP-CMA-ES,4,39,922.937
F17-SchafferF7,IPOP-CMA-ES,4,40,858.591
F17-SchafferF7,IPOP-CMA-ES,4,41,843.478
F17-SchafferF7,IPOP-CMA-ES,4,42,1093.73
F17-SchafferF7,IPOP-CMA-ES,4,43,998.404
F17-SchafferF7,IPOP-CMA-ES,4,44,2.77467e-12
F17-SchafferF7,DE,4,15,838.824
F17-SchafferF7,DE,4,16,989.601
F17-SchafferF7,DE,4,17,0
F17-SchafferF7,DE,4,18,865.549
F17-SchafferF7,DE,4,19,1099.28
F17-SchafferF7,DE,4,20,0
F17-SchafferF7,DE,4,21,0
F17-SchafferF7,DE,4,22,0
F17-SchafferF7,DE,4,23,1165.6
F17-SchafferF7,DE,4,24,0
F17-SchafferF7,DE,4,25,0
F17-SchafferF7,DE,4,26,0
F17-SchafferF7,DE,4,27,1150.06
F17-SchafferF7,DE,4,28,0
F17-SchafferF7,DE,4,29,0
F17-SchafferF7,DE,4,30,1002.6
F17-SchafferF7,DE,4,31,0
F17-SchafferF7,DE,4,32,0
F17-SchafferF7,DE,4,33,0
F17-SchafferF7,DE,4,34,831.132
F17-SchafferF7,DE,4,35,0
F17-SchafferF7,DE,4,36,792.171
F17-SchafferF7,DE,4,37,0
F17-SchafferF7,DE,4,38,0
F17-SchafferF7,DE,4,39,922.937
F17-SchafferF7,DE,4,40,858.591
F17-SchafferF7,DE,4,41,843.478
F17-SchafferF7,DE,4,42,1093.73
F17-SchafferF7,DE,4,43,998.404
F17-SchafferF7,DE,4,44,0
F17-SchafferF7,PSO,4,15,838.824
F17-SchafferF7,PSO,4,16,989.601
F17-SchafferF7,PSO,4,17,4.18321e-07
F17-SchafferF7,PSO,4,18,865.549
F17-SchafferF7,PSO,4,19,1099.28
F17-SchafferF7,PSO,4,20,4.18321e-07
F17-SchafferF7,PSO,4,21,4.18321e-07
F17-SchafferF7,PSO,4,22,4.18321e-07
F17-SchafferF7,PSO,4,23,1165.6
F17-SchafferF7,PSO,4,24,4.18321e-07
F17-SchafferF7,PSO,4,25,4.18321e-07
F17-SchafferF7,PSO,4,26,4.18321e-07
F17-SchafferF7,PSO,4,27,1150.06
F17-SchafferF7,PSO,4,28,4.18321e-07
F17-SchafferF7,PSO,4,29,4.18321e-07
F17-SchafferF7,PSO,4,30,1002.6
F17-SchafferF7,PSO,4,31,4.18321e-07
F17-SchafferF7,PSO,4,32,4.18321e-07
F17-SchafferF7,PSO,4,33,4.18321e-07
F17-SchafferF7,PSO,4,34,831.132
F17-SchafferF7,PSO,4,35,4.18321e-07
F17-SchafferF7,PSO,4,36,792.171
F17-SchafferF7,PSO,4,37,4.18321e-07
F17-SchafferF7,PSO,4,38,4.18321e-07
F17-SchafferF7,PSO,4,39,922.937
F17-SchafferF7,PSO,4,40,858.591
F17-SchafferF7,PSO,4,41,843.478
F17-SchafferF7,PSO,4,42,1093.73
F17-SchafferF7,PSO,4,43,998.404
F17-SchafferF7,PSO,4,44,4.18321e-07
F17-SchafferF7,Crowding-DE,4,15,0
F17-SchafferF7,Crowding-DE,4,16,918.218
F17-SchafferF7,Crowding-DE,4,17,0.15751
F17-SchafferF7,Crowding-DE,4,18,849.28
F17-SchafferF7,Crowding-DE,4,19,1054.88
F17-SchafferF7,Crowding-DE,4,20,0.15751
F17-SchafferF7,Crowding-DE,4,21,0.15751
F17-SchafferF7,Crowding-DE,4,22,0.15751
F17-SchafferF7,Crowding-DE,4,23,1121.09
F17-SchafferF7,Crowding-DE,4,24,0.15751
F17-SchafferF7,Crowding-DE,4,25,0.15751
F17-SchafferF7,Crowding-DE,4,26,0.15751
F17-SchafferF7,Crowding-DE,4,27,1085.15
F17-SchafferF7,Crowding-DE,4,28,0.15751
F17-SchafferF7,Crowding-DE,4,29,0.15751
F17-SchafferF7,Crowding-DE,4,30,958.968
F17-SchafferF7,Crowding-DE,4,31,0.15751
F17-SchafferF7,Crowding-DE,4,32,0.15751
F17-SchafferF7,Crowding-DE,4,33,0.15751
F17-SchafferF7,Crowding-DE,4,34,0
F17-SchafferF7,Crowding-DE,4,35,0.15751
F17-SchafferF7,Crowding-DE,4,36,0.158115
F17-SchafferF7,Crowding-DE,4,37,0.15751
F17-SchafferF7,Crowding-DE,4,38,0.15751
F17-SchafferF7,Crowding-DE,4,39,887.119
F17-SchafferF7,Crowding-DE,4,40,768.923
F17-SchafferF7,Crowding-DE,4,41,0.0905319
F17-SchafferF7,Crowding-DE,4,42,1077.52
F17-SchafferF7,Crowding-DE,4,43,895.482
F17-SchafferF7,Crowding-DE,4,44,0.15751
F17-SchafferF7,MAP-Elites,4,15,0.00625658
F17-SchafferF7,MAP-Elites,4,16,912.157
F17-SchafferF7,MAP-Elites,4,17,0.267908
F17-SchafferF7,MAP-Elites,4,18,857.248
F17-SchafferF7,MAP-Elites,4,19,1046.26
F17-SchafferF7,MAP-Elites,4,20,0.267908
F17-SchafferF7,MAP-Elites,4,21,0.267908
F17-SchafferF7,MAP-Elites,4,22,0.267908
F17-SchafferF7,MAP-Elites,4,23,1112.48
F17-SchafferF7,MAP-Elites,4,24,0.267908
F17-SchafferF7,MAP-Elites,4,25,0.267908
F17-SchafferF7,MAP-Elites,4,26,0.267908
F17-SchafferF7,MAP-Elites,4,27,1078.35
F17-SchafferF7,MAP-Elites,4,28,0.267908
F17-SchafferF7,MAP-Elites,4,29,0.267908
F17-SchafferF7,MAP-Elites,4,30,966.231
F17-SchafferF7,MAP-Elites,4,31,0.267908
F17-SchafferF7,MAP-Elites,4,32,0.267908
F17-SchafferF7,MAP-Elites,4,33,0.267908
F17-SchafferF7,MAP-Elites,4,34,0.00625658
F17-SchafferF7,MAP-Elites,4,35,0.267908
F17-SchafferF7,MAP-Elites,4,36,0.428535
F17-SchafferF7,MAP-Elites,4,37,0.267908
F17-SchafferF7,MAP-Elites,4,38,0.267908
F17-SchafferF7,MAP-Elites,4,39,877.922
F17-SchafferF7,MAP-Elites,4,40,765.707
F17-SchafferF7,MAP-Elites,4,41,0
F17-SchafferF7,MAP-Elites,4,42,1085.37
F17-SchafferF7,MAP-Elites,4,43,896.977
F17-SchafferF7,MAP-Elites,4,44,0.267908
F17-SchafferF7,MC-ESO-crowd,4,15,0.00113149
F17-SchafferF7,MC-ESO-crowd,4,16,914.533
F17-SchafferF7,MC-ESO-crowd,4,17,0.156464
F17-SchafferF7,MC-ESO-crowd,4,18,853.291
F17-SchafferF7,MC-ESO-crowd,4,19,1050.18
F17-SchafferF7,MC-ESO-crowd,4,20,0.156464
F17-SchafferF7,MC-ESO-crowd,4,21,0.156464
F17-SchafferF7,MC-ESO-crowd,4,22,0.156464
F17-SchafferF7,MC-ESO-crowd,4,23,1116.4
F17-SchafferF7,MC-ESO-crowd,4,24,0.156464
F17-SchafferF7,MC-ESO-crowd,4,25,0.156464
F17-SchafferF7,MC-ESO-crowd,4,26,0.156464
F17-SchafferF7,MC-ESO-crowd,4,27,1081.16
F17-SchafferF7,MC-ESO-crowd,4,28,0.156464
F17-SchafferF7,MC-ESO-crowd,4,29,0.156464
F17-SchafferF7,MC-ESO-crowd,4,30,973.173
F17-SchafferF7,MC-ESO-crowd,4,31,0.156464
F17-SchafferF7,MC-ESO-crowd,4,32,0.156464
F17-SchafferF7,MC-ESO-crowd,4,33,0.156464
F17-SchafferF7,MC-ESO-crowd,4,34,0.00113149
F17-SchafferF7,MC-ESO-crowd,4,35,0.156464
F17-SchafferF7,MC-ESO-crowd,4,36,0.181186
F17-SchafferF7,MC-ESO-crowd,4,37,0.156464
F17-SchafferF7,MC-ESO-crowd,4,38,0.156464
F17-SchafferF7,MC-ESO-crowd,4,39,882.221
F17-SchafferF7,MC-ESO-crowd,4,40,766.471
F17-SchafferF7,MC-ESO-crowd,4,41,768.515
F17-SchafferF7,MC-ESO-crowd,4,42,1081.44
F17-SchafferF7,MC-ESO-crowd,4,43,895.233
F17-SchafferF7,MC-ESO-crowd,4,44,0.156464
F17-SchafferF7,quality,4,15,0.45968
F17-SchafferF7,quality,4,16,858.388
F17-SchafferF7,quality,4,17,1.84858
F17-SchafferF7,quality,4,18,805.565
F17-SchafferF7,quality,4,19,1002.58
F17-SchafferF7,quality,4,20,1.84858
F17-SchafferF7,quality,4,21,1.84858
F17-SchafferF7,quality,4,22,2.42262
F17-SchafferF7,quality,4,23,1068.75
F17-SchafferF7,quality,4,24,1.84858
F17-SchafferF7,quality,4,25,2.42262
F17-SchafferF7,quality,4,26,1.84858
F17-SchafferF7,quality,4,27,1026.73
F17-SchafferF7,quality,4,28,1.84858
F17-SchafferF7,quality,4,29,1.84858
F17-SchafferF7,quality,4,30,934.397
F17-SchafferF7,quality,4,31,1.84858
F17-SchafferF7,quality,4,32,1.84858
F17-SchafferF7,quality,4,33,1.84858
F17-SchafferF7,quality,4,34,0.45968
F17-SchafferF7,quality,4,35,1.84858
F17-SchafferF7,quality,4,36,1.24793
F17-SchafferF7,quality,4,37,2.42262
F17-SchafferF7,quality,4,38,1.84858
F17-SchafferF7,quality,4,39,837.953
F17-SchafferF7,quality,4,40,0
F17-SchafferF7,quality,4,41,759.781
F17-SchafferF7,quality,4,42,1033.7
F17-SchafferF7,quality,4,43,839.41
F17-SchafferF7,quality,4,44,1.84858
F17-SchafferF7,complement,4,15,0.45968
F17-SchafferF7,complement,4,16,2.74976
F17-SchafferF7,complement,4,17,1.84858
F17-SchafferF7,complement,4,18,0
F17-SchafferF7,complement,4,19,0
F17-SchafferF7,complement,4,20,1.84858
F17-SchafferF7,complement,4,21,1.84858
F17-SchafferF7,complement,4,22,2.42262
F17-SchafferF7,complement,4,23,111.087
F17-SchafferF7,complement,4,24,1.84858
F17-SchafferF7,complement,4,25,2.42262
F17-SchafferF7,complement,4,26,1.84858
F17-SchafferF7,complement,4,27,136.142
F17-SchafferF7,complement,4,28,1.84858
F17-SchafferF7,complement,4,29,1.84858
F17-SchafferF7,complement,4,30,76.045
F17-SchafferF7,complement,4,31,1.84858
F17-SchafferF7,complement,4,32,1.84858
F17-SchafferF7,complement,4,33,1.84858
F17-SchafferF7,complement,4,34,0.45968
F17-SchafferF7,complement,4,35,1.84858
F17-SchafferF7,complement,4,36,1.24793
F17-SchafferF7,complement,4,37,2.42262
F17-SchafferF7,complement,4,38,1.84858
F17-SchafferF7,complement,4,39,2.74976
F17-SchafferF7,complement,4,40,0
F17-SchafferF7,complement,4,41,759.781
F17-SchafferF7,complement,4,42,76.045
F17-SchafferF7,complement,4,43,3.79668
F17-SchafferF7,complement,4,44,1.84858
F17-SchafferF7,MC-ESO,5,15,579.109
F17-SchafferF7,MC-ESO,5,16,550.885
F17-SchafferF7,MC-ESO,5,17,451.006
F17-SchafferF7,MC-ESO,5,18,455.222
F17-SchafferF7,MC-ESO,5,19,3.55271e-15
F17-SchafferF7,MC-ESO,5,20,417.005
F17-SchafferF7,MC-ESO,5,21,466.913
F17-SchafferF7,MC-ESO,5,22,3.55271e-15
F17-SchafferF7,MC-ESO,5,23,541.083
F17-SchafferF7,MC-ESO,5,24,3.55271e-15
F17-SchafferF7,MC-ESO,5,25,3.55271e-15
F17-SchafferF7,MC-ESO,5,26,3.55271e-15
F17-SchafferF7,MC-ESO,5,27,460.439
F17-SchafferF7,MC-ESO,5,28,3.55271e-15
F17-SchafferF7,MC-ESO,5,29,3.55271e-15
F17-SchafferF7,MC-ESO,5,30,540.468
F17-SchafferF7,MC-ESO,5,31,3.55271e-15
F17-SchafferF7,MC-ESO,5,32,3.55271e-15
F17-SchafferF7,MC-ESO,5,33,3.55271e-15
F17-SchafferF7,MC-ESO,5,34,1.02039
F17-SchafferF7,MC-ESO,5,35,3.55271e-15
F17-SchafferF7,MC-ESO,5,36,539.46
F17-SchafferF7,MC-ESO,5,37,3.55271e-15
F17-SchafferF7,MC-ESO,5,38,1.14129
F17-SchafferF7,MC-ESO,5,39,3.55271e-15
F17-SchafferF7,MC-ESO,5,40,453.696
F17-SchafferF7,MC-ESO,5,41,417.767
F17-SchafferF7,MC-ESO,5,42,421.491
F17-SchafferF7,MC-ESO,5,43,3.55271e-15
F17-SchafferF7,MC-ESO,5,44,529.516
F17-SchafferF7,NMMSO,5,15,571.951
F17-SchafferF7,NMMSO,5,16,549.844
F17-SchafferF7,NMMSO,5,17,496.055
F17-SchafferF7,NMMSO,5,18,446.29
F17-SchafferF7,NMMSO,5,19,1.50157e-06
F17-SchafferF7,NMMSO,5,20,479.5
F17-SchafferF7,NMMSO,5,21,506.139
F17-SchafferF7,NMMSO,5,22,1.50157e-06
F17-SchafferF7,NMMSO,5,23,541.484
F17-SchafferF7,NMMSO,5,24,1.50157e-06
F17-SchafferF7,NMMSO,5,25,1.50157e-06
F17-SchafferF7,NMMSO,5,26,1.50157e-06
F17-SchafferF7,NMMSO,5,27,476.132
F17-SchafferF7,NMMSO,5,28,1.50157e-06
F17-SchafferF7,NMMSO,5,29,1.50157e-06
F17-SchafferF7,NMMSO,5,30,588.067
F17-SchafferF7,NMMSO,5,31,1.50157e-06
F17-SchafferF7,NMMSO,5,32,1.50157e-06
F17-SchafferF7,NMMSO,5,33,1.50157e-06
F17-SchafferF7,NMMSO,5,34,1.85087
F17-SchafferF7,NMMSO,5,35,1.50157e-06
F17-SchafferF7,NMMSO,5,36,567.772
F17-SchafferF7,NMMSO,5,37,1.50157e-06
F17-SchafferF7,NMMSO,5,38,421.945
F17-SchafferF7,NMMSO,5,39,1.50157e-06
F17-SchafferF7,NMMSO,5,40,509.439
F17-SchafferF7,NMMSO,5,41,426.031
F17-SchafferF7,NMMSO,5,42,483.331
F17-SchafferF7,NMMSO,5,43,1.50157e-06
F17-SchafferF7,NMMSO,5,44,581.849
F17-SchafferF7,NCDE,5,15,563.875
F17-SchafferF7,NCDE,5,16,538.653
F17-SchafferF7,NCDE,5,17,465.196
F17-SchafferF7,NCDE,5,18,444.203
F17-SchafferF7,NCDE,5,19,0.00774812
F17-SchafferF7,NCDE,5,20,433.54
F17-SchafferF7,NCDE,5,21,477.27
F17-SchafferF7,NCDE,5,22,0.00774812
F17-SchafferF7,NCDE,5,23,529.573
F17-SchafferF7,NCDE,5,24,0.00774812
F17-SchafferF7,NCDE,5,25,0.00774812
F17-SchafferF7,NCDE,5,26,0.00774812
F17-SchafferF7,NCDE,5,27,479.074
F17-SchafferF7,NCDE,5,28,0.00774812
F17-SchafferF7,NCDE,5,29,0.00774812
F17-SchafferF7,NCDE,5,30,556.417
F17-SchafferF7,NCDE,5,31,0.00774812
F17-SchafferF7,NCDE,5,32,0.00774812
F17-SchafferF7,NCDE,5,33,0.00774812
F17-SchafferF7,NCDE,5,34,0.334351
F17-SchafferF7,NCDE,5,35,0.00774812
F17-SchafferF7,NCDE,5,36,543.13
F17-SchafferF7,NCDE,5,37,0.00774812
F17-SchafferF7,NCDE,5,38,0.00171029
F17-SchafferF7,NCDE,5,39,0.00774812
F17-SchafferF7,NCDE,5,40,472.71
F17-SchafferF7,NCDE,5,41,432.587
F17-SchafferF7,NCDE,5,42,438.704
F17-SchafferF7,NCDE,5,43,0.00774812
F17-SchafferF7,NCDE,5,44,548.74
F17-SchafferF7,r3pso,5,15,590.078
F17-SchafferF7,r3pso,5,16,568.699
F17-SchafferF7,r3pso,5,17,512.499
F17-SchafferF7,r3pso,5,18,462.501
F17-SchafferF7,r3pso,5,19,1.89285e-08
F17-SchafferF7,r3pso,5,20,484.484
F17-SchafferF7,r3pso,5,21,523.913
F17-SchafferF7,r3pso,5,22,1.89285e-08
F17-SchafferF7,r3pso,5,23,560.479
F17-SchafferF7,r3pso,5,24,1.89285e-08
F17-SchafferF7,r3pso,5,25,1.89285e-08
F17-SchafferF7,r3pso,5,26,1.89285e-08
F17-SchafferF7,r3pso,5,27,500.015
F17-SchafferF7,r3pso,5,28,1.89285e-08
F17-SchafferF7,r3pso,5,29,1.89285e-08
F17-SchafferF7,r3pso,5,30,603.761
F17-SchafferF7,r3pso,5,31,1.89285e-08
F17-SchafferF7,r3pso,5,32,1.89285e-08
F17-SchafferF7,r3pso,5,33,1.89285e-08
F17-SchafferF7,r3pso,5,34,406.277
F17-SchafferF7,r3pso,5,35,1.89285e-08
F17-SchafferF7,r3pso,5,36,587.012
F17-SchafferF7,r3pso,5,37,1.89285e-08
F17-SchafferF7,r3pso,5,38,429.663
F17-SchafferF7,r3pso,5,39,1.89285e-08
F17-SchafferF7,r3pso,5,40,521.633
F17-SchafferF7,r3pso,5,41,447.89
F17-SchafferF7,r3pso,5,42,489.818
F17-SchafferF7,r3pso,5,43,1.89285e-08
F17-SchafferF7,r3pso,5,44,595.771
F17-SchafferF7,NM-Restart,5,15,0
F17-SchafferF7,NM-Restart,5,16,16.4548
F17-SchafferF7,NM-Restart,5,17,5.33044
F17-SchafferF7,NM-Restart,5,18,3.83633
F17-SchafferF7,NM-Restart,5,19,11.6295
F17-SchafferF7,NM-Restart,5,20,5.33044
F17-SchafferF7,NM-Restart,5,21,5.33044
F17-SchafferF7,NM-Restart,5,22,11.6295
F17-SchafferF7,NM-Restart,5,23,356.487
F17-SchafferF7,NM-Restart,5,24,11.6295
F17-SchafferF7,NM-Restart,5,25,23.7877
F17-SchafferF7,NM-Restart,5,26,11.6295
F17-SchafferF7,NM-Restart,5,27,0
F17-SchafferF7,NM-Restart,5,28,11.6295
F17-SchafferF7,NM-Restart,5,29,20.0782
F17-SchafferF7,NM-Restart,5,30,36.6878
F17-SchafferF7,NM-Restart,5,31,20.0782
F17-SchafferF7,NM-Restart,5,32,11.6295
F17-SchafferF7,NM-Restart,5,33,11.6295
F17-SchafferF7,NM-Restart,5,34,11.4348
F17-SchafferF7,NM-Restart,5,35,11.6295
F17-SchafferF7,NM-Restart,5,36,36.6878
F17-SchafferF7,NM-Restart,5,37,11.6295
F17-SchafferF7,NM-Restart,5,38,10.2407
F17-SchafferF7,NM-Restart,5,39,23.7877
F17-SchafferF7,NM-Restart,5,40,5.33044
F17-SchafferF7,NM-Restart,5,41,331.107
F17-SchafferF7,NM-Restart,5,42,5.33044
F17-SchafferF7,NM-Restart,5,43,23.7877
F17-SchafferF7,NM-Restart,5,44,36.6878
F17-SchafferF7,IPOP-CMA-ES,5,15,590.078
F17-SchafferF7,IPOP-CMA-ES,5,16,568.699
F17-SchafferF7,IPOP-CMA-ES,5,17,512.499
F17-SchafferF7,IPOP-CMA-ES,5,18,462.501
F17-SchafferF7,IPOP-CMA-ES,5,19,3.19744e-13
F17-SchafferF7,IPOP-CMA-ES,5,20,484.484
F17-SchafferF7,IPOP-CMA-ES,5,21,523.913
F17-SchafferF7,IPOP-CMA-ES,5,22,3.19744e-13
F17-SchafferF7,IPOP-CMA-ES,5,23,560.479
F17-SchafferF7,IPOP-CMA-ES,5,24,3.19744e-13
F17-SchafferF7,IPOP-CMA-ES,5,25,3.19744e-13
F17-SchafferF7,IPOP-CMA-ES,5,26,3.19744e-13
F17-SchafferF7,IPOP-CMA-ES,5,27,500.015
F17-SchafferF7,IPOP-CMA-ES,5,28,3.19744e-13
F17-SchafferF7,IPOP-CMA-ES,5,29,3.19744e-13
F17-SchafferF7,IPOP-CMA-ES,5,30,603.761
F17-SchafferF7,IPOP-CMA-ES,5,31,3.19744e-13
F17-SchafferF7,IPOP-CMA-ES,5,32,3.19744e-13
F17-SchafferF7,IPOP-CMA-ES,5,33,3.19744e-13
F17-SchafferF7,IPOP-CMA-ES,5,34,406.277
F17-SchafferF7,IPOP-CMA-ES,5,35,3.19744e-13
F17-SchafferF7,IPOP-CMA-ES,5,36,587.012
F17-SchafferF7,IPOP-CMA-ES,5,37,3.19744e-13
F17-SchafferF7,IPOP-CMA-ES,5,38,429.663
F17-SchafferF7,IPOP-CMA-ES,5,39,3.19744e-13
F17-SchafferF7,IPOP-CMA-ES,5,40,521.633
F17-SchafferF7,IPOP-CMA-ES,5,41,447.89
F17-SchafferF7,IPOP-CMA-ES,5,42,489.818
F17-SchafferF7,IPOP-CMA-ES,5,43,3.19744e-13
F17-SchafferF7,IPOP-CMA-ES,5,44,595.771
F17-SchafferF7,DE,5,15,590.078
F17-SchafferF7,DE,5,16,568.699
F17-SchafferF7,DE,5,17,512.499
F17-SchafferF7,DE,5,18,462.501
F17-SchafferF7,DE,5,19,0
F17-SchafferF7,DE,5,20,484.484
F17-SchafferF7,DE,5,21,523.913
F17-SchafferF7,DE,5,22,0
F17-SchafferF7,DE,5,23,560.479
F17-SchafferF7,DE,5,24,0
F17-SchafferF7,DE,5,25,0
F17-SchafferF7,DE,5,26,0
F17-SchafferF7,DE,5,27,500.015
F17-SchafferF7,DE,5,28,0
F17-SchafferF7,DE,5,29,0
F17-SchafferF7,DE,5,30,603.761
F17-SchafferF7,DE,5,31,0
F17-SchafferF7,DE,5,32,0
F17-SchafferF7,DE,5,33,0
F17-SchafferF7,DE,5,34,406.277
F17-SchafferF7,DE,5,35,0
F17-SchafferF7,DE,5,36,587.012
F17-SchafferF7,DE,5,37,0
F17-SchafferF7,DE,5,38,429.663
F17-SchafferF7,DE,5,39,0
F17-SchafferF7,DE,5,40,521.633
F17-SchafferF7,DE,5,41,447.89
F17-SchafferF7,DE,5,42,489.818
F17-SchafferF7,DE,5,43,0
F17-SchafferF7,DE,5,44,595.771
F17-SchafferF7,PSO,5,15,590.078
F17-SchafferF7,PSO,5,16,568.699
F17-SchafferF7,PSO,5,17,512.499
F17-SchafferF7,PSO,5,18,462.501
F17-SchafferF7,PSO,5,19,1.16684e-07
F17-SchafferF7,PSO,5,20,484.484
F17-SchafferF7,PSO,5,21,523.913
F17-SchafferF7,PSO,5,22,1.16684e-07
F17-SchafferF7,PSO,5,23,560.479
F17-SchafferF7,PSO,5,24,1.16684e-07
F17-SchafferF7,PSO,5,25,1.16684e-07
F17-SchafferF7,PSO,5,26,1.16684e-07
F17-SchafferF7,PSO,5,27,500.015
F17-SchafferF7,PSO,5,28,1.16684e-07
F17-SchafferF7,PSO,5,29,1.16684e-07
F17-SchafferF7,PSO,5,30,603.761
F17-SchafferF7,PSO,5,31,1.16684e-07
F17-SchafferF7,PSO,5,32,1.16684e-07
F17-SchafferF7,PSO,5,33,1.16684e-07
F17-SchafferF7,PSO,5,34,406.277
F17-SchafferF7,PSO,5,35,1.16684e-07
F17-SchafferF7,PSO,5,36,587.012
F17-SchafferF7,PSO,5,37,1.16684e-07
F17-SchafferF7,PSO,5,38,429.663
F17-SchafferF7,PSO,5,39,1.16684e-07
F17-SchafferF7,PSO,5,40,521.633
F17-SchafferF7,PSO,5,41,447.89
F17-SchafferF7,PSO,5,42,489.818
F17-SchafferF7,PSO,5,43,1.16684e-07
F17-SchafferF7,PSO,5,44,595.771
F17-SchafferF7,Crowding-DE,5,15,581.438
F17-SchafferF7,Crowding-DE,5,16,554.717
F17-SchafferF7,Crowding-DE,5,17,464.251
F17-SchafferF7,Crowding-DE,5,18,459.634
F17-SchafferF7,Crowding-DE,5,19,0.194698
F17-SchafferF7,Crowding-DE,5,20,431.258
F17-SchafferF7,Crowding-DE,5,21,479.217
F17-SchafferF7,Crowding-DE,5,22,0.194698
F17-SchafferF7,Crowding-DE,5,23,545.261
F17-SchafferF7,Crowding-DE,5,24,0.194698
F17-SchafferF7,Crowding-DE,5,25,0.194698
F17-SchafferF7,Crowding-DE,5,26,0.194698
F17-SchafferF7,Crowding-DE,5,27,467.613
F17-SchafferF7,Crowding-DE,5,28,0.194698
F17-SchafferF7,Crowding-DE,5,29,0.194698
F17-SchafferF7,Crowding-DE,5,30,554.085
F17-SchafferF7,Crowding-DE,5,31,0.194698
F17-SchafferF7,Crowding-DE,5,32,0.194698
F17-SchafferF7,Crowding-DE,5,33,0.194698
F17-SchafferF7,Crowding-DE,5,34,0
F17-SchafferF7,Crowding-DE,5,35,0.194698
F17-SchafferF7,Crowding-DE,5,36,549.752
F17-SchafferF7,Crowding-DE,5,37,0.194698
F17-SchafferF7,Crowding-DE,5,38,0.0013542
F17-SchafferF7,Crowding-DE,5,39,0.194698
F17-SchafferF7,Crowding-DE,5,40,468.231
F17-SchafferF7,Crowding-DE,5,41,426.073
F17-SchafferF7,Crowding-DE,5,42,435.966
F17-SchafferF7,Crowding-DE,5,43,0.194698
F17-SchafferF7,Crowding-DE,5,44,543.73
F17-SchafferF7,MAP-Elites,5,15,568.545
F17-SchafferF7,MAP-Elites,5,16,546.741
F17-SchafferF7,MAP-Elites,5,17,465.107
F17-SchafferF7,MAP-Elites,5,18,442.363
F17-SchafferF7,MAP-Elites,5,19,0.156011
F17-SchafferF7,MAP-Elites,5,20,437.515
F17-SchafferF7,MAP-Elites,5,21,478.929
F17-SchafferF7,MAP-Elites,5,22,0.156011
F17-SchafferF7,MAP-Elites,5,23,538.454
F17-SchafferF7,MAP-Elites,5,24,0.156011
F17-SchafferF7,MAP-Elites,5,25,0.156011
F17-SchafferF7,MAP-Elites,5,26,0.156011
F17-SchafferF7,MAP-Elites,5,27,477.711
F17-SchafferF7,MAP-Elites,5,28,0.156011
F17-SchafferF7,MAP-Elites,5,29,0.156011
F17-SchafferF7,MAP-Elites,5,30,555.485
F17-SchafferF7,MAP-Elites,5,31,0.156011
F17-SchafferF7,MAP-Elites,5,32,0.156011
F17-SchafferF7,MAP-Elites,5,33,0.156011
F17-SchafferF7,MAP-Elites,5,34,0.549644
F17-SchafferF7,MAP-Elites,5,35,0.156011
F17-SchafferF7,MAP-Elites,5,36,547.591
F17-SchafferF7,MAP-Elites,5,37,0.156011
F17-SchafferF7,MAP-Elites,5,38,0.00028397
F17-SchafferF7,MAP-Elites,5,39,0.156011
F17-SchafferF7,MAP-Elites,5,40,471.665
F17-SchafferF7,MAP-Elites,5,41,430.776
F17-SchafferF7,MAP-Elites,5,42,441.737
F17-SchafferF7,MAP-Elites,5,43,0.156011
F17-SchafferF7,MAP-Elites,5,44,546.243
F17-SchafferF7,MC-ESO-crowd,5,15,586.795
F17-SchafferF7,MC-ESO-crowd,5,16,563.364
F17-SchafferF7,MC-ESO-crowd,5,17,475.984
F17-SchafferF7,MC-ESO-crowd,5,18,452.359
F17-SchafferF7,MC-ESO-crowd,5,19,0.0575984
F17-SchafferF7,MC-ESO-crowd,5,20,437.912
F17-SchafferF7,MC-ESO-crowd,5,21,491.385
F17-SchafferF7,MC-ESO-crowd,5,22,0.0575984
F17-SchafferF7,MC-ESO-crowd,5,23,554.669
F17-SchafferF7,MC-ESO-crowd,5,24,0.0575984
F17-SchafferF7,MC-ESO-crowd,5,25,0.0575984
F17-SchafferF7,MC-ESO-crowd,5,26,0.0575984
F17-SchafferF7,MC-ESO-crowd,5,27,460.722
F17-SchafferF7,MC-ESO-crowd,5,28,0.0575984
F17-SchafferF7,MC-ESO-crowd,5,29,0.0575984
F17-SchafferF7,MC-ESO-crowd,5,30,565.543
F17-SchafferF7,MC-ESO-crowd,5,31,0.0575984
F17-SchafferF7,MC-ESO-crowd,5,32,0.0575984
F17-SchafferF7,MC-ESO-crowd,5,33,0.0575984
F17-SchafferF7,MC-ESO-crowd,5,34,0.345101
F17-SchafferF7,MC-ESO-crowd,5,35,0.0575984
F17-SchafferF7,MC-ESO-crowd,5,36,562.214
F17-SchafferF7,MC-ESO-crowd,5,37,0.0575984
F17-SchafferF7,MC-ESO-crowd,5,38,0
F17-SchafferF7,MC-ESO-crowd,5,39,0.0575984
F17-SchafferF7,MC-ESO-crowd,5,40,478.253
F17-SchafferF7,MC-ESO-crowd,5,41,416.937
F17-SchafferF7,MC-ESO-crowd,5,42,443.353
F17-SchafferF7,MC-ESO-crowd,5,43,0.0575984
F17-SchafferF7,MC-ESO-crowd,5,44,554.486
F17-SchafferF7,quality,5,15,532.645
F17-SchafferF7,quality,5,16,503.563
F17-SchafferF7,quality,5,17,414.62
F17-SchafferF7,quality,5,18,421.047
F17-SchafferF7,quality,5,19,1.38889
F17-SchafferF7,quality,5,20,408.005
F17-SchafferF7,quality,5,21,426.884
F17-SchafferF7,quality,5,22,1.38889
F17-SchafferF7,quality,5,23,493.627
F17-SchafferF7,quality,5,24,1.38889
F17-SchafferF7,quality,5,25,1.38889
F17-SchafferF7,quality,5,26,1.38889
F17-SchafferF7,quality,5,27,470.047
F17-SchafferF7,quality,5,28,1.38889
F17-SchafferF7,quality,5,29,1.38889
F17-SchafferF7,quality,5,30,506.046
F17-SchafferF7,quality,5,31,1.38889
F17-SchafferF7,quality,5,32,1.38889
F17-SchafferF7,quality,5,33,1.38889
F17-SchafferF7,quality,5,34,2.93646
F17-SchafferF7,quality,5,35,1.38889
F17-SchafferF7,quality,5,36,494.869
F17-SchafferF7,quality,5,37,1.38889
F17-SchafferF7,quality,5,38,1.74227
F17-SchafferF7,quality,5,39,1.38889
F17-SchafferF7,quality,5,40,427.981
F17-SchafferF7,quality,5,41,420.519
F17-SchafferF7,quality,5,42,409.1
F17-SchafferF7,quality,5,43,1.38889
F17-SchafferF7,quality,5,44,499.575
F17-SchafferF7,complement,5,15,116.989
F17-SchafferF7,complement,5,16,0
F17-SchafferF7,complement,5,17,1.49412
F17-SchafferF7,complement,5,18,20.233
F17-SchafferF7,complement,5,19,1.38889
F17-SchafferF7,complement,5,20,1.49412
F17-SchafferF7,complement,5,21,1.49412
F17-SchafferF7,complement,5,22,1.38889
F17-SchafferF7,complement,5,23,61.2133
F17-SchafferF7,complement,5,24,1.38889
F17-SchafferF7,complement,5,25,1.38889
F17-SchafferF7,complement,5,26,1.38889
F17-SchafferF7,complement,5,27,137.682
F17-SchafferF7,complement,5,28,1.38889
F17-SchafferF7,complement,5,29,1.38889
F17-SchafferF7,complement,5,30,3.55271e-15
F17-SchafferF7,complement,5,31,1.38889
F17-SchafferF7,complement,5,32,1.38889
F17-SchafferF7,complement,5,33,1.38889
F17-SchafferF7,complement,5,34,7.59852
F17-SchafferF7,complement,5,35,1.38889
F17-SchafferF7,complement,5,36,3.55271e-15
F17-SchafferF7,complement,5,37,1.38889
F17-SchafferF7,complement,5,38,6.40433
F17-SchafferF7,complement,5,39,1.38889
F17-SchafferF7,complement,5,40,1.49412
F17-SchafferF7,complement,5,41,0
F17-SchafferF7,complement,5,42,1.49412
F17-SchafferF7,complement,5,43,1.38889
F17-SchafferF7,complement,5,44,3.55271e-15
F17-SchafferF7,MC-ESO,6,15,5.94056e-10
F17-SchafferF7,MC-ESO,6,16,5.94056e-10
F17-SchafferF7,MC-ESO,6,17,220.675
F17-SchafferF7,MC-ESO,6,18,194.126
F17-SchafferF7,MC-ESO,6,19,6.44503
F17-SchafferF7,MC-ESO,6,20,176.418
F17-SchafferF7,MC-ESO,6,21,174.638
F17-SchafferF7,MC-ESO,6,22,164.493
F17-SchafferF7,MC-ESO,6,23,216.861
F17-SchafferF7,MC-ESO,6,24,5.94056e-10
F17-SchafferF7,MC-ESO,6,25,5.94056e-10
F17-SchafferF7,MC-ESO,6,26,5.94056e-10
F17-SchafferF7,MC-ESO,6,27,5.94056e-10
F17-SchafferF7,MC-ESO,6,28,164.566
F17-SchafferF7,MC-ESO,6,29,234.909
F17-SchafferF7,MC-ESO,6,30,5.94056e-10
F17-SchafferF7,MC-ESO,6,31,5.94056e-10
F17-SchafferF7,MC-ESO,6,32,6.16235
F17-SchafferF7,MC-ESO,6,33,5.94056e-10
F17-SchafferF7,MC-ESO,6,34,182.282
F17-SchafferF7,MC-ESO,6,35,5.94056e-10
F17-SchafferF7,MC-ESO,6,36,5.94502
F17-SchafferF7,MC-ESO,6,37,165.179
F17-SchafferF7,MC-ESO,6,38,210.86
F17-SchafferF7,MC-ESO,6,39,170.863
F17-SchafferF7,MC-ESO,6,40,188.534
F17-SchafferF7,MC-ESO,6,41,5.94056e-10
F17-SchafferF7,MC-ESO,6,42,108.214
F17-SchafferF7,MC-ESO,6,43,132.176
F17-SchafferF7,MC-ESO,6,44,218.983
F17-SchafferF7,NMMSO,6,15,0.000275535
F17-SchafferF7,NMMSO,6,16,0.000275535
F17-SchafferF7,NMMSO,6,17,228.553
F17-SchafferF7,NMMSO,6,18,202.016
F17-SchafferF7,NMMSO,6,19,165.642
F17-SchafferF7,NMMSO,6,20,191.174
F17-SchafferF7,NMMSO,6,21,185.28
F17-SchafferF7,NMMSO,6,22,178.422
F17-SchafferF7,NMMSO,6,23,224.867
F17-SchafferF7,NMMSO,6,24,0.000275535
F17-SchafferF7,NMMSO,6,25,0.000275535
F17-SchafferF7,NMMSO,6,26,0.000275535
F17-SchafferF7,NMMSO,6,27,0.000275535
F17-SchafferF7,NMMSO,6,28,183.757
F17-SchafferF7,NMMSO,6,29,243.597
F17-SchafferF7,NMMSO,6,30,0.000275535
F17-SchafferF7,NMMSO,6,31,0.000275535
F17-SchafferF7,NMMSO,6,32,168.514
F17-SchafferF7,NMMSO,6,33,0.000275535
F17-SchafferF7,NMMSO,6,34,194.816
F17-SchafferF7,NMMSO,6,35,0.000275535
F17-SchafferF7,NMMSO,6,36,168.557
F17-SchafferF7,NMMSO,6,37,179.122
F17-SchafferF7,NMMSO,6,38,218.396
F17-SchafferF7,NMMSO,6,39,177.521
F17-SchafferF7,NMMSO,6,40,201.266
F17-SchafferF7,NMMSO,6,41,0.000275535
F17-SchafferF7,NMMSO,6,42,121.273
F17-SchafferF7,NMMSO,6,43,140.23
F17-SchafferF7,NMMSO,6,44,224.899
F17-SchafferF7,NCDE,6,15,0.0195471
F17-SchafferF7,NCDE,6,16,0.0195471
F17-SchafferF7,NCDE,6,17,220.846
F17-SchafferF7,NCDE,6,18,194.24
F17-SchafferF7,NCDE,6,19,0.787194
F17-SchafferF7,NCDE,6,20,188.009
F17-SchafferF7,NCDE,6,21,183.87
F17-SchafferF7,NCDE,6,22,176.045
F17-SchafferF7,NCDE,6,23,216.352
F17-SchafferF7,NCDE,6,24,0.0195471
F17-SchafferF7,NCDE,6,25,0.0195471
F17-SchafferF7,NCDE,6,26,0.0195471
F17-SchafferF7,NCDE,6,27,0.0195471
F17-SchafferF7,NCDE,6,28,175.324
F17-SchafferF7,NCDE,6,29,229.809
F17-SchafferF7,NCDE,6,30,0.0195471
F17-SchafferF7,NCDE,6,31,0.0195471
F17-SchafferF7,NCDE,6,32,0.50451
F17-SchafferF7,NCDE,6,33,0.0195471
F17-SchafferF7,NCDE,6,34,193.696
F17-SchafferF7,NCDE,6,35,0.0195471
F17-SchafferF7,NCDE,6,36,0.212209
F17-SchafferF7,NCDE,6,37,176.732
F17-SchafferF7,NCDE,6,38,186.412
F17-SchafferF7,NCDE,6,39,0.000456247
F17-SchafferF7,NCDE,6,40,199.973
F17-SchafferF7,NCDE,6,41,0.0195471
F17-SchafferF7,NCDE,6,42,119.69
F17-SchafferF7,NCDE,6,43,131.408
F17-SchafferF7,NCDE,6,44,190.259
F17-SchafferF7,r3pso,6,15,7.44541e-07
F17-SchafferF7,r3pso,6,16,7.44541e-07
F17-SchafferF7,r3pso,6,17,228.555
F17-SchafferF7,r3pso,6,18,202.017
F17-SchafferF7,r3pso,6,19,165.639
F17-SchafferF7,r3pso,6,20,191.174
F17-SchafferF7,r3pso,6,21,185.281
F17-SchafferF7,r3pso,6,22,178.422
F17-SchafferF7,r3pso,6,23,224.869
F17-SchafferF7,r3pso,6,24,7.44541e-07
F17-SchafferF7,r3pso,6,25,7.44541e-07
F17-SchafferF7,r3pso,6,26,7.44541e-07
F17-SchafferF7,r3pso,6,27,7.44541e-07
F17-SchafferF7,r3pso,6,28,183.757
F17-SchafferF7,r3pso,6,29,243.599
F17-SchafferF7,r3pso,6,30,7.44541e-07
F17-SchafferF7,r3pso,6,31,7.44541e-07
F17-SchafferF7,r3pso,6,32,168.511
F17-SchafferF7,r3pso,6,33,7.44541e-07
F17-SchafferF7,r3pso,6,34,194.817
F17-SchafferF7,r3pso,6,35,7.44541e-07
F17-SchafferF7,r3pso,6,36,168.56
F17-SchafferF7,r3pso,6,37,179.123
F17-SchafferF7,r3pso,6,38,218.398
F17-SchafferF7,r3pso,6,39,177.524
F17-SchafferF7,r3pso,6,40,201.267
F17-SchafferF7,r3pso,6,41,7.44541e-07
F17-SchafferF7,r3pso,6,42,121.273
F17-SchafferF7,r3pso,6,43,140.232
F17-SchafferF7,r3pso,6,44,224.902
F17-SchafferF7,NM-Restart,6,15,1.38889
F17-SchafferF7,NM-Restart,6,16,3.13116
F17-SchafferF7,NM-Restart,6,17,205.949
F17-SchafferF7,NM-Restart,6,18,179.387
F17-SchafferF7,NM-Restart,6,19,1.14575
F17-SchafferF7,NM-Restart,6,20,177.457
F17-SchafferF7,NM-Restart,6,21,166.895
F17-SchafferF7,NM-Restart,6,22,163.6
F17-SchafferF7,NM-Restart,6,23,201.979
F17-SchafferF7,NM-Restart,6,24,1.38889
F17-SchafferF7,NM-Restart,6,25,1.38889
F17-SchafferF7,NM-Restart,6,26,3.13116
F17-SchafferF7,NM-Restart,6,27,1.38889
F17-SchafferF7,NM-Restart,6,28,0
F17-SchafferF7,NM-Restart,6,29,219.134
F17-SchafferF7,NM-Restart,6,30,1.38889
F17-SchafferF7,NM-Restart,6,31,1.38889
F17-SchafferF7,NM-Restart,6,32,0.86307
F17-SchafferF7,NM-Restart,6,33,1.38889
F17-SchafferF7,NM-Restart,6,34,178.341
F17-SchafferF7,NM-Restart,6,35,1.38889
F17-SchafferF7,NM-Restart,6,36,2.59996
F17-SchafferF7,NM-Restart,6,37,164.32
F17-SchafferF7,NM-Restart,6,38,194.828
F17-SchafferF7,NM-Restart,6,39,1.74227
F17-SchafferF7,NM-Restart,6,40,185.011
F17-SchafferF7,NM-Restart,6,41,1.38889
F17-SchafferF7,NM-Restart,6,42,105.392
F17-SchafferF7,NM-Restart,6,43,117.236
F17-SchafferF7,NM-Restart,6,44,200.003
F17-SchafferF7,IPOP-CMA-ES,6,15,7.45359e-12
F17-SchafferF7,IPOP-CMA-ES,6,16,7.45359e-12
F17-SchafferF7,IPOP-CMA-ES,6,17,228.555
F17-SchafferF7,IPOP-CMA-ES,6,18,202.017
F17-SchafferF7,IPOP-CMA-ES,6,19,165.639
F17-SchafferF7,IPOP-CMA-ES,6,20,191.174
F17-SchafferF7,IPOP-CMA-ES,6,21,185.281
F17-SchafferF7,IPOP-CMA-ES,6,22,178.422
F17-SchafferF7,IPOP-CMA-ES,6,23,224.869
F17-SchafferF7,IPOP-CMA-ES,6,24,7.45359e-12
F17-SchafferF7,IPOP-CMA-ES,6,25,7.45359e-12
F17-SchafferF7,IPOP-CMA-ES,6,26,7.45359e-12
F17-SchafferF7,IPOP-CMA-ES,6,27,7.45359e-12
F17-SchafferF7,IPOP-CMA-ES,6,28,183.757
F17-SchafferF7,IPOP-CMA-ES,6,29,243.599
F17-SchafferF7,IPOP-CMA-ES,6,30,7.45359e-12
F17-SchafferF7,IPOP-CMA-ES,6,31,7.45359e-12
F17-SchafferF7,IPOP-CMA-ES,6,32,168.511
F17-SchafferF7,IPOP-CMA-ES,6,33,7.45359e-12
F17-SchafferF7,IPOP-CMA-ES,6,34,194.817
F17-SchafferF7,IPOP-CMA-ES,6,35,7.45359e-12
F17-SchafferF7,IPOP-CMA-ES,6,36,168.56
F17-SchafferF7,IPOP-CMA-ES,6,37,179.123
F17-SchafferF7,IPOP-CMA-ES,6,38,218.398
F17-SchafferF7,IPOP-CMA-ES,6,39,177.524
F17-SchafferF7,IPOP-CMA-ES,6,40,201.267
F17-SchafferF7,IPOP-CMA-ES,6,41,7.45359e-12
F17-SchafferF7,IPOP-CMA-ES,6,42,121.273
F17-SchafferF7,IPOP-CMA-ES,6,43,140.232
F17-SchafferF7,IPOP-CMA-ES,6,44,224.902
F17-SchafferF7,DE,6,15,0
F17-SchafferF7,DE,6,16,0
F17-SchafferF7,DE,6,17,228.555
F17-SchafferF7,DE,6,18,202.017
F17-SchafferF7,DE,6,19,165.639
F17-SchafferF7,DE,6,20,191.174
F17-SchafferF7,DE,6,21,185.281
F17-SchafferF7,DE,6,22,178.422
F17-SchafferF7,DE,6,23,224.869
F17-SchafferF7,DE,6,24,0
F17-SchafferF7,DE,6,25,0
F17-SchafferF7,DE,6,26,0
F17-SchafferF7,DE,6,27,0
F17-SchafferF7,DE,6,28,183.757
F17-SchafferF7,DE,6,29,243.599
F17-SchafferF7,DE,6,30,0
F17-SchafferF7,DE,6,31,0
F17-SchafferF7,DE,6,32,168.511
F17-SchafferF7,DE,6,33,0
F17-SchafferF7,DE,6,34,194.817
F17-SchafferF7,DE,6,35,0
F17-SchafferF7,DE,6,36,168.56
F17-SchafferF7,DE,6,37,179.123
F17-SchafferF7,DE,6,38,218.398
F17-SchafferF7,DE,6,39,177.524
F17-SchafferF7,DE,6,40,201.267
F17-SchafferF7,DE,6,41,0
F17-SchafferF7,DE,6,42,121.273
F17-SchafferF7,DE,6,43,140.232
F17-SchafferF7,DE,6,44,224.902
F17-SchafferF7,PSO,6,15,2.88487e-05
F17-SchafferF7,PSO,6,16,2.88487e-05
F17-SchafferF7,PSO,6,17,228.554
F17-SchafferF7,PSO,6,18,202.017
F17-SchafferF7,PSO,6,19,165.639
F17-SchafferF7,PSO,6,20,191.174
F17-SchafferF7,PSO,6,21,185.281
F17-SchafferF7,PSO,6,22,178.422
F17-SchafferF7,PSO,6,23,224.869
F17-SchafferF7,PSO,6,24,2.88487e-05
F17-SchafferF7,PSO,6,25,2.88487e-05
F17-SchafferF7,PSO,6,26,2.88487e-05
F17-SchafferF7,PSO,6,27,2.88487e-05
F17-SchafferF7,PSO,6,28,183.757
F17-SchafferF7,PSO,6,29,243.599
F17-SchafferF7,PSO,6,30,2.88487e-05
F17-SchafferF7,PSO,6,31,2.88487e-05
F17-SchafferF7,PSO,6,32,168.511
F17-SchafferF7,PSO,6,33,2.88487e-05
F17-SchafferF7,PSO,6,34,194.817
F17-SchafferF7,PSO,6,35,2.88487e-05
F17-SchafferF7,PSO,6,36,168.56
F17-SchafferF7,PSO,6,37,179.123
F17-SchafferF7,PSO,6,38,218.398
F17-SchafferF7,PSO,6,39,177.524
F17-SchafferF7,PSO,6,40,201.267
F17-SchafferF7,PSO,6,41,2.88487e-05
F17-SchafferF7,PSO,6,42,121.273
F17-SchafferF7,PSO,6,43,140.232
F17-SchafferF7,PSO,6,44,224.902
F17-SchafferF7,Crowding-DE,6,15,0.0988873
F17-SchafferF7,Crowding-DE,6,16,0.0988873
F17-SchafferF7,Crowding-DE,6,17,220.209
F17-SchafferF7,Crowding-DE,6,18,193.637
F17-SchafferF7,Crowding-DE,6,19,0.284815
F17-SchafferF7,Crowding-DE,6,20,189.086
F17-SchafferF7,Crowding-DE,6,21,181.841
F17-SchafferF7,Crowding-DE,6,22,176.744
F17-SchafferF7,Crowding-DE,6,23,216.127
F17-SchafferF7,Crowding-DE,6,24,0.0988873
F17-SchafferF7,Crowding-DE,6,25,0.0988873
F17-SchafferF7,Crowding-DE,6,26,0.0988873
F17-SchafferF7,Crowding-DE,6,27,0.0988873
F17-SchafferF7,Crowding-DE,6,28,174.565
F17-SchafferF7,Crowding-DE,6,29,232.329
F17-SchafferF7,Crowding-DE,6,30,0.0988873
F17-SchafferF7,Crowding-DE,6,31,0.0988873
F17-SchafferF7,Crowding-DE,6,32,0.00213103
F17-SchafferF7,Crowding-DE,6,33,0.0988873
F17-SchafferF7,Crowding-DE,6,34,193.254
F17-SchafferF7,Crowding-DE,6,35,0.0988873
F17-SchafferF7,Crowding-DE,6,36,0.24504
F17-SchafferF7,Crowding-DE,6,37,177.437
F17-SchafferF7,Crowding-DE,6,38,199.719
F17-SchafferF7,Crowding-DE,6,39,0.000243522
F17-SchafferF7,Crowding-DE,6,40,199.912
F17-SchafferF7,Crowding-DE,6,41,0.0988873
F17-SchafferF7,Crowding-DE,6,42,120.008
F17-SchafferF7,Crowding-DE,6,43,131.34
F17-SchafferF7,Crowding-DE,6,44,205.684
F17-SchafferF7,MAP-Elites,6,15,0.158554
F17-SchafferF7,MAP-Elites,6,16,0.158554
F17-SchafferF7,MAP-Elites,6,17,225.716
F17-SchafferF7,MAP-Elites,6,18,199.165
F17-SchafferF7,MAP-Elites,6,19,0.411969
F17-SchafferF7,MAP-Elites,6,20,189.569
F17-SchafferF7,MAP-Elites,6,21,184.326
F17-SchafferF7,MAP-Elites,6,22,177.245
F17-SchafferF7,MAP-Elites,6,23,221.673
F17-SchafferF7,MAP-Elites,6,24,0.158554
F17-SchafferF7,MAP-Elites,6,25,0.158554
F17-SchafferF7,MAP-Elites,6,26,0.158554
F17-SchafferF7,MAP-Elites,6,27,0.158554
F17-SchafferF7,MAP-Elites,6,28,179.295
F17-SchafferF7,MAP-Elites,6,29,237.486
F17-SchafferF7,MAP-Elites,6,30,0.158554
F17-SchafferF7,MAP-Elites,6,31,0.158554
F17-SchafferF7,MAP-Elites,6,32,0.129285
F17-SchafferF7,MAP-Elites,6,33,0.158554
F17-SchafferF7,MAP-Elites,6,34,193.812
F17-SchafferF7,MAP-Elites,6,35,0.158554
F17-SchafferF7,MAP-Elites,6,36,0
F17-SchafferF7,MAP-Elites,6,37,177.938
F17-SchafferF7,MAP-Elites,6,38,201.825
F17-SchafferF7,MAP-Elites,6,39,8.81617e-06
F17-SchafferF7,MAP-Elites,6,40,200.258
F17-SchafferF7,MAP-Elites,6,41,0.158554
F17-SchafferF7,MAP-Elites,6,42,120.256
F17-SchafferF7,MAP-Elites,6,43,136.867
F17-SchafferF7,MAP-Elites,6,44,206.638
F17-SchafferF7,MC-ESO-crowd,6,15,0.0172825
F17-SchafferF7,MC-ESO-crowd,6,16,0.0172825
F17-SchafferF7,MC-ESO-crowd,6,17,222.047
F17-SchafferF7,MC-ESO-crowd,6,18,195.471
F17-SchafferF7,MC-ESO-crowd,6,19,0.318555
F17-SchafferF7,MC-ESO-crowd,6,20,189.556
F17-SchafferF7,MC-ESO-crowd,6,21,184.369
F17-SchafferF7,MC-ESO-crowd,6,22,177.593
F17-SchafferF7,MC-ESO-crowd,6,23,217.9
F17-SchafferF7,MC-ESO-crowd,6,24,0.0172825
F17-SchafferF7,MC-ESO-crowd,6,25,0.0172825
F17-SchafferF7,MC-ESO-crowd,6,26,0.0172825
F17-SchafferF7,MC-ESO-crowd,6,27,0.0172825
F17-SchafferF7,MC-ESO-crowd,6,28,176.767
F17-SchafferF7,MC-ESO-crowd,6,29,233.642
F17-SchafferF7,MC-ESO-crowd,6,30,0.0172825
F17-SchafferF7,MC-ESO-crowd,6,31,0.0172825
F17-SchafferF7,MC-ESO-crowd,6,32,0.0358708
F17-SchafferF7,MC-ESO-crowd,6,33,0.0172825
F17-SchafferF7,MC-ESO-crowd,6,34,194.734
F17-SchafferF7,MC-ESO-crowd,6,35,0.0172825
F17-SchafferF7,MC-ESO-crowd,6,36,0.211705
F17-SchafferF7,MC-ESO-crowd,6,37,178.28
F17-SchafferF7,MC-ESO-crowd,6,38,198.713
F17-SchafferF7,MC-ESO-crowd,6,39,0.00218218
F17-SchafferF7,MC-ESO-crowd,6,40,201.184
F17-SchafferF7,MC-ESO-crowd,6,41,0.0172825
F17-SchafferF7,MC-ESO-crowd,6,42,121.191
F17-SchafferF7,MC-ESO-crowd,6,43,133.087
F17-SchafferF7,MC-ESO-crowd,6,44,204.036
F17-SchafferF7,quality,6,15,0.243136
F17-SchafferF7,quality,6,16,0.243136
F17-SchafferF7,quality,6,17,220.059
F17-SchafferF7,quality,6,18,193.489
F17-SchafferF7,quality,6,19,0
F17-SchafferF7,quality,6,20,186.444
F17-SchafferF7,quality,6,21,181.506
F17-SchafferF7,quality,6,22,174.072
F17-SchafferF7,quality,6,23,215.994
F17-SchafferF7,quality,6,24,0.243136
F17-SchafferF7,quality,6,25,0.243136
F17-SchafferF7,quality,6,26,0.243136
F17-SchafferF7,quality,6,27,0.243136
F17-SchafferF7,quality,6,28,169.953
F17-SchafferF7,quality,6,29,232.309
F17-SchafferF7,quality,6,30,0.243136
F17-SchafferF7,quality,6,31,0.243136
F17-SchafferF7,quality,6,32,0
F17-SchafferF7,quality,6,33,0.243136
F17-SchafferF7,quality,6,34,191.088
F17-SchafferF7,quality,6,35,0.243136
F17-SchafferF7,quality,6,36,0.857687
F17-SchafferF7,quality,6,37,174.766
F17-SchafferF7,quality,6,38,200.184
F17-SchafferF7,quality,6,39,0
F17-SchafferF7,quality,6,40,197.451
F17-SchafferF7,quality,6,41,0.243136
F17-SchafferF7,quality,6,42,117.313
F17-SchafferF7,quality,6,43,131.213
F17-SchafferF7,quality,6,44,206.261
F17-SchafferF7,complement,6,15,0.243136
F17-SchafferF7,complement,6,16,0.243136
F17-SchafferF7,complement,6,17,2.41571
F17-SchafferF7,complement,6,18,0
F17-SchafferF7,complement,6,19,0
F17-SchafferF7,complement,6,20,104.17
F17-SchafferF7,complement,6,21,1.49412
F17-SchafferF7,complement,6,22,7.63833e-14
F17-SchafferF7,complement,6,23,2.41571
F17-SchafferF7,complement,6,24,0.243136
F17-SchafferF7,complement,6,25,0.243136
F17-SchafferF7,complement,6,26,0.243136
F17-SchafferF7,complement,6,27,0.243136
F17-SchafferF7,complement,6,28,6.58608
F17-SchafferF7,complement,6,29,0
F17-SchafferF7,complement,6,30,0.243136
F17-SchafferF7,complement,6,31,0.243136
F17-SchafferF7,complement,6,32,164.884
F17-SchafferF7,complement,6,33,0.243136
F17-SchafferF7,complement,6,34,2.41571
F17-SchafferF7,complement,6,35,0.243136
F17-SchafferF7,complement,6,36,7.26201
F17-SchafferF7,complement,6,37,68.7603
F17-SchafferF7,complement,6,38,2.74976
F17-SchafferF7,complement,6,39,6.40433
F17-SchafferF7,complement,6,40,0
F17-SchafferF7,complement,6,41,0.243136
F17-SchafferF7,complement,6,42,0
F17-SchafferF7,complement,6,43,0
F17-SchafferF7,complement,6,44,2.74976
F17-SchafferF7,MC-ESO,7,15,0
F17-SchafferF7,MC-ESO,7,16,751.937
F17-SchafferF7,MC-ESO,7,17,688.116
F17-SchafferF7,MC-ESO,7,18,835.736
F17-SchafferF7,MC-ESO,7,19,0
F17-SchafferF7,MC-ESO,7,20,712.84
F17-SchafferF7,MC-ESO,7,21,0
F17-SchafferF7,MC-ESO,7,22,0
F17-SchafferF7,MC-ESO,7,23,632.383
F17-SchafferF7,MC-ESO,7,24,633.289
F17-SchafferF7,MC-ESO,7,25,0
F17-SchafferF7,MC-ESO,7,26,0
F17-SchafferF7,MC-ESO,7,27,0
F17-SchafferF7,MC-ESO,7,28,0
F17-SchafferF7,MC-ESO,7,29,761.475
F17-SchafferF7,MC-ESO,7,30,0
F17-SchafferF7,MC-ESO,7,31,788.037
F17-SchafferF7,MC-ESO,7,32,0
F17-SchafferF7,MC-ESO,7,33,0
F17-SchafferF7,MC-ESO,7,34,768.865
F17-SchafferF7,MC-ESO,7,35,0
F17-SchafferF7,MC-ESO,7,36,0
F17-SchafferF7,MC-ESO,7,37,0
F17-SchafferF7,MC-ESO,7,38,643.308
F17-SchafferF7,MC-ESO,7,39,0
F17-SchafferF7,MC-ESO,7,40,0
F17-SchafferF7,MC-ESO,7,41,0
F17-SchafferF7,MC-ESO,7,42,0
F17-SchafferF7,MC-ESO,7,43,930.295
F17-SchafferF7,MC-ESO,7,44,844.927
F17-SchafferF7,NMMSO,7,15,4.46691e-05
F17-SchafferF7,NMMSO,7,16,729.974
F17-SchafferF7,NMMSO,7,17,1.51472
F17-SchafferF7,NMMSO,7,18,807.932
F17-SchafferF7,NMMSO,7,19,4.46691e-05
F17-SchafferF7,NMMSO,7,20,1.28239
F17-SchafferF7,NMMSO,7,21,4.46691e-05
F17-SchafferF7,NMMSO,7,22,4.46691e-05
F17-SchafferF7,NMMSO,7,23,2.38855
F17-SchafferF7,NMMSO,7,24,2.38855
F17-SchafferF7,NMMSO,7,25,4.46691e-05
F17-SchafferF7,NMMSO,7,26,4.46691e-05
F17-SchafferF7,NMMSO,7,27,4.46691e-05
F17-SchafferF7,NMMSO,7,28,4.46691e-05
F17-SchafferF7,NMMSO,7,29,0.707633
F17-SchafferF7,NMMSO,7,30,4.46691e-05
F17-SchafferF7,NMMSO,7,31,4.81736e-07
F17-SchafferF7,NMMSO,7,32,4.46691e-05
F17-SchafferF7,NMMSO,7,33,4.46691e-05
F17-SchafferF7,NMMSO,7,34,741.402
F17-SchafferF7,NMMSO,7,35,4.46691e-05
F17-SchafferF7,NMMSO,7,36,4.46691e-05
F17-SchafferF7,NMMSO,7,37,4.46691e-05
F17-SchafferF7,NMMSO,7,38,2.38855
F17-SchafferF7,NMMSO,7,39,4.46691e-05
F17-SchafferF7,NMMSO,7,40,4.46691e-05
F17-SchafferF7,NMMSO,7,41,4.46691e-05
F17-SchafferF7,NMMSO,7,42,4.46691e-05
F17-SchafferF7,NMMSO,7,43,690.619
F17-SchafferF7,NMMSO,7,44,760.684
F17-SchafferF7,NCDE,7,15,0.00522235
F17-SchafferF7,NCDE,7,16,731.218
F17-SchafferF7,NCDE,7,17,0.232323
F17-SchafferF7,NCDE,7,18,846.475
F17-SchafferF7,NCDE,7,19,0.00522235
F17-SchafferF7,NCDE,7,20,0
F17-SchafferF7,NCDE,7,21,0.00522235
F17-SchafferF7,NCDE,7,22,0.00522235
F17-SchafferF7,NCDE,7,23,0.00444708
F17-SchafferF7,NCDE,7,24,0.00444708
F17-SchafferF7,NCDE,7,25,0.00522235
F17-SchafferF7,NCDE,7,26,0.00522235
F17-SchafferF7,NCDE,7,27,0.00522235
F17-SchafferF7,NCDE,7,28,0.00522235
F17-SchafferF7,NCDE,7,29,0
F17-SchafferF7,NCDE,7,30,0.00522235
F17-SchafferF7,NCDE,7,31,626.95
F17-SchafferF7,NCDE,7,32,0.00522235
F17-SchafferF7,NCDE,7,33,0.00522235
F17-SchafferF7,NCDE,7,34,779.167
F17-SchafferF7,NCDE,7,35,0.00522235
F17-SchafferF7,NCDE,7,36,0.00522235
F17-SchafferF7,NCDE,7,37,0.00522235
F17-SchafferF7,NCDE,7,38,0.00444708
F17-SchafferF7,NCDE,7,39,0.00522235
F17-SchafferF7,NCDE,7,40,0.00522235
F17-SchafferF7,NCDE,7,41,0.00522235
F17-SchafferF7,NCDE,7,42,0.00522235
F17-SchafferF7,NCDE,7,43,764.512
F17-SchafferF7,NCDE,7,44,765.554
F17-SchafferF7,r3pso,7,15,6.76173e-07
F17-SchafferF7,r3pso,7,16,755.762
F17-SchafferF7,r3pso,7,17,688.116
F17-SchafferF7,r3pso,7,18,846.476
F17-SchafferF7,r3pso,7,19,6.76173e-07
F17-SchafferF7,r3pso,7,20,712.84
F17-SchafferF7,r3pso,7,21,6.76173e-07
F17-SchafferF7,r3pso,7,22,6.76173e-07
F17-SchafferF7,r3pso,7,23,632.383
F17-SchafferF7,r3pso,7,24,633.289
F17-SchafferF7,r3pso,7,25,6.76173e-07
F17-SchafferF7,r3pso,7,26,6.76173e-07
F17-SchafferF7,r3pso,7,27,6.76173e-07
F17-SchafferF7,r3pso,7,28,6.76173e-07
F17-SchafferF7,r3pso,7,29,761.475
F17-SchafferF7,r3pso,7,30,6.76173e-07
F17-SchafferF7,r3pso,7,31,788.037
F17-SchafferF7,r3pso,7,32,6.76173e-07
F17-SchafferF7,r3pso,7,33,6.76173e-07
F17-SchafferF7,r3pso,7,34,779.17
F17-SchafferF7,r3pso,7,35,6.76173e-07
F17-SchafferF7,r3pso,7,36,6.76173e-07
F17-SchafferF7,r3pso,7,37,6.76173e-07
F17-SchafferF7,r3pso,7,38,643.308
F17-SchafferF7,r3pso,7,39,6.76173e-07
F17-SchafferF7,r3pso,7,40,6.76173e-07
F17-SchafferF7,r3pso,7,41,6.76173e-07
F17-SchafferF7,r3pso,7,42,6.76173e-07
F17-SchafferF7,r3pso,7,43,930.295
F17-SchafferF7,r3pso,7,44,844.927
F17-SchafferF7,NM-Restart,7,15,28.0262
F17-SchafferF7,NM-Restart,7,16,16.3967
F17-SchafferF7,NM-Restart,7,17,1.51472
F17-SchafferF7,NM-Restart,7,18,651.795
F17-SchafferF7,NM-Restart,7,19,3.13116
F17-SchafferF7,NM-Restart,7,20,1.28239
F17-SchafferF7,NM-Restart,7,21,3.13116
F17-SchafferF7,NM-Restart,7,22,3.13116
F17-SchafferF7,NM-Restart,7,23,2.38855
F17-SchafferF7,NM-Restart,7,24,2.38855
F17-SchafferF7,NM-Restart,7,25,3.13116
F17-SchafferF7,NM-Restart,7,26,630.924
F17-SchafferF7,NM-Restart,7,27,3.13116
F17-SchafferF7,NM-Restart,7,28,3.13116
F17-SchafferF7,NM-Restart,7,29,0.707632
F17-SchafferF7,NM-Restart,7,30,3.13116
F17-SchafferF7,NM-Restart,7,31,0
F17-SchafferF7,NM-Restart,7,32,3.13116
F17-SchafferF7,NM-Restart,7,33,680.076
F17-SchafferF7,NM-Restart,7,34,7.94798
F17-SchafferF7,NM-Restart,7,35,28.0262
F17-SchafferF7,NM-Restart,7,36,28.0262
F17-SchafferF7,NM-Restart,7,37,3.13116
F17-SchafferF7,NM-Restart,7,38,2.38855
F17-SchafferF7,NM-Restart,7,39,3.13116
F17-SchafferF7,NM-Restart,7,40,3.13116
F17-SchafferF7,NM-Restart,7,41,3.13116
F17-SchafferF7,NM-Restart,7,42,3.13116
F17-SchafferF7,NM-Restart,7,43,0
F17-SchafferF7,NM-Restart,7,44,21.2189
F17-SchafferF7,IPOP-CMA-ES,7,15,1.23634e-12
F17-SchafferF7,IPOP-CMA-ES,7,16,755.762
F17-SchafferF7,IPOP-CMA-ES,7,17,688.116
F17-SchafferF7,IPOP-CMA-ES,7,18,846.476
F17-SchafferF7,IPOP-CMA-ES,7,19,1.23634e-12
F17-SchafferF7,IPOP-CMA-ES,7,20,712.84
F17-SchafferF7,IPOP-CMA-ES,7,21,1.23634e-12
F17-SchafferF7,IPOP-CMA-ES,7,22,1.23634e-12
F17-SchafferF7,IPOP-CMA-ES,7,23,632.383
F17-SchafferF7,IPOP-CMA-ES,7,24,633.289
F17-SchafferF7,IPOP-CMA-ES,7,25,1.23634e-12
F17-SchafferF7,IPOP-CMA-ES,7,26,1.23634e-12
F17-SchafferF7,IPOP-CMA-ES,7,27,1.23634e-12
F17-SchafferF7,IPOP-CMA-ES,7,28,1.23634e-12
F17-SchafferF7,IPOP-CMA-ES,7,29,761.475
F17-SchafferF7,IPOP-CMA-ES,7,30,1.23634e-12
F17-SchafferF7,IPOP-CMA-ES,7,31,788.037
F17-SchafferF7,IPOP-CMA-ES,7,32,1.23634e-12
F17-SchafferF7,IPOP-CMA-ES,7,33,1.23634e-12
F17-SchafferF7,IPOP-CMA-ES,7,34,779.17
F17-SchafferF7,IPOP-CMA-ES,7,35,1.23634e-12
F17-SchafferF7,IPOP-CMA-ES,7,36,1.23634e-12
F17-SchafferF7,IPOP-CMA-ES,7,37,1.23634e-12
F17-SchafferF7,IPOP-CMA-ES,7,38,643.308
F17-SchafferF7,IPOP-CMA-ES,7,39,1.23634e-12
F17-SchafferF7,IPOP-CMA-ES,7,40,1.23634e-12
F17-SchafferF7,IPOP-CMA-ES,7,41,1.23634e-12
F17-SchafferF7,IPOP-CMA-ES,7,42,1.23634e-12
F17-SchafferF7,IPOP-CMA-ES,7,43,930.295
F17-SchafferF7,IPOP-CMA-ES,7,44,844.927
F17-SchafferF7,DE,7,15,0
F17-SchafferF7,DE,7,16,755.762
F17-SchafferF7,DE,7,17,688.116
F17-SchafferF7,DE,7,18,846.476
F17-SchafferF7,DE,7,19,0
F17-SchafferF7,DE,7,20,712.84
F17-SchafferF7,DE,7,21,0
F17-SchafferF7,DE,7,22,0
F17-SchafferF7,DE,7,23,632.383
F17-SchafferF7,DE,7,24,633.289
F17-SchafferF7,DE,7,25,0
F17-SchafferF7,DE,7,26,0
F17-SchafferF7,DE,7,27,0
F17-SchafferF7,DE,7,28,0
F17-SchafferF7,DE,7,29,761.475
F17-SchafferF7,DE,7,30,0
F17-SchafferF7,DE,7,31,788.037
F17-SchafferF7,DE,7,32,0
F17-SchafferF7,DE,7,33,0
F17-SchafferF7,DE,7,34,779.17
F17-SchafferF7,DE,7,35,0
F17-SchafferF7,DE,7,36,0
F17-SchafferF7,DE,7,37,0
F17-SchafferF7,DE,7,38,643.308
F17-SchafferF7,DE,7,39,0
F17-SchafferF7,DE,7,40,0
F17-SchafferF7,DE,7,41,0
F17-SchafferF7,DE,7,42,0
F17-SchafferF7,DE,7,43,930.295
F17-SchafferF7,DE,7,44,844.927
F17-SchafferF7,PSO,7,15,3.31163e-08
F17-SchafferF7,PSO,7,16,755.762
F17-SchafferF7,PSO,7,17,688.116
F17-SchafferF7,PSO,7,18,846.476
F17-SchafferF7,PSO,7,19,3.31163e-08
F17-SchafferF7,PSO,7,20,712.84
F17-SchafferF7,PSO,7,21,3.31163e-08
F17-SchafferF7,PSO,7,22,3.31163e-08
F17-SchafferF7,PSO,7,23,632.383
F17-SchafferF7,PSO,7,24,633.289
F17-SchafferF7,PSO,7,25,3.31163e-08
F17-SchafferF7,PSO,7,26,3.31163e-08
F17-SchafferF7,PSO,7,27,3.31163e-08
F17-SchafferF7,PSO,7,28,3.31163e-08
F17-SchafferF7,PSO,7,29,761.475
F17-SchafferF7,PSO,7,30,3.31163e-08
F17-SchafferF7,PSO,7,31,788.037
F17-SchafferF7,PSO,7,32,3.31163e-08
F17-SchafferF7,PSO,7,33,3.31163e-08
F17-SchafferF7,PSO,7,34,779.17
F17-SchafferF7,PSO,7,35,3.31163e-08
F17-SchafferF7,PSO,7,36,3.31163e-08
F17-SchafferF7,PSO,7,37,3.31163e-08
F17-SchafferF7,PSO,7,38,643.308
F17-SchafferF7,PSO,7,39,3.31163e-08
F17-SchafferF7,PSO,7,40,3.31163e-08
F17-SchafferF7,PSO,7,41,3.31163e-08
F17-SchafferF7,PSO,7,42,3.31163e-08
F17-SchafferF7,PSO,7,43,930.295
F17-SchafferF7,PSO,7,44,844.927
F17-SchafferF7,Crowding-DE,7,15,0.163512
F17-SchafferF7,Crowding-DE,7,16,750.634
F17-SchafferF7,Crowding-DE,7,17,0.81563
F17-SchafferF7,Crowding-DE,7,18,834.043
F17-SchafferF7,Crowding-DE,7,19,0.163512
F17-SchafferF7,Crowding-DE,7,20,0.583307
F17-SchafferF7,Crowding-DE,7,21,0.163512
F17-SchafferF7,Crowding-DE,7,22,0.163512
F17-SchafferF7,Crowding-DE,7,23,0
F17-SchafferF7,Crowding-DE,7,24,0
F17-SchafferF7,Crowding-DE,7,25,0.163512
F17-SchafferF7,Crowding-DE,7,26,0.163512
F17-SchafferF7,Crowding-DE,7,27,0.163512
F17-SchafferF7,Crowding-DE,7,28,0.163512
F17-SchafferF7,Crowding-DE,7,29,0.0085457
F17-SchafferF7,Crowding-DE,7,30,0.163512
F17-SchafferF7,Crowding-DE,7,31,652.391
F17-SchafferF7,Crowding-DE,7,32,0.163512
F17-SchafferF7,Crowding-DE,7,33,0.163512
F17-SchafferF7,Crowding-DE,7,34,767.196
F17-SchafferF7,Crowding-DE,7,35,0.163512
F17-SchafferF7,Crowding-DE,7,36,0.163512
F17-SchafferF7,Crowding-DE,7,37,0.163512
F17-SchafferF7,Crowding-DE,7,38,0
F17-SchafferF7,Crowding-DE,7,39,0.163512
F17-SchafferF7,Crowding-DE,7,40,0.163512
F17-SchafferF7,Crowding-DE,7,41,0.163512
F17-SchafferF7,Crowding-DE,7,42,0.163512
F17-SchafferF7,Crowding-DE,7,43,786.549
F17-SchafferF7,Crowding-DE,7,44,792.169
F17-SchafferF7,MAP-Elites,7,15,0.106966
F17-SchafferF7,MAP-Elites,7,16,741.239
F17-SchafferF7,MAP-Elites,7,17,0
F17-SchafferF7,MAP-Elites,7,18,823.73
F17-SchafferF7,MAP-Elites,7,19,0.106966
F17-SchafferF7,MAP-Elites,7,20,637.11
F17-SchafferF7,MAP-Elites,7,21,0.106966
F17-SchafferF7,MAP-Elites,7,22,0.106966
F17-SchafferF7,MAP-Elites,7,23,0.000325764
F17-SchafferF7,MAP-Elites,7,24,0.000325764
F17-SchafferF7,MAP-Elites,7,25,0.106966
F17-SchafferF7,MAP-Elites,7,26,0.106966
F17-SchafferF7,MAP-Elites,7,27,0.106966
F17-SchafferF7,MAP-Elites,7,28,0.106966
F17-SchafferF7,MAP-Elites,7,29,676.674
F17-SchafferF7,MAP-Elites,7,30,0.106966
F17-SchafferF7,MAP-Elites,7,31,709.019
F17-SchafferF7,MAP-Elites,7,32,0.106966
F17-SchafferF7,MAP-Elites,7,33,0.106966
F17-SchafferF7,MAP-Elites,7,34,756.928
F17-SchafferF7,MAP-Elites,7,35,0.106966
F17-SchafferF7,MAP-Elites,7,36,0.106966
F17-SchafferF7,MAP-Elites,7,37,0.106966
F17-SchafferF7,MAP-Elites,7,38,0.000325764
F17-SchafferF7,MAP-Elites,7,39,0.106966
F17-SchafferF7,MAP-Elites,7,40,0.106966
F17-SchafferF7,MAP-Elites,7,41,0.106966
F17-SchafferF7,MAP-Elites,7,42,0.106966
F17-SchafferF7,MAP-Elites,7,43,844.992
F17-SchafferF7,MAP-Elites,7,44,819.625
F17-SchafferF7,MC-ESO-crowd,7,15,0.0976373
F17-SchafferF7,MC-ESO-crowd,7,16,733.293
F17-SchafferF7,MC-ESO-crowd,7,17,639.565
F17-SchafferF7,MC-ESO-crowd,7,18,807.267
F17-SchafferF7,MC-ESO-crowd,7,19,0.0976373
F17-SchafferF7,MC-ESO-crowd,7,20,660.106
F17-SchafferF7,MC-ESO-crowd,7,21,0.0976373
F17-SchafferF7,MC-ESO-crowd,7,22,0.0976373
F17-SchafferF7,MC-ESO-crowd,7,23,0.320083
F17-SchafferF7,MC-ESO-crowd,7,24,0.320083
F17-SchafferF7,MC-ESO-crowd,7,25,0.0976373
F17-SchafferF7,MC-ESO-crowd,7,26,0.0976373
F17-SchafferF7,MC-ESO-crowd,7,27,0.0976373
F17-SchafferF7,MC-ESO-crowd,7,28,0.0976373
F17-SchafferF7,MC-ESO-crowd,7,29,704.941
F17-SchafferF7,MC-ESO-crowd,7,30,0.0976373
F17-SchafferF7,MC-ESO-crowd,7,31,736.09
F17-SchafferF7,MC-ESO-crowd,7,32,0.0976373
F17-SchafferF7,MC-ESO-crowd,7,33,0.0976373
F17-SchafferF7,MC-ESO-crowd,7,34,741.472
F17-SchafferF7,MC-ESO-crowd,7,35,0.0976373
F17-SchafferF7,MC-ESO-crowd,7,36,0.0976373
F17-SchafferF7,MC-ESO-crowd,7,37,0.0976373
F17-SchafferF7,MC-ESO-crowd,7,38,0.320083
F17-SchafferF7,MC-ESO-crowd,7,39,0.0976373
F17-SchafferF7,MC-ESO-crowd,7,40,0.0976373
F17-SchafferF7,MC-ESO-crowd,7,41,0.0976373
F17-SchafferF7,MC-ESO-crowd,7,42,0.0976373
F17-SchafferF7,MC-ESO-crowd,7,43,877.229
F17-SchafferF7,MC-ESO-crowd,7,44,807.669
F17-SchafferF7,quality,7,15,1.02556
F17-SchafferF7,quality,7,16,750.549
F17-SchafferF7,quality,7,17,1.51472
F17-SchafferF7,quality,7,18,853.817
F17-SchafferF7,quality,7,19,1.02556
F17-SchafferF7,quality,7,20,1.28239
F17-SchafferF7,quality,7,21,1.02556
F17-SchafferF7,quality,7,22,1.02556
F17-SchafferF7,quality,7,23,0.282948
F17-SchafferF7,quality,7,24,0.282948
F17-SchafferF7,quality,7,25,1.02556
F17-SchafferF7,quality,7,26,1.02556
F17-SchafferF7,quality,7,27,1.02556
F17-SchafferF7,quality,7,28,1.02556
F17-SchafferF7,quality,7,29,0.707632
F17-SchafferF7,quality,7,30,1.02556
F17-SchafferF7,quality,7,31,0.865376
F17-SchafferF7,quality,7,32,1.02556
F17-SchafferF7,quality,7,33,1.02556
F17-SchafferF7,quality,7,34,785.702
F17-SchafferF7,quality,7,35,1.02556
F17-SchafferF7,quality,7,36,1.02556
F17-SchafferF7,quality,7,37,1.02556
F17-SchafferF7,quality,7,38,0.282948
F17-SchafferF7,quality,7,39,1.02556
F17-SchafferF7,quality,7,40,1.02556
F17-SchafferF7,quality,7,41,1.02556
F17-SchafferF7,quality,7,42,1.02556
F17-SchafferF7,quality,7,43,740.809
F17-SchafferF7,quality,7,44,820.109
F17-SchafferF7,complement,7,15,1.02556
F17-SchafferF7,complement,7,16,0
F17-SchafferF7,complement,7,17,2.38009
F17-SchafferF7,complement,7,18,110.051
F17-SchafferF7,complement,7,19,1.02556
F17-SchafferF7,complement,7,20,2.14777
F17-SchafferF7,complement,7,21,1.02556
F17-SchafferF7,complement,7,22,1.02556
F17-SchafferF7,complement,7,23,0.282948
F17-SchafferF7,complement,7,24,0.282948
F17-SchafferF7,complement,7,25,1.02556
F17-SchafferF7,complement,7,26,1.02556
F17-SchafferF7,complement,7,27,1.02556
F17-SchafferF7,complement,7,28,1.02556
F17-SchafferF7,complement,7,29,1.57301
F17-SchafferF7,complement,7,30,1.02556
F17-SchafferF7,complement,7,31,0.865376
F17-SchafferF7,complement,7,32,1.02556
F17-SchafferF7,complement,7,33,1.02556
F17-SchafferF7,complement,7,34,141.392
F17-SchafferF7,complement,7,35,1.02556
F17-SchafferF7,complement,7,36,1.02556
F17-SchafferF7,complement,7,37,1.02556
F17-SchafferF7,complement,7,38,0.282948
F17-SchafferF7,complement,7,39,1.02556
F17-SchafferF7,complement,7,40,1.02556
F17-SchafferF7,complement,7,41,1.02556
F17-SchafferF7,complement,7,42,1.02556
F17-SchafferF7,complement,7,43,3.83633
F17-SchafferF7,complement,7,44,0
F17-SchafferF7,MC-ESO,8,15,1705.04
F17-SchafferF7,MC-ESO,8,16,0
F17-SchafferF7,MC-ESO,8,17,1499.28
F17-SchafferF7,MC-ESO,8,18,1527.92
F17-SchafferF7,MC-ESO,8,19,1880.97
F17-SchafferF7,MC-ESO,8,20,0
F17-SchafferF7,MC-ESO,8,21,0
F17-SchafferF7,MC-ESO,8,22,0
F17-SchafferF7,MC-ESO,8,23,0
F17-SchafferF7,MC-ESO,8,24,0
F17-SchafferF7,MC-ESO,8,25,1959.28
F17-SchafferF7,MC-ESO,8,26,1671.54
F17-SchafferF7,MC-ESO,8,27,1761.62
F17-SchafferF7,MC-ESO,8,28,0
F17-SchafferF7,MC-ESO,8,29,0
F17-SchafferF7,MC-ESO,8,30,1805.08
F17-SchafferF7,MC-ESO,8,31,1448.19
F17-SchafferF7,MC-ESO,8,32,0
F17-SchafferF7,MC-ESO,8,33,1491.51
F17-SchafferF7,MC-ESO,8,34,2170.22
F17-SchafferF7,MC-ESO,8,35,1861.14
F17-SchafferF7,MC-ESO,8,36,0
F17-SchafferF7,MC-ESO,8,37,0
F17-SchafferF7,MC-ESO,8,38,0
F17-SchafferF7,MC-ESO,8,39,1609.96
F17-SchafferF7,MC-ESO,8,40,1544.24
F17-SchafferF7,MC-ESO,8,41,2282.88
F17-SchafferF7,MC-ESO,8,42,0
F17-SchafferF7,MC-ESO,8,43,0
F17-SchafferF7,MC-ESO,8,44,1815.19
F17-SchafferF7,NMMSO,8,15,1705.05
F17-SchafferF7,NMMSO,8,16,2.87777e-05
F17-SchafferF7,NMMSO,8,17,2.68616
F17-SchafferF7,NMMSO,8,18,2.68616
F17-SchafferF7,NMMSO,8,19,1880.97
F17-SchafferF7,NMMSO,8,20,2.87777e-05
F17-SchafferF7,NMMSO,8,21,2.87777e-05
F17-SchafferF7,NMMSO,8,22,2.87777e-05
F17-SchafferF7,NMMSO,8,23,2.87777e-05
F17-SchafferF7,NMMSO,8,24,2.87777e-05
F17-SchafferF7,NMMSO,8,25,1702.11
F17-SchafferF7,NMMSO,8,26,1671.54
F17-SchafferF7,NMMSO,8,27,1.00612
F17-SchafferF7,NMMSO,8,28,2.87777e-05
F17-SchafferF7,NMMSO,8,29,2.87777e-05
F17-SchafferF7,NMMSO,8,30,1759.22
F17-SchafferF7,NMMSO,8,31,2.90214
F17-SchafferF7,NMMSO,8,32,2.87777e-05
F17-SchafferF7,NMMSO,8,33,1448.82
F17-SchafferF7,NMMSO,8,34,1761.54
F17-SchafferF7,NMMSO,8,35,1712.85
F17-SchafferF7,NMMSO,8,36,2.87777e-05
F17-SchafferF7,NMMSO,8,37,2.87777e-05
F17-SchafferF7,NMMSO,8,38,2.87777e-05
F17-SchafferF7,NMMSO,8,39,1609.96
F17-SchafferF7,NMMSO,8,40,2.03748
F17-SchafferF7,NMMSO,8,41,2004.68
F17-SchafferF7,NMMSO,8,42,2.87777e-05
F17-SchafferF7,NMMSO,8,43,2.87777e-05
F17-SchafferF7,NMMSO,8,44,0
F17-SchafferF7,NCDE,8,15,1534.7
F17-SchafferF7,NCDE,8,16,0.0181937
F17-SchafferF7,NCDE,8,17,0.0806392
F17-SchafferF7,NCDE,8,18,0.0806392
F17-SchafferF7,NCDE,8,19,1792.92
F17-SchafferF7,NCDE,8,20,0.0181937
F17-SchafferF7,NCDE,8,21,0.0181937
F17-SchafferF7,NCDE,8,22,0.0181937
F17-SchafferF7,NCDE,8,23,0.0181937
F17-SchafferF7,NCDE,8,24,0.0181937
F17-SchafferF7,NCDE,8,25,1867.69
F17-SchafferF7,NCDE,8,26,1561.23
F17-SchafferF7,NCDE,8,27,1568.95
F17-SchafferF7,NCDE,8,28,0.0181937
F17-SchafferF7,NCDE,8,29,0.0181937
F17-SchafferF7,NCDE,8,30,1760.67
F17-SchafferF7,NCDE,8,31,0.296616
F17-SchafferF7,NCDE,8,32,0.0181937
F17-SchafferF7,NCDE,8,33,0.0212935
F17-SchafferF7,NCDE,8,34,2027.47
F17-SchafferF7,NCDE,8,35,1808.86
F17-SchafferF7,NCDE,8,36,0.0181937
F17-SchafferF7,NCDE,8,37,0.0181937
F17-SchafferF7,NCDE,8,38,0.0181937
F17-SchafferF7,NCDE,8,39,1491.35
F17-SchafferF7,NCDE,8,40,0
F17-SchafferF7,NCDE,8,41,2184.17
F17-SchafferF7,NCDE,8,42,0.0181937
F17-SchafferF7,NCDE,8,43,0.0181937
F17-SchafferF7,NCDE,8,44,1639.12
F17-SchafferF7,r3pso,8,15,1705.04
F17-SchafferF7,r3pso,8,16,1.33563e-06
F17-SchafferF7,r3pso,8,17,1499.28
F17-SchafferF7,r3pso,8,18,1527.92
F17-SchafferF7,r3pso,8,19,1880.97
F17-SchafferF7,r3pso,8,20,1.33563e-06
F17-SchafferF7,r3pso,8,21,1.33563e-06
F17-SchafferF7,r3pso,8,22,1.33563e-06
F17-SchafferF7,r3pso,8,23,1.33563e-06
F17-SchafferF7,r3pso,8,24,1.33563e-06
F17-SchafferF7,r3pso,8,25,1959.28
F17-SchafferF7,r3pso,8,26,1671.54
F17-SchafferF7,r3pso,8,27,1761.62
F17-SchafferF7,r3pso,8,28,1.33563e-06
F17-SchafferF7,r3pso,8,29,1.33563e-06
F17-SchafferF7,r3pso,8,30,1805.08
F17-SchafferF7,r3pso,8,31,1448.19
F17-SchafferF7,r3pso,8,32,1.33563e-06
F17-SchafferF7,r3pso,8,33,1491.51
F17-SchafferF7,r3pso,8,34,2170.22
F17-SchafferF7,r3pso,8,35,1861.14
F17-SchafferF7,r3pso,8,36,1.33563e-06
F17-SchafferF7,r3pso,8,37,1.33563e-06
F17-SchafferF7,r3pso,8,38,1.33563e-06
F17-SchafferF7,r3pso,8,39,1609.96
F17-SchafferF7,r3pso,8,40,1544.24
F17-SchafferF7,r3pso,8,41,2282.88
F17-SchafferF7,r3pso,8,42,1.33563e-06
F17-SchafferF7,r3pso,8,43,1.33563e-06
F17-SchafferF7,r3pso,8,44,1815.19
F17-SchafferF7,NM-Restart,8,15,0
F17-SchafferF7,NM-Restart,8,16,2.92468
F17-SchafferF7,NM-Restart,8,17,4.30088
F17-SchafferF7,NM-Restart,8,18,4.30088
F17-SchafferF7,NM-Restart,8,19,1608.57
F17-SchafferF7,NM-Restart,8,20,2.92468
F17-SchafferF7,NM-Restart,8,21,2.92468
F17-SchafferF7,NM-Restart,8,22,2.92468
F17-SchafferF7,NM-Restart,8,23,2.92468
F17-SchafferF7,NM-Restart,8,24,2.92468
F17-SchafferF7,NM-Restart,8,25,1539.8
F17-SchafferF7,NM-Restart,8,26,1444.43
F17-SchafferF7,NM-Restart,8,27,3.87647
F17-SchafferF7,NM-Restart,8,28,2.92468
F17-SchafferF7,NM-Restart,8,29,2.92468
F17-SchafferF7,NM-Restart,8,30,1463.86
F17-SchafferF7,NM-Restart,8,31,4.51686
F17-SchafferF7,NM-Restart,8,32,2.92468
F17-SchafferF7,NM-Restart,8,33,2.17723
F17-SchafferF7,NM-Restart,8,34,1732.93
F17-SchafferF7,NM-Restart,8,35,1463.28
F17-SchafferF7,NM-Restart,8,36,5.04346
F17-SchafferF7,NM-Restart,8,37,2.92468
F17-SchafferF7,NM-Restart,8,38,2.92468
F17-SchafferF7,NM-Restart,8,39,6.58608
F17-SchafferF7,NM-Restart,8,40,3.6522
F17-SchafferF7,NM-Restart,8,41,1861.6
F17-SchafferF7,NM-Restart,8,42,2.92468
F17-SchafferF7,NM-Restart,8,43,2.92468
F17-SchafferF7,NM-Restart,8,44,1569.37
F17-SchafferF7,IPOP-CMA-ES,8,15,1705.04
F17-SchafferF7,IPOP-CMA-ES,8,16,2.43006e-12
F17-SchafferF7,IPOP-CMA-ES,8,17,1499.28
F17-SchafferF7,IPOP-CMA-ES,8,18,1527.92
F17-SchafferF7,IPOP-CMA-ES,8,19,1880.97
F17-SchafferF7,IPOP-CMA-ES,8,20,2.43006e-12
F17-SchafferF7,IPOP-CMA-ES,8,21,2.43006e-12
F17-SchafferF7,IPOP-CMA-ES,8,22,2.43006e-12
F17-SchafferF7,IPOP-CMA-ES,8,23,2.43006e-12
F17-SchafferF7,IPOP-CMA-ES,8,24,2.43006e-12
F17-SchafferF7,IPOP-CMA-ES,8,25,1959.28
F17-SchafferF7,IPOP-CMA-ES,8,26,1671.54
F17-SchafferF7,IPOP-CMA-ES,8,27,1761.62
F17-SchafferF7,IPOP-CMA-ES,8,28,2.43006e-12
F17-SchafferF7,IPOP-CMA-ES,8,29,2.43006e-12
F17-SchafferF7,IPOP-CMA-ES,8,30,1805.08
F17-SchafferF7,IPOP-CMA-ES,8,31,1448.19
F17-SchafferF7,IPOP-CMA-ES,8,32,2.43006e-12
F17-SchafferF7,IPOP-CMA-ES,8,33,1491.51
F17-SchafferF7,IPOP-CMA-ES,8,34,2170.22
F17-SchafferF7,IPOP-CMA-ES,8,35,1861.14
F17-SchafferF7,IPOP-CMA-ES,8,36,2.43006e-12
F17-SchafferF7,IPOP-CMA-ES,8,37,2.43006e-12
F17-SchafferF7,IPOP-CMA-ES,8,38,2.43006e-12
F17-SchafferF7,IPOP-CMA-ES,8,39,1609.96
F17-SchafferF7,IPOP-CMA-ES,8,40,1544.24
F17-SchafferF7,IPOP-CMA-ES,8,41,2282.88
F17-SchafferF7,IPOP-CMA-ES,8,42,2.43006e-12
F17-SchafferF7,IPOP-CMA-ES,8,43,2.43006e-12
F17-SchafferF7,IPOP-CMA-ES,8,44,1815.19
F17-SchafferF7,DE,8,15,1705.04
F17-SchafferF7,DE,8,16,3.55271e-15
F17-SchafferF7,DE,8,17,1499.28
F17-SchafferF7,DE,8,18,1527.92
F17-SchafferF7,DE,8,19,1880.97
F17-SchafferF7,DE,8,20,3.55271e-15
F17-SchafferF7,DE,8,21,3.55271e-15
F17-SchafferF7,DE,8,22,3.55271e-15
F17-SchafferF7,DE,8,23,3.55271e-15
F17-SchafferF7,DE,8,24,3.55271e-15
F17-SchafferF7,DE,8,25,1959.28
F17-SchafferF7,DE,8,26,1671.54
F17-SchafferF7,DE,8,27,1761.62
F17-SchafferF7,DE,8,28,3.55271e-15
F17-SchafferF7,DE,8,29,3.55271e-15
F17-SchafferF7,DE,8,30,1805.08
F17-SchafferF7,DE,8,31,1448.19
F17-SchafferF7,DE,8,32,3.55271e-15
F17-SchafferF7,DE,8,33,1491.51
F17-SchafferF7,DE,8,34,2170.22
F17-SchafferF7,DE,8,35,1861.14
F17-SchafferF7,DE,8,36,3.55271e-15
F17-SchafferF7,DE,8,37,3.55271e-15
F17-SchafferF7,DE,8,38,3.55271e-15
F17-SchafferF7,DE,8,39,1609.96
F17-SchafferF7,DE,8,40,1544.24
F17-SchafferF7,DE,8,41,2282.88
F17-SchafferF7,DE,8,42,3.55271e-15
F17-SchafferF7,DE,8,43,3.55271e-15
F17-SchafferF7,DE,8,44,1815.19
F17-SchafferF7,PSO,8,15,1705.04
F17-SchafferF7,PSO,8,16,3.35082e-08
F17-SchafferF7,PSO,8,17,1499.28
F17-SchafferF7,PSO,8,18,1527.92
F17-SchafferF7,PSO,8,19,1880.97
F17-SchafferF7,PSO,8,20,3.35082e-08
F17-SchafferF7,PSO,8,21,3.35082e-08
F17-SchafferF7,PSO,8,22,3.35082e-08
F17-SchafferF7,PSO,8,23,3.35082e-08
F17-SchafferF7,PSO,8,24,3.35082e-08
F17-SchafferF7,PSO,8,25,1959.28
F17-SchafferF7,PSO,8,26,1671.54
F17-SchafferF7,PSO,8,27,1761.62
F17-SchafferF7,PSO,8,28,3.35082e-08
F17-SchafferF7,PSO,8,29,3.35082e-08
F17-SchafferF7,PSO,8,30,1805.08
F17-SchafferF7,PSO,8,31,1448.19
F17-SchafferF7,PSO,8,32,3.35082e-08
F17-SchafferF7,PSO,8,33,1491.51
F17-SchafferF7,PSO,8,34,2170.22
F17-SchafferF7,PSO,8,35,1861.14
F17-SchafferF7,PSO,8,36,3.35082e-08
F17-SchafferF7,PSO,8,37,3.35082e-08
F17-SchafferF7,PSO,8,38,3.35082e-08
F17-SchafferF7,PSO,8,39,1609.96
F17-SchafferF7,PSO,8,40,1544.24
F17-SchafferF7,PSO,8,41,2282.88
F17-SchafferF7,PSO,8,42,3.35082e-08
F17-SchafferF7,PSO,8,43,3.35082e-08
F17-SchafferF7,PSO,8,44,1815.19
F17-SchafferF7,Crowding-DE,8,15,1543.7
F17-SchafferF7,Crowding-DE,8,16,0.0977927
F17-SchafferF7,Crowding-DE,8,17,0.646361
F17-SchafferF7,Crowding-DE,8,18,1440.56
F17-SchafferF7,Crowding-DE,8,19,1812.9
F17-SchafferF7,Crowding-DE,8,20,0.0977927
F17-SchafferF7,Crowding-DE,8,21,0.0977927
F17-SchafferF7,Crowding-DE,8,22,0.0977927
F17-SchafferF7,Crowding-DE,8,23,0.0977927
F17-SchafferF7,Crowding-DE,8,24,0.0977927
F17-SchafferF7,Crowding-DE,8,25,1863.85
F17-SchafferF7,Crowding-DE,8,26,1579.22
F17-SchafferF7,Crowding-DE,8,27,1665.29
F17-SchafferF7,Crowding-DE,8,28,0.0977927
F17-SchafferF7,Crowding-DE,8,29,0.0977927
F17-SchafferF7,Crowding-DE,8,30,1750.16
F17-SchafferF7,Crowding-DE,8,31,0
F17-SchafferF7,Crowding-DE,8,32,0.0977927
F17-SchafferF7,Crowding-DE,8,33,0.0508837
F17-SchafferF7,Crowding-DE,8,34,2060.64
F17-SchafferF7,Crowding-DE,8,35,1780.92
F17-SchafferF7,Crowding-DE,8,36,0.0977927
F17-SchafferF7,Crowding-DE,8,37,0.0977927
F17-SchafferF7,Crowding-DE,8,38,0.0977927
F17-SchafferF7,Crowding-DE,8,39,1508.46
F17-SchafferF7,Crowding-DE,8,40,1460.31
F17-SchafferF7,Crowding-DE,8,41,2185.03
F17-SchafferF7,Crowding-DE,8,42,0.0977927
F17-SchafferF7,Crowding-DE,8,43,0.0977927
F17-SchafferF7,Crowding-DE,8,44,1747.32
F17-SchafferF7,MAP-Elites,8,15,1522.03
F17-SchafferF7,MAP-Elites,8,16,0.0418287
F17-SchafferF7,MAP-Elites,8,17,0.0290356
F17-SchafferF7,MAP-Elites,8,18,0.884873
F17-SchafferF7,MAP-Elites,8,19,1823.22
F17-SchafferF7,MAP-Elites,8,20,0.0418287
F17-SchafferF7,MAP-Elites,8,21,0.0418287
F17-SchafferF7,MAP-Elites,8,22,0.0418287
F17-SchafferF7,MAP-Elites,8,23,0.0418287
F17-SchafferF7,MAP-Elites,8,24,0.0418287
F17-SchafferF7,MAP-Elites,8,25,1890.81
F17-SchafferF7,MAP-Elites,8,26,1582.25
F17-SchafferF7,MAP-Elites,8,27,1573.75
F17-SchafferF7,MAP-Elites,8,28,0.0418287
F17-SchafferF7,MAP-Elites,8,29,0.0418287
F17-SchafferF7,MAP-Elites,8,30,1778.78
F17-SchafferF7,MAP-Elites,8,31,0.245013
F17-SchafferF7,MAP-Elites,8,32,0.0418287
F17-SchafferF7,MAP-Elites,8,33,0
F17-SchafferF7,MAP-Elites,8,34,2046.99
F17-SchafferF7,MAP-Elites,8,35,1832.95
F17-SchafferF7,MAP-Elites,8,36,0.0418287
F17-SchafferF7,MAP-Elites,8,37,0.0418287
F17-SchafferF7,MAP-Elites,8,38,0.0418287
F17-SchafferF7,MAP-Elites,8,39,1508.59
F17-SchafferF7,MAP-Elites,8,40,0.236195
F17-SchafferF7,MAP-Elites,8,41,2206.96
F17-SchafferF7,MAP-Elites,8,42,0.0418287
F17-SchafferF7,MAP-Elites,8,43,0.0418287
F17-SchafferF7,MAP-Elites,8,44,1634.3
F17-SchafferF7,MC-ESO-crowd,8,15,1575.01
F17-SchafferF7,MC-ESO-crowd,8,16,0.097637
F17-SchafferF7,MC-ESO-crowd,8,17,3.66126e-05
F17-SchafferF7,MC-ESO-crowd,8,18,3.66126e-05
F17-SchafferF7,MC-ESO-crowd,8,19,1815.62
F17-SchafferF7,MC-ESO-crowd,8,20,0.097637
F17-SchafferF7,MC-ESO-crowd,8,21,0.097637
F17-SchafferF7,MC-ESO-crowd,8,22,0.097637
F17-SchafferF7,MC-ESO-crowd,8,23,0.097637
F17-SchafferF7,MC-ESO-crowd,8,24,0.097637
F17-SchafferF7,MC-ESO-crowd,8,25,1851.11
F17-SchafferF7,MC-ESO-crowd,8,26,1588.81
F17-SchafferF7,MC-ESO-crowd,8,27,1501.64
F17-SchafferF7,MC-ESO-crowd,8,28,0.097637
F17-SchafferF7,MC-ESO-crowd,8,29,0.097637
F17-SchafferF7,MC-ESO-crowd,8,30,1773.66
F17-SchafferF7,MC-ESO-crowd,8,31,0.216014
F17-SchafferF7,MC-ESO-crowd,8,32,0.097637
F17-SchafferF7,MC-ESO-crowd,8,33,0.291848
F17-SchafferF7,MC-ESO-crowd,8,34,1989.44
F17-SchafferF7,MC-ESO-crowd,8,35,1807.43
F17-SchafferF7,MC-ESO-crowd,8,36,0.097637
F17-SchafferF7,MC-ESO-crowd,8,37,0.097637
F17-SchafferF7,MC-ESO-crowd,8,38,0.097637
F17-SchafferF7,MC-ESO-crowd,8,39,1520.74
F17-SchafferF7,MC-ESO-crowd,8,40,0.489631
F17-SchafferF7,MC-ESO-crowd,8,41,2164.73
F17-SchafferF7,MC-ESO-crowd,8,42,0.097637
F17-SchafferF7,MC-ESO-crowd,8,43,0.097637
F17-SchafferF7,MC-ESO-crowd,8,44,1570.74
F17-SchafferF7,quality,8,15,1790.86
F17-SchafferF7,quality,8,16,0.742581
F17-SchafferF7,quality,8,17,0
F17-SchafferF7,quality,8,18,0
F17-SchafferF7,quality,8,19,1848.4
F17-SchafferF7,quality,8,20,0.742581
F17-SchafferF7,quality,8,21,0.742581
F17-SchafferF7,quality,8,22,0.742581
F17-SchafferF7,quality,8,23,0.742581
F17-SchafferF7,quality,8,24,0.742581
F17-SchafferF7,quality,8,25,1606.4
F17-SchafferF7,quality,8,26,1703.32
F17-SchafferF7,quality,8,27,0
F17-SchafferF7,quality,8,28,0.742581
F17-SchafferF7,quality,8,29,0.742581
F17-SchafferF7,quality,8,30,1659.04
F17-SchafferF7,quality,8,31,0.215977
F17-SchafferF7,quality,8,32,0.742581
F17-SchafferF7,quality,8,33,1594.11
F17-SchafferF7,quality,8,34,1725.75
F17-SchafferF7,quality,8,35,1590.32
F17-SchafferF7,quality,8,36,0.742581
F17-SchafferF7,quality,8,37,0.742581
F17-SchafferF7,quality,8,38,0.742581
F17-SchafferF7,quality,8,39,1667.07
F17-SchafferF7,quality,8,40,1.03137
F17-SchafferF7,quality,8,41,1916.03
F17-SchafferF7,quality,8,42,0.742581
F17-SchafferF7,quality,8,43,0.742581
F17-SchafferF7,quality,8,44,1454.24
F17-SchafferF7,complement,8,15,2.11878
F17-SchafferF7,complement,8,16,0.742581
F17-SchafferF7,complement,8,17,0
F17-SchafferF7,complement,8,18,0
F17-SchafferF7,complement,8,19,0
F17-SchafferF7,complement,8,20,0.742581
F17-SchafferF7,complement,8,21,0.742581
F17-SchafferF7,complement,8,22,0.742581
F17-SchafferF7,complement,8,23,0.742581
F17-SchafferF7,complement,8,24,0.742581
F17-SchafferF7,complement,8,25,1505.34
F17-SchafferF7,complement,8,26,0
F17-SchafferF7,complement,8,27,3.87647
F17-SchafferF7,complement,8,28,0.742581
F17-SchafferF7,complement,8,29,0.742581
F17-SchafferF7,complement,8,30,27.6317
F17-SchafferF7,complement,8,31,0.215977
F17-SchafferF7,complement,8,32,0.742581
F17-SchafferF7,complement,8,33,4.29601
F17-SchafferF7,complement,8,34,1517.91
F17-SchafferF7,complement,8,35,27.6317
F17-SchafferF7,complement,8,36,0.742581
F17-SchafferF7,complement,8,37,0.742581
F17-SchafferF7,complement,8,38,0.742581
F17-SchafferF7,complement,8,39,0
F17-SchafferF7,complement,8,40,4.90784
F17-SchafferF7,complement,8,41,1814.88
F17-SchafferF7,complement,8,42,0.742581
F17-SchafferF7,complement,8,43,0.742581
F17-SchafferF7,complement,8,44,2.30256
F17-SchafferF7,MC-ESO,9,15,234.589
F17-SchafferF7,MC-ESO,9,16,203.358
F17-SchafferF7,MC-ESO,9,17,242.114
F17-SchafferF7,MC-ESO,9,18,204.896
F17-SchafferF7,MC-ESO,9,19,3.55271e-15
F17-SchafferF7,MC-ESO,9,20,285.959
F17-SchafferF7,MC-ESO,9,21,3.55271e-15
F17-SchafferF7,MC-ESO,9,22,209.13
F17-SchafferF7,MC-ESO,9,23,236.478
F17-SchafferF7,MC-ESO,9,24,280.908
F17-SchafferF7,MC-ESO,9,25,3.55271e-15
F17-SchafferF7,MC-ESO,9,26,3.55271e-15
F17-SchafferF7,MC-ESO,9,27,258.389
F17-SchafferF7,MC-ESO,9,28,156.606
F17-SchafferF7,MC-ESO,9,29,222.996
F17-SchafferF7,MC-ESO,9,30,3.55271e-15
F17-SchafferF7,MC-ESO,9,31,234.092
F17-SchafferF7,MC-ESO,9,32,3.55271e-15
F17-SchafferF7,MC-ESO,9,33,242.367
F17-SchafferF7,MC-ESO,9,34,3.55271e-15
F17-SchafferF7,MC-ESO,9,35,3.55271e-15
F17-SchafferF7,MC-ESO,9,36,3.55271e-15
F17-SchafferF7,MC-ESO,9,37,241.844
F17-SchafferF7,MC-ESO,9,38,3.55271e-15
F17-SchafferF7,MC-ESO,9,39,3.55271e-15
F17-SchafferF7,MC-ESO,9,40,3.55271e-15
F17-SchafferF7,MC-ESO,9,41,193.008
F17-SchafferF7,MC-ESO,9,42,3.55271e-15
F17-SchafferF7,MC-ESO,9,43,190.155
F17-SchafferF7,MC-ESO,9,44,3.55271e-15
F17-SchafferF7,NMMSO,9,15,216.921
F17-SchafferF7,NMMSO,9,16,0.823001
F17-SchafferF7,NMMSO,9,17,228.006
F17-SchafferF7,NMMSO,9,18,204.896
F17-SchafferF7,NMMSO,9,19,0.000229487
F17-SchafferF7,NMMSO,9,20,240.703
F17-SchafferF7,NMMSO,9,21,0.000229487
F17-SchafferF7,NMMSO,9,22,0.446381
F17-SchafferF7,NMMSO,9,23,223.66
F17-SchafferF7,NMMSO,9,24,249.424
F17-SchafferF7,NMMSO,9,25,0.000229487
F17-SchafferF7,NMMSO,9,26,0.000229487
F17-SchafferF7,NMMSO,9,27,218.432
F17-SchafferF7,NMMSO,9,28,156.606
F17-SchafferF7,NMMSO,9,29,0
F17-SchafferF7,NMMSO,9,30,0.000229487
F17-SchafferF7,NMMSO,9,31,193.579
F17-SchafferF7,NMMSO,9,32,0.000229487
F17-SchafferF7,NMMSO,9,33,233.589
F17-SchafferF7,NMMSO,9,34,0.000229487
F17-SchafferF7,NMMSO,9,35,0.000229487
F17-SchafferF7,NMMSO,9,36,0.000229487
F17-SchafferF7,NMMSO,9,37,228.067
F17-SchafferF7,NMMSO,9,38,0.000229487
F17-SchafferF7,NMMSO,9,39,0.000229487
F17-SchafferF7,NMMSO,9,40,0.000229487
F17-SchafferF7,NMMSO,9,41,193.008
F17-SchafferF7,NMMSO,9,42,0.000229487
F17-SchafferF7,NMMSO,9,43,1.75095
F17-SchafferF7,NMMSO,9,44,0.000229487
F17-SchafferF7,NCDE,9,15,227.407
F17-SchafferF7,NCDE,9,16,0.002774
F17-SchafferF7,NCDE,9,17,237.556
F17-SchafferF7,NCDE,9,18,0.649077
F17-SchafferF7,NCDE,9,19,0.00767199
F17-SchafferF7,NCDE,9,20,259.261
F17-SchafferF7,NCDE,9,21,0.00767199
F17-SchafferF7,NCDE,9,22,0.446378
F17-SchafferF7,NCDE,9,23,232.861
F17-SchafferF7,NCDE,9,24,263.095
F17-SchafferF7,NCDE,9,25,0.00767199
F17-SchafferF7,NCDE,9,26,0.00767199
F17-SchafferF7,NCDE,9,27,234.836
F17-SchafferF7,NCDE,9,28,130.585
F17-SchafferF7,NCDE,9,29,193.575
F17-SchafferF7,NCDE,9,30,0.00767199
F17-SchafferF7,NCDE,9,31,210.208
F17-SchafferF7,NCDE,9,32,0.00767199
F17-SchafferF7,NCDE,9,33,239.447
F17-SchafferF7,NCDE,9,34,0.00767199
F17-SchafferF7,NCDE,9,35,0.00767199
F17-SchafferF7,NCDE,9,36,0.00767199
F17-SchafferF7,NCDE,9,37,237.527
F17-SchafferF7,NCDE,9,38,0.00767199
F17-SchafferF7,NCDE,9,39,0.00767199
F17-SchafferF7,NCDE,9,40,0.00767199
F17-SchafferF7,NCDE,9,41,169.37
F17-SchafferF7,NCDE,9,42,0.00767199
F17-SchafferF7,NCDE,9,43,0.930727
F17-SchafferF7,NCDE,9,44,0.00767199
F17-SchafferF7,r3pso,9,15,234.589
F17-SchafferF7,r3pso,9,16,203.358
F17-SchafferF7,r3pso,9,17,242.114
F17-SchafferF7,r3pso,9,18,204.896
F17-SchafferF7,r3pso,9,19,1.60327e-06
F17-SchafferF7,r3pso,9,20,285.959
F17-SchafferF7,r3pso,9,21,1.60327e-06
F17-SchafferF7,r3pso,9,22,209.13
F17-SchafferF7,r3pso,9,23,236.478
F17-SchafferF7,r3pso,9,24,280.908
F17-SchafferF7,r3pso,9,25,1.60327e-06
F17-SchafferF7,r3pso,9,26,1.60327e-06
F17-SchafferF7,r3pso,9,27,258.389
F17-SchafferF7,r3pso,9,28,156.606
F17-SchafferF7,r3pso,9,29,222.996
F17-SchafferF7,r3pso,9,30,1.60327e-06
F17-SchafferF7,r3pso,9,31,234.092
F17-SchafferF7,r3pso,9,32,1.60327e-06
F17-SchafferF7,r3pso,9,33,242.367
F17-SchafferF7,r3pso,9,34,1.60327e-06
F17-SchafferF7,r3pso,9,35,1.60327e-06
F17-SchafferF7,r3pso,9,36,1.60327e-06
F17-SchafferF7,r3pso,9,37,241.844
F17-SchafferF7,r3pso,9,38,1.60327e-06
F17-SchafferF7,r3pso,9,39,1.60327e-06
F17-SchafferF7,r3pso,9,40,1.60327e-06
F17-SchafferF7,r3pso,9,41,193.008
F17-SchafferF7,r3pso,9,42,1.60327e-06
F17-SchafferF7,r3pso,9,43,190.155
F17-SchafferF7,r3pso,9,44,1.60327e-06
F17-SchafferF7,NM-Restart,9,15,188.244
F17-SchafferF7,NM-Restart,9,16,4.01788
F17-SchafferF7,NM-Restart,9,17,203.34
F17-SchafferF7,NM-Restart,9,18,208.766
F17-SchafferF7,NM-Restart,9,19,3.99654
F17-SchafferF7,NM-Restart,9,20,190.805
F17-SchafferF7,NM-Restart,9,21,3.99654
F17-SchafferF7,NM-Restart,9,22,4.8969
F17-SchafferF7,NM-Restart,9,23,200.032
F17-SchafferF7,NM-Restart,9,24,205.883
F17-SchafferF7,NM-Restart,9,25,3.99654
F17-SchafferF7,NM-Restart,9,26,3.99654
F17-SchafferF7,NM-Restart,9,27,0
F17-SchafferF7,NM-Restart,9,28,165.64
F17-SchafferF7,NM-Restart,9,29,3.16794
F17-SchafferF7,NM-Restart,9,30,3.99654
F17-SchafferF7,NM-Restart,9,31,0
F17-SchafferF7,NM-Restart,9,32,3.99654
F17-SchafferF7,NM-Restart,9,33,209.014
F17-SchafferF7,NM-Restart,9,34,3.99654
F17-SchafferF7,NM-Restart,9,35,3.99654
F17-SchafferF7,NM-Restart,9,36,3.99654
F17-SchafferF7,NM-Restart,9,37,203.775
F17-SchafferF7,NM-Restart,9,38,3.99654
F17-SchafferF7,NM-Restart,9,39,3.99654
F17-SchafferF7,NM-Restart,9,40,3.99654
F17-SchafferF7,NM-Restart,9,41,195.323
F17-SchafferF7,NM-Restart,9,42,3.99654
F17-SchafferF7,NM-Restart,9,43,3.89891
F17-SchafferF7,NM-Restart,9,44,3.99654
F17-SchafferF7,IPOP-CMA-ES,9,15,234.589
F17-SchafferF7,IPOP-CMA-ES,9,16,203.358
F17-SchafferF7,IPOP-CMA-ES,9,17,242.114
F17-SchafferF7,IPOP-CMA-ES,9,18,204.896
F17-SchafferF7,IPOP-CMA-ES,9,19,1.45306e-12
F17-SchafferF7,IPOP-CMA-ES,9,20,285.959
F17-SchafferF7,IPOP-CMA-ES,9,21,1.45306e-12
F17-SchafferF7,IPOP-CMA-ES,9,22,209.13
F17-SchafferF7,IPOP-CMA-ES,9,23,236.478
F17-SchafferF7,IPOP-CMA-ES,9,24,280.908
F17-SchafferF7,IPOP-CMA-ES,9,25,1.45306e-12
F17-SchafferF7,IPOP-CMA-ES,9,26,1.45306e-12
F17-SchafferF7,IPOP-CMA-ES,9,27,258.389
F17-SchafferF7,IPOP-CMA-ES,9,28,156.606
F17-SchafferF7,IPOP-CMA-ES,9,29,222.996
F17-SchafferF7,IPOP-CMA-ES,9,30,1.45306e-12
F17-SchafferF7,IPOP-CMA-ES,9,31,234.092
F17-SchafferF7,IPOP-CMA-ES,9,32,1.45306e-12
F17-SchafferF7,IPOP-CMA-ES,9,33,242.367
F17-SchafferF7,IPOP-CMA-ES,9,34,1.45306e-12
F17-SchafferF7,IPOP-CMA-ES,9,35,1.45306e-12
F17-SchafferF7,IPOP-CMA-ES,9,36,1.45306e-12
F17-SchafferF7,IPOP-CMA-ES,9,37,241.844
F17-SchafferF7,IPOP-CMA-ES,9,38,1.45306e-12
F17-SchafferF7,IPOP-CMA-ES,9,39,1.45306e-12
F17-SchafferF7,IPOP-CMA-ES,9,40,1.45306e-12
F17-SchafferF7,IPOP-CMA-ES,9,41,193.008
F17-SchafferF7,IPOP-CMA-ES,9,42,1.45306e-12
F17-SchafferF7,IPOP-CMA-ES,9,43,190.155
F17-SchafferF7,IPOP-CMA-ES,9,44,1.45306e-12
F17-SchafferF7,DE,9,15,234.589
F17-SchafferF7,DE,9,16,203.358
F17-SchafferF7,DE,9,17,242.114
F17-SchafferF7,DE,9,18,204.896
F17-SchafferF7,DE,9,19,0
F17-SchafferF7,DE,9,20,285.959
F17-SchafferF7,DE,9,21,0
F17-SchafferF7,DE,9,22,209.13
F17-SchafferF7,DE,9,23,236.478
F17-SchafferF7,DE,9,24,280.908
F17-SchafferF7,DE,9,25,0
F17-SchafferF7,DE,9,26,0
F17-SchafferF7,DE,9,27,258.389
F17-SchafferF7,DE,9,28,156.606
F17-SchafferF7,DE,9,29,222.996
F17-SchafferF7,DE,9,30,0
F17-SchafferF7,DE,9,31,234.092
F17-SchafferF7,DE,9,32,0
F17-SchafferF7,DE,9,33,242.367
F17-SchafferF7,DE,9,34,0
F17-SchafferF7,DE,9,35,0
F17-SchafferF7,DE,9,36,0
F17-SchafferF7,DE,9,37,241.844
F17-SchafferF7,DE,9,38,0
F17-SchafferF7,DE,9,39,0
F17-SchafferF7,DE,9,40,0
F17-SchafferF7,DE,9,41,193.008
F17-SchafferF7,DE,9,42,0
F17-SchafferF7,DE,9,43,190.155
F17-SchafferF7,DE,9,44,0
F17-SchafferF7,PSO,9,15,234.589
F17-SchafferF7,PSO,9,16,203.358
F17-SchafferF7,PSO,9,17,242.114
F17-SchafferF7,PSO,9,18,204.896
F17-SchafferF7,PSO,9,19,8.51304e-08
F17-SchafferF7,PSO,9,20,285.959
F17-SchafferF7,PSO,9,21,8.51304e-08
F17-SchafferF7,PSO,9,22,209.13
F17-SchafferF7,PSO,9,23,236.478
F17-SchafferF7,PSO,9,24,280.908
F17-SchafferF7,PSO,9,25,8.51304e-08
F17-SchafferF7,PSO,9,26,8.51304e-08
F17-SchafferF7,PSO,9,27,258.389
F17-SchafferF7,PSO,9,28,156.606
F17-SchafferF7,PSO,9,29,222.996
F17-SchafferF7,PSO,9,30,8.51304e-08
F17-SchafferF7,PSO,9,31,234.092
F17-SchafferF7,PSO,9,32,8.51304e-08
F17-SchafferF7,PSO,9,33,242.367
F17-SchafferF7,PSO,9,34,8.51304e-08
F17-SchafferF7,PSO,9,35,8.51304e-08
F17-SchafferF7,PSO,9,36,8.51304e-08
F17-SchafferF7,PSO,9,37,241.844
F17-SchafferF7,PSO,9,38,8.51304e-08
F17-SchafferF7,PSO,9,39,8.51304e-08
F17-SchafferF7,PSO,9,40,8.51304e-08
F17-SchafferF7,PSO,9,41,193.008
F17-SchafferF7,PSO,9,42,8.51304e-08
F17-SchafferF7,PSO,9,43,190.155
F17-SchafferF7,PSO,9,44,8.51304e-08
F17-SchafferF7,Crowding-DE,9,15,228.761
F17-SchafferF7,Crowding-DE,9,16,0
F17-SchafferF7,Crowding-DE,9,17,237.429
F17-SchafferF7,Crowding-DE,9,18,0
F17-SchafferF7,Crowding-DE,9,19,0.0983089
F17-SchafferF7,Crowding-DE,9,20,266.171
F17-SchafferF7,Crowding-DE,9,21,0.0983089
F17-SchafferF7,Crowding-DE,9,22,190.496
F17-SchafferF7,Crowding-DE,9,23,232.207
F17-SchafferF7,Crowding-DE,9,24,267.771
F17-SchafferF7,Crowding-DE,9,25,0.0983089
F17-SchafferF7,Crowding-DE,9,26,0.0983089
F17-SchafferF7,Crowding-DE,9,27,240.958
F17-SchafferF7,Crowding-DE,9,28,136.163
F17-SchafferF7,Crowding-DE,9,29,201.065
F17-SchafferF7,Crowding-DE,9,30,0.0983089
F17-SchafferF7,Crowding-DE,9,31,216.414
F17-SchafferF7,Crowding-DE,9,32,0.0983089
F17-SchafferF7,Crowding-DE,9,33,239.394
F17-SchafferF7,Crowding-DE,9,34,0.0983089
F17-SchafferF7,Crowding-DE,9,35,0.0983089
F17-SchafferF7,Crowding-DE,9,36,0.0983089
F17-SchafferF7,Crowding-DE,9,37,237.265
F17-SchafferF7,Crowding-DE,9,38,0.0983089
F17-SchafferF7,Crowding-DE,9,39,0.0983089
F17-SchafferF7,Crowding-DE,9,40,0.0983089
F17-SchafferF7,Crowding-DE,9,41,174.593
F17-SchafferF7,Crowding-DE,9,42,0.0983089
F17-SchafferF7,Crowding-DE,9,43,0.000679343
F17-SchafferF7,Crowding-DE,9,44,0.0983089
F17-SchafferF7,MAP-Elites,9,15,232.293
F17-SchafferF7,MAP-Elites,9,16,0.37662
F17-SchafferF7,MAP-Elites,9,17,240.754
F17-SchafferF7,MAP-Elites,9,18,193.722
F17-SchafferF7,MAP-Elites,9,19,0.247798
F17-SchafferF7,MAP-Elites,9,20,267.88
F17-SchafferF7,MAP-Elites,9,21,0.247798
F17-SchafferF7,MAP-Elites,9,22,0
F17-SchafferF7,MAP-Elites,9,23,234.946
F17-SchafferF7,MAP-Elites,9,24,270.254
F17-SchafferF7,MAP-Elites,9,25,0.247798
F17-SchafferF7,MAP-Elites,9,26,0.247798
F17-SchafferF7,MAP-Elites,9,27,243.01
F17-SchafferF7,MAP-Elites,9,28,144.186
F17-SchafferF7,MAP-Elites,9,29,199.813
F17-SchafferF7,MAP-Elites,9,30,0.247798
F17-SchafferF7,MAP-Elites,9,31,218.434
F17-SchafferF7,MAP-Elites,9,32,0.247798
F17-SchafferF7,MAP-Elites,9,33,240.316
F17-SchafferF7,MAP-Elites,9,34,0.247798
F17-SchafferF7,MAP-Elites,9,35,0.247798
F17-SchafferF7,MAP-Elites,9,36,0.247798
F17-SchafferF7,MAP-Elites,9,37,240.44
F17-SchafferF7,MAP-Elites,9,38,0.247798
F17-SchafferF7,MAP-Elites,9,39,0.247798
F17-SchafferF7,MAP-Elites,9,40,0.247798
F17-SchafferF7,MAP-Elites,9,41,182.232
F17-SchafferF7,MAP-Elites,9,42,0.247798
F17-SchafferF7,MAP-Elites,9,43,0.150169
F17-SchafferF7,MAP-Elites,9,44,0.247798
F17-SchafferF7,MC-ESO-crowd,9,15,230.744
F17-SchafferF7,MC-ESO-crowd,9,16,0.423432
F17-SchafferF7,MC-ESO-crowd,9,17,239.167
F17-SchafferF7,MC-ESO-crowd,9,18,191.337
F17-SchafferF7,MC-ESO-crowd,9,19,0.0976295
F17-SchafferF7,MC-ESO-crowd,9,20,270.956
F17-SchafferF7,MC-ESO-crowd,9,21,0.0976295
F17-SchafferF7,MC-ESO-crowd,9,22,189.211
F17-SchafferF7,MC-ESO-crowd,9,23,233.856
F17-SchafferF7,MC-ESO-crowd,9,24,273.25
F17-SchafferF7,MC-ESO-crowd,9,25,0.0976295
F17-SchafferF7,MC-ESO-crowd,9,26,0.0976295
F17-SchafferF7,MC-ESO-crowd,9,27,246.104
F17-SchafferF7,MC-ESO-crowd,9,28,141.812
F17-SchafferF7,MC-ESO-crowd,9,29,201.119
F17-SchafferF7,MC-ESO-crowd,9,30,0.0976295
F17-SchafferF7,MC-ESO-crowd,9,31,221.529
F17-SchafferF7,MC-ESO-crowd,9,32,0.0976295
F17-SchafferF7,MC-ESO-crowd,9,33,240.758
F17-SchafferF7,MC-ESO-crowd,9,34,0.0976295
F17-SchafferF7,MC-ESO-crowd,9,35,0.0976295
F17-SchafferF7,MC-ESO-crowd,9,36,0.0976295
F17-SchafferF7,MC-ESO-crowd,9,37,238.98
F17-SchafferF7,MC-ESO-crowd,9,38,0.0976295
F17-SchafferF7,MC-ESO-crowd,9,39,0.0976295
F17-SchafferF7,MC-ESO-crowd,9,40,0.0976295
F17-SchafferF7,MC-ESO-crowd,9,41,179.847
F17-SchafferF7,MC-ESO-crowd,9,42,0.0976295
F17-SchafferF7,MC-ESO-crowd,9,43,0
F17-SchafferF7,MC-ESO-crowd,9,44,0.0976295
F17-SchafferF7,quality,9,15,218.583
F17-SchafferF7,quality,9,16,1.39704
F17-SchafferF7,quality,9,17,227.744
F17-SchafferF7,quality,9,18,190.022
F17-SchafferF7,quality,9,19,0.362912
F17-SchafferF7,quality,9,20,261.203
F17-SchafferF7,quality,9,21,0.362912
F17-SchafferF7,quality,9,22,200.461
F17-SchafferF7,quality,9,23,222.714
F17-SchafferF7,quality,9,24,259.181
F17-SchafferF7,quality,9,25,0.362912
F17-SchafferF7,quality,9,26,0.362912
F17-SchafferF7,quality,9,27,234.417
F17-SchafferF7,quality,9,28,139.478
F17-SchafferF7,quality,9,29,208.598
F17-SchafferF7,quality,9,30,0.362912
F17-SchafferF7,quality,9,31,210.019
F17-SchafferF7,quality,9,32,0.362912
F17-SchafferF7,quality,9,33,230.542
F17-SchafferF7,quality,9,34,0.362912
F17-SchafferF7,quality,9,35,0.362912
F17-SchafferF7,quality,9,36,0.362912
F17-SchafferF7,quality,9,37,227.628
F17-SchafferF7,quality,9,38,0.362912
F17-SchafferF7,quality,9,39,0.362912
F17-SchafferF7,quality,9,40,0.362912
F17-SchafferF7,quality,9,41,178.844
F17-SchafferF7,quality,9,42,0.362912
F17-SchafferF7,quality,9,43,0.265282
F17-SchafferF7,quality,9,44,0.362912
F17-SchafferF7,complement,9,15,2.07127
F17-SchafferF7,complement,9,16,5.27352
F17-SchafferF7,complement,9,17,26.6832
F17-SchafferF7,complement,9,18,4.89587
F17-SchafferF7,complement,9,19,0.362912
F17-SchafferF7,complement,9,20,210.217
F17-SchafferF7,complement,9,21,0.362912
F17-SchafferF7,complement,9,22,4.8969
F17-SchafferF7,complement,9,23,28.7544
F17-SchafferF7,complement,9,24,220.772
F17-SchafferF7,complement,9,25,0.362912
F17-SchafferF7,complement,9,26,0.362912
F17-SchafferF7,complement,9,27,1.24345e-14
F17-SchafferF7,complement,9,28,121.696
F17-SchafferF7,complement,9,29,3.16794
F17-SchafferF7,complement,9,30,0.362912
F17-SchafferF7,complement,9,31,1.25564
F17-SchafferF7,complement,9,32,0.362912
F17-SchafferF7,complement,9,33,201.591
F17-SchafferF7,complement,9,34,0.362912
F17-SchafferF7,complement,9,35,0.362912
F17-SchafferF7,complement,9,36,0.362912
F17-SchafferF7,complement,9,37,26.6832
F17-SchafferF7,complement,9,38,0.362912
F17-SchafferF7,complement,9,39,0.362912
F17-SchafferF7,complement,9,40,0.362912
F17-SchafferF7,complement,9,41,0
F17-SchafferF7,complement,9,42,0.362912
F17-SchafferF7,complement,9,43,0.265282
F17-SchafferF7,complement,9,44,0.362912
F17-SchafferF7,MC-ESO,10,15,1145.46
F17-SchafferF7,MC-ESO,10,16,3.55485e-11
F17-SchafferF7,MC-ESO,10,17,3.55485e-11
F17-SchafferF7,MC-ESO,10,18,3.55485e-11
F17-SchafferF7,MC-ESO,10,19,3.55485e-11
F17-SchafferF7,MC-ESO,10,20,1187.54
F17-SchafferF7,MC-ESO,10,21,1193.32
F17-SchafferF7,MC-ESO,10,22,3.55485e-11
F17-SchafferF7,MC-ESO,10,23,1143.26
F17-SchafferF7,MC-ESO,10,24,3.55485e-11
F17-SchafferF7,MC-ESO,10,25,1396.99
F17-SchafferF7,MC-ESO,10,26,1109.11
F17-SchafferF7,MC-ESO,10,27,3.55485e-11
F17-SchafferF7,MC-ESO,10,28,3.55485e-11
F17-SchafferF7,MC-ESO,10,29,3.55485e-11
F17-SchafferF7,MC-ESO,10,30,1227.07
F17-SchafferF7,MC-ESO,10,31,1394.42
F17-SchafferF7,MC-ESO,10,32,3.55485e-11
F17-SchafferF7,MC-ESO,10,33,1352.3
F17-SchafferF7,MC-ESO,10,34,3.55485e-11
F17-SchafferF7,MC-ESO,10,35,1060.21
F17-SchafferF7,MC-ESO,10,36,3.55485e-11
F17-SchafferF7,MC-ESO,10,37,3.55485e-11
F17-SchafferF7,MC-ESO,10,38,3.55485e-11
F17-SchafferF7,MC-ESO,10,39,3.55485e-11
F17-SchafferF7,MC-ESO,10,40,3.55485e-11
F17-SchafferF7,MC-ESO,10,41,3.55485e-11
F17-SchafferF7,MC-ESO,10,42,1374.71
F17-SchafferF7,MC-ESO,10,43,3.55485e-11
F17-SchafferF7,MC-ESO,10,44,3.55485e-11
F17-SchafferF7,NMMSO,10,15,1145.46
F17-SchafferF7,NMMSO,10,16,2.87777e-05
F17-SchafferF7,NMMSO,10,17,2.87777e-05
F17-SchafferF7,NMMSO,10,18,2.87777e-05
F17-SchafferF7,NMMSO,10,19,2.87777e-05
F17-SchafferF7,NMMSO,10,20,1187.54
F17-SchafferF7,NMMSO,10,21,1193.33
F17-SchafferF7,NMMSO,10,22,2.87777e-05
F17-SchafferF7,NMMSO,10,23,1143.26
F17-SchafferF7,NMMSO,10,24,2.87777e-05
F17-SchafferF7,NMMSO,10,25,1396.99
F17-SchafferF7,NMMSO,10,26,1109.11
F17-SchafferF7,NMMSO,10,27,2.87777e-05
F17-SchafferF7,NMMSO,10,28,2.87777e-05
F17-SchafferF7,NMMSO,10,29,2.87777e-05
F17-SchafferF7,NMMSO,10,30,1227.07
F17-SchafferF7,NMMSO,10,31,1394.41
F17-SchafferF7,NMMSO,10,32,2.87777e-05
F17-SchafferF7,NMMSO,10,33,1352.31
F17-SchafferF7,NMMSO,10,34,2.87777e-05
F17-SchafferF7,NMMSO,10,35,1060.21
F17-SchafferF7,NMMSO,10,36,2.87777e-05
F17-SchafferF7,NMMSO,10,37,2.87777e-05
F17-SchafferF7,NMMSO,10,38,2.87777e-05
F17-SchafferF7,NMMSO,10,39,2.87777e-05
F17-SchafferF7,NMMSO,10,40,2.87777e-05
F17-SchafferF7,NMMSO,10,41,2.87777e-05
F17-SchafferF7,NMMSO,10,42,1374.71
F17-SchafferF7,NMMSO,10,43,2.87777e-05
F17-SchafferF7,NMMSO,10,44,2.87777e-05
F17-SchafferF7,NCDE,10,15,0.000792726
F17-SchafferF7,NCDE,10,16,0.0167143
F17-SchafferF7,NCDE,10,17,0.0167143
F17-SchafferF7,NCDE,10,18,0.0167143
F17-SchafferF7,NCDE,10,19,0.0167143
F17-SchafferF7,NCDE,10,20,0
F17-SchafferF7,NCDE,10,21,1026.7
F17-SchafferF7,NCDE,10,22,0.0167143
F17-SchafferF7,NCDE,10,23,0.273904
F17-SchafferF7,NCDE,10,24,0.0167143
F17-SchafferF7,NCDE,10,25,1213.8
F17-SchafferF7,NCDE,10,26,0.473487
F17-SchafferF7,NCDE,10,27,0.0167143
F17-SchafferF7,NCDE,10,28,0.0167143
F17-SchafferF7,NCDE,10,29,0.0167143
F17-SchafferF7,NCDE,10,30,1143.53
F17-SchafferF7,NCDE,10,31,1302.39
F17-SchafferF7,NCDE,10,32,0.0167143
F17-SchafferF7,NCDE,10,33,1169.8
F17-SchafferF7,NCDE,10,34,0.0167143
F17-SchafferF7,NCDE,10,35,0
F17-SchafferF7,NCDE,10,36,0.0167143
F17-SchafferF7,NCDE,10,37,0.0167143
F17-SchafferF7,NCDE,10,38,0.0167143
F17-SchafferF7,NCDE,10,39,0.0167143
F17-SchafferF7,NCDE,10,40,0.0167143
F17-SchafferF7,NCDE,10,41,0.0167143
F17-SchafferF7,NCDE,10,42,1281.19
F17-SchafferF7,NCDE,10,43,0.0167143
F17-SchafferF7,NCDE,10,44,0.0167143
F17-SchafferF7,r3pso,10,15,1145.46
F17-SchafferF7,r3pso,10,16,1.32125e-07
F17-SchafferF7,r3pso,10,17,1.32125e-07
F17-SchafferF7,r3pso,10,18,1.32125e-07
F17-SchafferF7,r3pso,10,19,1.32125e-07
F17-SchafferF7,r3pso,10,20,1187.54
F17-SchafferF7,r3pso,10,21,1193.32
F17-SchafferF7,r3pso,10,22,1.32125e-07
F17-SchafferF7,r3pso,10,23,1143.26
F17-SchafferF7,r3pso,10,24,1.32125e-07
F17-SchafferF7,r3pso,10,25,1396.99
F17-SchafferF7,r3pso,10,26,1109.11
F17-SchafferF7,r3pso,10,27,1.32125e-07
F17-SchafferF7,r3pso,10,28,1.32125e-07
F17-SchafferF7,r3pso,10,29,1.32125e-07
F17-SchafferF7,r3pso,10,30,1227.07
F17-SchafferF7,r3pso,10,31,1394.42
F17-SchafferF7,r3pso,10,32,1.32125e-07
F17-SchafferF7,r3pso,10,33,1352.3
F17-SchafferF7,r3pso,10,34,1.32125e-07
F17-SchafferF7,r3pso,10,35,1060.21
F17-SchafferF7,r3pso,10,36,1.32125e-07
F17-SchafferF7,r3pso,10,37,1.32125e-07
F17-SchafferF7,r3pso,10,38,1.32125e-07
F17-SchafferF7,r3pso,10,39,1.32125e-07
F17-SchafferF7,r3pso,10,40,1.32125e-07
F17-SchafferF7,r3pso,10,41,1.32125e-07
F17-SchafferF7,r3pso,10,42,1374.71
F17-SchafferF7,r3pso,10,43,1.32125e-07
F17-SchafferF7,r3pso,10,44,1.32125e-07
F17-SchafferF7,NM-Restart,10,15,4.45052
F17-SchafferF7,NM-Restart,10,16,0.00754758
F17-SchafferF7,NM-Restart,10,17,0.00754758
F17-SchafferF7,NM-Restart,10,18,0.00754758
F17-SchafferF7,NM-Restart,10,19,0.00754758
F17-SchafferF7,NM-Restart,10,20,4.43541
F17-SchafferF7,NM-Restart,10,21,2.30256
F17-SchafferF7,NM-Restart,10,22,0.00754758
F17-SchafferF7,NM-Restart,10,23,4.72364
F17-SchafferF7,NM-Restart,10,24,0.00754758
F17-SchafferF7,NM-Restart,10,25,0
F17-SchafferF7,NM-Restart,10,26,4.9089
F17-SchafferF7,NM-Restart,10,27,0.00754758
F17-SchafferF7,NM-Restart,10,28,0.00754758
F17-SchafferF7,NM-Restart,10,29,0.00754758
F17-SchafferF7,NM-Restart,10,30,1052.92
F17-SchafferF7,NM-Restart,10,31,1216.5
F17-SchafferF7,NM-Restart,10,32,0.00754758
F17-SchafferF7,NM-Restart,10,33,2.30256
F17-SchafferF7,NM-Restart,10,34,0.00754758
F17-SchafferF7,NM-Restart,10,35,5.51543
F17-SchafferF7,NM-Restart,10,36,0.00754758
F17-SchafferF7,NM-Restart,10,37,0.00754758
F17-SchafferF7,NM-Restart,10,38,0.00754758
F17-SchafferF7,NM-Restart,10,39,0.00754758
F17-SchafferF7,NM-Restart,10,40,0.00754758
F17-SchafferF7,NM-Restart,10,41,0.00754758
F17-SchafferF7,NM-Restart,10,42,1196.16
F17-SchafferF7,NM-Restart,10,43,0.00754758
F17-SchafferF7,NM-Restart,10,44,0.00754758
F17-SchafferF7,IPOP-CMA-ES,10,15,1145.46
F17-SchafferF7,IPOP-CMA-ES,10,16,8.98837e-13
F17-SchafferF7,IPOP-CMA-ES,10,17,8.98837e-13
F17-SchafferF7,IPOP-CMA-ES,10,18,8.98837e-13
F17-SchafferF7,IPOP-CMA-ES,10,19,8.98837e-13
F17-SchafferF7,IPOP-CMA-ES,10,20,1187.54
F17-SchafferF7,IPOP-CMA-ES,10,21,1193.32
F17-SchafferF7,IPOP-CMA-ES,10,22,8.98837e-13
F17-SchafferF7,IPOP-CMA-ES,10,23,1143.26
F17-SchafferF7,IPOP-CMA-ES,10,24,8.98837e-13
F17-SchafferF7,IPOP-CMA-ES,10,25,1396.99
F17-SchafferF7,IPOP-CMA-ES,10,26,1109.11
F17-SchafferF7,IPOP-CMA-ES,10,27,8.98837e-13
F17-SchafferF7,IPOP-CMA-ES,10,28,8.98837e-13
F17-SchafferF7,IPOP-CMA-ES,10,29,8.98837e-13
F17-SchafferF7,IPOP-CMA-ES,10,30,1227.07
F17-SchafferF7,IPOP-CMA-ES,10,31,1394.42
F17-SchafferF7,IPOP-CMA-ES,10,32,8.98837e-13
F17-SchafferF7,IPOP-CMA-ES,10,33,1352.3
F17-SchafferF7,IPOP-CMA-ES,10,34,8.98837e-13
F17-SchafferF7,IPOP-CMA-ES,10,35,1060.21
F17-SchafferF7,IPOP-CMA-ES,10,36,8.98837e-13
F17-SchafferF7,IPOP-CMA-ES,10,37,8.98837e-13
F17-SchafferF7,IPOP-CMA-ES,10,38,8.98837e-13
F17-SchafferF7,IPOP-CMA-ES,10,39,8.98837e-13
F17-SchafferF7,IPOP-CMA-ES,10,40,8.98837e-13
F17-SchafferF7,IPOP-CMA-ES,10,41,8.98837e-13
F17-SchafferF7,IPOP-CMA-ES,10,42,1374.71
F17-SchafferF7,IPOP-CMA-ES,10,43,8.98837e-13
F17-SchafferF7,IPOP-CMA-ES,10,44,8.98837e-13
F17-SchafferF7,DE,10,15,1145.46
F17-SchafferF7,DE,10,16,0
F17-SchafferF7,DE,10,17,0
F17-SchafferF7,DE,10,18,0
F17-SchafferF7,DE,10,19,0
F17-SchafferF7,DE,10,20,1187.54
F17-SchafferF7,DE,10,21,1193.32
F17-SchafferF7,DE,10,22,0
F17-SchafferF7,DE,10,23,1143.26
F17-SchafferF7,DE,10,24,0
F17-SchafferF7,DE,10,25,1396.99
F17-SchafferF7,DE,10,26,1109.11
F17-SchafferF7,DE,10,27,0
F17-SchafferF7,DE,10,28,0
F17-SchafferF7,DE,10,29,0
F17-SchafferF7,DE,10,30,1227.07
F17-SchafferF7,DE,10,31,1394.42
F17-SchafferF7,DE,10,32,0
F17-SchafferF7,DE,10,33,1352.3
F17-SchafferF7,DE,10,34,0
F17-SchafferF7,DE,10,35,1060.21
F17-SchafferF7,DE,10,36,0
F17-SchafferF7,DE,10,37,0
F17-SchafferF7,DE,10,38,0
F17-SchafferF7,DE,10,39,0
F17-SchafferF7,DE,10,40,0
F17-SchafferF7,DE,10,41,0
F17-SchafferF7,DE,10,42,1374.71
F17-SchafferF7,DE,10,43,0
F17-SchafferF7,DE,10,44,0
F17-SchafferF7,PSO,10,15,1145.46
F17-SchafferF7,PSO,10,16,7.99624e-09
F17-SchafferF7,PSO,10,17,7.99624e-09
F17-SchafferF7,PSO,10,18,7.99624e-09
F17-SchafferF7,PSO,10,19,7.99624e-09
F17-SchafferF7,PSO,10,20,1187.54
F17-SchafferF7,PSO,10,21,1193.32
F17-SchafferF7,PSO,10,22,7.99624e-09
F17-SchafferF7,PSO,10,23,1143.26
F17-SchafferF7,PSO,10,24,7.99624e-09
F17-SchafferF7,PSO,10,25,1396.99
F17-SchafferF7,PSO,10,26,1109.11
F17-SchafferF7,PSO,10,27,7.99624e-09
F17-SchafferF7,PSO,10,28,7.99624e-09
F17-SchafferF7,PSO,10,29,7.99624e-09
F17-SchafferF7,PSO,10,30,1227.07
F17-SchafferF7,PSO,10,31,1394.42
F17-SchafferF7,PSO,10,32,7.99624e-09
F17-SchafferF7,PSO,10,33,1352.3
F17-SchafferF7,PSO,10,34,7.99624e-09
F17-SchafferF7,PSO,10,35,1060.21
F17-SchafferF7,PSO,10,36,7.99624e-09
F17-SchafferF7,PSO,10,37,7.99624e-09
F17-SchafferF7,PSO,10,38,7.99624e-09
F17-SchafferF7,PSO,10,39,7.99624e-09
F17-SchafferF7,PSO,10,40,7.99624e-09
F17-SchafferF7,PSO,10,41,7.99624e-09
F17-SchafferF7,PSO,10,42,1374.71
F17-SchafferF7,PSO,10,43,7.99624e-09
F17-SchafferF7,PSO,10,44,7.99624e-09
F17-SchafferF7,Crowding-DE,10,15,1022.15
F17-SchafferF7,Crowding-DE,10,16,0.0320694
F17-SchafferF7,Crowding-DE,10,17,0.0320694
F17-SchafferF7,Crowding-DE,10,18,0.0320694
F17-SchafferF7,Crowding-DE,10,19,0.0320694
F17-SchafferF7,Crowding-DE,10,20,1046.72
F17-SchafferF7,Crowding-DE,10,21,1064.42
F17-SchafferF7,Crowding-DE,10,22,0.0320694
F17-SchafferF7,Crowding-DE,10,23,0
F17-SchafferF7,Crowding-DE,10,24,0.0320694
F17-SchafferF7,Crowding-DE,10,25,1256.59
F17-SchafferF7,Crowding-DE,10,26,0.030554
F17-SchafferF7,Crowding-DE,10,27,0.0320694
F17-SchafferF7,Crowding-DE,10,28,0.0320694
F17-SchafferF7,Crowding-DE,10,29,0.0320694
F17-SchafferF7,Crowding-DE,10,30,1147.53
F17-SchafferF7,Crowding-DE,10,31,1309.13
F17-SchafferF7,Crowding-DE,10,32,0.0320694
F17-SchafferF7,Crowding-DE,10,33,1211.99
F17-SchafferF7,Crowding-DE,10,34,0.0320694
F17-SchafferF7,Crowding-DE,10,35,0.241909
F17-SchafferF7,Crowding-DE,10,36,0.0320694
F17-SchafferF7,Crowding-DE,10,37,0.0320694
F17-SchafferF7,Crowding-DE,10,38,0.0320694
F17-SchafferF7,Crowding-DE,10,39,0.0320694
F17-SchafferF7,Crowding-DE,10,40,0.0320694
F17-SchafferF7,Crowding-DE,10,41,0.0320694
F17-SchafferF7,Crowding-DE,10,42,1288.41
F17-SchafferF7,Crowding-DE,10,43,0.0320694
F17-SchafferF7,Crowding-DE,10,44,0.0320694
F17-SchafferF7,MAP-Elites,10,15,1095.64
F17-SchafferF7,MAP-Elites,10,16,0.193315
F17-SchafferF7,MAP-Elites,10,17,0.193315
F17-SchafferF7,MAP-Elites,10,18,0.193315
F17-SchafferF7,MAP-Elites,10,19,0.193315
F17-SchafferF7,MAP-Elites,10,20,1073.63
F17-SchafferF7,MAP-Elites,10,21,1078.3
F17-SchafferF7,MAP-Elites,10,22,0.193315
F17-SchafferF7,MAP-Elites,10,23,1080.13
F17-SchafferF7,MAP-Elites,10,24,0.193315
F17-SchafferF7,MAP-Elites,10,25,1286.64
F17-SchafferF7,MAP-Elites,10,26,0
F17-SchafferF7,MAP-Elites,10,27,0.193315
F17-SchafferF7,MAP-Elites,10,28,0.193315
F17-SchafferF7,MAP-Elites,10,29,0.193315
F17-SchafferF7,MAP-Elites,10,30,1199.39
F17-SchafferF7,MAP-Elites,10,31,1367.99
F17-SchafferF7,MAP-Elites,10,32,0.193315
F17-SchafferF7,MAP-Elites,10,33,1237.08
F17-SchafferF7,MAP-Elites,10,34,0.193315
F17-SchafferF7,MAP-Elites,10,35,0.149448
F17-SchafferF7,MAP-Elites,10,36,0.193315
F17-SchafferF7,MAP-Elites,10,37,0.193315
F17-SchafferF7,MAP-Elites,10,38,0.193315
F17-SchafferF7,MAP-Elites,10,39,0.193315
F17-SchafferF7,MAP-Elites,10,40,0.193315
F17-SchafferF7,MAP-Elites,10,41,0.193315
F17-SchafferF7,MAP-Elites,10,42,1347.71
F17-SchafferF7,MAP-Elites,10,43,0.193315
F17-SchafferF7,MAP-Elites,10,44,0.193315
F17-SchafferF7,MC-ESO-crowd,10,15,1058.8
F17-SchafferF7,MC-ESO-crowd,10,16,0.0321601
F17-SchafferF7,MC-ESO-crowd,10,17,0.0321601
F17-SchafferF7,MC-ESO-crowd,10,18,0.0321601
F17-SchafferF7,MC-ESO-crowd,10,19,0.0321601
F17-SchafferF7,MC-ESO-crowd,10,20,1053.54
F17-SchafferF7,MC-ESO-crowd,10,21,1074.3
F17-SchafferF7,MC-ESO-crowd,10,22,0.0321601
F17-SchafferF7,MC-ESO-crowd,10,23,1039.52
F17-SchafferF7,MC-ESO-crowd,10,24,0.0321601
F17-SchafferF7,MC-ESO-crowd,10,25,1262.31
F17-SchafferF7,MC-ESO-crowd,10,26,0.00220688
F17-SchafferF7,MC-ESO-crowd,10,27,0.0321601
F17-SchafferF7,MC-ESO-crowd,10,28,0.0321601
F17-SchafferF7,MC-ESO-crowd,10,29,0.0321601
F17-SchafferF7,MC-ESO-crowd,10,30,1178.91
F17-SchafferF7,MC-ESO-crowd,10,31,1341.43
F17-SchafferF7,MC-ESO-crowd,10,32,0.0321601
F17-SchafferF7,MC-ESO-crowd,10,33,1219.37
F17-SchafferF7,MC-ESO-crowd,10,34,0.0321601
F17-SchafferF7,MC-ESO-crowd,10,35,0.608741
F17-SchafferF7,MC-ESO-crowd,10,36,0.0321601
F17-SchafferF7,MC-ESO-crowd,10,37,0.0321601
F17-SchafferF7,MC-ESO-crowd,10,38,0.0321601
F17-SchafferF7,MC-ESO-crowd,10,39,0.0321601
F17-SchafferF7,MC-ESO-crowd,10,40,0.0321601
F17-SchafferF7,MC-ESO-crowd,10,41,0.0321601
F17-SchafferF7,MC-ESO-crowd,10,42,1320.88
F17-SchafferF7,MC-ESO-crowd,10,43,0.0321601
F17-SchafferF7,MC-ESO-crowd,10,44,0.0321601
F17-SchafferF7,quality,10,15,0
F17-SchafferF7,quality,10,16,0.362912
F17-SchafferF7,quality,10,17,0.362912
F17-SchafferF7,quality,10,18,0.362912
F17-SchafferF7,quality,10,19,0.362912
F17-SchafferF7,quality,10,20,1032.03
F17-SchafferF7,quality,10,21,1061.62
F17-SchafferF7,quality,10,22,0.362912
F17-SchafferF7,quality,10,23,0.273111
F17-SchafferF7,quality,10,24,0.362912
F17-SchafferF7,quality,10,25,1238.78
F17-SchafferF7,quality,10,26,0.458376
F17-SchafferF7,quality,10,27,0.362912
F17-SchafferF7,quality,10,28,0.362912
F17-SchafferF7,quality,10,29,0.362912
F17-SchafferF7,quality,10,30,1153.35
F17-SchafferF7,quality,10,31,1312.2
F17-SchafferF7,quality,10,32,0.362912
F17-SchafferF7,quality,10,33,1199.06
F17-SchafferF7,quality,10,34,0.362912
F17-SchafferF7,quality,10,35,1.06491
F17-SchafferF7,quality,10,36,0.362912
F17-SchafferF7,quality,10,37,0.362912
F17-SchafferF7,quality,10,38,0.362912
F17-SchafferF7,quality,10,39,0.362912
F17-SchafferF7,quality,10,40,0.362912
F17-SchafferF7,quality,10,41,0.362912
F17-SchafferF7,quality,10,42,1290.98
F17-SchafferF7,quality,10,43,0.362912
F17-SchafferF7,quality,10,44,0.362912
F17-SchafferF7,complement,10,15,0
F17-SchafferF7,complement,10,16,0.362912
F17-SchafferF7,complement,10,17,0.362912
F17-SchafferF7,complement,10,18,0.362912
F17-SchafferF7,complement,10,19,0.362912
F17-SchafferF7,complement,10,20,2.13285
F17-SchafferF7,complement,10,21,0
F17-SchafferF7,complement,10,22,0.362912
F17-SchafferF7,complement,10,23,0.273111
F17-SchafferF7,complement,10,24,0.362912
F17-SchafferF7,complement,10,25,7.74615
F17-SchafferF7,complement,10,26,2.60634
F17-SchafferF7,complement,10,27,0.362912
F17-SchafferF7,complement,10,28,0.362912
F17-SchafferF7,complement,10,29,0.362912
F17-SchafferF7,complement,10,30,23.3932
F17-SchafferF7,complement,10,31,1045.65
F17-SchafferF7,complement,10,32,0.362912
F17-SchafferF7,complement,10,33,0
F17-SchafferF7,complement,10,34,0.362912
F17-SchafferF7,complement,10,35,3.21287
F17-SchafferF7,complement,10,36,0.362912
F17-SchafferF7,complement,10,37,0.362912
F17-SchafferF7,complement,10,38,0.362912
F17-SchafferF7,complement,10,39,0.362912
F17-SchafferF7,complement,10,40,0.362912
F17-SchafferF7,complement,10,41,0.362912
F17-SchafferF7,complement,10,42,1027.15
F17-SchafferF7,complement,10,43,0.362912
F17-SchafferF7,complement,10,44,0.362912
F17-SchafferF7,MC-ESO,11,15,0
F17-SchafferF7,MC-ESO,11,16,0
F17-SchafferF7,MC-ESO,11,17,0
F17-SchafferF7,MC-ESO,11,18,1755.2
F17-SchafferF7,MC-ESO,11,19,1602.5
F17-SchafferF7,MC-ESO,11,20,0
F17-SchafferF7,MC-ESO,11,21,0
F17-SchafferF7,MC-ESO,11,22,0
F17-SchafferF7,MC-ESO,11,23,1500.59
F17-SchafferF7,MC-ESO,11,24,0
F17-SchafferF7,MC-ESO,11,25,0
F17-SchafferF7,MC-ESO,11,26,1822.86
F17-SchafferF7,MC-ESO,11,27,0
F17-SchafferF7,MC-ESO,11,28,1586.39
F17-SchafferF7,MC-ESO,11,29,1823.88
F17-SchafferF7,MC-ESO,11,30,0
F17-SchafferF7,MC-ESO,11,31,1773.4
F17-SchafferF7,MC-ESO,11,32,1489.7
F17-SchafferF7,MC-ESO,11,33,0
F17-SchafferF7,MC-ESO,11,34,0
F17-SchafferF7,MC-ESO,11,35,0
F17-SchafferF7,MC-ESO,11,36,1399.88
F17-SchafferF7,MC-ESO,11,37,1470.5
F17-SchafferF7,MC-ESO,11,38,0
F17-SchafferF7,MC-ESO,11,39,0
F17-SchafferF7,MC-ESO,11,40,1407.49
F17-SchafferF7,MC-ESO,11,41,0
F17-SchafferF7,MC-ESO,11,42,1451.17
F17-SchafferF7,MC-ESO,11,43,0
F17-SchafferF7,MC-ESO,11,44,0
F17-SchafferF7,NMMSO,11,15,0.000982796
F17-SchafferF7,NMMSO,11,16,0.000982796
F17-SchafferF7,NMMSO,11,17,0.000982796
F17-SchafferF7,NMMSO,11,18,1657.51
F17-SchafferF7,NMMSO,11,19,1527.85
F17-SchafferF7,NMMSO,11,20,0.000982796
F17-SchafferF7,NMMSO,11,21,0.000982796
F17-SchafferF7,NMMSO,11,22,0.000982796
F17-SchafferF7,NMMSO,11,23,1383.03
F17-SchafferF7,NMMSO,11,24,0.000982796
F17-SchafferF7,NMMSO,11,25,0.000982796
F17-SchafferF7,NMMSO,11,26,1791.27
F17-SchafferF7,NMMSO,11,27,0.000982796
F17-SchafferF7,NMMSO,11,28,1570
F17-SchafferF7,NMMSO,11,29,1752.68
F17-SchafferF7,NMMSO,11,30,0.000982796
F17-SchafferF7,NMMSO,11,31,1699.9
F17-SchafferF7,NMMSO,11,32,1473.68
F17-SchafferF7,NMMSO,11,33,0.000982796
F17-SchafferF7,NMMSO,11,34,0.000982796
F17-SchafferF7,NMMSO,11,35,0.000982796
F17-SchafferF7,NMMSO,11,36,1322.76
F17-SchafferF7,NMMSO,11,37,1405.48
F17-SchafferF7,NMMSO,11,38,0.000982796
F17-SchafferF7,NMMSO,11,39,0.000982796
F17-SchafferF7,NMMSO,11,40,1379.91
F17-SchafferF7,NMMSO,11,41,0.000982796
F17-SchafferF7,NMMSO,11,42,1251.53
F17-SchafferF7,NMMSO,11,43,0.000982796
F17-SchafferF7,NMMSO,11,44,0.000982796
F17-SchafferF7,NCDE,11,15,0.0324085
F17-SchafferF7,NCDE,11,16,0.0324085
F17-SchafferF7,NCDE,11,17,0.0324085
F17-SchafferF7,NCDE,11,18,1624.47
F17-SchafferF7,NCDE,11,19,1499.97
F17-SchafferF7,NCDE,11,20,0.0324085
F17-SchafferF7,NCDE,11,21,0.0324085
F17-SchafferF7,NCDE,11,22,0.0324085
F17-SchafferF7,NCDE,11,23,1349.47
F17-SchafferF7,NCDE,11,24,0.0324085
F17-SchafferF7,NCDE,11,25,0.0324085
F17-SchafferF7,NCDE,11,26,1774.56
F17-SchafferF7,NCDE,11,27,0.0324085
F17-SchafferF7,NCDE,11,28,1557.52
F17-SchafferF7,NCDE,11,29,1725.63
F17-SchafferF7,NCDE,11,30,0.0324085
F17-SchafferF7,NCDE,11,31,1672.3
F17-SchafferF7,NCDE,11,32,1461.3
F17-SchafferF7,NCDE,11,33,0.0324085
F17-SchafferF7,NCDE,11,34,0.0324085
F17-SchafferF7,NCDE,11,35,0.0324085
F17-SchafferF7,NCDE,11,36,1294.28
F17-SchafferF7,NCDE,11,37,1379.97
F17-SchafferF7,NCDE,11,38,0.0324085
F17-SchafferF7,NCDE,11,39,0.0324085
F17-SchafferF7,NCDE,11,40,1360.12
F17-SchafferF7,NCDE,11,41,0.0324085
F17-SchafferF7,NCDE,11,42,1278.11
F17-SchafferF7,NCDE,11,43,0.0324085
F17-SchafferF7,NCDE,11,44,0.0324085
F17-SchafferF7,r3pso,11,15,9.64054e-07
F17-SchafferF7,r3pso,11,16,9.64054e-07
F17-SchafferF7,r3pso,11,17,9.64054e-07
F17-SchafferF7,r3pso,11,18,1755.2
F17-SchafferF7,r3pso,11,19,1602.5
F17-SchafferF7,r3pso,11,20,9.64054e-07
F17-SchafferF7,r3pso,11,21,9.64054e-07
F17-SchafferF7,r3pso,11,22,9.64054e-07
F17-SchafferF7,r3pso,11,23,1500.59
F17-SchafferF7,r3pso,11,24,9.64054e-07
F17-SchafferF7,r3pso,11,25,9.64054e-07
F17-SchafferF7,r3pso,11,26,1822.86
F17-SchafferF7,r3pso,11,27,9.64054e-07
F17-SchafferF7,r3pso,11,28,1586.39
F17-SchafferF7,r3pso,11,29,1823.88
F17-SchafferF7,r3pso,11,30,9.64054e-07
F17-SchafferF7,r3pso,11,31,1773.4
F17-SchafferF7,r3pso,11,32,1489.7
F17-SchafferF7,r3pso,11,33,9.64054e-07
F17-SchafferF7,r3pso,11,34,9.64054e-07
F17-SchafferF7,r3pso,11,35,9.64054e-07
F17-SchafferF7,r3pso,11,36,1399.88
F17-SchafferF7,r3pso,11,37,1470.5
F17-SchafferF7,r3pso,11,38,9.64054e-07
F17-SchafferF7,r3pso,11,39,9.64054e-07
F17-SchafferF7,r3pso,11,40,1407.49
F17-SchafferF7,r3pso,11,41,9.64054e-07
F17-SchafferF7,r3pso,11,42,1451.17
F17-SchafferF7,r3pso,11,43,9.64054e-07
F17-SchafferF7,r3pso,11,44,9.64054e-07
F17-SchafferF7,NM-Restart,11,15,20.0782
F17-SchafferF7,NM-Restart,11,16,3.99654
F17-SchafferF7,NM-Restart,11,17,3.99654
F17-SchafferF7,NM-Restart,11,18,0
F17-SchafferF7,NM-Restart,11,19,1.49412
F17-SchafferF7,NM-Restart,11,20,3.99654
F17-SchafferF7,NM-Restart,11,21,3.99654
F17-SchafferF7,NM-Restart,11,22,3.99654
F17-SchafferF7,NM-Restart,11,23,0
F17-SchafferF7,NM-Restart,11,24,20.0782
F17-SchafferF7,NM-Restart,11,25,3.99654
F17-SchafferF7,NM-Restart,11,26,1232.57
F17-SchafferF7,NM-Restart,11,27,3.99654
F17-SchafferF7,NM-Restart,11,28,0
F17-SchafferF7,NM-Restart,11,29,0
F17-SchafferF7,NM-Restart,11,30,3.99654
F17-SchafferF7,NM-Restart,11,31,2.07127
F17-SchafferF7,NM-Restart,11,32,2.07127
F17-SchafferF7,NM-Restart,11,33,20.0782
F17-SchafferF7,NM-Restart,11,34,20.0782
F17-SchafferF7,NM-Restart,11,35,20.0782
F17-SchafferF7,NM-Restart,11,36,0
F17-SchafferF7,NM-Restart,11,37,1.49412
F17-SchafferF7,NM-Restart,11,38,20.0782
F17-SchafferF7,NM-Restart,11,39,20.0782
F17-SchafferF7,NM-Restart,11,40,0
F17-SchafferF7,NM-Restart,11,41,20.0782
F17-SchafferF7,NM-Restart,11,42,1162.98
F17-SchafferF7,NM-Restart,11,43,3.99654
F17-SchafferF7,NM-Restart,11,44,3.99654
F17-SchafferF7,IPOP-CMA-ES,11,15,2.23466e-12
F17-SchafferF7,IPOP-CMA-ES,11,16,2.23466e-12
F17-SchafferF7,IPOP-CMA-ES,11,17,2.23466e-12
F17-SchafferF7,IPOP-CMA-ES,11,18,1755.2
F17-SchafferF7,IPOP-CMA-ES,11,19,1602.5
F17-SchafferF7,IPOP-CMA-ES,11,20,2.23466e-12
F17-SchafferF7,IPOP-CMA-ES,11,21,2.23466e-12
F17-SchafferF7,IPOP-CMA-ES,11,22,2.23466e-12
F17-SchafferF7,IPOP-CMA-ES,11,23,1500.59
F17-SchafferF7,IPOP-CMA-ES,11,24,2.23466e-12
F17-SchafferF7,IPOP-CMA-ES,11,25,2.23466e-12
F17-SchafferF7,IPOP-CMA-ES,11,26,1822.86
F17-SchafferF7,IPOP-CMA-ES,11,27,2.23466e-12
F17-SchafferF7,IPOP-CMA-ES,11,28,1586.39
F17-SchafferF7,IPOP-CMA-ES,11,29,1823.88
F17-SchafferF7,IPOP-CMA-ES,11,30,2.23466e-12
F17-SchafferF7,IPOP-CMA-ES,11,31,1773.4
F17-SchafferF7,IPOP-CMA-ES,11,32,1489.7
F17-SchafferF7,IPOP-CMA-ES,11,33,2.23466e-12
F17-SchafferF7,IPOP-CMA-ES,11,34,2.23466e-12
F17-SchafferF7,IPOP-CMA-ES,11,35,2.23466e-12
F17-SchafferF7,IPOP-CMA-ES,11,36,1399.88
F17-SchafferF7,IPOP-CMA-ES,11,37,1470.5
F17-SchafferF7,IPOP-CMA-ES,11,38,2.23466e-12
F17-SchafferF7,IPOP-CMA-ES,11,39,2.23466e-12
F17-SchafferF7,IPOP-CMA-ES,11,40,1407.49
F17-SchafferF7,IPOP-CMA-ES,11,41,2.23466e-12
F17-SchafferF7,IPOP-CMA-ES,11,42,1451.17
F17-SchafferF7,IPOP-CMA-ES,11,43,2.23466e-12
F17-SchafferF7,IPOP-CMA-ES,11,44,2.23466e-12
F17-SchafferF7,DE,11,15,1.77636e-14
F17-SchafferF7,DE,11,16,1.77636e-14
F17-SchafferF7,DE,11,17,1.77636e-14
F17-SchafferF7,DE,11,18,1755.2
F17-SchafferF7,DE,11,19,1602.5
F17-SchafferF7,DE,11,20,1.77636e-14
F17-SchafferF7,DE,11,21,1.77636e-14
F17-SchafferF7,DE,11,22,1.77636e-14
F17-SchafferF7,DE,11,23,1500.59
F17-SchafferF7,DE,11,24,1.77636e-14
F17-SchafferF7,DE,11,25,1.77636e-14
F17-SchafferF7,DE,11,26,1822.86
F17-SchafferF7,DE,11,27,1.77636e-14
F17-SchafferF7,DE,11,28,1586.39
F17-SchafferF7,DE,11,29,1823.88
F17-SchafferF7,DE,11,30,1.77636e-14
F17-SchafferF7,DE,11,31,1773.4
F17-SchafferF7,DE,11,32,1489.7
F17-SchafferF7,DE,11,33,1.77636e-14
F17-SchafferF7,DE,11,34,1.77636e-14
F17-SchafferF7,DE,11,35,1.77636e-14
F17-SchafferF7,DE,11,36,1399.88
F17-SchafferF7,DE,11,37,1470.5
F17-SchafferF7,DE,11,38,1.77636e-14
F17-SchafferF7,DE,11,39,1.77636e-14
F17-SchafferF7,DE,11,40,1407.49
F17-SchafferF7,DE,11,41,1.77636e-14
F17-SchafferF7,DE,11,42,1451.17
F17-SchafferF7,DE,11,43,1.77636e-14
F17-SchafferF7,DE,11,44,1.77636e-14
F17-SchafferF7,PSO,11,15,5.57606e-09
F17-SchafferF7,PSO,11,16,5.57606e-09
F17-SchafferF7,PSO,11,17,5.57606e-09
F17-SchafferF7,PSO,11,18,1755.2
F17-SchafferF7,PSO,11,19,1602.5
F17-SchafferF7,PSO,11,20,5.57606e-09
F17-SchafferF7,PSO,11,21,5.57606e-09
F17-SchafferF7,PSO,11,22,5.57606e-09
F17-SchafferF7,PSO,11,23,1500.59
F17-SchafferF7,PSO,11,24,5.57606e-09
F17-SchafferF7,PSO,11,25,5.57606e-09
F17-SchafferF7,PSO,11,26,1822.86
F17-SchafferF7,PSO,11,27,5.57606e-09
F17-SchafferF7,PSO,11,28,1586.39
F17-SchafferF7,PSO,11,29,1823.88
F17-SchafferF7,PSO,11,30,5.57606e-09
F17-SchafferF7,PSO,11,31,1773.4
F17-SchafferF7,PSO,11,32,1489.7
F17-SchafferF7,PSO,11,33,5.57606e-09
F17-SchafferF7,PSO,11,34,5.57606e-09
F17-SchafferF7,PSO,11,35,5.57606e-09
F17-SchafferF7,PSO,11,36,1399.88
F17-SchafferF7,PSO,11,37,1470.5
F17-SchafferF7,PSO,11,38,5.57606e-09
F17-SchafferF7,PSO,11,39,5.57606e-09
F17-SchafferF7,PSO,11,40,1407.49
F17-SchafferF7,PSO,11,41,5.57606e-09
F17-SchafferF7,PSO,11,42,1451.17
F17-SchafferF7,PSO,11,43,5.57606e-09
F17-SchafferF7,PSO,11,44,5.57606e-09
F17-SchafferF7,Crowding-DE,11,15,0.0661138
F17-SchafferF7,Crowding-DE,11,16,0.0661138
F17-SchafferF7,Crowding-DE,11,17,0.0661138
F17-SchafferF7,Crowding-DE,11,18,1688.73
F17-SchafferF7,Crowding-DE,11,19,1546.36
F17-SchafferF7,Crowding-DE,11,20,0.0661138
F17-SchafferF7,Crowding-DE,11,21,0.0661138
F17-SchafferF7,Crowding-DE,11,22,0.0661138
F17-SchafferF7,Crowding-DE,11,23,1433.43
F17-SchafferF7,Crowding-DE,11,24,0.0661138
F17-SchafferF7,Crowding-DE,11,25,0.0661138
F17-SchafferF7,Crowding-DE,11,26,1786.3
F17-SchafferF7,Crowding-DE,11,27,0.0661138
F17-SchafferF7,Crowding-DE,11,28,1544.98
F17-SchafferF7,Crowding-DE,11,29,1769.42
F17-SchafferF7,Crowding-DE,11,30,0.0661138
F17-SchafferF7,Crowding-DE,11,31,1717.81
F17-SchafferF7,Crowding-DE,11,32,1448.19
F17-SchafferF7,Crowding-DE,11,33,0.0661138
F17-SchafferF7,Crowding-DE,11,34,0.0661138
F17-SchafferF7,Crowding-DE,11,35,0.0661138
F17-SchafferF7,Crowding-DE,11,36,1342.55
F17-SchafferF7,Crowding-DE,11,37,1419.11
F17-SchafferF7,Crowding-DE,11,38,0.0661138
F17-SchafferF7,Crowding-DE,11,39,0.0661138
F17-SchafferF7,Crowding-DE,11,40,1357.23
F17-SchafferF7,Crowding-DE,11,41,0.0661138
F17-SchafferF7,Crowding-DE,11,42,1331.97
F17-SchafferF7,Crowding-DE,11,43,0.0661138
F17-SchafferF7,Crowding-DE,11,44,0.0661138
F17-SchafferF7,MAP-Elites,11,15,0.243165
F17-SchafferF7,MAP-Elites,11,16,0.243165
F17-SchafferF7,MAP-Elites,11,17,0.243165
F17-SchafferF7,MAP-Elites,11,18,1623.47
F17-SchafferF7,MAP-Elites,11,19,1496.38
F17-SchafferF7,MAP-Elites,11,20,0.243165
F17-SchafferF7,MAP-Elites,11,21,0.243165
F17-SchafferF7,MAP-Elites,11,22,0.243165
F17-SchafferF7,MAP-Elites,11,23,1355.09
F17-SchafferF7,MAP-Elites,11,24,0.243165
F17-SchafferF7,MAP-Elites,11,25,0.243165
F17-SchafferF7,MAP-Elites,11,26,1767.79
F17-SchafferF7,MAP-Elites,11,27,0.243165
F17-SchafferF7,MAP-Elites,11,28,1549.96
F17-SchafferF7,MAP-Elites,11,29,1721.72
F17-SchafferF7,MAP-Elites,11,30,0.243165
F17-SchafferF7,MAP-Elites,11,31,1668.6
F17-SchafferF7,MAP-Elites,11,32,1453.72
F17-SchafferF7,MAP-Elites,11,33,0.243165
F17-SchafferF7,MAP-Elites,11,34,0.243165
F17-SchafferF7,MAP-Elites,11,35,0.243165
F17-SchafferF7,MAP-Elites,11,36,1290.93
F17-SchafferF7,MAP-Elites,11,37,1375.52
F17-SchafferF7,MAP-Elites,11,38,0.243165
F17-SchafferF7,MAP-Elites,11,39,0.243165
F17-SchafferF7,MAP-Elites,11,40,1380.16
F17-SchafferF7,MAP-Elites,11,41,0.243165
F17-SchafferF7,MAP-Elites,11,42,1374.06
F17-SchafferF7,MAP-Elites,11,43,0.243165
F17-SchafferF7,MAP-Elites,11,44,0.243165
F17-SchafferF7,MC-ESO-crowd,11,15,0.0181736
F17-SchafferF7,MC-ESO-crowd,11,16,0.0181736
F17-SchafferF7,MC-ESO-crowd,11,17,0.0181736
F17-SchafferF7,MC-ESO-crowd,11,18,1557.28
F17-SchafferF7,MC-ESO-crowd,11,19,1459.55
F17-SchafferF7,MC-ESO-crowd,11,20,0.0181736
F17-SchafferF7,MC-ESO-crowd,11,21,0.0181736
F17-SchafferF7,MC-ESO-crowd,11,22,0.0181736
F17-SchafferF7,MC-ESO-crowd,11,23,1242.38
F17-SchafferF7,MC-ESO-crowd,11,24,0.0181736
F17-SchafferF7,MC-ESO-crowd,11,25,0.0181736
F17-SchafferF7,MC-ESO-crowd,11,26,1777.67
F17-SchafferF7,MC-ESO-crowd,11,27,0.0181736
F17-SchafferF7,MC-ESO-crowd,11,28,1574.77
F17-SchafferF7,MC-ESO-crowd,11,29,1688.95
F17-SchafferF7,MC-ESO-crowd,11,30,0.0181736
F17-SchafferF7,MC-ESO-crowd,11,31,1633.13
F17-SchafferF7,MC-ESO-crowd,11,32,1478.87
F17-SchafferF7,MC-ESO-crowd,11,33,0.0181736
F17-SchafferF7,MC-ESO-crowd,11,34,0.0181736
F17-SchafferF7,MC-ESO-crowd,11,35,0.0181736
F17-SchafferF7,MC-ESO-crowd,11,36,1251.15
F17-SchafferF7,MC-ESO-crowd,11,37,1349.84
F17-SchafferF7,MC-ESO-crowd,11,38,0.0181736
F17-SchafferF7,MC-ESO-crowd,11,39,0.0181736
F17-SchafferF7,MC-ESO-crowd,11,40,1353.1
F17-SchafferF7,MC-ESO-crowd,11,41,0.0181736
F17-SchafferF7,MC-ESO-crowd,11,42,1274.2
F17-SchafferF7,MC-ESO-crowd,11,43,0.0181736
F17-SchafferF7,MC-ESO-crowd,11,44,0.0181736
F17-SchafferF7,quality,11,15,0.243136
F17-SchafferF7,quality,11,16,0.243136
F17-SchafferF7,quality,11,17,0.243136
F17-SchafferF7,quality,11,18,1569.29
F17-SchafferF7,quality,11,19,1437.45
F17-SchafferF7,quality,11,20,0.243136
F17-SchafferF7,quality,11,21,0.243136
F17-SchafferF7,quality,11,22,0.243136
F17-SchafferF7,quality,11,23,1332.19
F17-SchafferF7,quality,11,24,0.243136
F17-SchafferF7,quality,11,25,0.243136
F17-SchafferF7,quality,11,26,1708.49
F17-SchafferF7,quality,11,27,0.243136
F17-SchafferF7,quality,11,28,1491.69
F17-SchafferF7,quality,11,29,1662.53
F17-SchafferF7,quality,11,30,0.243136
F17-SchafferF7,quality,11,31,1609.57
F17-SchafferF7,quality,11,32,1395.49
F17-SchafferF7,quality,11,33,0.243136
F17-SchafferF7,quality,11,34,0.243136
F17-SchafferF7,quality,11,35,0.243136
F17-SchafferF7,quality,11,36,1232.24
F17-SchafferF7,quality,11,37,1316.06
F17-SchafferF7,quality,11,38,0.243136
F17-SchafferF7,quality,11,39,0.243136
F17-SchafferF7,quality,11,40,1355.76
F17-SchafferF7,quality,11,41,0.243136
F17-SchafferF7,quality,11,42,1372.74
F17-SchafferF7,quality,11,43,0.243136
F17-SchafferF7,quality,11,44,0.243136
F17-SchafferF7,complement,11,15,0.243136
F17-SchafferF7,complement,11,16,0.243136
F17-SchafferF7,complement,11,17,0.243136
F17-SchafferF7,complement,11,18,1168.95
F17-SchafferF7,complement,11,19,5.33044
F17-SchafferF7,complement,11,20,0.243136
F17-SchafferF7,complement,11,21,0.243136
F17-SchafferF7,complement,11,22,0.243136
F17-SchafferF7,complement,11,23,7.633
F17-SchafferF7,complement,11,24,0.243136
F17-SchafferF7,complement,11,25,0.243136
F17-SchafferF7,complement,11,26,1321.67
F17-SchafferF7,complement,11,27,0.243136
F17-SchafferF7,complement,11,28,99.3871
F17-SchafferF7,complement,11,29,1263.49
F17-SchafferF7,complement,11,30,0.243136
F17-SchafferF7,complement,11,31,1208.95
F17-SchafferF7,complement,11,32,2.07127
F17-SchafferF7,complement,11,33,0.243136
F17-SchafferF7,complement,11,34,0.243136
F17-SchafferF7,complement,11,35,0.243136
F17-SchafferF7,complement,11,36,7.633
F17-SchafferF7,complement,11,37,5.33044
F17-SchafferF7,complement,11,38,0.243136
F17-SchafferF7,complement,11,39,0.243136
F17-SchafferF7,complement,11,40,9.74247
F17-SchafferF7,complement,11,41,0.243136
F17-SchafferF7,complement,11,42,68.9513
F17-SchafferF7,complement,11,43,0.243136
F17-SchafferF7,complement,11,44,0.243136
F17-SchafferF7,MC-ESO,12,15,0
F17-SchafferF7,MC-ESO,12,16,579.523
F17-SchafferF7,MC-ESO,12,17,0
F17-SchafferF7,MC-ESO,12,18,791.045
F17-SchafferF7,MC-ESO,12,19,0
F17-SchafferF7,MC-ESO,12,20,667.403
F17-SchafferF7,MC-ESO,12,21,0
F17-SchafferF7,MC-ESO,12,22,0
F17-SchafferF7,MC-ESO,12,23,0
F17-SchafferF7,MC-ESO,12,24,0
F17-SchafferF7,MC-ESO,12,25,675.14
F17-SchafferF7,MC-ESO,12,26,762.261
F17-SchafferF7,MC-ESO,12,27,0
F17-SchafferF7,MC-ESO,12,28,714.251
F17-SchafferF7,MC-ESO,12,29,0
F17-SchafferF7,MC-ESO,12,30,0
F17-SchafferF7,MC-ESO,12,31,0
F17-SchafferF7,MC-ESO,12,32,643.291
F17-SchafferF7,MC-ESO,12,33,0
F17-SchafferF7,MC-ESO,12,34,584.337
F17-SchafferF7,MC-ESO,12,35,681.763
F17-SchafferF7,MC-ESO,12,36,652.067
F17-SchafferF7,MC-ESO,12,37,0
F17-SchafferF7,MC-ESO,12,38,0
F17-SchafferF7,MC-ESO,12,39,0
F17-SchafferF7,MC-ESO,12,40,0
F17-SchafferF7,MC-ESO,12,41,557.711
F17-SchafferF7,MC-ESO,12,42,538.943
F17-SchafferF7,MC-ESO,12,43,0
F17-SchafferF7,MC-ESO,12,44,628.204
F17-SchafferF7,NMMSO,12,15,0.000982814
F17-SchafferF7,NMMSO,12,16,579.544
F17-SchafferF7,NMMSO,12,17,0.000982814
F17-SchafferF7,NMMSO,12,18,691.209
F17-SchafferF7,NMMSO,12,19,0.000982814
F17-SchafferF7,NMMSO,12,20,563.02
F17-SchafferF7,NMMSO,12,21,0.000982814
F17-SchafferF7,NMMSO,12,22,0.000982814
F17-SchafferF7,NMMSO,12,23,0.000982814
F17-SchafferF7,NMMSO,12,24,0.000982814
F17-SchafferF7,NMMSO,12,25,627.521
F17-SchafferF7,NMMSO,12,26,604.694
F17-SchafferF7,NMMSO,12,27,0.000982814
F17-SchafferF7,NMMSO,12,28,528.532
F17-SchafferF7,NMMSO,12,29,0.000982814
F17-SchafferF7,NMMSO,12,30,0.000982814
F17-SchafferF7,NMMSO,12,31,0.000982814
F17-SchafferF7,NMMSO,12,32,550.88
F17-SchafferF7,NMMSO,12,33,0.000982814
F17-SchafferF7,NMMSO,12,34,0.0028823
F17-SchafferF7,NMMSO,12,35,577.833
F17-SchafferF7,NMMSO,12,36,574.265
F17-SchafferF7,NMMSO,12,37,0.000982814
F17-SchafferF7,NMMSO,12,38,0.000982814
F17-SchafferF7,NMMSO,12,39,0.000982814
F17-SchafferF7,NMMSO,12,40,0.000982814
F17-SchafferF7,NMMSO,12,41,1.03661
F17-SchafferF7,NMMSO,12,42,1.68037
F17-SchafferF7,NMMSO,12,43,0.000982814
F17-SchafferF7,NMMSO,12,44,560.392
F17-SchafferF7,NCDE,12,15,0.0196179
F17-SchafferF7,NCDE,12,16,570.216
F17-SchafferF7,NCDE,12,17,0.0196179
F17-SchafferF7,NCDE,12,18,754.674
F17-SchafferF7,NCDE,12,19,0.0196179
F17-SchafferF7,NCDE,12,20,628.471
F17-SchafferF7,NCDE,12,21,0.0196179
F17-SchafferF7,NCDE,12,22,0.0196179
F17-SchafferF7,NCDE,12,23,0.0196179
F17-SchafferF7,NCDE,12,24,0.0196179
F17-SchafferF7,NCDE,12,25,666.05
F17-SchafferF7,NCDE,12,26,705.582
F17-SchafferF7,NCDE,12,27,0.0196179
F17-SchafferF7,NCDE,12,28,649.484
F17-SchafferF7,NCDE,12,29,0.0196179
F17-SchafferF7,NCDE,12,30,0.0196179
F17-SchafferF7,NCDE,12,31,0.0196179
F17-SchafferF7,NCDE,12,32,611.015
F17-SchafferF7,NCDE,12,33,0.0196179
F17-SchafferF7,NCDE,12,34,530.625
F17-SchafferF7,NCDE,12,35,643.088
F17-SchafferF7,NCDE,12,36,627.598
F17-SchafferF7,NCDE,12,37,0.0196179
F17-SchafferF7,NCDE,12,38,0.0196179
F17-SchafferF7,NCDE,12,39,0.0196179
F17-SchafferF7,NCDE,12,40,0.0196179
F17-SchafferF7,NCDE,12,41,0.438753
F17-SchafferF7,NCDE,12,42,1.08252
F17-SchafferF7,NCDE,12,43,0.0196179
F17-SchafferF7,NCDE,12,44,608.923
F17-SchafferF7,r3pso,12,15,2.01032e-06
F17-SchafferF7,r3pso,12,16,579.523
F17-SchafferF7,r3pso,12,17,2.01032e-06
F17-SchafferF7,r3pso,12,18,791.045
F17-SchafferF7,r3pso,12,19,2.01032e-06
F17-SchafferF7,r3pso,12,20,667.403
F17-SchafferF7,r3pso,12,21,2.01032e-06
F17-SchafferF7,r3pso,12,22,2.01032e-06
F17-SchafferF7,r3pso,12,23,2.01032e-06
F17-SchafferF7,r3pso,12,24,2.01032e-06
F17-SchafferF7,r3pso,12,25,675.14
F17-SchafferF7,r3pso,12,26,762.261
F17-SchafferF7,r3pso,12,27,2.01032e-06
F17-SchafferF7,r3pso,12,28,714.251
F17-SchafferF7,r3pso,12,29,2.01032e-06
F17-SchafferF7,r3pso,12,30,2.01032e-06
F17-SchafferF7,r3pso,12,31,2.01032e-06
F17-SchafferF7,r3pso,12,32,643.291
F17-SchafferF7,r3pso,12,33,2.01032e-06
F17-SchafferF7,r3pso,12,34,584.337
F17-SchafferF7,r3pso,12,35,681.763
F17-SchafferF7,r3pso,12,36,652.067
F17-SchafferF7,r3pso,12,37,2.01032e-06
F17-SchafferF7,r3pso,12,38,2.01032e-06
F17-SchafferF7,r3pso,12,39,2.01032e-06
F17-SchafferF7,r3pso,12,40,2.01032e-06
F17-SchafferF7,r3pso,12,41,557.711
F17-SchafferF7,r3pso,12,42,538.943
F17-SchafferF7,r3pso,12,43,2.01032e-06
F17-SchafferF7,r3pso,12,44,628.204
F17-SchafferF7,NM-Restart,12,15,1.84858
F17-SchafferF7,NM-Restart,12,16,535.686
F17-SchafferF7,NM-Restart,12,17,1.84858
F17-SchafferF7,NM-Restart,12,18,744.385
F17-SchafferF7,NM-Restart,12,19,1.84858
F17-SchafferF7,NM-Restart,12,20,617.178
F17-SchafferF7,NM-Restart,12,21,1.84858
F17-SchafferF7,NM-Restart,12,22,1.84858
F17-SchafferF7,NM-Restart,12,23,1.84858
F17-SchafferF7,NM-Restart,12,24,1.84858
F17-SchafferF7,NM-Restart,12,25,665.955
F17-SchafferF7,NM-Restart,12,26,686.901
F17-SchafferF7,NM-Restart,12,27,1.84858
F17-SchafferF7,NM-Restart,12,28,626.463
F17-SchafferF7,NM-Restart,12,29,1.84858
F17-SchafferF7,NM-Restart,12,30,1.84858
F17-SchafferF7,NM-Restart,12,31,1.84858
F17-SchafferF7,NM-Restart,12,32,602.31
F17-SchafferF7,NM-Restart,12,33,1.84858
F17-SchafferF7,NM-Restart,12,34,513.259
F17-SchafferF7,NM-Restart,12,35,631.897
F17-SchafferF7,NM-Restart,12,36,621.855
F17-SchafferF7,NM-Restart,12,37,1.84858
F17-SchafferF7,NM-Restart,12,38,1.84858
F17-SchafferF7,NM-Restart,12,39,1.84858
F17-SchafferF7,NM-Restart,12,40,1.84858
F17-SchafferF7,NM-Restart,12,41,0.459674
F17-SchafferF7,NM-Restart,12,42,1.10344
F17-SchafferF7,NM-Restart,12,43,1.84858
F17-SchafferF7,NM-Restart,12,44,605.112
F17-SchafferF7,IPOP-CMA-ES,12,15,4.69313e-12
F17-SchafferF7,IPOP-CMA-ES,12,16,579.523
F17-SchafferF7,IPOP-CMA-ES,12,17,4.69313e-12
F17-SchafferF7,IPOP-CMA-ES,12,18,727.253
F17-SchafferF7,IPOP-CMA-ES,12,19,4.69313e-12
F17-SchafferF7,IPOP-CMA-ES,12,20,598.945
F17-SchafferF7,IPOP-CMA-ES,12,21,4.69313e-12
F17-SchafferF7,IPOP-CMA-ES,12,22,4.69313e-12
F17-SchafferF7,IPOP-CMA-ES,12,23,4.69313e-12
F17-SchafferF7,IPOP-CMA-ES,12,24,4.69313e-12
F17-SchafferF7,IPOP-CMA-ES,12,25,660.701
F17-SchafferF7,IPOP-CMA-ES,12,26,661.145
F17-SchafferF7,IPOP-CMA-ES,12,27,4.69313e-12
F17-SchafferF7,IPOP-CMA-ES,12,28,597.544
F17-SchafferF7,IPOP-CMA-ES,12,29,4.69313e-12
F17-SchafferF7,IPOP-CMA-ES,12,30,4.69313e-12
F17-SchafferF7,IPOP-CMA-ES,12,31,4.69313e-12
F17-SchafferF7,IPOP-CMA-ES,12,32,586.946
F17-SchafferF7,IPOP-CMA-ES,12,33,4.69313e-12
F17-SchafferF7,IPOP-CMA-ES,12,34,0
F17-SchafferF7,IPOP-CMA-ES,12,35,613.773
F17-SchafferF7,IPOP-CMA-ES,12,36,609.879
F17-SchafferF7,IPOP-CMA-ES,12,37,4.69313e-12
F17-SchafferF7,IPOP-CMA-ES,12,38,4.69313e-12
F17-SchafferF7,IPOP-CMA-ES,12,39,4.69313e-12
F17-SchafferF7,IPOP-CMA-ES,12,40,4.69313e-12
F17-SchafferF7,IPOP-CMA-ES,12,41,1.03372
F17-SchafferF7,IPOP-CMA-ES,12,42,1.67749
F17-SchafferF7,IPOP-CMA-ES,12,43,4.69313e-12
F17-SchafferF7,IPOP-CMA-ES,12,44,595.396
F17-SchafferF7,DE,12,15,6.39488e-14
F17-SchafferF7,DE,12,16,579.523
F17-SchafferF7,DE,12,17,6.39488e-14
F17-SchafferF7,DE,12,18,791.045
F17-SchafferF7,DE,12,19,6.39488e-14
F17-SchafferF7,DE,12,20,667.403
F17-SchafferF7,DE,12,21,6.39488e-14
F17-SchafferF7,DE,12,22,6.39488e-14
F17-SchafferF7,DE,12,23,6.39488e-14
F17-SchafferF7,DE,12,24,6.39488e-14
F17-SchafferF7,DE,12,25,675.14
F17-SchafferF7,DE,12,26,762.261
F17-SchafferF7,DE,12,27,6.39488e-14
F17-SchafferF7,DE,12,28,714.251
F17-SchafferF7,DE,12,29,6.39488e-14
F17-SchafferF7,DE,12,30,6.39488e-14
F17-SchafferF7,DE,12,31,6.39488e-14
F17-SchafferF7,DE,12,32,643.291
F17-SchafferF7,DE,12,33,6.39488e-14
F17-SchafferF7,DE,12,34,584.337
F17-SchafferF7,DE,12,35,681.763
F17-SchafferF7,DE,12,36,652.067
F17-SchafferF7,DE,12,37,6.39488e-14
F17-SchafferF7,DE,12,38,6.39488e-14
F17-SchafferF7,DE,12,39,6.39488e-14
F17-SchafferF7,DE,12,40,6.39488e-14
F17-SchafferF7,DE,12,41,557.711
F17-SchafferF7,DE,12,42,538.943
F17-SchafferF7,DE,12,43,6.39488e-14
F17-SchafferF7,DE,12,44,628.204
F17-SchafferF7,PSO,12,15,6.19517e-07
F17-SchafferF7,PSO,12,16,579.523
F17-SchafferF7,PSO,12,17,6.19517e-07
F17-SchafferF7,PSO,12,18,791.045
F17-SchafferF7,PSO,12,19,6.19517e-07
F17-SchafferF7,PSO,12,20,667.403
F17-SchafferF7,PSO,12,21,6.19517e-07
F17-SchafferF7,PSO,12,22,6.19517e-07
F17-SchafferF7,PSO,12,23,6.19517e-07
F17-SchafferF7,PSO,12,24,6.19517e-07
F17-SchafferF7,PSO,12,25,675.14
F17-SchafferF7,PSO,12,26,762.261
F17-SchafferF7,PSO,12,27,6.19517e-07
F17-SchafferF7,PSO,12,28,714.25
F17-SchafferF7,PSO,12,29,6.19517e-07
F17-SchafferF7,PSO,12,30,6.19517e-07
F17-SchafferF7,PSO,12,31,6.19517e-07
F17-SchafferF7,PSO,12,32,643.291
F17-SchafferF7,PSO,12,33,6.19517e-07
F17-SchafferF7,PSO,12,34,584.337
F17-SchafferF7,PSO,12,35,681.763
F17-SchafferF7,PSO,12,36,652.067
F17-SchafferF7,PSO,12,37,6.19517e-07
F17-SchafferF7,PSO,12,38,6.19517e-07
F17-SchafferF7,PSO,12,39,6.19517e-07
F17-SchafferF7,PSO,12,40,6.19517e-07
F17-SchafferF7,PSO,12,41,557.711
F17-SchafferF7,PSO,12,42,538.943
F17-SchafferF7,PSO,12,43,6.19517e-07
F17-SchafferF7,PSO,12,44,628.204
F17-SchafferF7,Crowding-DE,12,15,0.0593704
F17-SchafferF7,Crowding-DE,12,16,558.305
F17-SchafferF7,Crowding-DE,12,17,0.0593704
F17-SchafferF7,Crowding-DE,12,18,750.167
F17-SchafferF7,Crowding-DE,12,19,0.0593704
F17-SchafferF7,Crowding-DE,12,20,623.93
F17-SchafferF7,Crowding-DE,12,21,0.0593704
F17-SchafferF7,Crowding-DE,12,22,0.0593704
F17-SchafferF7,Crowding-DE,12,23,0.0593704
F17-SchafferF7,Crowding-DE,12,24,0.0593704
F17-SchafferF7,Crowding-DE,12,25,662.294
F17-SchafferF7,Crowding-DE,12,26,701.13
F17-SchafferF7,Crowding-DE,12,27,0.0593704
F17-SchafferF7,Crowding-DE,12,28,645.813
F17-SchafferF7,Crowding-DE,12,29,0.0593704
F17-SchafferF7,Crowding-DE,12,30,0.0593704
F17-SchafferF7,Crowding-DE,12,31,0.0593704
F17-SchafferF7,Crowding-DE,12,32,606.579
F17-SchafferF7,Crowding-DE,12,33,0.0593704
F17-SchafferF7,Crowding-DE,12,34,526.098
F17-SchafferF7,Crowding-DE,12,35,638.551
F17-SchafferF7,Crowding-DE,12,36,623.343
F17-SchafferF7,Crowding-DE,12,37,0.0593704
F17-SchafferF7,Crowding-DE,12,38,0.0593704
F17-SchafferF7,Crowding-DE,12,39,0.0593704
F17-SchafferF7,Crowding-DE,12,40,0.0593704
F17-SchafferF7,Crowding-DE,12,41,2.38091e-05
F17-SchafferF7,Crowding-DE,12,42,0
F17-SchafferF7,Crowding-DE,12,43,0.0593704
F17-SchafferF7,Crowding-DE,12,44,604.817
F17-SchafferF7,MAP-Elites,12,15,0.0976224
F17-SchafferF7,MAP-Elites,12,16,563.66
F17-SchafferF7,MAP-Elites,12,17,0.0976224
F17-SchafferF7,MAP-Elites,12,18,762.422
F17-SchafferF7,MAP-Elites,12,19,0.0976224
F17-SchafferF7,MAP-Elites,12,20,637.996
F17-SchafferF7,MAP-Elites,12,21,0.0976224
F17-SchafferF7,MAP-Elites,12,22,0.0976224
F17-SchafferF7,MAP-Elites,12,23,0.0976224
F17-SchafferF7,MAP-Elites,12,24,0.0976224
F17-SchafferF7,MAP-Elites,12,25,656.803
F17-SchafferF7,MAP-Elites,12,26,729.081
F17-SchafferF7,MAP-Elites,12,27,0.0976224
F17-SchafferF7,MAP-Elites,12,28,683.1
F17-SchafferF7,MAP-Elites,12,29,0.0976224
F17-SchafferF7,MAP-Elites,12,30,0.0976224
F17-SchafferF7,MAP-Elites,12,31,0.0976224
F17-SchafferF7,MAP-Elites,12,32,616.001
F17-SchafferF7,MAP-Elites,12,33,0.0976224
F17-SchafferF7,MAP-Elites,12,34,551.481
F17-SchafferF7,MAP-Elites,12,35,652.433
F17-SchafferF7,MAP-Elites,12,36,627.549
F17-SchafferF7,MAP-Elites,12,37,0.0976224
F17-SchafferF7,MAP-Elites,12,38,0.0976224
F17-SchafferF7,MAP-Elites,12,39,0.0976224
F17-SchafferF7,MAP-Elites,12,40,0.0976224
F17-SchafferF7,MAP-Elites,12,41,524.472
F17-SchafferF7,MAP-Elites,12,42,507.284
F17-SchafferF7,MAP-Elites,12,43,0.0976224
F17-SchafferF7,MAP-Elites,12,44,605.673
F17-SchafferF7,MC-ESO-crowd,12,15,0.00119129
F17-SchafferF7,MC-ESO-crowd,12,16,549.314
F17-SchafferF7,MC-ESO-crowd,12,17,0.00119129
F17-SchafferF7,MC-ESO-crowd,12,18,750.23
F17-SchafferF7,MC-ESO-crowd,12,19,0.00119129
F17-SchafferF7,MC-ESO-crowd,12,20,623.99
F17-SchafferF7,MC-ESO-crowd,12,21,0.00119129
F17-SchafferF7,MC-ESO-crowd,12,22,0.00119129
F17-SchafferF7,MC-ESO-crowd,12,23,0.00119129
F17-SchafferF7,MC-ESO-crowd,12,24,0.00119129
F17-SchafferF7,MC-ESO-crowd,12,25,662.376
F17-SchafferF7,MC-ESO-crowd,12,26,701.16
F17-SchafferF7,MC-ESO-crowd,12,27,0.00119129
F17-SchafferF7,MC-ESO-crowd,12,28,645.807
F17-SchafferF7,MC-ESO-crowd,12,29,0.00119129
F17-SchafferF7,MC-ESO-crowd,12,30,0.00119129
F17-SchafferF7,MC-ESO-crowd,12,31,0.00119129
F17-SchafferF7,MC-ESO-crowd,12,32,606.646
F17-SchafferF7,MC-ESO-crowd,12,33,0.00119129
F17-SchafferF7,MC-ESO-crowd,12,34,526.134
F17-SchafferF7,MC-ESO-crowd,12,35,638.611
F17-SchafferF7,MC-ESO-crowd,12,36,623.417
F17-SchafferF7,MC-ESO-crowd,12,37,0.00119129
F17-SchafferF7,MC-ESO-crowd,12,38,0.00119129
F17-SchafferF7,MC-ESO-crowd,12,39,0.00119129
F17-SchafferF7,MC-ESO-crowd,12,40,0.00119129
F17-SchafferF7,MC-ESO-crowd,12,41,0
F17-SchafferF7,MC-ESO-crowd,12,42,0.643767
F17-SchafferF7,MC-ESO-crowd,12,43,0.00119129
F17-SchafferF7,MC-ESO-crowd,12,44,604.895
F17-SchafferF7,quality,12,15,1.02556
F17-SchafferF7,quality,12,16,548.327
F17-SchafferF7,quality,12,17,1.02556
F17-SchafferF7,quality,12,18,765.458
F17-SchafferF7,quality,12,19,1.02556
F17-SchafferF7,quality,12,20,642.832
F17-SchafferF7,quality,12,21,1.02556
F17-SchafferF7,quality,12,22,1.02556
F17-SchafferF7,quality,12,23,1.02556
F17-SchafferF7,quality,12,24,1.02556
F17-SchafferF7,quality,12,25,643.304
F17-SchafferF7,quality,12,26,748.669
F17-SchafferF7,quality,12,27,1.02556
F17-SchafferF7,quality,12,28,698.832
F17-SchafferF7,quality,12,29,1.02556
F17-SchafferF7,quality,12,30,1.02556
F17-SchafferF7,quality,12,31,1.02556
F17-SchafferF7,quality,12,32,616.268
F17-SchafferF7,quality,12,33,1.02556
F17-SchafferF7,quality,12,34,568.181
F17-SchafferF7,quality,12,35,657.086
F17-SchafferF7,quality,12,36,622.848
F17-SchafferF7,quality,12,37,1.02556
F17-SchafferF7,quality,12,38,1.02556
F17-SchafferF7,quality,12,39,1.02556
F17-SchafferF7,quality,12,40,1.02556
F17-SchafferF7,quality,12,41,538.018
F17-SchafferF7,quality,12,42,524.557
F17-SchafferF7,quality,12,43,1.02556
F17-SchafferF7,quality,12,44,597.869
F17-SchafferF7,complement,12,15,1.02556
F17-SchafferF7,complement,12,16,43.6262
F17-SchafferF7,complement,12,17,1.02556
F17-SchafferF7,complement,12,18,0
F17-SchafferF7,complement,12,19,1.02556
F17-SchafferF7,complement,12,20,0
F17-SchafferF7,complement,12,21,1.02556
F17-SchafferF7,complement,12,22,1.02556
F17-SchafferF7,complement,12,23,1.02556
F17-SchafferF7,complement,12,24,1.02556
F17-SchafferF7,complement,12,25,39.7899
F17-SchafferF7,complement,12,26,43.6262
F17-SchafferF7,complement,12,27,1.02556
F17-SchafferF7,complement,12,28,0
F17-SchafferF7,complement,12,29,1.02556
F17-SchafferF7,complement,12,30,1.02556
F17-SchafferF7,complement,12,31,1.02556
F17-SchafferF7,complement,12,32,0
F17-SchafferF7,complement,12,33,1.02556
F17-SchafferF7,complement,12,34,0.708536
F17-SchafferF7,complement,12,35,43.6262
F17-SchafferF7,complement,12,36,43.6262
F17-SchafferF7,complement,12,37,1.02556
F17-SchafferF7,complement,12,38,1.02556
F17-SchafferF7,complement,12,39,1.02556
F17-SchafferF7,complement,12,40,1.02556
F17-SchafferF7,complement,12,41,1.74226
F17-SchafferF7,complement,12,42,2.38603
F17-SchafferF7,complement,12,43,1.02556
F17-SchafferF7,complement,12,44,43.6262
F17-SchafferF7,MC-ESO,13,15,0
F17-SchafferF7,MC-ESO,13,16,1298.52
F17-SchafferF7,MC-ESO,13,17,1090.31
F17-SchafferF7,MC-ESO,13,18,0
F17-SchafferF7,MC-ESO,13,19,0
F17-SchafferF7,MC-ESO,13,20,1292.31
F17-SchafferF7,MC-ESO,13,21,1013.53
F17-SchafferF7,MC-ESO,13,22,1006.78
F17-SchafferF7,MC-ESO,13,23,1080.64
F17-SchafferF7,MC-ESO,13,24,0
F17-SchafferF7,MC-ESO,13,25,1307.38
F17-SchafferF7,MC-ESO,13,26,1273.25
F17-SchafferF7,MC-ESO,13,27,1511.33
F17-SchafferF7,MC-ESO,13,28,0
F17-SchafferF7,MC-ESO,13,29,1262.07
F17-SchafferF7,MC-ESO,13,30,0
F17-SchafferF7,MC-ESO,13,31,0
F17-SchafferF7,MC-ESO,13,32,1122.73
F17-SchafferF7,MC-ESO,13,33,1265.78
F17-SchafferF7,MC-ESO,13,34,1286.46
F17-SchafferF7,MC-ESO,13,35,0
F17-SchafferF7,MC-ESO,13,36,0
F17-SchafferF7,MC-ESO,13,37,0
F17-SchafferF7,MC-ESO,13,38,984.538
F17-SchafferF7,MC-ESO,13,39,1205.12
F17-SchafferF7,MC-ESO,13,40,1302.95
F17-SchafferF7,MC-ESO,13,41,0
F17-SchafferF7,MC-ESO,13,42,1278.69
F17-SchafferF7,MC-ESO,13,43,1403.22
F17-SchafferF7,MC-ESO,13,44,1455.41
F17-SchafferF7,NMMSO,13,15,0.000562564
F17-SchafferF7,NMMSO,13,16,958.857
F17-SchafferF7,NMMSO,13,17,1019.46
F17-SchafferF7,NMMSO,13,18,0.000562564
F17-SchafferF7,NMMSO,13,19,0.000562564
F17-SchafferF7,NMMSO,13,20,1200.58
F17-SchafferF7,NMMSO,13,21,1.39693
F17-SchafferF7,NMMSO,13,22,2.60764
F17-SchafferF7,NMMSO,13,23,1.57396
F17-SchafferF7,NMMSO,13,24,0.000562564
F17-SchafferF7,NMMSO,13,25,1213.72
F17-SchafferF7,NMMSO,13,26,1216.69
F17-SchafferF7,NMMSO,13,27,1291.7
F17-SchafferF7,NMMSO,13,28,0.000562564
F17-SchafferF7,NMMSO,13,29,1226.28
F17-SchafferF7,NMMSO,13,30,0.000562564
F17-SchafferF7,NMMSO,13,31,0.000562564
F17-SchafferF7,NMMSO,13,32,1.57396
F17-SchafferF7,NMMSO,13,33,1224.68
F17-SchafferF7,NMMSO,13,34,1186.11
F17-SchafferF7,NMMSO,13,35,0.000562564
F17-SchafferF7,NMMSO,13,36,0.000562564
F17-SchafferF7,NMMSO,13,37,0.000562564
F17-SchafferF7,NMMSO,13,38,1.39734
F17-SchafferF7,NMMSO,13,39,0
F17-SchafferF7,NMMSO,13,40,1240.96
F17-SchafferF7,NMMSO,13,41,0.000562564
F17-SchafferF7,NMMSO,13,42,957.789
F17-SchafferF7,NMMSO,13,43,1090.29
F17-SchafferF7,NMMSO,13,44,1285.47
F17-SchafferF7,NCDE,13,15,0.0167968
F17-SchafferF7,NCDE,13,16,1075.49
F17-SchafferF7,NCDE,13,17,1089.93
F17-SchafferF7,NCDE,13,18,0.0167968
F17-SchafferF7,NCDE,13,19,0.0167968
F17-SchafferF7,NCDE,13,20,1243.41
F17-SchafferF7,NCDE,13,21,1012.86
F17-SchafferF7,NCDE,13,22,1.95586e-05
F17-SchafferF7,NCDE,13,23,0.00212446
F17-SchafferF7,NCDE,13,24,0.0167968
F17-SchafferF7,NCDE,13,25,1306.95
F17-SchafferF7,NCDE,13,26,1266.8
F17-SchafferF7,NCDE,13,27,1388.48
F17-SchafferF7,NCDE,13,28,0.0167968
F17-SchafferF7,NCDE,13,29,1241.06
F17-SchafferF7,NCDE,13,30,0.0167968
F17-SchafferF7,NCDE,13,31,0.0167968
F17-SchafferF7,NCDE,13,32,0.00212446
F17-SchafferF7,NCDE,13,33,1248.45
F17-SchafferF7,NCDE,13,34,1286
F17-SchafferF7,NCDE,13,35,0.0167968
F17-SchafferF7,NCDE,13,36,0.0167968
F17-SchafferF7,NCDE,13,37,0.0167968
F17-SchafferF7,NCDE,13,38,983.878
F17-SchafferF7,NCDE,13,39,1032.66
F17-SchafferF7,NCDE,13,40,1300.38
F17-SchafferF7,NCDE,13,41,0.0167968
F17-SchafferF7,NCDE,13,42,1078.45
F17-SchafferF7,NCDE,13,43,1209.76
F17-SchafferF7,NCDE,13,44,1367.65
F17-SchafferF7,r3pso,13,15,2.72006e-07
F17-SchafferF7,r3pso,13,16,1298.52
F17-SchafferF7,r3pso,13,17,1090.31
F17-SchafferF7,r3pso,13,18,2.72006e-07
F17-SchafferF7,r3pso,13,19,2.72006e-07
F17-SchafferF7,r3pso,13,20,1292.31
F17-SchafferF7,r3pso,13,21,1013.53
F17-SchafferF7,r3pso,13,22,1006.78
F17-SchafferF7,r3pso,13,23,1080.64
F17-SchafferF7,r3pso,13,24,2.72006e-07
F17-SchafferF7,r3pso,13,25,1307.38
F17-SchafferF7,r3pso,13,26,1273.25
F17-SchafferF7,r3pso,13,27,1511.33
F17-SchafferF7,r3pso,13,28,2.72006e-07
F17-SchafferF7,r3pso,13,29,1262.07
F17-SchafferF7,r3pso,13,30,2.72006e-07
F17-SchafferF7,r3pso,13,31,2.72006e-07
F17-SchafferF7,r3pso,13,32,1122.73
F17-SchafferF7,r3pso,13,33,1265.78
F17-SchafferF7,r3pso,13,34,1286.46
F17-SchafferF7,r3pso,13,35,2.72006e-07
F17-SchafferF7,r3pso,13,36,2.72006e-07
F17-SchafferF7,r3pso,13,37,2.72006e-07
F17-SchafferF7,r3pso,13,38,984.538
F17-SchafferF7,r3pso,13,39,1205.12
F17-SchafferF7,r3pso,13,40,1302.95
F17-SchafferF7,r3pso,13,41,2.72006e-07
F17-SchafferF7,r3pso,13,42,1278.69
F17-SchafferF7,r3pso,13,43,1403.22
F17-SchafferF7,r3pso,13,44,1455.41
F17-SchafferF7,NM-Restart,13,15,2.42262
F17-SchafferF7,NM-Restart,13,16,0
F17-SchafferF7,NM-Restart,13,17,1062.15
F17-SchafferF7,NM-Restart,13,18,1.38889
F17-SchafferF7,NM-Restart,13,19,1.38889
F17-SchafferF7,NM-Restart,13,20,1101.78
F17-SchafferF7,NM-Restart,13,21,0.362921
F17-SchafferF7,NM-Restart,13,22,1.03368
F17-SchafferF7,NM-Restart,13,23,0
F17-SchafferF7,NM-Restart,13,24,1.38889
F17-SchafferF7,NM-Restart,13,25,1264.68
F17-SchafferF7,NM-Restart,13,26,1231.37
F17-SchafferF7,NM-Restart,13,27,1082.59
F17-SchafferF7,NM-Restart,13,28,1.38889
F17-SchafferF7,NM-Restart,13,29,1193.89
F17-SchafferF7,NM-Restart,13,30,2.42262
F17-SchafferF7,NM-Restart,13,31,1.38889
F17-SchafferF7,NM-Restart,13,32,0
F17-SchafferF7,NM-Restart,13,33,1204.22
F17-SchafferF7,NM-Restart,13,34,1239.44
F17-SchafferF7,NM-Restart,13,35,1.38889
F17-SchafferF7,NM-Restart,13,36,1.38889
F17-SchafferF7,NM-Restart,13,37,1.38889
F17-SchafferF7,NM-Restart,13,38,0.363328
F17-SchafferF7,NM-Restart,13,39,1.04687
F17-SchafferF7,NM-Restart,13,40,1268.14
F17-SchafferF7,NM-Restart,13,41,1.38889
F17-SchafferF7,NM-Restart,13,42,0
F17-SchafferF7,NM-Restart,13,43,1.49412
F17-SchafferF7,NM-Restart,13,44,1118.76
F17-SchafferF7,IPOP-CMA-ES,13,15,3.74101e-12
F17-SchafferF7,IPOP-CMA-ES,13,16,1298.52
F17-SchafferF7,IPOP-CMA-ES,13,17,1090.31
F17-SchafferF7,IPOP-CMA-ES,13,18,3.74101e-12
F17-SchafferF7,IPOP-CMA-ES,13,19,3.74101e-12
F17-SchafferF7,IPOP-CMA-ES,13,20,1292.31
F17-SchafferF7,IPOP-CMA-ES,13,21,1013.53
F17-SchafferF7,IPOP-CMA-ES,13,22,1006.78
F17-SchafferF7,IPOP-CMA-ES,13,23,1080.64
F17-SchafferF7,IPOP-CMA-ES,13,24,3.74101e-12
F17-SchafferF7,IPOP-CMA-ES,13,25,1307.38
F17-SchafferF7,IPOP-CMA-ES,13,26,1273.25
F17-SchafferF7,IPOP-CMA-ES,13,27,1511.33
F17-SchafferF7,IPOP-CMA-ES,13,28,3.74101e-12
F17-SchafferF7,IPOP-CMA-ES,13,29,1262.07
F17-SchafferF7,IPOP-CMA-ES,13,30,3.74101e-12
F17-SchafferF7,IPOP-CMA-ES,13,31,3.74101e-12
F17-SchafferF7,IPOP-CMA-ES,13,32,1122.73
F17-SchafferF7,IPOP-CMA-ES,13,33,1265.78
F17-SchafferF7,IPOP-CMA-ES,13,34,1286.46
F17-SchafferF7,IPOP-CMA-ES,13,35,3.74101e-12
F17-SchafferF7,IPOP-CMA-ES,13,36,3.74101e-12
F17-SchafferF7,IPOP-CMA-ES,13,37,3.74101e-12
F17-SchafferF7,IPOP-CMA-ES,13,38,984.538
F17-SchafferF7,IPOP-CMA-ES,13,39,1205.12
F17-SchafferF7,IPOP-CMA-ES,13,40,1302.95
F17-SchafferF7,IPOP-CMA-ES,13,41,3.74101e-12
F17-SchafferF7,IPOP-CMA-ES,13,42,1278.69
F17-SchafferF7,IPOP-CMA-ES,13,43,1403.22
F17-SchafferF7,IPOP-CMA-ES,13,44,1455.41
F17-SchafferF7,DE,13,15,1.06581e-14
F17-SchafferF7,DE,13,16,1298.52
F17-SchafferF7,DE,13,17,1090.31
F17-SchafferF7,DE,13,18,1.06581e-14
F17-SchafferF7,DE,13,19,1.06581e-14
F17-SchafferF7,DE,13,20,1292.31
F17-SchafferF7,DE,13,21,1013.53
F17-SchafferF7,DE,13,22,1006.78
F17-SchafferF7,DE,13,23,1080.64
F17-SchafferF7,DE,13,24,1.06581e-14
F17-SchafferF7,DE,13,25,1307.38
F17-SchafferF7,DE,13,26,1273.25
F17-SchafferF7,DE,13,27,1511.33
F17-SchafferF7,DE,13,28,1.06581e-14
F17-SchafferF7,DE,13,29,1262.07
F17-SchafferF7,DE,13,30,1.06581e-14
F17-SchafferF7,DE,13,31,1.06581e-14
F17-SchafferF7,DE,13,32,1122.73
F17-SchafferF7,DE,13,33,1265.78
F17-SchafferF7,DE,13,34,1286.46
F17-SchafferF7,DE,13,35,1.06581e-14
F17-SchafferF7,DE,13,36,1.06581e-14
F17-SchafferF7,DE,13,37,1.06581e-14
F17-SchafferF7,DE,13,38,984.538
F17-SchafferF7,DE,13,39,1205.12
F17-SchafferF7,DE,13,40,1302.95
F17-SchafferF7,DE,13,41,1.06581e-14
F17-SchafferF7,DE,13,42,1278.69
F17-SchafferF7,DE,13,43,1403.22
F17-SchafferF7,DE,13,44,1455.41
F17-SchafferF7,PSO,13,15,6.69206e-07
F17-SchafferF7,PSO,13,16,1298.52
F17-SchafferF7,PSO,13,17,1090.31
F17-SchafferF7,PSO,13,18,6.69206e-07
F17-SchafferF7,PSO,13,19,6.69206e-07
F17-SchafferF7,PSO,13,20,1292.31
F17-SchafferF7,PSO,13,21,1013.53
F17-SchafferF7,PSO,13,22,1006.78
F17-SchafferF7,PSO,13,23,1080.64
F17-SchafferF7,PSO,13,24,6.69206e-07
F17-SchafferF7,PSO,13,25,1307.38
F17-SchafferF7,PSO,13,26,1273.25
F17-SchafferF7,PSO,13,27,1511.33
F17-SchafferF7,PSO,13,28,6.69206e-07
F17-SchafferF7,PSO,13,29,1262.07
F17-SchafferF7,PSO,13,30,6.69206e-07
F17-SchafferF7,PSO,13,31,6.69206e-07
F17-SchafferF7,PSO,13,32,1122.73
F17-SchafferF7,PSO,13,33,1265.78
F17-SchafferF7,PSO,13,34,1286.46
F17-SchafferF7,PSO,13,35,6.69206e-07
F17-SchafferF7,PSO,13,36,6.69206e-07
F17-SchafferF7,PSO,13,37,6.69206e-07
F17-SchafferF7,PSO,13,38,984.538
F17-SchafferF7,PSO,13,39,1205.12
F17-SchafferF7,PSO,13,40,1302.95
F17-SchafferF7,PSO,13,41,6.69206e-07
F17-SchafferF7,PSO,13,42,1278.69
F17-SchafferF7,PSO,13,43,1403.22
F17-SchafferF7,PSO,13,44,1455.41
F17-SchafferF7,Crowding-DE,13,15,0.158673
F17-SchafferF7,Crowding-DE,13,16,1081.03
F17-SchafferF7,Crowding-DE,13,17,1077.44
F17-SchafferF7,Crowding-DE,13,18,0.158673
F17-SchafferF7,Crowding-DE,13,19,0.158673
F17-SchafferF7,Crowding-DE,13,20,1245.27
F17-SchafferF7,Crowding-DE,13,21,0.0130102
F17-SchafferF7,Crowding-DE,13,22,0
F17-SchafferF7,Crowding-DE,13,23,0.0098354
F17-SchafferF7,Crowding-DE,13,24,0.158673
F17-SchafferF7,Crowding-DE,13,25,1284.37
F17-SchafferF7,Crowding-DE,13,26,1265.98
F17-SchafferF7,Crowding-DE,13,27,1380.32
F17-SchafferF7,Crowding-DE,13,28,0.158673
F17-SchafferF7,Crowding-DE,13,29,1255.21
F17-SchafferF7,Crowding-DE,13,30,0.158673
F17-SchafferF7,Crowding-DE,13,31,0.158673
F17-SchafferF7,Crowding-DE,13,32,0.0098354
F17-SchafferF7,Crowding-DE,13,33,1258.81
F17-SchafferF7,Crowding-DE,13,34,1260.42
F17-SchafferF7,Crowding-DE,13,35,0.158673
F17-SchafferF7,Crowding-DE,13,36,0.158673
F17-SchafferF7,Crowding-DE,13,37,0.158673
F17-SchafferF7,Crowding-DE,13,38,0.013418
F17-SchafferF7,Crowding-DE,13,39,1028.69
F17-SchafferF7,Crowding-DE,13,40,1293.96
F17-SchafferF7,Crowding-DE,13,41,0.158673
F17-SchafferF7,Crowding-DE,13,42,1077.93
F17-SchafferF7,Crowding-DE,13,43,1208.27
F17-SchafferF7,Crowding-DE,13,44,1357.32
F17-SchafferF7,MAP-Elites,13,15,0.1575
F17-SchafferF7,MAP-Elites,13,16,1175.82
F17-SchafferF7,MAP-Elites,13,17,1056.89
F17-SchafferF7,MAP-Elites,13,18,0.1575
F17-SchafferF7,MAP-Elites,13,19,0.1575
F17-SchafferF7,MAP-Elites,13,20,1278.91
F17-SchafferF7,MAP-Elites,13,21,0.279238
F17-SchafferF7,MAP-Elites,13,22,0.0193144
F17-SchafferF7,MAP-Elites,13,23,957.232
F17-SchafferF7,MAP-Elites,13,24,0.1575
F17-SchafferF7,MAP-Elites,13,25,1263.85
F17-SchafferF7,MAP-Elites,13,26,1246.19
F17-SchafferF7,MAP-Elites,13,27,1453
F17-SchafferF7,MAP-Elites,13,28,0.1575
F17-SchafferF7,MAP-Elites,13,29,1244.26
F17-SchafferF7,MAP-Elites,13,30,0.1575
F17-SchafferF7,MAP-Elites,13,31,0.1575
F17-SchafferF7,MAP-Elites,13,32,1002.1
F17-SchafferF7,MAP-Elites,13,33,1245.6
F17-SchafferF7,MAP-Elites,13,34,1239.96
F17-SchafferF7,MAP-Elites,13,35,0.1575
F17-SchafferF7,MAP-Elites,13,36,0.1575
F17-SchafferF7,MAP-Elites,13,37,0.1575
F17-SchafferF7,MAP-Elites,13,38,0.279646
F17-SchafferF7,MAP-Elites,13,39,1117.05
F17-SchafferF7,MAP-Elites,13,40,1273.47
F17-SchafferF7,MAP-Elites,13,41,0.1575
F17-SchafferF7,MAP-Elites,13,42,1173.04
F17-SchafferF7,MAP-Elites,13,43,1301.98
F17-SchafferF7,MAP-Elites,13,44,1417.46
F17-SchafferF7,MC-ESO-crowd,13,15,0.100263
F17-SchafferF7,MC-ESO-crowd,13,16,1199.24
F17-SchafferF7,MC-ESO-crowd,13,17,1067.35
F17-SchafferF7,MC-ESO-crowd,13,18,0.100263
F17-SchafferF7,MC-ESO-crowd,13,19,0.100263
F17-SchafferF7,MC-ESO-crowd,13,20,1288.19
F17-SchafferF7,MC-ESO-crowd,13,21,0
F17-SchafferF7,MC-ESO-crowd,13,22,1.83738e-05
F17-SchafferF7,MC-ESO-crowd,13,23,976.514
F17-SchafferF7,MC-ESO-crowd,13,24,0.100263
F17-SchafferF7,MC-ESO-crowd,13,25,1273.64
F17-SchafferF7,MC-ESO-crowd,13,26,1254.33
F17-SchafferF7,MC-ESO-crowd,13,27,1478.32
F17-SchafferF7,MC-ESO-crowd,13,28,0.100263
F17-SchafferF7,MC-ESO-crowd,13,29,1247.99
F17-SchafferF7,MC-ESO-crowd,13,30,0.100263
F17-SchafferF7,MC-ESO-crowd,13,31,0.100263
F17-SchafferF7,MC-ESO-crowd,13,32,1026.67
F17-SchafferF7,MC-ESO-crowd,13,33,1250.46
F17-SchafferF7,MC-ESO-crowd,13,34,1249.53
F17-SchafferF7,MC-ESO-crowd,13,35,0.100263
F17-SchafferF7,MC-ESO-crowd,13,36,0.100263
F17-SchafferF7,MC-ESO-crowd,13,37,0.100263
F17-SchafferF7,MC-ESO-crowd,13,38,0.000407821
F17-SchafferF7,MC-ESO-crowd,13,39,1144.29
F17-SchafferF7,MC-ESO-crowd,13,40,1282.77
F17-SchafferF7,MC-ESO-crowd,13,41,0.100263
F17-SchafferF7,MC-ESO-crowd,13,42,1200.12
F17-SchafferF7,MC-ESO-crowd,13,43,1329.25
F17-SchafferF7,MC-ESO-crowd,13,44,1440.57
F17-SchafferF7,quality,13,15,3.13116
F17-SchafferF7,quality,13,16,1068.85
F17-SchafferF7,quality,13,17,998.844
F17-SchafferF7,quality,13,18,1.02556
F17-SchafferF7,quality,13,19,1.02556
F17-SchafferF7,quality,13,20,1166.05
F17-SchafferF7,quality,13,21,0.362921
F17-SchafferF7,quality,13,22,1.74222
F17-SchafferF7,quality,13,23,0.708536
F17-SchafferF7,quality,13,24,1.02556
F17-SchafferF7,quality,13,25,1216.12
F17-SchafferF7,quality,13,26,1182.3
F17-SchafferF7,quality,13,27,1309.83
F17-SchafferF7,quality,13,28,1.02556
F17-SchafferF7,quality,13,29,1172.64
F17-SchafferF7,quality,13,30,1.02556
F17-SchafferF7,quality,13,31,1.02556
F17-SchafferF7,quality,13,32,0.708536
F17-SchafferF7,quality,13,33,1175.87
F17-SchafferF7,quality,13,34,1195.52
F17-SchafferF7,quality,13,35,1.02556
F17-SchafferF7,quality,13,36,1.02556
F17-SchafferF7,quality,13,37,1.02556
F17-SchafferF7,quality,13,38,0
F17-SchafferF7,quality,13,39,972.146
F17-SchafferF7,quality,13,40,1211.75
F17-SchafferF7,quality,13,41,1.02556
F17-SchafferF7,quality,13,42,1035.63
F17-SchafferF7,quality,13,43,1161.71
F17-SchafferF7,quality,13,44,1281.48
F17-SchafferF7,complement,13,15,3.13116
F17-SchafferF7,complement,13,16,1.25564
F17-SchafferF7,complement,13,17,0
F17-SchafferF7,complement,13,18,1.02556
F17-SchafferF7,complement,13,19,1.02556
F17-SchafferF7,complement,13,20,0
F17-SchafferF7,complement,13,21,946.98
F17-SchafferF7,complement,13,22,1.74222
F17-SchafferF7,complement,13,23,0.708536
F17-SchafferF7,complement,13,24,1.02556
F17-SchafferF7,complement,13,25,1112.61
F17-SchafferF7,complement,13,26,943.959
F17-SchafferF7,complement,13,27,0
F17-SchafferF7,complement,13,28,1.02556
F17-SchafferF7,complement,13,29,0
F17-SchafferF7,complement,13,30,1.02556
F17-SchafferF7,complement,13,31,1.02556
F17-SchafferF7,complement,13,32,0.708536
F17-SchafferF7,complement,13,33,0
F17-SchafferF7,complement,13,34,1118.2
F17-SchafferF7,complement,13,35,1.02556
F17-SchafferF7,complement,13,36,1.02556
F17-SchafferF7,complement,13,37,1.02556
F17-SchafferF7,complement,13,38,0
F17-SchafferF7,complement,13,39,2.30251
F17-SchafferF7,complement,13,40,992.106
F17-SchafferF7,complement,13,41,1.02556
F17-SchafferF7,complement,13,42,1.25564
F17-SchafferF7,complement,13,43,0
F17-SchafferF7,complement,13,44,0
F17-SchafferF7,MC-ESO,14,15,327.354
F17-SchafferF7,MC-ESO,14,16,1.08525e-10
F17-SchafferF7,MC-ESO,14,17,216.876
F17-SchafferF7,MC-ESO,14,18,1.08525e-10
F17-SchafferF7,MC-ESO,14,19,1.08525e-10
F17-SchafferF7,MC-ESO,14,20,326.096
F17-SchafferF7,MC-ESO,14,21,245.822
F17-SchafferF7,MC-ESO,14,22,1.08525e-10
F17-SchafferF7,MC-ESO,14,23,1.08525e-10
F17-SchafferF7,MC-ESO,14,24,272.296
F17-SchafferF7,MC-ESO,14,25,1.08525e-10
F17-SchafferF7,MC-ESO,14,26,1.08525e-10
F17-SchafferF7,MC-ESO,14,27,239.725
F17-SchafferF7,MC-ESO,14,28,1.08525e-10
F17-SchafferF7,MC-ESO,14,29,1.08525e-10
F17-SchafferF7,MC-ESO,14,30,227.02
F17-SchafferF7,MC-ESO,14,31,257.052
F17-SchafferF7,MC-ESO,14,32,227.193
F17-SchafferF7,MC-ESO,14,33,1.08525e-10
F17-SchafferF7,MC-ESO,14,34,1.08525e-10
F17-SchafferF7,MC-ESO,14,35,223.945
F17-SchafferF7,MC-ESO,14,36,1.08525e-10
F17-SchafferF7,MC-ESO,14,37,1.08525e-10
F17-SchafferF7,MC-ESO,14,38,286.369
F17-SchafferF7,MC-ESO,14,39,1.08525e-10
F17-SchafferF7,MC-ESO,14,40,1.08525e-10
F17-SchafferF7,MC-ESO,14,41,276.878
F17-SchafferF7,MC-ESO,14,42,1.08525e-10
F17-SchafferF7,MC-ESO,14,43,1.08525e-10
F17-SchafferF7,MC-ESO,14,44,1.08525e-10
F17-SchafferF7,NMMSO,14,15,327.3
F17-SchafferF7,NMMSO,14,16,0.00302128
F17-SchafferF7,NMMSO,14,17,216.816
F17-SchafferF7,NMMSO,14,18,0.00302128
F17-SchafferF7,NMMSO,14,19,0.00302128
F17-SchafferF7,NMMSO,14,20,326.041
F17-SchafferF7,NMMSO,14,21,245.774
F17-SchafferF7,NMMSO,14,22,0.00302128
F17-SchafferF7,NMMSO,14,23,0.00302128
F17-SchafferF7,NMMSO,14,24,272.274
F17-SchafferF7,NMMSO,14,25,0.00302128
F17-SchafferF7,NMMSO,14,26,0.00302128
F17-SchafferF7,NMMSO,14,27,239.708
F17-SchafferF7,NMMSO,14,28,0.00302128
F17-SchafferF7,NMMSO,14,29,0.00302128
F17-SchafferF7,NMMSO,14,30,221.446
F17-SchafferF7,NMMSO,14,31,257.09
F17-SchafferF7,NMMSO,14,32,227.244
F17-SchafferF7,NMMSO,14,33,0.00302128
F17-SchafferF7,NMMSO,14,34,0.00302128
F17-SchafferF7,NMMSO,14,35,223.947
F17-SchafferF7,NMMSO,14,36,0.00302128
F17-SchafferF7,NMMSO,14,37,0.00302128
F17-SchafferF7,NMMSO,14,38,286.309
F17-SchafferF7,NMMSO,14,39,0.00302128
F17-SchafferF7,NMMSO,14,40,0.00302128
F17-SchafferF7,NMMSO,14,41,276.851
F17-SchafferF7,NMMSO,14,42,0.00302128
F17-SchafferF7,NMMSO,14,43,0.00302128
F17-SchafferF7,NMMSO,14,44,0.00302128
F17-SchafferF7,NCDE,14,15,300.597
F17-SchafferF7,NCDE,14,16,0.0183275
F17-SchafferF7,NCDE,14,17,0
F17-SchafferF7,NCDE,14,18,0.0183275
F17-SchafferF7,NCDE,14,19,0.0183275
F17-SchafferF7,NCDE,14,20,298.962
F17-SchafferF7,NCDE,14,21,221.473
F17-SchafferF7,NCDE,14,22,0.0183275
F17-SchafferF7,NCDE,14,23,0.0183275
F17-SchafferF7,NCDE,14,24,259.577
F17-SchafferF7,NCDE,14,25,0.0183275
F17-SchafferF7,NCDE,14,26,0.0183275
F17-SchafferF7,NCDE,14,27,229.57
F17-SchafferF7,NCDE,14,28,0.0183275
F17-SchafferF7,NCDE,14,29,0.0183275
F17-SchafferF7,NCDE,14,30,0.297703
F17-SchafferF7,NCDE,14,31,238.119
F17-SchafferF7,NCDE,14,32,0
F17-SchafferF7,NCDE,14,33,0.0183275
F17-SchafferF7,NCDE,14,34,0.0183275
F17-SchafferF7,NCDE,14,35,222.81
F17-SchafferF7,NCDE,14,36,0.0183275
F17-SchafferF7,NCDE,14,37,0.0183275
F17-SchafferF7,NCDE,14,38,257.963
F17-SchafferF7,NCDE,14,39,0.0183275
F17-SchafferF7,NCDE,14,40,0.0183275
F17-SchafferF7,NCDE,14,41,261.894
F17-SchafferF7,NCDE,14,42,0.0183275
F17-SchafferF7,NCDE,14,43,0.0183275
F17-SchafferF7,NCDE,14,44,0.0183275
F17-SchafferF7,r3pso,14,15,327.354
F17-SchafferF7,r3pso,14,16,1.92041e-06
F17-SchafferF7,r3pso,14,17,216.876
F17-SchafferF7,r3pso,14,18,1.92041e-06
F17-SchafferF7,r3pso,14,19,1.92041e-06
F17-SchafferF7,r3pso,14,20,326.096
F17-SchafferF7,r3pso,14,21,245.822
F17-SchafferF7,r3pso,14,22,1.92041e-06
F17-SchafferF7,r3pso,14,23,1.92041e-06
F17-SchafferF7,r3pso,14,24,272.296
F17-SchafferF7,r3pso,14,25,1.92041e-06
F17-SchafferF7,r3pso,14,26,1.92041e-06
F17-SchafferF7,r3pso,14,27,239.725
F17-SchafferF7,r3pso,14,28,1.92041e-06
F17-SchafferF7,r3pso,14,29,1.92041e-06
F17-SchafferF7,r3pso,14,30,227.02
F17-SchafferF7,r3pso,14,31,257.052
F17-SchafferF7,r3pso,14,32,227.193
F17-SchafferF7,r3pso,14,33,1.92041e-06
F17-SchafferF7,r3pso,14,34,1.92041e-06
F17-SchafferF7,r3pso,14,35,223.945
F17-SchafferF7,r3pso,14,36,1.92041e-06
F17-SchafferF7,r3pso,14,37,1.92041e-06
F17-SchafferF7,r3pso,14,38,286.369
F17-SchafferF7,r3pso,14,39,1.92041e-06
F17-SchafferF7,r3pso,14,40,1.92041e-06
F17-SchafferF7,r3pso,14,41,276.878
F17-SchafferF7,r3pso,14,42,1.92041e-06
F17-SchafferF7,r3pso,14,43,1.92041e-06
F17-SchafferF7,r3pso,14,44,1.92041e-06
F17-SchafferF7,NM-Restart,14,15,232.562
F17-SchafferF7,NM-Restart,14,16,2.42262
F17-SchafferF7,NM-Restart,14,17,1.89661
F17-SchafferF7,NM-Restart,14,18,2.42262
F17-SchafferF7,NM-Restart,14,19,2.42262
F17-SchafferF7,NM-Restart,14,20,229.876
F17-SchafferF7,NM-Restart,14,21,2.62083
F17-SchafferF7,NM-Restart,14,22,2.42262
F17-SchafferF7,NM-Restart,14,23,2.42262
F17-SchafferF7,NM-Restart,14,24,228.619
F17-SchafferF7,NM-Restart,14,25,2.42262
F17-SchafferF7,NM-Restart,14,26,2.42262
F17-SchafferF7,NM-Restart,14,27,200.613
F17-SchafferF7,NM-Restart,14,28,2.42262
F17-SchafferF7,NM-Restart,14,29,2.42262
F17-SchafferF7,NM-Restart,14,30,3.6535
F17-SchafferF7,NM-Restart,14,31,253.305
F17-SchafferF7,NM-Restart,14,32,229.077
F17-SchafferF7,NM-Restart,14,33,2.42262
F17-SchafferF7,NM-Restart,14,34,3.99654
F17-SchafferF7,NM-Restart,14,35,194.005
F17-SchafferF7,NM-Restart,14,36,2.42262
F17-SchafferF7,NM-Restart,14,37,2.42262
F17-SchafferF7,NM-Restart,14,38,1.04692
F17-SchafferF7,NM-Restart,14,39,2.42262
F17-SchafferF7,NM-Restart,14,40,2.42262
F17-SchafferF7,NM-Restart,14,41,225.061
F17-SchafferF7,NM-Restart,14,42,2.42262
F17-SchafferF7,NM-Restart,14,43,2.42262
F17-SchafferF7,NM-Restart,14,44,2.42262
F17-SchafferF7,IPOP-CMA-ES,14,15,303.923
F17-SchafferF7,IPOP-CMA-ES,14,16,1.58451e-12
F17-SchafferF7,IPOP-CMA-ES,14,17,2.64192
F17-SchafferF7,IPOP-CMA-ES,14,18,1.58451e-12
F17-SchafferF7,IPOP-CMA-ES,14,19,1.58451e-12
F17-SchafferF7,IPOP-CMA-ES,14,20,301.754
F17-SchafferF7,IPOP-CMA-ES,14,21,227.376
F17-SchafferF7,IPOP-CMA-ES,14,22,1.58451e-12
F17-SchafferF7,IPOP-CMA-ES,14,23,1.58451e-12
F17-SchafferF7,IPOP-CMA-ES,14,24,269.115
F17-SchafferF7,IPOP-CMA-ES,14,25,1.58451e-12
F17-SchafferF7,IPOP-CMA-ES,14,26,1.58451e-12
F17-SchafferF7,IPOP-CMA-ES,14,27,235.486
F17-SchafferF7,IPOP-CMA-ES,14,28,1.58451e-12
F17-SchafferF7,IPOP-CMA-ES,14,29,1.58451e-12
F17-SchafferF7,IPOP-CMA-ES,14,30,1.77798
F17-SchafferF7,IPOP-CMA-ES,14,31,246.909
F17-SchafferF7,IPOP-CMA-ES,14,32,217.225
F17-SchafferF7,IPOP-CMA-ES,14,33,1.58451e-12
F17-SchafferF7,IPOP-CMA-ES,14,34,1.58451e-12
F17-SchafferF7,IPOP-CMA-ES,14,35,216.717
F17-SchafferF7,IPOP-CMA-ES,14,36,1.58451e-12
F17-SchafferF7,IPOP-CMA-ES,14,37,1.58451e-12
F17-SchafferF7,IPOP-CMA-ES,14,38,253.958
F17-SchafferF7,IPOP-CMA-ES,14,39,1.58451e-12
F17-SchafferF7,IPOP-CMA-ES,14,40,1.58451e-12
F17-SchafferF7,IPOP-CMA-ES,14,41,273.384
F17-SchafferF7,IPOP-CMA-ES,14,42,1.58451e-12
F17-SchafferF7,IPOP-CMA-ES,14,43,1.58451e-12
F17-SchafferF7,IPOP-CMA-ES,14,44,1.58451e-12
F17-SchafferF7,DE,14,15,327.354
F17-SchafferF7,DE,14,16,0
F17-SchafferF7,DE,14,17,216.876
F17-SchafferF7,DE,14,18,0
F17-SchafferF7,DE,14,19,0
F17-SchafferF7,DE,14,20,326.096
F17-SchafferF7,DE,14,21,245.822
F17-SchafferF7,DE,14,22,0
F17-SchafferF7,DE,14,23,0
F17-SchafferF7,DE,14,24,272.296
F17-SchafferF7,DE,14,25,0
F17-SchafferF7,DE,14,26,0
F17-SchafferF7,DE,14,27,239.725
F17-SchafferF7,DE,14,28,0
F17-SchafferF7,DE,14,29,0
F17-SchafferF7,DE,14,30,227.02
F17-SchafferF7,DE,14,31,257.052
F17-SchafferF7,DE,14,32,227.193
F17-SchafferF7,DE,14,33,0
F17-SchafferF7,DE,14,34,0
F17-SchafferF7,DE,14,35,223.945
F17-SchafferF7,DE,14,36,0
F17-SchafferF7,DE,14,37,0
F17-SchafferF7,DE,14,38,286.369
F17-SchafferF7,DE,14,39,0
F17-SchafferF7,DE,14,40,0
F17-SchafferF7,DE,14,41,276.878
F17-SchafferF7,DE,14,42,0
F17-SchafferF7,DE,14,43,0
F17-SchafferF7,DE,14,44,0
F17-SchafferF7,PSO,14,15,327.354
F17-SchafferF7,PSO,14,16,9.05489e-09
F17-SchafferF7,PSO,14,17,216.876
F17-SchafferF7,PSO,14,18,9.05489e-09
F17-SchafferF7,PSO,14,19,9.05489e-09
F17-SchafferF7,PSO,14,20,326.096
F17-SchafferF7,PSO,14,21,245.822
F17-SchafferF7,PSO,14,22,9.05489e-09
F17-SchafferF7,PSO,14,23,9.05489e-09
F17-SchafferF7,PSO,14,24,272.296
F17-SchafferF7,PSO,14,25,9.05489e-09
F17-SchafferF7,PSO,14,26,9.05489e-09
F17-SchafferF7,PSO,14,27,239.725
F17-SchafferF7,PSO,14,28,9.05489e-09
F17-SchafferF7,PSO,14,29,9.05489e-09
F17-SchafferF7,PSO,14,30,227.02
F17-SchafferF7,PSO,14,31,257.052
F17-SchafferF7,PSO,14,32,227.193
F17-SchafferF7,PSO,14,33,9.05489e-09
F17-SchafferF7,PSO,14,34,9.05489e-09
F17-SchafferF7,PSO,14,35,223.945
F17-SchafferF7,PSO,14,36,9.05489e-09
F17-SchafferF7,PSO,14,37,9.05489e-09
F17-SchafferF7,PSO,14,38,286.369
F17-SchafferF7,PSO,14,39,9.05489e-09
F17-SchafferF7,PSO,14,40,9.05489e-09
F17-SchafferF7,PSO,14,41,276.878
F17-SchafferF7,PSO,14,42,9.05489e-09
F17-SchafferF7,PSO,14,43,9.05489e-09
F17-SchafferF7,PSO,14,44,9.05489e-09
F17-SchafferF7,Crowding-DE,14,15,301.73
F17-SchafferF7,Crowding-DE,14,16,0.234352
F17-SchafferF7,Crowding-DE,14,17,0.535531
F17-SchafferF7,Crowding-DE,14,18,0.234352
F17-SchafferF7,Crowding-DE,14,19,0.234352
F17-SchafferF7,Crowding-DE,14,20,300.191
F17-SchafferF7,Crowding-DE,14,21,222.108
F17-SchafferF7,Crowding-DE,14,22,0.234352
F17-SchafferF7,Crowding-DE,14,23,0.234352
F17-SchafferF7,Crowding-DE,14,24,258.633
F17-SchafferF7,Crowding-DE,14,25,0.234352
F17-SchafferF7,Crowding-DE,14,26,0.234352
F17-SchafferF7,Crowding-DE,14,27,228.356
F17-SchafferF7,Crowding-DE,14,28,0.234352
F17-SchafferF7,Crowding-DE,14,29,0.234352
F17-SchafferF7,Crowding-DE,14,30,0.00246129
F17-SchafferF7,Crowding-DE,14,31,239.076
F17-SchafferF7,Crowding-DE,14,32,0.362894
F17-SchafferF7,Crowding-DE,14,33,0.234352
F17-SchafferF7,Crowding-DE,14,34,0.234352
F17-SchafferF7,Crowding-DE,14,35,219.428
F17-SchafferF7,Crowding-DE,14,36,0.234352
F17-SchafferF7,Crowding-DE,14,37,0.234352
F17-SchafferF7,Crowding-DE,14,38,260.203
F17-SchafferF7,Crowding-DE,14,39,0.234352
F17-SchafferF7,Crowding-DE,14,40,0.234352
F17-SchafferF7,Crowding-DE,14,41,261.207
F17-SchafferF7,Crowding-DE,14,42,0.234352
F17-SchafferF7,Crowding-DE,14,43,0.234352
F17-SchafferF7,Crowding-DE,14,44,0.234352
F17-SchafferF7,MAP-Elites,14,15,303.517
F17-SchafferF7,MAP-Elites,14,16,0.315495
F17-SchafferF7,MAP-Elites,14,17,0.275093
F17-SchafferF7,MAP-Elites,14,18,0.315495
F17-SchafferF7,MAP-Elites,14,19,0.315495
F17-SchafferF7,MAP-Elites,14,20,301.782
F17-SchafferF7,MAP-Elites,14,21,224.818
F17-SchafferF7,MAP-Elites,14,22,0.315495
F17-SchafferF7,MAP-Elites,14,23,0.315495
F17-SchafferF7,MAP-Elites,14,24,263.45
F17-SchafferF7,MAP-Elites,14,25,0.315495
F17-SchafferF7,MAP-Elites,14,26,0.315495
F17-SchafferF7,MAP-Elites,14,27,233.415
F17-SchafferF7,MAP-Elites,14,28,0.315495
F17-SchafferF7,MAP-Elites,14,29,0.315495
F17-SchafferF7,MAP-Elites,14,30,0.000357358
F17-SchafferF7,MAP-Elites,14,31,244.798
F17-SchafferF7,MAP-Elites,14,32,0.22294
F17-SchafferF7,MAP-Elites,14,33,0.315495
F17-SchafferF7,MAP-Elites,14,34,0.315495
F17-SchafferF7,MAP-Elites,14,35,220.545
F17-SchafferF7,MAP-Elites,14,36,0.315495
F17-SchafferF7,MAP-Elites,14,37,0.315495
F17-SchafferF7,MAP-Elites,14,38,259.172
F17-SchafferF7,MAP-Elites,14,39,0.315495
F17-SchafferF7,MAP-Elites,14,40,0.315495
F17-SchafferF7,MAP-Elites,14,41,265.761
F17-SchafferF7,MAP-Elites,14,42,0.315495
F17-SchafferF7,MAP-Elites,14,43,0.315495
F17-SchafferF7,MAP-Elites,14,44,0.315495
F17-SchafferF7,MC-ESO-crowd,14,15,301.973
F17-SchafferF7,MC-ESO-crowd,14,16,0.0580532
F17-SchafferF7,MC-ESO-crowd,14,17,0.778882
F17-SchafferF7,MC-ESO-crowd,14,18,0.0580532
F17-SchafferF7,MC-ESO-crowd,14,19,0.0580532
F17-SchafferF7,MC-ESO-crowd,14,20,300.279
F17-SchafferF7,MC-ESO-crowd,14,21,223.104
F17-SchafferF7,MC-ESO-crowd,14,22,0.0580532
F17-SchafferF7,MC-ESO-crowd,14,23,0.0580532
F17-SchafferF7,MC-ESO-crowd,14,24,261.573
F17-SchafferF7,MC-ESO-crowd,14,25,0.0580532
F17-SchafferF7,MC-ESO-crowd,14,26,0.0580532
F17-SchafferF7,MC-ESO-crowd,14,27,231.564
F17-SchafferF7,MC-ESO-crowd,14,28,0.0580532
F17-SchafferF7,MC-ESO-crowd,14,29,0.0580532
F17-SchafferF7,MC-ESO-crowd,14,30,0
F17-SchafferF7,MC-ESO-crowd,14,31,244.07
F17-SchafferF7,MC-ESO-crowd,14,32,0.396709
F17-SchafferF7,MC-ESO-crowd,14,33,0.0580532
F17-SchafferF7,MC-ESO-crowd,14,34,0.0580532
F17-SchafferF7,MC-ESO-crowd,14,35,223.386
F17-SchafferF7,MC-ESO-crowd,14,36,0.0580532
F17-SchafferF7,MC-ESO-crowd,14,37,0.0580532
F17-SchafferF7,MC-ESO-crowd,14,38,258.356
F17-SchafferF7,MC-ESO-crowd,14,39,0.0580532
F17-SchafferF7,MC-ESO-crowd,14,40,0.0580532
F17-SchafferF7,MC-ESO-crowd,14,41,263.874
F17-SchafferF7,MC-ESO-crowd,14,42,0.0580532
F17-SchafferF7,MC-ESO-crowd,14,43,0.0580532
F17-SchafferF7,MC-ESO-crowd,14,44,0.0580532
F17-SchafferF7,quality,14,15,319.499
F17-SchafferF7,quality,14,16,0.52582
F17-SchafferF7,quality,14,17,0.862875
F17-SchafferF7,quality,14,18,0.52582
F17-SchafferF7,quality,14,19,0.52582
F17-SchafferF7,quality,14,20,318.679
F17-SchafferF7,quality,14,21,236.012
F17-SchafferF7,quality,14,22,0.52582
F17-SchafferF7,quality,14,23,0.52582
F17-SchafferF7,quality,14,24,259.114
F17-SchafferF7,quality,14,25,0.52582
F17-SchafferF7,quality,14,26,0.52582
F17-SchafferF7,quality,14,27,226.374
F17-SchafferF7,quality,14,28,0.52582
F17-SchafferF7,quality,14,29,0.52582
F17-SchafferF7,quality,14,30,215.035
F17-SchafferF7,quality,14,31,248.637
F17-SchafferF7,quality,14,32,215.911
F17-SchafferF7,quality,14,33,0.52582
F17-SchafferF7,quality,14,34,0.52582
F17-SchafferF7,quality,14,35,210.97
F17-SchafferF7,quality,14,36,0.52582
F17-SchafferF7,quality,14,37,0.52582
F17-SchafferF7,quality,14,38,276.722
F17-SchafferF7,quality,14,39,0.52582
F17-SchafferF7,quality,14,40,0.52582
F17-SchafferF7,quality,14,41,263.971
F17-SchafferF7,quality,14,42,0.52582
F17-SchafferF7,quality,14,43,0.52582
F17-SchafferF7,quality,14,44,0.52582
F17-SchafferF7,complement,14,15,0
F17-SchafferF7,complement,14,16,0.52582
F17-SchafferF7,complement,14,17,7.2672
F17-SchafferF7,complement,14,18,0.52582
F17-SchafferF7,complement,14,19,0.52582
F17-SchafferF7,complement,14,20,0
F17-SchafferF7,complement,14,21,5.37059
F17-SchafferF7,complement,14,22,0.52582
F17-SchafferF7,complement,14,23,0.52582
F17-SchafferF7,complement,14,24,1.49412
F17-SchafferF7,complement,14,25,0.52582
F17-SchafferF7,complement,14,26,0.52582
F17-SchafferF7,complement,14,27,167.656
F17-SchafferF7,complement,14,28,0.52582
F17-SchafferF7,complement,14,29,0.52582
F17-SchafferF7,complement,14,30,6.40326
F17-SchafferF7,complement,14,31,90.6984
F17-SchafferF7,complement,14,32,10.6035
F17-SchafferF7,complement,14,33,0.52582
F17-SchafferF7,complement,14,34,0.52582
F17-SchafferF7,complement,14,35,162.828
F17-SchafferF7,complement,14,36,0.52582
F17-SchafferF7,complement,14,37,0.52582
F17-SchafferF7,complement,14,38,3.79668
F17-SchafferF7,complement,14,39,0.52582
F17-SchafferF7,complement,14,40,0.52582
F17-SchafferF7,complement,14,41,1.49412
F17-SchafferF7,complement,14,42,0.52582
F17-SchafferF7,complement,14,43,0.52582
F17-SchafferF7,complement,14,44,0.52582
