function,method,seed,scenario,regret,wiped
F01-Sphere,MC-ESO,0,15,0,0
F01-Sphere,MC-ESO,0,16,0.0445575,1
F01-Sphere,MC-ESO,0,17,0,0
F01-Sphere,MC-ESO,0,18,0,0
F01-Sphere,MC-ESO,0,19,0.192153,1
F01-Sphere,MC-ESO,0,20,0,0
F01-Sphere,MC-ESO,0,21,0.23952,1
F01-Sphere,MC-ESO,0,22,0,0
F01-Sphere,MC-ESO,0,23,0.145911,1
F01-Sphere,MC-ESO,0,24,0.117179,0
F01-Sphere,MC-ESO,0,25,0,0
F01-Sphere,MC-ESO,0,26,0,0
F01-Sphere,MC-ESO,0,27,0,0
F01-Sphere,MC-ESO,0,28,0,0
F01-Sphere,MC-ESO,0,29,0,0
F01-Sphere,MC-ESO,0,30,0.0291858,1
F01-Sphere,MC-ESO,0,31,0.0717096,1
F01-Sphere,MC-ESO,0,32,0,1
F01-Sphere,MC-ESO,0,33,0,0
F01-Sphere,MC-ESO,0,34,0.584283,0
F01-Sphere,MC-ESO,0,35,0,0
F01-Sphere,MC-ESO,0,36,0.183894,1
F01-Sphere,MC-ESO,0,37,0,0
F01-Sphere,MC-ESO,0,38,0.156717,1
F01-Sphere,MC-ESO,0,39,0,0
F01-Sphere,MC-ESO,0,40,0,0
F01-Sphere,MC-ESO,0,41,0.134589,1
F01-Sphere,MC-ESO,0,42,0,0
F01-Sphere,MC-ESO,0,43,9.66491,1
F01-Sphere,MC-ESO,0,44,0,0
F01-Sphere,NMMSO,0,15,0,0
F01-Sphere,NMMSO,0,16,0.201594,1
F01-Sphere,NMMSO,0,17,0,0
F01-Sphere,NMMSO,0,18,0,0
F01-Sphere,NMMSO,0,19,0.209439,1
F01-Sphere,NMMSO,0,20,0,0
F01-Sphere,NMMSO,0,21,0.23952,1
F01-Sphere,NMMSO,0,22,0,0
F01-Sphere,NMMSO,0,23,0.145911,1
F01-Sphere,NMMSO,0,24,9.91975,1
F01-Sphere,NMMSO,0,25,0,0
F01-Sphere,NMMSO,0,26,0,0
F01-Sphere,NMMSO,0,27,0,0
F01-Sphere,NMMSO,0,28,0,0
F01-Sphere,NMMSO,0,29,0,0
F01-Sphere,NMMSO,0,30,0.0291858,1
F01-Sphere,NMMSO,0,31,0.0717095,1
F01-Sphere,NMMSO,0,32,0.194503,1
F01-Sphere,NMMSO,0,33,0,0
F01-Sphere,NMMSO,0,34,10.0183,1
F01-Sphere,NMMSO,0,35,0,0
F01-Sphere,NMMSO,0,36,0.183894,1
F01-Sphere,NMMSO,0,37,0,0
F01-Sphere,NMMSO,0,38,0.156717,1
F01-Sphere,NMMSO,0,39,0,0
F01-Sphere,NMMSO,0,40,9.80145,1
F01-Sphere,NMMSO,0,41,0.134589,1
F01-Sphere,NMMSO,0,42,0,0
F01-Sphere,NMMSO,0,43,9.91335,1
F01-Sphere,NMMSO,0,44,0,0
F01-Sphere,NCDE,0,15,0,0
F01-Sphere,NCDE,0,16,0.201594,1
F01-Sphere,NCDE,0,17,0,0
F01-Sphere,NCDE,0,18,0,0
F01-Sphere,NCDE,0,19,0.209439,0
F01-Sphere,NCDE,0,20,0,0
F01-Sphere,NCDE,0,21,0.0996612,0
F01-Sphere,NCDE,0,22,0,0
F01-Sphere,NCDE,0,23,0.145911,0
F01-Sphere,NCDE,0,24,0.760745,0
F01-Sphere,NCDE,0,25,0,0
F01-Sphere,NCDE,0,26,0,0
F01-Sphere,NCDE,0,27,0,0
F01-Sphere,NCDE,0,28,0,0
F01-Sphere,NCDE,0,29,0,0
F01-Sphere,NCDE,0,30,0.0291858,0
F01-Sphere,NCDE,0,31,0.0717095,0
F01-Sphere,NCDE,0,32,0.194503,0
F01-Sphere,NCDE,0,33,0,0
F01-Sphere,NCDE,0,34,10.0183,0
F01-Sphere,NCDE,0,35,0,0
F01-Sphere,NCDE,0,36,0.183894,1
F01-Sphere,NCDE,0,37,0,0
F01-Sphere,NCDE,0,38,0.156717,1
F01-Sphere,NCDE,0,39,0,0
F01-Sphere,NCDE,0,40,0.891043,0
F01-Sphere,NCDE,0,41,0.134589,0
F01-Sphere,NCDE,0,42,0,0
F01-Sphere,NCDE,0,43,9.91335,0
F01-Sphere,NCDE,0,44,0,0
F01-Sphere,r3pso,0,15,0,0
F01-Sphere,r3pso,0,16,0.201594,1
F01-Sphere,r3pso,0,17,0,0
F01-Sphere,r3pso,0,18,0,0
F01-Sphere,r3pso,0,19,0.209439,1
F01-Sphere,r3pso,0,20,0,0
F01-Sphere,r3pso,0,21,0.23952,1
F01-Sphere,r3pso,0,22,0,0
F01-Sphere,r3pso,0,23,0.145911,1
F01-Sphere,r3pso,0,24,9.91975,1
F01-Sphere,r3pso,0,25,0,0
F01-Sphere,r3pso,0,26,0,0
F01-Sphere,r3pso,0,27,0,0
F01-Sphere,r3pso,0,28,0,0
F01-Sphere,r3pso,0,29,0,0
F01-Sphere,r3pso,0,30,0.0291858,1
F01-Sphere,r3pso,0,31,0.0717095,1
F01-Sphere,r3pso,0,32,0.194503,1
F01-Sphere,r3pso,0,33,0,0
F01-Sphere,r3pso,0,34,10.0183,1
F01-Sphere,r3pso,0,35,0,0
F01-Sphere,r3pso,0,36,0.183894,1
F01-Sphere,r3pso,0,37,0,0
F01-Sphere,r3pso,0,38,0.156717,1
F01-Sphere,r3pso,0,39,0,0
F01-Sphere,r3pso,0,40,9.80145,1
F01-Sphere,r3pso,0,41,0.134589,1
F01-Sphere,r3pso,0,42,0,0
F01-Sphere,r3pso,0,43,9.91335,1
F01-Sphere,r3pso,0,44,0,0
F01-Sphere,NM-Restart,0,15,0,0
F01-Sphere,NM-Restart,0,16,0.201594,1
F01-Sphere,NM-Restart,0,17,0,0
F01-Sphere,NM-Restart,0,18,0,0
F01-Sphere,NM-Restart,0,19,0.209439,1
F01-Sphere,NM-Restart,0,20,0,0
F01-Sphere,NM-Restart,0,21,0.23952,1
F01-Sphere,NM-Restart,0,22,0,0
F01-Sphere,NM-Restart,0,23,0.145911,1
F01-Sphere,NM-Restart,0,24,9.91975,1
F01-Sphere,NM-Restart,0,25,0,0
F01-Sphere,NM-Restart,0,26,0,0
F01-Sphere,NM-Restart,0,27,0,0
F01-Sphere,NM-Restart,0,28,0,0
F01-Sphere,NM-Restart,0,29,0,0
F01-Sphere,NM-Restart,0,30,0.0291857,1
F01-Sphere,NM-Restart,0,31,0.0717095,1
F01-Sphere,NM-Restart,0,32,0.194503,1
F01-Sphere,NM-Restart,0,33,0,0
F01-Sphere,NM-Restart,0,34,10.0183,1
F01-Sphere,NM-Restart,0,35,0,0
F01-Sphere,NM-Restart,0,36,0.183894,1
F01-Sphere,NM-Restart,0,37,0,0
F01-Sphere,NM-Restart,0,38,0.156717,1
F01-Sphere,NM-Restart,0,39,0,0
F01-Sphere,NM-Restart,0,40,9.80145,1
F01-Sphere,NM-Restart,0,41,0.134589,1
F01-Sphere,NM-Restart,0,42,0,0
F01-Sphere,NM-Restart,0,43,9.91335,1
F01-Sphere,NM-Restart,0,44,0,0
F01-Sphere,IPOP-CMA-ES,0,15,0,0
F01-Sphere,IPOP-CMA-ES,0,16,0.201594,1
F01-Sphere,IPOP-CMA-ES,0,17,0,0
F01-Sphere,IPOP-CMA-ES,0,18,0,0
F01-Sphere,IPOP-CMA-ES,0,19,0.209439,1
F01-Sphere,IPOP-CMA-ES,0,20,0,0
F01-Sphere,IPOP-CMA-ES,0,21,0.23952,1
F01-Sphere,IPOP-CMA-ES,0,22,0,0
F01-Sphere,IPOP-CMA-ES,0,23,0.145911,1
F01-Sphere,IPOP-CMA-ES,0,24,9.91975,1
F01-Sphere,IPOP-CMA-ES,0,25,0,0
F01-Sphere,IPOP-CMA-ES,0,26,0,0
F01-Sphere,IPOP-CMA-ES,0,27,0,0
F01-Sphere,IPOP-CMA-ES,0,28,0,0
F01-Sphere,IPOP-CMA-ES,0,29,0,0
F01-Sphere,IPOP-CMA-ES,0,30,0.0291858,1
F01-Sphere,IPOP-CMA-ES,0,31,0.0717095,1
F01-Sphere,IPOP-CMA-ES,0,32,0.194503,1
F01-Sphere,IPOP-CMA-ES,0,33,0,0
F01-Sphere,IPOP-CMA-ES,0,34,10.0183,1
F01-Sphere,IPOP-CMA-ES,0,35,0,0
F01-Sphere,IPOP-CMA-ES,0,36,0.183894,1
F01-Sphere,IPOP-CMA-ES,0,37,0,0
F01-Sphere,IPOP-CMA-ES,0,38,0.156717,1
F01-Sphere,IPOP-CMA-ES,0,39,0,0
F01-Sphere,IPOP-CMA-ES,0,40,9.80145,1
F01-Sphere,IPOP-CMA-ES,0,41,0.134589,1
F01-Sphere,IPOP-CMA-ES,0,42,0,0
F01-Sphere,IPOP-CMA-ES,0,43,9.91335,1
F01-Sphere,IPOP-CMA-ES,0,44,0,0
F01-Sphere,DE,0,15,0,0
F01-Sphere,DE,0,16,0.201595,1
F01-Sphere,DE,0,17,0,0
F01-Sphere,DE,0,18,0,0
F01-Sphere,DE,0,19,0.209439,1
F01-Sphere,DE,0,20,0,0
F01-Sphere,DE,0,21,0.23952,1
F01-Sphere,DE,0,22,0,0
F01-Sphere,DE,0,23,0.145911,1
F01-Sphere,DE,0,24,9.91975,1
F01-Sphere,DE,0,25,0,0
F01-Sphere,DE,0,26,0,0
F01-Sphere,DE,0,27,0,0
F01-Sphere,DE,0,28,0,0
F01-Sphere,DE,0,29,0,0
F01-Sphere,DE,0,30,0.0291858,1
F01-Sphere,DE,0,31,0.0717095,1
F01-Sphere,DE,0,32,0.194503,1
F01-Sphere,DE,0,33,0,0
F01-Sphere,DE,0,34,10.0183,1
F01-Sphere,DE,0,35,0,0
F01-Sphere,DE,0,36,0.183894,1
F01-Sphere,DE,0,37,0,0
F01-Sphere,DE,0,38,0.156717,1
F01-Sphere,DE,0,39,0,0
F01-Sphere,DE,0,40,9.80145,1
F01-Sphere,DE,0,41,0.134589,1
F01-Sphere,DE,0,42,0,0
F01-Sphere,DE,0,43,9.91335,1
F01-Sphere,DE,0,44,0,0
F01-Sphere,PSO,0,15,0,0
F01-Sphere,PSO,0,16,0.201594,1
F01-Sphere,PSO,0,17,0,0
F01-Sphere,PSO,0,18,0,0
F01-Sphere,PSO,0,19,0.209439,1
F01-Sphere,PSO,0,20,0,0
F01-Sphere,PSO,0,21,0.23952,1
F01-Sphere,PSO,0,22,0,0
F01-Sphere,PSO,0,23,0.145911,1
F01-Sphere,PSO,0,24,9.91975,1
F01-Sphere,PSO,0,25,0,0
F01-Sphere,PSO,0,26,0,0
F01-Sphere,PSO,0,27,0,0
F01-Sphere,PSO,0,28,0,0
F01-Sphere,PSO,0,29,0,0
F01-Sphere,PSO,0,30,0.0291857,1
F01-Sphere,PSO,0,31,0.0717096,1
F01-Sphere,PSO,0,32,0.194503,1
F01-Sphere,PSO,0,33,0,0
F01-Sphere,PSO,0,34,10.0183,1
F01-Sphere,PSO,0,35,0,0
F01-Sphere,PSO,0,36,0.183894,1
F01-Sphere,PSO,0,37,0,0
F01-Sphere,PSO,0,38,0.156717,1
F01-Sphere,PSO,0,39,0,0
F01-Sphere,PSO,0,40,9.80145,1
F01-Sphere,PSO,0,41,0.134589,1
F01-Sphere,PSO,0,42,0,0
F01-Sphere,PSO,0,43,9.91335,1
F01-Sphere,PSO,0,44,0,0
F01-Sphere,Crowding-DE,0,15,4.23952e-09,0
F01-Sphere,Crowding-DE,0,16,0.201531,1
F01-Sphere,Crowding-DE,0,17,4.23952e-09,0
F01-Sphere,Crowding-DE,0,18,4.23952e-09,0
F01-Sphere,Crowding-DE,0,19,0.209464,1
F01-Sphere,Crowding-DE,0,20,4.23952e-09,0
F01-Sphere,Crowding-DE,0,21,0.239532,1
F01-Sphere,Crowding-DE,0,22,4.23952e-09,0
F01-Sphere,Crowding-DE,0,23,0.145972,1
F01-Sphere,Crowding-DE,0,24,9.9197,1
F01-Sphere,Crowding-DE,0,25,4.23952e-09,0
F01-Sphere,Crowding-DE,0,26,4.23952e-09,0
F01-Sphere,Crowding-DE,0,27,4.23952e-09,0
F01-Sphere,Crowding-DE,0,28,4.23952e-09,0
F01-Sphere,Crowding-DE,0,29,4.23952e-09,0
F01-Sphere,Crowding-DE,0,30,0.0291885,1
F01-Sphere,Crowding-DE,0,31,0.0717746,1
F01-Sphere,Crowding-DE,0,32,0.194463,1
F01-Sphere,Crowding-DE,0,33,4.23952e-09,0
F01-Sphere,Crowding-DE,0,34,10.0183,1
F01-Sphere,Crowding-DE,0,35,4.23952e-09,0
F01-Sphere,Crowding-DE,0,36,0.18395,1
F01-Sphere,Crowding-DE,0,37,4.23952e-09,0
F01-Sphere,Crowding-DE,0,38,0.15678,1
F01-Sphere,Crowding-DE,0,39,4.23952e-09,0
F01-Sphere,Crowding-DE,0,40,9.8014,1
F01-Sphere,Crowding-DE,0,41,0.134608,1
F01-Sphere,Crowding-DE,0,42,4.23952e-09,0
F01-Sphere,Crowding-DE,0,43,9.91329,1
F01-Sphere,Crowding-DE,0,44,4.23952e-09,0
F01-Sphere,MAP-Elites,0,15,0.00559771,0
F01-Sphere,MAP-Elites,0,16,0.174636,1
F01-Sphere,MAP-Elites,0,17,0.00559771,0
F01-Sphere,MAP-Elites,0,18,0.00559771,0
F01-Sphere,MAP-Elites,0,19,0,1
F01-Sphere,MAP-Elites,0,20,0.00559771,0
F01-Sphere,MAP-Elites,0,21,0,1
F01-Sphere,MAP-Elites,0,22,0.00559771,0
F01-Sphere,MAP-Elites,0,23,0,1
F01-Sphere,MAP-Elites,0,24,10.0002,1
F01-Sphere,MAP-Elites,0,25,0.00559771,0
F01-Sphere,MAP-Elites,0,26,0.00559771,0
F01-Sphere,MAP-Elites,0,27,0.00559771,0
F01-Sphere,MAP-Elites,0,28,0.00559771,0
F01-Sphere,MAP-Elites,0,29,0.00559771,0
F01-Sphere,MAP-Elites,0,30,0,1
F01-Sphere,MAP-Elites,0,31,0,1
F01-Sphere,MAP-Elites,0,32,0.270067,1
F01-Sphere,MAP-Elites,0,33,0.00559771,0
F01-Sphere,MAP-Elites,0,34,0,0
F01-Sphere,MAP-Elites,0,35,0.00559771,0
F01-Sphere,MAP-Elites,0,36,0,1
F01-Sphere,MAP-Elites,0,37,0.00559771,0
F01-Sphere,MAP-Elites,0,38,0,1
F01-Sphere,MAP-Elites,0,39,0.00559771,0
F01-Sphere,MAP-Elites,0,40,0.106776,0
F01-Sphere,MAP-Elites,0,41,0,1
F01-Sphere,MAP-Elites,0,42,0.00559771,0
F01-Sphere,MAP-Elites,0,43,9.69429,1
F01-Sphere,MAP-Elites,0,44,0.00559771,0
F01-Sphere,MC-ESO-crowd,0,15,1.77483e-06,0
F01-Sphere,MC-ESO-crowd,0,16,0,1
F01-Sphere,MC-ESO-crowd,0,17,1.77483e-06,0
F01-Sphere,MC-ESO-crowd,0,18,1.77483e-06,0
F01-Sphere,MC-ESO-crowd,0,19,0.208324,1
F01-Sphere,MC-ESO-crowd,0,20,1.77483e-06,0
F01-Sphere,MC-ESO-crowd,0,21,0.238579,1
F01-Sphere,MC-ESO-crowd,0,22,1.77483e-06,0
F01-Sphere,MC-ESO-crowd,0,23,0.145142,1
F01-Sphere,MC-ESO-crowd,0,24,0,0
F01-Sphere,MC-ESO-crowd,0,25,1.77483e-06,0
F01-Sphere,MC-ESO-crowd,0,26,1.77483e-06,0
F01-Sphere,MC-ESO-crowd,0,27,1.77483e-06,0
F01-Sphere,MC-ESO-crowd,0,28,1.77483e-06,0
F01-Sphere,MC-ESO-crowd,0,29,1.77483e-06,0
F01-Sphere,MC-ESO-crowd,0,30,0.0299063,1
F01-Sphere,MC-ESO-crowd,0,31,0.0706397,1
F01-Sphere,MC-ESO-crowd,0,32,0.195774,1
F01-Sphere,MC-ESO-crowd,0,33,1.77483e-06,0
F01-Sphere,MC-ESO-crowd,0,34,0.552836,0
F01-Sphere,MC-ESO-crowd,0,35,1.77483e-06,0
F01-Sphere,MC-ESO-crowd,0,36,0.182567,1
F01-Sphere,MC-ESO-crowd,0,37,1.77483e-06,0
F01-Sphere,MC-ESO-crowd,0,38,0.155469,1
F01-Sphere,MC-ESO-crowd,0,39,1.77483e-06,0
F01-Sphere,MC-ESO-crowd,0,40,0.130299,0
F01-Sphere,MC-ESO-crowd,0,41,0.13499,1
F01-Sphere,MC-ESO-crowd,0,42,1.77483e-06,0
F01-Sphere,MC-ESO-crowd,0,43,0,0
F01-Sphere,MC-ESO-crowd,0,44,1.77483e-06,0
F01-Sphere,quality,0,15,2.84217e-14,0
F01-Sphere,quality,0,16,0.201594,1
F01-Sphere,quality,0,17,2.84217e-14,0
F01-Sphere,quality,0,18,2.84217e-14,0
F01-Sphere,quality,0,19,0.20944,1
F01-Sphere,quality,0,20,2.84217e-14,0
F01-Sphere,quality,0,21,0.23952,1
F01-Sphere,quality,0,22,2.84217e-14,0
F01-Sphere,quality,0,23,0.145911,1
F01-Sphere,quality,0,24,9.91975,1
F01-Sphere,quality,0,25,2.84217e-14,0
F01-Sphere,quality,0,26,2.84217e-14,0
F01-Sphere,quality,0,27,2.84217e-14,0
F01-Sphere,quality,0,28,2.84217e-14,0
F01-Sphere,quality,0,29,2.84217e-14,0
F01-Sphere,quality,0,30,0.0291857,1
F01-Sphere,quality,0,31,0.0717096,1
F01-Sphere,quality,0,32,0.194503,1
F01-Sphere,quality,0,33,2.84217e-14,0
F01-Sphere,quality,0,34,10.0183,1
F01-Sphere,quality,0,35,2.84217e-14,0
F01-Sphere,quality,0,36,0.183894,1
F01-Sphere,quality,0,37,2.84217e-14,0
F01-Sphere,quality,0,38,0.156717,1
F01-Sphere,quality,0,39,2.84217e-14,0
F01-Sphere,quality,0,40,9.80145,1
F01-Sphere,quality,0,41,0.134589,1
F01-Sphere,quality,0,42,2.84217e-14,0
F01-Sphere,quality,0,43,9.91335,1
F01-Sphere,quality,0,44,2.84217e-14,0
F01-Sphere,complement,0,15,2.84217e-14,0
F01-Sphere,complement,0,16,0.201594,1
F01-Sphere,complement,0,17,2.84217e-14,0
F01-Sphere,complement,0,18,2.84217e-14,0
F01-Sphere,complement,0,19,0.20944,1
F01-Sphere,complement,0,20,2.84217e-14,0
F01-Sphere,complement,0,21,0.23952,1
F01-Sphere,complement,0,22,2.84217e-14,0
F01-Sphere,complement,0,23,0.145911,1
F01-Sphere,complement,0,24,9.91975,1
F01-Sphere,complement,0,25,2.84217e-14,0
F01-Sphere,complement,0,26,2.84217e-14,0
F01-Sphere,complement,0,27,2.84217e-14,0
F01-Sphere,complement,0,28,2.84217e-14,0
F01-Sphere,complement,0,29,2.84217e-14,0
F01-Sphere,complement,0,30,0.0291857,1
F01-Sphere,complement,0,31,0.0717096,1
F01-Sphere,complement,0,32,0.194503,1
F01-Sphere,complement,0,33,2.84217e-14,0
F01-Sphere,complement,0,34,10.0183,1
F01-Sphere,complement,0,35,2.84217e-14,0
F01-Sphere,complement,0,36,0.183894,1
F01-Sphere,complement,0,37,2.84217e-14,0
F01-Sphere,complement,0,38,0.156717,1
F01-Sphere,complement,0,39,2.84217e-14,0
F01-Sphere,complement,0,40,9.80145,1
F01-Sphere,complement,0,41,0.134589,1
F01-Sphere,complement,0,42,2.84217e-14,0
F01-Sphere,complement,0,43,9.91335,1
F01-Sphere,complement,0,44,2.84217e-14,0
F01-Sphere,MC-ESO,1,15,0,0
F01-Sphere,MC-ESO,1,16,0.0393202,1
F01-Sphere,MC-ESO,1,17,0,1
F01-Sphere,MC-ESO,1,18,0,0
F01-Sphere,MC-ESO,1,19,0,0
F01-Sphere,MC-ESO,1,20,0,0
F01-Sphere,MC-ESO,1,21,0.17976,0
F01-Sphere,MC-ESO,1,22,0,0
F01-Sphere,MC-ESO,1,23,0.368146,1
F01-Sphere,MC-ESO,1,24,0.138927,1
F01-Sphere,MC-ESO,1,25,0,0
F01-Sphere,MC-ESO,1,26,10.0018,1
F01-Sphere,MC-ESO,1,27,3.3387,1
F01-Sphere,MC-ESO,1,28,0,0
F01-Sphere,MC-ESO,1,29,0.175898,1
F01-Sphere,MC-ESO,1,30,0,0
F01-Sphere,MC-ESO,1,31,0.194906,1
F01-Sphere,MC-ESO,1,32,0,0
F01-Sphere,MC-ESO,1,33,0.17976,0
F01-Sphere,MC-ESO,1,34,0.213982,1
F01-Sphere,MC-ESO,1,35,0.335685,1
F01-Sphere,MC-ESO,1,36,0,1
F01-Sphere,MC-ESO,1,37,0.182334,1
F01-Sphere,MC-ESO,1,38,0,0
F01-Sphere,MC-ESO,1,39,0,0
F01-Sphere,MC-ESO,1,40,0,0
F01-Sphere,MC-ESO,1,41,0,0
F01-Sphere,MC-ESO,1,42,0,0
F01-Sphere,MC-ESO,1,43,0,0
F01-Sphere,MC-ESO,1,44,0,0
F01-Sphere,NMMSO,1,15,0,0
F01-Sphere,NMMSO,1,16,0.132441,1
F01-Sphere,NMMSO,1,17,0.124646,1
F01-Sphere,NMMSO,1,18,0,0
F01-Sphere,NMMSO,1,19,0,0
F01-Sphere,NMMSO,1,20,0,0
F01-Sphere,NMMSO,1,21,9.881,1
F01-Sphere,NMMSO,1,22,0,0
F01-Sphere,NMMSO,1,23,0,0
F01-Sphere,NMMSO,1,24,0.240666,1
F01-Sphere,NMMSO,1,25,0,0
F01-Sphere,NMMSO,1,26,10.0018,0
F01-Sphere,NMMSO,1,27,3.33869,0
F01-Sphere,NMMSO,1,28,0,0
F01-Sphere,NMMSO,1,29,0.175898,1
F01-Sphere,NMMSO,1,30,0,0
F01-Sphere,NMMSO,1,31,0.194906,1
F01-Sphere,NMMSO,1,32,0,0
F01-Sphere,NMMSO,1,33,9.83493,1
F01-Sphere,NMMSO,1,34,0.213982,1
F01-Sphere,NMMSO,1,35,0,0
F01-Sphere,NMMSO,1,36,0.200962,1
F01-Sphere,NMMSO,1,37,0.182334,1
F01-Sphere,NMMSO,1,38,9.55301,1
F01-Sphere,NMMSO,1,39,0,0
F01-Sphere,NMMSO,1,40,0,0
F01-Sphere,NMMSO,1,41,0,0
F01-Sphere,NMMSO,1,42,0,0
F01-Sphere,NMMSO,1,43,0,0
F01-Sphere,NMMSO,1,44,0,0
F01-Sphere,NCDE,1,15,0,0
F01-Sphere,NCDE,1,16,0.132441,0
F01-Sphere,NCDE,1,17,0.124646,0
F01-Sphere,NCDE,1,18,0,0
F01-Sphere,NCDE,1,19,0,0
F01-Sphere,NCDE,1,20,0,0
F01-Sphere,NCDE,1,21,9.881,0
F01-Sphere,NCDE,1,22,0,0
F01-Sphere,NCDE,1,23,0.368146,0
F01-Sphere,NCDE,1,24,0.240666,0
F01-Sphere,NCDE,1,25,0,0
F01-Sphere,NCDE,1,26,8.06521,0
F01-Sphere,NCDE,1,27,0,0
F01-Sphere,NCDE,1,28,0,0
F01-Sphere,NCDE,1,29,0.175898,0
F01-Sphere,NCDE,1,30,0,0
F01-Sphere,NCDE,1,31,0.194906,0
F01-Sphere,NCDE,1,32,0,0
F01-Sphere,NCDE,1,33,1.42764,0
F01-Sphere,NCDE,1,34,0.213982,0
F01-Sphere,NCDE,1,35,0.335685,0
F01-Sphere,NCDE,1,36,0.200961,0
F01-Sphere,NCDE,1,37,0.182334,0
F01-Sphere,NCDE,1,38,9.55301,0
F01-Sphere,NCDE,1,39,0,0
F01-Sphere,NCDE,1,40,0,0
F01-Sphere,NCDE,1,41,0,0
F01-Sphere,NCDE,1,42,0,0
F01-Sphere,NCDE,1,43,0,0
F01-Sphere,NCDE,1,44,0,0
F01-Sphere,r3pso,1,15,0,0
F01-Sphere,r3pso,1,16,0.132441,1
F01-Sphere,r3pso,1,17,0.124646,1
F01-Sphere,r3pso,1,18,0,0
F01-Sphere,r3pso,1,19,0,0
F01-Sphere,r3pso,1,20,0,0
F01-Sphere,r3pso,1,21,9.881,1
F01-Sphere,r3pso,1,22,0,0
F01-Sphere,r3pso,1,23,0.368147,1
F01-Sphere,r3pso,1,24,0.240666,1
F01-Sphere,r3pso,1,25,0,0
F01-Sphere,r3pso,1,26,10.0018,1
F01-Sphere,r3pso,1,27,3.3387,1
F01-Sphere,r3pso,1,28,0,0
F01-Sphere,r3pso,1,29,0.175898,1
F01-Sphere,r3pso,1,30,0,0
F01-Sphere,r3pso,1,31,0.194906,1
F01-Sphere,r3pso,1,32,0,0
F01-Sphere,r3pso,1,33,9.83493,1
F01-Sphere,r3pso,1,34,0.213982,1
F01-Sphere,r3pso,1,35,0.335685,1
F01-Sphere,r3pso,1,36,0.200961,1
F01-Sphere,r3pso,1,37,0.182334,1
F01-Sphere,r3pso,1,38,9.55301,1
F01-Sphere,r3pso,1,39,0,0
F01-Sphere,r3pso,1,40,0,0
F01-Sphere,r3pso,1,41,0,0
F01-Sphere,r3pso,1,42,0,0
F01-Sphere,r3pso,1,43,0,0
F01-Sphere,r3pso,1,44,0,0
F01-Sphere,NM-Restart,1,15,0,0
F01-Sphere,NM-Restart,1,16,0.132441,1
F01-Sphere,NM-Restart,1,17,0.124646,1
F01-Sphere,NM-Restart,1,18,0,0
F01-Sphere,NM-Restart,1,19,0,0
F01-Sphere,NM-Restart,1,20,0,0
F01-Sphere,NM-Restart,1,21,9.881,1
F01-Sphere,NM-Restart,1,22,0,0
F01-Sphere,NM-Restart,1,23,0.368147,1
F01-Sphere,NM-Restart,1,24,0.240666,1
F01-Sphere,NM-Restart,1,25,0,0
F01-Sphere,NM-Restart,1,26,10.0018,1
F01-Sphere,NM-Restart,1,27,3.3387,1
F01-Sphere,NM-Restart,1,28,0,0
F01-Sphere,NM-Restart,1,29,0.175898,1
F01-Sphere,NM-Restart,1,30,0,0
F01-Sphere,NM-Restart,1,31,0.194906,1
F01-Sphere,NM-Restart,1,32,0,0
F01-Sphere,NM-Restart,1,33,9.83493,1
F01-Sphere,NM-Restart,1,34,0.213982,1
F01-Sphere,NM-Restart,1,35,0.335685,1
F01-Sphere,NM-Restart,1,36,0.200961,1
F01-Sphere,NM-Restart,1,37,0.182334,1
F01-Sphere,NM-Restart,1,38,9.55301,1
F01-Sphere,NM-Restart,1,39,0,0
F01-Sphere,NM-Restart,1,40,0,0
F01-Sphere,NM-Restart,1,41,0,0
F01-Sphere,NM-Restart,1,42,0,0
F01-Sphere,NM-Restart,1,43,0,0
F01-Sphere,NM-Restart,1,44,0,0
F01-Sphere,IPOP-CMA-ES,1,15,0,0
F01-Sphere,IPOP-CMA-ES,1,16,0.132441,1
F01-Sphere,IPOP-CMA-ES,1,17,0.124646,1
F01-Sphere,IPOP-CMA-ES,1,18,0,0
F01-Sphere,IPOP-CMA-ES,1,19,0,0
F01-Sphere,IPOP-CMA-ES,1,20,0,0
F01-Sphere,IPOP-CMA-ES,1,21,9.881,1
F01-Sphere,IPOP-CMA-ES,1,22,0,0
F01-Sphere,IPOP-CMA-ES,1,23,0.368146,1
F01-Sphere,IPOP-CMA-ES,1,24,0.240666,1
F01-Sphere,IPOP-CMA-ES,1,25,0,0
F01-Sphere,IPOP-CMA-ES,1,26,10.0018,1
F01-Sphere,IPOP-CMA-ES,1,27,3.3387,1
F01-Sphere,IPOP-CMA-ES,1,28,0,0
F01-Sphere,IPOP-CMA-ES,1,29,0.175898,1
F01-Sphere,IPOP-CMA-ES,1,30,0,0
F01-Sphere,IPOP-CMA-ES,1,31,0.194906,1
F01-Sphere,IPOP-CMA-ES,1,32,0,0
F01-Sphere,IPOP-CMA-ES,1,33,9.83493,1
F01-Sphere,IPOP-CMA-ES,1,34,0.213982,1
F01-Sphere,IPOP-CMA-ES,1,35,0.335685,1
F01-Sphere,IPOP-CMA-ES,1,36,0.200961,1
F01-Sphere,IPOP-CMA-ES,1,37,0.182334,1
F01-Sphere,IPOP-CMA-ES,1,38,9.55301,1
F01-Sphere,IPOP-CMA-ES,1,39,0,0
F01-Sphere,IPOP-CMA-ES,1,40,0,0
F01-Sphere,IPOP-CMA-ES,1,41,0,0
F01-Sphere,IPOP-CMA-ES,1,42,0,0
F01-Sphere,IPOP-CMA-ES,1,43,0,0
F01-Sphere,IPOP-CMA-ES,1,44,0,0
F01-Sphere,DE,1,15,0,0
F01-Sphere,DE,1,16,0.132441,1
F01-Sphere,DE,1,17,0.124646,1
F01-Sphere,DE,1,18,0,0
F01-Sphere,DE,1,19,0,0
F01-Sphere,DE,1,20,0,0
F01-Sphere,DE,1,21,9.881,1
F01-Sphere,DE,1,22,0,0
F01-Sphere,DE,1,23,0.368146,1
F01-Sphere,DE,1,24,0.240666,1
F01-Sphere,DE,1,25,0,0
F01-Sphere,DE,1,26,10.0018,1
F01-Sphere,DE,1,27,3.3387,1
F01-Sphere,DE,1,28,0,0
F01-Sphere,DE,1,29,0.175898,1
F01-Sphere,DE,1,30,0,0
F01-Sphere,DE,1,31,0.194906,1
F01-Sphere,DE,1,32,0,0
F01-Sphere,DE,1,33,9.83493,1
F01-Sphere,DE,1,34,0.213982,1
F01-Sphere,DE,1,35,0.335685,1
F01-Sphere,DE,1,36,0.200961,1
F01-Sphere,DE,1,37,0.182334,1
F01-Sphere,DE,1,38,9.55301,1
F01-Sphere,DE,1,39,0,0
F01-Sphere,DE,1,40,0,0
F01-Sphere,DE,1,41,0,0
F01-Sphere,DE,1,42,0,0
F01-Sphere,DE,1,43,0,0
F01-Sphere,DE,1,44,0,0
F01-Sphere,PSO,1,15,0,0
F01-Sphere,PSO,1,16,0.132441,1
F01-Sphere,PSO,1,17,0.124646,1
F01-Sphere,PSO,1,18,0,0
F01-Sphere,PSO,1,19,0,0
F01-Sphere,PSO,1,20,0,0
F01-Sphere,PSO,1,21,9.881,1
F01-Sphere,PSO,1,22,0,0
F01-Sphere,PSO,1,23,0.368147,1
F01-Sphere,PSO,1,24,0.240666,1
F01-Sphere,PSO,1,25,0,0
F01-Sphere,PSO,1,26,10.0018,1
F01-Sphere,PSO,1,27,3.3387,1
F01-Sphere,PSO,1,28,0,0
F01-Sphere,PSO,1,29,0.175898,1
F01-Sphere,PSO,1,30,0,0
F01-Sphere,PSO,1,31,0.194906,1
F01-Sphere,PSO,1,32,0,0
F01-Sphere,PSO,1,33,9.83493,1
F01-Sphere,PSO,1,34,0.213982,1
F01-Sphere,PSO,1,35,0.335685,1
F01-Sphere,PSO,1,36,0.200961,1
F01-Sphere,PSO,1,37,0.182334,1
F01-Sphere,PSO,1,38,9.55301,1
F01-Sphere,PSO,1,39,0,0
F01-Sphere,PSO,1,40,0,0
F01-Sphere,PSO,1,41,0,0
F01-Sphere,PSO,1,42,0,0
F01-Sphere,PSO,1,43,0,0
F01-Sphere,PSO,1,44,0,0
F01-Sphere,Crowding-DE,1,15,3.00788e-09,0
F01-Sphere,Crowding-DE,1,16,0.132479,1
F01-Sphere,Crowding-DE,1,17,0.124687,1
F01-Sphere,Crowding-DE,1,18,3.00788e-09,0
F01-Sphere,Crowding-DE,1,19,3.00788e-09,0
F01-Sphere,Crowding-DE,1,20,3.00788e-09,0
F01-Sphere,Crowding-DE,1,21,9.88105,1
F01-Sphere,Crowding-DE,1,22,3.00788e-09,0
F01-Sphere,Crowding-DE,1,23,0.368095,1
F01-Sphere,Crowding-DE,1,24,0.240716,1
F01-Sphere,Crowding-DE,1,25,3.00788e-09,0
F01-Sphere,Crowding-DE,1,26,10.0018,1
F01-Sphere,Crowding-DE,1,27,3.33864,1
F01-Sphere,Crowding-DE,1,28,3.00788e-09,0
F01-Sphere,Crowding-DE,1,29,0.175893,1
F01-Sphere,Crowding-DE,1,30,3.00788e-09,0
F01-Sphere,Crowding-DE,1,31,0.194879,1
F01-Sphere,Crowding-DE,1,32,3.00788e-09,0
F01-Sphere,Crowding-DE,1,33,9.83495,1
F01-Sphere,Crowding-DE,1,34,0.213991,1
F01-Sphere,Crowding-DE,1,35,0.335633,1
F01-Sphere,Crowding-DE,1,36,0.201011,1
F01-Sphere,Crowding-DE,1,37,0.182331,1
F01-Sphere,Crowding-DE,1,38,9.55305,1
F01-Sphere,Crowding-DE,1,39,3.00788e-09,0
F01-Sphere,Crowding-DE,1,40,3.00788e-09,0
F01-Sphere,Crowding-DE,1,41,3.00788e-09,0
F01-Sphere,Crowding-DE,1,42,3.00788e-09,0
F01-Sphere,Crowding-DE,1,43,3.00788e-09,0
F01-Sphere,Crowding-DE,1,44,3.00788e-09,0
F01-Sphere,MAP-Elites,1,15,0.00165684,0
F01-Sphere,MAP-Elites,1,16,0.174802,1
F01-Sphere,MAP-Elites,1,17,0.166864,1
F01-Sphere,MAP-Elites,1,18,0.00165684,0
F01-Sphere,MAP-Elites,1,19,0.00165684,0
F01-Sphere,MAP-Elites,1,20,0.00165684,0
F01-Sphere,MAP-Elites,1,21,0.0939401,0
F01-Sphere,MAP-Elites,1,22,0.00165684,0
F01-Sphere,MAP-Elites,1,23,0.240906,1
F01-Sphere,MAP-Elites,1,24,0.0029992,1
F01-Sphere,MAP-Elites,1,25,0.00165684,0
F01-Sphere,MAP-Elites,1,26,0,0
F01-Sphere,MAP-Elites,1,27,3.19232,1
F01-Sphere,MAP-Elites,1,28,0.00165684,0
F01-Sphere,MAP-Elites,1,29,0.0742593,1
F01-Sphere,MAP-Elites,1,30,0.00165684,0
F01-Sphere,MAP-Elites,1,31,0,1
F01-Sphere,MAP-Elites,1,32,0.00165684,0
F01-Sphere,MAP-Elites,1,33,0.0720231,0
F01-Sphere,MAP-Elites,1,34,0.22893,1
F01-Sphere,MAP-Elites,1,35,0.214854,1
F01-Sphere,MAP-Elites,1,36,0.207194,1
F01-Sphere,MAP-Elites,1,37,0.0914422,1
F01-Sphere,MAP-Elites,1,38,9.59533,1
F01-Sphere,MAP-Elites,1,39,0.00165684,0
F01-Sphere,MAP-Elites,1,40,0.00165684,0
F01-Sphere,MAP-Elites,1,41,0.00165684,0
F01-Sphere,MAP-Elites,1,42,0.00165684,0
F01-Sphere,MAP-Elites,1,43,0.00165684,0
F01-Sphere,MAP-Elites,1,44,0.00165684,0
F01-Sphere,MC-ESO-crowd,1,15,4.63011e-07,0
F01-Sphere,MC-ESO-crowd,1,16,0,1
F01-Sphere,MC-ESO-crowd,1,17,0.0222418,1
F01-Sphere,MC-ESO-crowd,1,18,4.63011e-07,0
F01-Sphere,MC-ESO-crowd,1,19,4.63011e-07,0
F01-Sphere,MC-ESO-crowd,1,20,4.63011e-07,0
F01-Sphere,MC-ESO-crowd,1,21,0,0
F01-Sphere,MC-ESO-crowd,1,22,4.63011e-07,0
F01-Sphere,MC-ESO-crowd,1,23,0.136565,1
F01-Sphere,MC-ESO-crowd,1,24,0,1
F01-Sphere,MC-ESO-crowd,1,25,4.63011e-07,0
F01-Sphere,MC-ESO-crowd,1,26,9.78769,1
F01-Sphere,MC-ESO-crowd,1,27,3.12039,1
F01-Sphere,MC-ESO-crowd,1,28,4.63011e-07,0
F01-Sphere,MC-ESO-crowd,1,29,0,1
F01-Sphere,MC-ESO-crowd,1,30,4.63011e-07,0
F01-Sphere,MC-ESO-crowd,1,31,0.0146537,1
F01-Sphere,MC-ESO-crowd,1,32,4.63011e-07,0
F01-Sphere,MC-ESO-crowd,1,33,0,0
F01-Sphere,MC-ESO-crowd,1,34,0,1
F01-Sphere,MC-ESO-crowd,1,35,0.101147,1
F01-Sphere,MC-ESO-crowd,1,36,0.0626926,1
F01-Sphere,MC-ESO-crowd,1,37,0,1
F01-Sphere,MC-ESO-crowd,1,38,9.43599,1
F01-Sphere,MC-ESO-crowd,1,39,4.63011e-07,0
F01-Sphere,MC-ESO-crowd,1,40,4.63011e-07,0
F01-Sphere,MC-ESO-crowd,1,41,4.63011e-07,0
F01-Sphere,MC-ESO-crowd,1,42,4.63011e-07,0
F01-Sphere,MC-ESO-crowd,1,43,4.63011e-07,0
F01-Sphere,MC-ESO-crowd,1,44,4.63011e-07,0
F01-Sphere,quality,1,15,9.9476e-14,0
F01-Sphere,quality,1,16,0.132441,1
F01-Sphere,quality,1,17,0.124646,1
F01-Sphere,quality,1,18,9.9476e-14,0
F01-Sphere,quality,1,19,9.9476e-14,0
F01-Sphere,quality,1,20,9.9476e-14,0
F01-Sphere,quality,1,21,9.881,1
F01-Sphere,quality,1,22,9.9476e-14,0
F01-Sphere,quality,1,23,0.368146,1
F01-Sphere,quality,1,24,0.240666,1
F01-Sphere,quality,1,25,9.9476e-14,0
F01-Sphere,quality,1,26,10.0018,1
F01-Sphere,quality,1,27,3.33869,1
F01-Sphere,quality,1,28,9.9476e-14,0
F01-Sphere,quality,1,29,0.175898,1
F01-Sphere,quality,1,30,9.9476e-14,0
F01-Sphere,quality,1,31,0.194906,1
F01-Sphere,quality,1,32,9.9476e-14,0
F01-Sphere,quality,1,33,9.83493,1
F01-Sphere,quality,1,34,0.213982,1
F01-Sphere,quality,1,35,0.335684,1
F01-Sphere,quality,1,36,0.200961,1
F01-Sphere,quality,1,37,0.182334,1
F01-Sphere,quality,1,38,9.55301,1
F01-Sphere,quality,1,39,9.9476e-14,0
F01-Sphere,quality,1,40,9.9476e-14,0
F01-Sphere,quality,1,41,9.9476e-14,0
F01-Sphere,quality,1,42,9.9476e-14,0
F01-Sphere,quality,1,43,9.9476e-14,0
F01-Sphere,quality,1,44,9.9476e-14,0
F01-Sphere,complement,1,15,9.9476e-14,0
F01-Sphere,complement,1,16,0.132441,1
F01-Sphere,complement,1,17,0.124646,1
F01-Sphere,complement,1,18,9.9476e-14,0
F01-Sphere,complement,1,19,9.9476e-14,0
F01-Sphere,complement,1,20,9.9476e-14,0
F01-Sphere,complement,1,21,9.881,1
F01-Sphere,complement,1,22,9.9476e-14,0
F01-Sphere,complement,1,23,0.368146,1
F01-Sphere,complement,1,24,0.240666,1
F01-Sphere,complement,1,25,9.9476e-14,0
F01-Sphere,complement,1,26,10.0018,1
F01-Sphere,complement,1,27,3.33869,1
F01-Sphere,complement,1,28,9.9476e-14,0
F01-Sphere,complement,1,29,0.175898,1
F01-Sphere,complement,1,30,9.9476e-14,0
F01-Sphere,complement,1,31,0.194906,1
F01-Sphere,complement,1,32,9.9476e-14,0
F01-Sphere,complement,1,33,9.83493,1
F01-Sphere,complement,1,34,0.213982,1
F01-Sphere,complement,1,35,0.335684,1
F01-Sphere,complement,1,36,0.200961,1
F01-Sphere,complement,1,37,0.182334,1
F01-Sphere,complement,1,38,9.55301,1
F01-Sphere,complement,1,39,9.9476e-14,0
F01-Sphere,complement,1,40,9.9476e-14,0
F01-Sphere,complement,1,41,9.9476e-14,0
F01-Sphere,complement,1,42,9.9476e-14,0
F01-Sphere,complement,1,43,9.9476e-14,0
F01-Sphere,complement,1,44,9.9476e-14,0
F01-Sphere,MC-ESO,2,15,0,0
F01-Sphere,MC-ESO,2,16,0,0
F01-Sphere,MC-ESO,2,17,0.150687,1
F01-Sphere,MC-ESO,2,18,0,0
F01-Sphere,MC-ESO,2,19,0.188549,1
F01-Sphere,MC-ESO,2,20,9.87729,1
F01-Sphere,MC-ESO,2,21,0,0
F01-Sphere,MC-ESO,2,22,9.88448,1
F01-Sphere,MC-ESO,2,23,0.207712,1
F01-Sphere,MC-ESO,2,24,0,0
F01-Sphere,MC-ESO,2,25,0,0
F01-Sphere,MC-ESO,2,26,0.18407,1
F01-Sphere,MC-ESO,2,27,0.0634392,1
F01-Sphere,MC-ESO,2,28,0.229919,1
F01-Sphere,MC-ESO,2,29,0,0
F01-Sphere,MC-ESO,2,30,0,0
F01-Sphere,MC-ESO,2,31,0,0
F01-Sphere,MC-ESO,2,32,0,0
F01-Sphere,MC-ESO,2,33,0.153489,1
F01-Sphere,MC-ESO,2,34,0,0
F01-Sphere,MC-ESO,2,35,9.96351,1
F01-Sphere,MC-ESO,2,36,9.99875,1
F01-Sphere,MC-ESO,2,37,0.190066,1
F01-Sphere,MC-ESO,2,38,0.205869,1
F01-Sphere,MC-ESO,2,39,10.0638,1
F01-Sphere,MC-ESO,2,40,4.05569,1
F01-Sphere,MC-ESO,2,41,0.112664,1
F01-Sphere,MC-ESO,2,42,0.128684,1
F01-Sphere,MC-ESO,2,43,0,0
F01-Sphere,MC-ESO,2,44,10.1259,1
F01-Sphere,NMMSO,2,15,0,0
F01-Sphere,NMMSO,2,16,0,0
F01-Sphere,NMMSO,2,17,0.150687,1
F01-Sphere,NMMSO,2,18,0,0
F01-Sphere,NMMSO,2,19,0.188549,1
F01-Sphere,NMMSO,2,20,9.87729,1
F01-Sphere,NMMSO,2,21,0,0
F01-Sphere,NMMSO,2,22,9.88448,1
F01-Sphere,NMMSO,2,23,0.207712,1
F01-Sphere,NMMSO,2,24,0,0
F01-Sphere,NMMSO,2,25,0,0
F01-Sphere,NMMSO,2,26,0.18407,1
F01-Sphere,NMMSO,2,27,0.0634391,1
F01-Sphere,NMMSO,2,28,0.229919,1
F01-Sphere,NMMSO,2,29,0,0
F01-Sphere,NMMSO,2,30,0,0
F01-Sphere,NMMSO,2,31,0,0
F01-Sphere,NMMSO,2,32,0,0
F01-Sphere,NMMSO,2,33,0.153489,1
F01-Sphere,NMMSO,2,34,0,0
F01-Sphere,NMMSO,2,35,9.96351,1
F01-Sphere,NMMSO,2,36,9.99875,1
F01-Sphere,NMMSO,2,37,0.190066,1
F01-Sphere,NMMSO,2,38,0.205869,1
F01-Sphere,NMMSO,2,39,10.0638,1
F01-Sphere,NMMSO,2,40,4.05569,1
F01-Sphere,NMMSO,2,41,0.112664,1
F01-Sphere,NMMSO,2,42,0.128684,1
F01-Sphere,NMMSO,2,43,0,0
F01-Sphere,NMMSO,2,44,10.1259,1
F01-Sphere,NCDE,2,15,0,0
F01-Sphere,NCDE,2,16,0,0
F01-Sphere,NCDE,2,17,0.0718866,1
F01-Sphere,NCDE,2,18,0,0
F01-Sphere,NCDE,2,19,0,1
F01-Sphere,NCDE,2,20,0.127535,0
F01-Sphere,NCDE,2,21,0,0
F01-Sphere,NCDE,2,22,6.72285,0
F01-Sphere,NCDE,2,23,0.207712,1
F01-Sphere,NCDE,2,24,0,0
F01-Sphere,NCDE,2,25,0,0
F01-Sphere,NCDE,2,26,0.18407,1
F01-Sphere,NCDE,2,27,0.0634392,1
F01-Sphere,NCDE,2,28,0.0423639,1
F01-Sphere,NCDE,2,29,0,0
F01-Sphere,NCDE,2,30,0,0
F01-Sphere,NCDE,2,31,0,0
F01-Sphere,NCDE,2,32,0,0
F01-Sphere,NCDE,2,33,0,1
F01-Sphere,NCDE,2,34,0,0
F01-Sphere,NCDE,2,35,0.32497,0
F01-Sphere,NCDE,2,36,6.28278,0
F01-Sphere,NCDE,2,37,0.0680288,1
F01-Sphere,NCDE,2,38,0.0925423,1
F01-Sphere,NCDE,2,39,1.45532,0
F01-Sphere,NCDE,2,40,0,0
F01-Sphere,NCDE,2,41,0.0947918,1
F01-Sphere,NCDE,2,42,0.128684,1
F01-Sphere,NCDE,2,43,0,0
F01-Sphere,NCDE,2,44,0,0
F01-Sphere,r3pso,2,15,0,0
F01-Sphere,r3pso,2,16,0,0
F01-Sphere,r3pso,2,17,0.150687,1
F01-Sphere,r3pso,2,18,0,0
F01-Sphere,r3pso,2,19,0.188549,1
F01-Sphere,r3pso,2,20,9.87729,1
F01-Sphere,r3pso,2,21,0,0
F01-Sphere,r3pso,2,22,9.88448,1
F01-Sphere,r3pso,2,23,0.207712,1
F01-Sphere,r3pso,2,24,0,0
F01-Sphere,r3pso,2,25,0,0
F01-Sphere,r3pso,2,26,0.18407,1
F01-Sphere,r3pso,2,27,0.0634391,1
F01-Sphere,r3pso,2,28,0.229919,1
F01-Sphere,r3pso,2,29,0,0
F01-Sphere,r3pso,2,30,0,0
F01-Sphere,r3pso,2,31,0,0
F01-Sphere,r3pso,2,32,0,0
F01-Sphere,r3pso,2,33,0.153489,1
F01-Sphere,r3pso,2,34,0,0
F01-Sphere,r3pso,2,35,9.96351,1
F01-Sphere,r3pso,2,36,9.99875,1
F01-Sphere,r3pso,2,37,0.190066,1
F01-Sphere,r3pso,2,38,0.205869,1
F01-Sphere,r3pso,2,39,10.0638,1
F01-Sphere,r3pso,2,40,4.05569,1
F01-Sphere,r3pso,2,41,0.112664,1
F01-Sphere,r3pso,2,42,0.128684,1
F01-Sphere,r3pso,2,43,0,0
F01-Sphere,r3pso,2,44,10.1259,1
F01-Sphere,NM-Restart,2,15,0,0
F01-Sphere,NM-Restart,2,16,0,0
F01-Sphere,NM-Restart,2,17,0.150687,1
F01-Sphere,NM-Restart,2,18,0,0
F01-Sphere,NM-Restart,2,19,0.188548,1
F01-Sphere,NM-Restart,2,20,9.87729,1
F01-Sphere,NM-Restart,2,21,0,0
F01-Sphere,NM-Restart,2,22,9.88448,1
F01-Sphere,NM-Restart,2,23,0.207712,1
F01-Sphere,NM-Restart,2,24,0,0
F01-Sphere,NM-Restart,2,25,0,0
F01-Sphere,NM-Restart,2,26,0.18407,1
F01-Sphere,NM-Restart,2,27,0.0634391,1
F01-Sphere,NM-Restart,2,28,0.229919,1
F01-Sphere,NM-Restart,2,29,0,0
F01-Sphere,NM-Restart,2,30,0,0
F01-Sphere,NM-Restart,2,31,0,0
F01-Sphere,NM-Restart,2,32,0,0
F01-Sphere,NM-Restart,2,33,0.153489,1
F01-Sphere,NM-Restart,2,34,0,0
F01-Sphere,NM-Restart,2,35,9.96351,1
F01-Sphere,NM-Restart,2,36,9.99875,1
F01-Sphere,NM-Restart,2,37,0.190066,1
F01-Sphere,NM-Restart,2,38,0.205869,1
F01-Sphere,NM-Restart,2,39,10.0638,1
F01-Sphere,NM-Restart,2,40,4.05569,1
F01-Sphere,NM-Restart,2,41,0.112664,1
F01-Sphere,NM-Restart,2,42,0.128684,1
F01-Sphere,NM-Restart,2,43,0,0
F01-Sphere,NM-Restart,2,44,10.1259,1
F01-Sphere,IPOP-CMA-ES,2,15,0,0
F01-Sphere,IPOP-CMA-ES,2,16,0,0
F01-Sphere,IPOP-CMA-ES,2,17,0.150687,1
F01-Sphere,IPOP-CMA-ES,2,18,0,0
F01-Sphere,IPOP-CMA-ES,2,19,0.188549,1
F01-Sphere,IPOP-CMA-ES,2,20,9.87729,1
F01-Sphere,IPOP-CMA-ES,2,21,0,0
F01-Sphere,IPOP-CMA-ES,2,22,9.88448,1
F01-Sphere,IPOP-CMA-ES,2,23,0.207712,1
F01-Sphere,IPOP-CMA-ES,2,24,0,0
F01-Sphere,IPOP-CMA-ES,2,25,0,0
F01-Sphere,IPOP-CMA-ES,2,26,0.18407,1
F01-Sphere,IPOP-CMA-ES,2,27,0.0634391,1
F01-Sphere,IPOP-CMA-ES,2,28,0.229919,1
F01-Sphere,IPOP-CMA-ES,2,29,0,0
F01-Sphere,IPOP-CMA-ES,2,30,0,0
F01-Sphere,IPOP-CMA-ES,2,31,0,0
F01-Sphere,IPOP-CMA-ES,2,32,0,0
F01-Sphere,IPOP-CMA-ES,2,33,0.153489,1
F01-Sphere,IPOP-CMA-ES,2,34,0,0
F01-Sphere,IPOP-CMA-ES,2,35,9.96351,1
F01-Sphere,IPOP-CMA-ES,2,36,9.99875,1
F01-Sphere,IPOP-CMA-ES,2,37,0.190066,1
F01-Sphere,IPOP-CMA-ES,2,38,0.205869,1
F01-Sphere,IPOP-CMA-ES,2,39,10.0638,1
F01-Sphere,IPOP-CMA-ES,2,40,4.05569,1
F01-Sphere,IPOP-CMA-ES,2,41,0.112664,1
F01-Sphere,IPOP-CMA-ES,2,42,0.128684,1
F01-Sphere,IPOP-CMA-ES,2,43,0,0
F01-Sphere,IPOP-CMA-ES,2,44,10.1259,1
F01-Sphere,DE,2,15,0,0
F01-Sphere,DE,2,16,0,0
F01-Sphere,DE,2,17,0.150687,1
F01-Sphere,DE,2,18,0,0
F01-Sphere,DE,2,19,0.188548,1
F01-Sphere,DE,2,20,9.87729,1
F01-Sphere,DE,2,21,0,0
F01-Sphere,DE,2,22,9.88448,1
F01-Sphere,DE,2,23,0.207712,1
F01-Sphere,DE,2,24,0,0
F01-Sphere,DE,2,25,0,0
F01-Sphere,DE,2,26,0.18407,1
F01-Sphere,DE,2,27,0.0634392,1
F01-Sphere,DE,2,28,0.229919,1
F01-Sphere,DE,2,29,0,0
F01-Sphere,DE,2,30,0,0
F01-Sphere,DE,2,31,0,0
F01-Sphere,DE,2,32,0,0
F01-Sphere,DE,2,33,0.153489,1
F01-Sphere,DE,2,34,0,0
F01-Sphere,DE,2,35,9.96351,1
F01-Sphere,DE,2,36,9.99875,1
F01-Sphere,DE,2,37,0.190066,1
F01-Sphere,DE,2,38,0.205869,1
F01-Sphere,DE,2,39,10.0638,1
F01-Sphere,DE,2,40,4.05569,1
F01-Sphere,DE,2,41,0.112664,1
F01-Sphere,DE,2,42,0.128684,1
F01-Sphere,DE,2,43,0,0
F01-Sphere,DE,2,44,10.1259,1
F01-Sphere,PSO,2,15,0,0
F01-Sphere,PSO,2,16,0,0
F01-Sphere,PSO,2,17,0.150687,1
F01-Sphere,PSO,2,18,0,0
F01-Sphere,PSO,2,19,0.188549,1
F01-Sphere,PSO,2,20,9.87729,1
F01-Sphere,PSO,2,21,0,0
F01-Sphere,PSO,2,22,9.88448,1
F01-Sphere,PSO,2,23,0.207712,1
F01-Sphere,PSO,2,24,0,0
F01-Sphere,PSO,2,25,0,0
F01-Sphere,PSO,2,26,0.18407,1
F01-Sphere,PSO,2,27,0.0634391,1
F01-Sphere,PSO,2,28,0.229919,1
F01-Sphere,PSO,2,29,0,0
F01-Sphere,PSO,2,30,0,0
F01-Sphere,PSO,2,31,0,0
F01-Sphere,PSO,2,32,0,0
F01-Sphere,PSO,2,33,0.153489,1
F01-Sphere,PSO,2,34,0,0
F01-Sphere,PSO,2,35,9.96351,1
F01-Sphere,PSO,2,36,9.99875,1
F01-Sphere,PSO,2,37,0.190066,1
F01-Sphere,PSO,2,38,0.20587,1
F01-Sphere,PSO,2,39,10.0638,1
F01-Sphere,PSO,2,40,4.05569,1
F01-Sphere,PSO,2,41,0.112664,1
F01-Sphere,PSO,2,42,0.128684,1
F01-Sphere,PSO,2,43,0,0
F01-Sphere,PSO,2,44,10.1259,1
F01-Sphere,Crowding-DE,2,15,1.06431e-08,0
F01-Sphere,Crowding-DE,2,16,1.06431e-08,0
F01-Sphere,Crowding-DE,2,17,0.150768,1
F01-Sphere,Crowding-DE,2,18,1.06431e-08,0
F01-Sphere,Crowding-DE,2,19,0.188587,1
F01-Sphere,Crowding-DE,2,20,9.87739,1
F01-Sphere,Crowding-DE,2,21,1.06431e-08,0
F01-Sphere,Crowding-DE,2,22,9.88439,1
F01-Sphere,Crowding-DE,2,23,0.207641,1
F01-Sphere,Crowding-DE,2,24,1.06431e-08,0
F01-Sphere,Crowding-DE,2,25,1.06431e-08,0
F01-Sphere,Crowding-DE,2,26,0.184007,1
F01-Sphere,Crowding-DE,2,27,0.0634542,1
F01-Sphere,Crowding-DE,2,28,0.230019,1
F01-Sphere,Crowding-DE,2,29,1.06431e-08,0
F01-Sphere,Crowding-DE,2,30,1.06431e-08,0
F01-Sphere,Crowding-DE,2,31,1.06431e-08,0
F01-Sphere,Crowding-DE,2,32,1.06431e-08,0
F01-Sphere,Crowding-DE,2,33,0.153552,1
F01-Sphere,Crowding-DE,2,34,1.06431e-08,0
F01-Sphere,Crowding-DE,2,35,9.96351,1
F01-Sphere,Crowding-DE,2,36,9.99869,1
F01-Sphere,Crowding-DE,2,37,0.190169,1
F01-Sphere,Crowding-DE,2,38,0.205859,1
F01-Sphere,Crowding-DE,2,39,10.0637,1
F01-Sphere,Crowding-DE,2,40,4.0556,1
F01-Sphere,Crowding-DE,2,41,0.112763,1
F01-Sphere,Crowding-DE,2,42,0.128637,1
F01-Sphere,Crowding-DE,2,43,1.06431e-08,0
F01-Sphere,Crowding-DE,2,44,10.126,1
F01-Sphere,MAP-Elites,2,15,0.00763402,0
F01-Sphere,MAP-Elites,2,16,0.00763402,0
F01-Sphere,MAP-Elites,2,17,0.104805,1
F01-Sphere,MAP-Elites,2,18,0.00763402,0
F01-Sphere,MAP-Elites,2,19,0.0295631,1
F01-Sphere,MAP-Elites,2,20,0.0773988,0
F01-Sphere,MAP-Elites,2,21,0.00763402,0
F01-Sphere,MAP-Elites,2,22,0,0
F01-Sphere,MAP-Elites,2,23,0,1
F01-Sphere,MAP-Elites,2,24,0.00763402,0
F01-Sphere,MAP-Elites,2,25,0.00763402,0
F01-Sphere,MAP-Elites,2,26,0,1
F01-Sphere,MAP-Elites,2,27,0,1
F01-Sphere,MAP-Elites,2,28,0.0361772,1
F01-Sphere,MAP-Elites,2,29,0.00763402,0
F01-Sphere,MAP-Elites,2,30,0.00763402,0
F01-Sphere,MAP-Elites,2,31,0.00763402,0
F01-Sphere,MAP-Elites,2,32,0.00763402,0
F01-Sphere,MAP-Elites,2,33,0.029525,1
F01-Sphere,MAP-Elites,2,34,0.00763402,0
F01-Sphere,MAP-Elites,2,35,0,0
F01-Sphere,MAP-Elites,2,36,9.81409,1
F01-Sphere,MAP-Elites,2,37,0.0718071,1
F01-Sphere,MAP-Elites,2,38,0.00588516,1
F01-Sphere,MAP-Elites,2,39,0,0
F01-Sphere,MAP-Elites,2,40,3.81042,1
F01-Sphere,MAP-Elites,2,41,0.079112,1
F01-Sphere,MAP-Elites,2,42,0,1
F01-Sphere,MAP-Elites,2,43,0.00763402,0
F01-Sphere,MAP-Elites,2,44,0.0838212,0
F01-Sphere,MC-ESO-crowd,2,15,4.37085e-06,0
F01-Sphere,MC-ESO-crowd,2,16,4.37085e-06,0
F01-Sphere,MC-ESO-crowd,2,17,0,1
F01-Sphere,MC-ESO-crowd,2,18,4.37085e-06,0
F01-Sphere,MC-ESO-crowd,2,19,0.135293,1
F01-Sphere,MC-ESO-crowd,2,20,0,0
F01-Sphere,MC-ESO-crowd,2,21,4.37085e-06,0
F01-Sphere,MC-ESO-crowd,2,22,0.440073,0
F01-Sphere,MC-ESO-crowd,2,23,0.101153,1
F01-Sphere,MC-ESO-crowd,2,24,4.37085e-06,0
F01-Sphere,MC-ESO-crowd,2,25,4.37085e-06,0
F01-Sphere,MC-ESO-crowd,2,26,0.0917316,1
F01-Sphere,MC-ESO-crowd,2,27,0.0632374,1
F01-Sphere,MC-ESO-crowd,2,28,0,1
F01-Sphere,MC-ESO-crowd,2,29,4.37085e-06,0
F01-Sphere,MC-ESO-crowd,2,30,4.37085e-06,0
F01-Sphere,MC-ESO-crowd,2,31,4.37085e-06,0
F01-Sphere,MC-ESO-crowd,2,32,4.37085e-06,0
F01-Sphere,MC-ESO-crowd,2,33,0.0260649,1
F01-Sphere,MC-ESO-crowd,2,34,4.37085e-06,0
F01-Sphere,MC-ESO-crowd,2,35,0.152001,0
F01-Sphere,MC-ESO-crowd,2,36,0,0
F01-Sphere,MC-ESO-crowd,2,37,0,1
F01-Sphere,MC-ESO-crowd,2,38,0,1
F01-Sphere,MC-ESO-crowd,2,39,0.440073,0
F01-Sphere,MC-ESO-crowd,2,40,3.96553,1
F01-Sphere,MC-ESO-crowd,2,41,0,1
F01-Sphere,MC-ESO-crowd,2,42,0.0840551,1
F01-Sphere,MC-ESO-crowd,2,43,4.37085e-06,0
F01-Sphere,MC-ESO-crowd,2,44,0.105724,0
F01-Sphere,quality,2,15,1.42109e-14,0
F01-Sphere,quality,2,16,1.42109e-14,0
F01-Sphere,quality,2,17,0.150686,1
F01-Sphere,quality,2,18,1.42109e-14,0
F01-Sphere,quality,2,19,0.188548,1
F01-Sphere,quality,2,20,9.87729,1
F01-Sphere,quality,2,21,1.42109e-14,0
F01-Sphere,quality,2,22,9.88448,1
F01-Sphere,quality,2,23,0.207712,1
F01-Sphere,quality,2,24,1.42109e-14,0
F01-Sphere,quality,2,25,1.42109e-14,0
F01-Sphere,quality,2,26,0.18407,1
F01-Sphere,quality,2,27,0.0634393,1
F01-Sphere,quality,2,28,0.229919,1
F01-Sphere,quality,2,29,1.42109e-14,0
F01-Sphere,quality,2,30,1.42109e-14,0
F01-Sphere,quality,2,31,1.42109e-14,0
F01-Sphere,quality,2,32,1.42109e-14,0
F01-Sphere,quality,2,33,0.153489,1
F01-Sphere,quality,2,34,1.42109e-14,0
F01-Sphere,quality,2,35,9.96351,1
F01-Sphere,quality,2,36,9.99875,1
F01-Sphere,quality,2,37,0.190066,1
F01-Sphere,quality,2,38,0.205869,1
F01-Sphere,quality,2,39,10.0638,1
F01-Sphere,quality,2,40,4.05569,1
F01-Sphere,quality,2,41,0.112664,1
F01-Sphere,quality,2,42,0.128684,1
F01-Sphere,quality,2,43,1.42109e-14,0
F01-Sphere,quality,2,44,10.1259,1
F01-Sphere,complement,2,15,1.42109e-14,0
F01-Sphere,complement,2,16,1.42109e-14,0
F01-Sphere,complement,2,17,0.150686,1
F01-Sphere,complement,2,18,1.42109e-14,0
F01-Sphere,complement,2,19,0.188548,1
F01-Sphere,complement,2,20,9.87729,1
F01-Sphere,complement,2,21,1.42109e-14,0
F01-Sphere,complement,2,22,9.88448,1
F01-Sphere,complement,2,23,0.207712,1
F01-Sphere,complement,2,24,1.42109e-14,0
F01-Sphere,complement,2,25,1.42109e-14,0
F01-Sphere,complement,2,26,0.18407,1
F01-Sphere,complement,2,27,0.0634393,1
F01-Sphere,complement,2,28,0.229919,1
F01-Sphere,complement,2,29,1.42109e-14,0
F01-Sphere,complement,2,30,1.42109e-14,0
F01-Sphere,complement,2,31,1.42109e-14,0
F01-Sphere,complement,2,32,1.42109e-14,0
F01-Sphere,complement,2,33,0.153489,1
F01-Sphere,complement,2,34,1.42109e-14,0
F01-Sphere,complement,2,35,9.96351,1
F01-Sphere,complement,2,36,9.99875,1
F01-Sphere,complement,2,37,0.190066,1
F01-Sphere,complement,2,38,0.205869,1
F01-Sphere,complement,2,39,10.0638,1
F01-Sphere,complement,2,40,4.05569,1
F01-Sphere,complement,2,41,0.112664,1
F01-Sphere,complement,2,42,0.128684,1
F01-Sphere,complement,2,43,1.42109e-14,0
F01-Sphere,complement,2,44,10.1259,1
F01-Sphere,MC-ESO,3,15,0,0
F01-Sphere,MC-ESO,3,16,0,0
F01-Sphere,MC-ESO,3,17,0,0
F01-Sphere,MC-ESO,3,18,0,0
F01-Sphere,MC-ESO,3,19,0.192089,1
F01-Sphere,MC-ESO,3,20,0,0
F01-Sphere,MC-ESO,3,21,0,0
F01-Sphere,MC-ESO,3,22,0,0
F01-Sphere,MC-ESO,3,23,0.0419985,1
F01-Sphere,MC-ESO,3,24,0,1
F01-Sphere,MC-ESO,3,25,0,0
F01-Sphere,MC-ESO,3,26,0,0
F01-Sphere,MC-ESO,3,27,0.22651,0
F01-Sphere,MC-ESO,3,28,0,0
F01-Sphere,MC-ESO,3,29,0.138563,0
F01-Sphere,MC-ESO,3,30,0.00794452,1
F01-Sphere,MC-ESO,3,31,0,0
F01-Sphere,MC-ESO,3,32,0,0
F01-Sphere,MC-ESO,3,33,0,0
F01-Sphere,MC-ESO,3,34,0.117869,1
F01-Sphere,MC-ESO,3,35,0,0
F01-Sphere,MC-ESO,3,36,0,0
F01-Sphere,MC-ESO,3,37,0,0
F01-Sphere,MC-ESO,3,38,0,0
F01-Sphere,MC-ESO,3,39,0,1
F01-Sphere,MC-ESO,3,40,0,0
F01-Sphere,MC-ESO,3,41,0.116716,1
F01-Sphere,MC-ESO,3,42,0.240097,0
F01-Sphere,MC-ESO,3,43,0.0626063,1
F01-Sphere,MC-ESO,3,44,0.240097,0
F01-Sphere,NMMSO,3,15,0,0
F01-Sphere,NMMSO,3,16,0,0
F01-Sphere,NMMSO,3,17,10.1339,1
F01-Sphere,NMMSO,3,18,0,0
F01-Sphere,NMMSO,3,19,0.192089,1
F01-Sphere,NMMSO,3,20,0,0
F01-Sphere,NMMSO,3,21,0,0
F01-Sphere,NMMSO,3,22,0,0
F01-Sphere,NMMSO,3,23,0.118555,1
F01-Sphere,NMMSO,3,24,0.136148,1
F01-Sphere,NMMSO,3,25,0,0
F01-Sphere,NMMSO,3,26,0,0
F01-Sphere,NMMSO,3,27,9.78632,1
F01-Sphere,NMMSO,3,28,10.1418,1
F01-Sphere,NMMSO,3,29,9.93873,1
F01-Sphere,NMMSO,3,30,0.075976,1
F01-Sphere,NMMSO,3,31,0,0
F01-Sphere,NMMSO,3,32,0,0
F01-Sphere,NMMSO,3,33,0,0
F01-Sphere,NMMSO,3,34,0.177439,1
F01-Sphere,NMMSO,3,35,0,0
F01-Sphere,NMMSO,3,36,0,0
F01-Sphere,NMMSO,3,37,0,0
F01-Sphere,NMMSO,3,38,0,0
F01-Sphere,NMMSO,3,39,0.195516,1
F01-Sphere,NMMSO,3,40,0,0
F01-Sphere,NMMSO,3,41,0.182638,1
F01-Sphere,NMMSO,3,42,9.71023,1
F01-Sphere,NMMSO,3,43,0.0626063,1
F01-Sphere,NMMSO,3,44,9.99623,1
F01-Sphere,NCDE,3,15,0,0
F01-Sphere,NCDE,3,16,0,0
F01-Sphere,NCDE,3,17,10.1339,0
F01-Sphere,NCDE,3,18,0,0
F01-Sphere,NCDE,3,19,0,0
F01-Sphere,NCDE,3,20,0,0
F01-Sphere,NCDE,3,21,0,0
F01-Sphere,NCDE,3,22,0,0
F01-Sphere,NCDE,3,23,0.118555,1
F01-Sphere,NCDE,3,24,0.136148,0
F01-Sphere,NCDE,3,25,0,0
F01-Sphere,NCDE,3,26,0,0
F01-Sphere,NCDE,3,27,9.76091,0
F01-Sphere,NCDE,3,28,10.1418,0
F01-Sphere,NCDE,3,29,9.93873,0
F01-Sphere,NCDE,3,30,0.0759759,1
F01-Sphere,NCDE,3,31,0,0
F01-Sphere,NCDE,3,32,0,0
F01-Sphere,NCDE,3,33,0,0
F01-Sphere,NCDE,3,34,0.144419,1
F01-Sphere,NCDE,3,35,0,0
F01-Sphere,NCDE,3,36,0,0
F01-Sphere,NCDE,3,37,0,0
F01-Sphere,NCDE,3,38,0,0
F01-Sphere,NCDE,3,39,0.195516,0
F01-Sphere,NCDE,3,40,0,0
F01-Sphere,NCDE,3,41,0,0
F01-Sphere,NCDE,3,42,0,0
F01-Sphere,NCDE,3,43,0.0626063,0
F01-Sphere,NCDE,3,44,0,0
F01-Sphere,r3pso,3,15,0,0
F01-Sphere,r3pso,3,16,0,0
F01-Sphere,r3pso,3,17,10.1339,1
F01-Sphere,r3pso,3,18,0,0
F01-Sphere,r3pso,3,19,0.192089,1
F01-Sphere,r3pso,3,20,0,0
F01-Sphere,r3pso,3,21,0,0
F01-Sphere,r3pso,3,22,0,0
F01-Sphere,r3pso,3,23,0.118555,1
F01-Sphere,r3pso,3,24,0.136148,1
F01-Sphere,r3pso,3,25,0,0
F01-Sphere,r3pso,3,26,0,0
F01-Sphere,r3pso,3,27,9.78632,1
F01-Sphere,r3pso,3,28,10.1418,1
F01-Sphere,r3pso,3,29,9.93873,1
F01-Sphere,r3pso,3,30,0.075976,1
F01-Sphere,r3pso,3,31,0,0
F01-Sphere,r3pso,3,32,0,0
F01-Sphere,r3pso,3,33,0,0
F01-Sphere,r3pso,3,34,0.177439,1
F01-Sphere,r3pso,3,35,0,0
F01-Sphere,r3pso,3,36,0,0
F01-Sphere,r3pso,3,37,0,0
F01-Sphere,r3pso,3,38,0,0
F01-Sphere,r3pso,3,39,0.195516,1
F01-Sphere,r3pso,3,40,0,0
F01-Sphere,r3pso,3,41,0.182638,1
F01-Sphere,r3pso,3,42,9.71023,1
F01-Sphere,r3pso,3,43,0.0626063,1
F01-Sphere,r3pso,3,44,9.99623,1
F01-Sphere,NM-Restart,3,15,0,0
F01-Sphere,NM-Restart,3,16,0,0
F01-Sphere,NM-Restart,3,17,10.1339,1
F01-Sphere,NM-Restart,3,18,0,0
F01-Sphere,NM-Restart,3,19,0.192089,1
F01-Sphere,NM-Restart,3,20,0,0
F01-Sphere,NM-Restart,3,21,0,0
F01-Sphere,NM-Restart,3,22,0,0
F01-Sphere,NM-Restart,3,23,0.118555,1
F01-Sphere,NM-Restart,3,24,0.136148,1
F01-Sphere,NM-Restart,3,25,0,0
F01-Sphere,NM-Restart,3,26,0,0
F01-Sphere,NM-Restart,3,27,9.78632,1
F01-Sphere,NM-Restart,3,28,10.1418,1
F01-Sphere,NM-Restart,3,29,9.93873,1
F01-Sphere,NM-Restart,3,30,0.0759758,1
F01-Sphere,NM-Restart,3,31,0,0
F01-Sphere,NM-Restart,3,32,0,0
F01-Sphere,NM-Restart,3,33,0,0
F01-Sphere,NM-Restart,3,34,0.177439,1
F01-Sphere,NM-Restart,3,35,0,0
F01-Sphere,NM-Restart,3,36,0,0
F01-Sphere,NM-Restart,3,37,0,0
F01-Sphere,NM-Restart,3,38,0,0
F01-Sphere,NM-Restart,3,39,0.195516,1
F01-Sphere,NM-Restart,3,40,0,0
F01-Sphere,NM-Restart,3,41,0.182638,1
F01-Sphere,NM-Restart,3,42,9.71023,1
F01-Sphere,NM-Restart,3,43,0.0626062,1
F01-Sphere,NM-Restart,3,44,9.99623,1
F01-Sphere,IPOP-CMA-ES,3,15,0,0
F01-Sphere,IPOP-CMA-ES,3,16,0,0
F01-Sphere,IPOP-CMA-ES,3,17,10.1339,1
F01-Sphere,IPOP-CMA-ES,3,18,0,0
F01-Sphere,IPOP-CMA-ES,3,19,0.192089,1
F01-Sphere,IPOP-CMA-ES,3,20,0,0
F01-Sphere,IPOP-CMA-ES,3,21,0,0
F01-Sphere,IPOP-CMA-ES,3,22,0,0
F01-Sphere,IPOP-CMA-ES,3,23,0.118555,1
F01-Sphere,IPOP-CMA-ES,3,24,0.136148,1
F01-Sphere,IPOP-CMA-ES,3,25,0,0
F01-Sphere,IPOP-CMA-ES,3,26,0,0
F01-Sphere,IPOP-CMA-ES,3,27,9.78632,1
F01-Sphere,IPOP-CMA-ES,3,28,10.1418,1
F01-Sphere,IPOP-CMA-ES,3,29,9.93873,1
F01-Sphere,IPOP-CMA-ES,3,30,0.0759758,1
F01-Sphere,IPOP-CMA-ES,3,31,0,0
F01-Sphere,IPOP-CMA-ES,3,32,0,0
F01-Sphere,IPOP-CMA-ES,3,33,0,0
F01-Sphere,IPOP-CMA-ES,3,34,0.177439,1
F01-Sphere,IPOP-CMA-ES,3,35,0,0
F01-Sphere,IPOP-CMA-ES,3,36,0,0
F01-Sphere,IPOP-CMA-ES,3,37,0,0
F01-Sphere,IPOP-CMA-ES,3,38,0,0
F01-Sphere,IPOP-CMA-ES,3,39,0.195516,1
F01-Sphere,IPOP-CMA-ES,3,40,0,0
F01-Sphere,IPOP-CMA-ES,3,41,0.182638,1
F01-Sphere,IPOP-CMA-ES,3,42,9.71023,1
F01-Sphere,IPOP-CMA-ES,3,43,0.0626062,1
F01-Sphere,IPOP-CMA-ES,3,44,9.99623,1
F01-Sphere,DE,3,15,0,0
F01-Sphere,DE,3,16,0,0
F01-Sphere,DE,3,17,10.1339,1
F01-Sphere,DE,3,18,0,0
F01-Sphere,DE,3,19,0.192089,1
F01-Sphere,DE,3,20,0,0
F01-Sphere,DE,3,21,0,0
F01-Sphere,DE,3,22,0,0
F01-Sphere,DE,3,23,0.118555,1
F01-Sphere,DE,3,24,0.136148,1
F01-Sphere,DE,3,25,0,0
F01-Sphere,DE,3,26,0,0
F01-Sphere,DE,3,27,9.78632,1
F01-Sphere,DE,3,28,10.1418,1
F01-Sphere,DE,3,29,9.93873,1
F01-Sphere,DE,3,30,0.0759759,1
F01-Sphere,DE,3,31,0,0
F01-Sphere,DE,3,32,0,0
F01-Sphere,DE,3,33,0,0
F01-Sphere,DE,3,34,0.177439,1
F01-Sphere,DE,3,35,0,0
F01-Sphere,DE,3,36,0,0
F01-Sphere,DE,3,37,0,0
F01-Sphere,DE,3,38,0,0
F01-Sphere,DE,3,39,0.195516,1
F01-Sphere,DE,3,40,0,0
F01-Sphere,DE,3,41,0.182638,1
F01-Sphere,DE,3,42,9.71023,1
F01-Sphere,DE,3,43,0.0626062,1
F01-Sphere,DE,3,44,9.99623,1
F01-Sphere,PSO,3,15,0,0
F01-Sphere,PSO,3,16,0,0
F01-Sphere,PSO,3,17,10.1339,1
F01-Sphere,PSO,3,18,0,0
F01-Sphere,PSO,3,19,0.192089,1
F01-Sphere,PSO,3,20,0,0
F01-Sphere,PSO,3,21,0,0
F01-Sphere,PSO,3,22,0,0
F01-Sphere,PSO,3,23,0.118555,1
F01-Sphere,PSO,3,24,0.136148,1
F01-Sphere,PSO,3,25,0,0
F01-Sphere,PSO,3,26,0,0
F01-Sphere,PSO,3,27,9.78632,1
F01-Sphere,PSO,3,28,10.1418,1
F01-Sphere,PSO,3,29,9.93873,1
F01-Sphere,PSO,3,30,0.0759758,1
F01-Sphere,PSO,3,31,0,0
F01-Sphere,PSO,3,32,0,0
F01-Sphere,PSO,3,33,0,0
F01-Sphere,PSO,3,34,0.177439,1
F01-Sphere,PSO,3,35,0,0
F01-Sphere,PSO,3,36,0,0
F01-Sphere,PSO,3,37,0,0
F01-Sphere,PSO,3,38,0,0
F01-Sphere,PSO,3,39,0.195516,1
F01-Sphere,PSO,3,40,0,0
F01-Sphere,PSO,3,41,0.182638,1
F01-Sphere,PSO,3,42,9.71023,1
F01-Sphere,PSO,3,43,0.0626063,1
F01-Sphere,PSO,3,44,9.99623,1
F01-Sphere,Crowding-DE,3,15,3.26591e-09,0
F01-Sphere,Crowding-DE,3,16,3.26591e-09,0
F01-Sphere,Crowding-DE,3,17,10.1339,1
F01-Sphere,Crowding-DE,3,18,3.26591e-09,0
F01-Sphere,Crowding-DE,3,19,0.192052,1
F01-Sphere,Crowding-DE,3,20,3.26591e-09,0
F01-Sphere,Crowding-DE,3,21,3.26591e-09,0
F01-Sphere,Crowding-DE,3,22,3.26591e-09,0
F01-Sphere,Crowding-DE,3,23,0.118511,1
F01-Sphere,Crowding-DE,3,24,0.136116,1
F01-Sphere,Crowding-DE,3,25,3.26591e-09,0
F01-Sphere,Crowding-DE,3,26,3.26591e-09,0
F01-Sphere,Crowding-DE,3,27,9.78635,1
F01-Sphere,Crowding-DE,3,28,10.1418,1
F01-Sphere,Crowding-DE,3,29,9.93867,1
F01-Sphere,Crowding-DE,3,30,0.0759355,1
F01-Sphere,Crowding-DE,3,31,3.26591e-09,0
F01-Sphere,Crowding-DE,3,32,3.26591e-09,0
F01-Sphere,Crowding-DE,3,33,3.26591e-09,0
F01-Sphere,Crowding-DE,3,34,0.177387,1
F01-Sphere,Crowding-DE,3,35,3.26591e-09,0
F01-Sphere,Crowding-DE,3,36,3.26591e-09,0
F01-Sphere,Crowding-DE,3,37,3.26591e-09,0
F01-Sphere,Crowding-DE,3,38,3.26591e-09,0
F01-Sphere,Crowding-DE,3,39,0.195505,1
F01-Sphere,Crowding-DE,3,40,3.26591e-09,0
F01-Sphere,Crowding-DE,3,41,0.182648,1
F01-Sphere,Crowding-DE,3,42,9.71022,1
F01-Sphere,Crowding-DE,3,43,0.0626418,1
F01-Sphere,Crowding-DE,3,44,9.99618,1
F01-Sphere,MAP-Elites,3,15,0.00145367,0
F01-Sphere,MAP-Elites,3,16,0.00145367,0
F01-Sphere,MAP-Elites,3,17,0.0379407,0
F01-Sphere,MAP-Elites,3,18,0.00145367,0
F01-Sphere,MAP-Elites,3,19,0.0894893,1
F01-Sphere,MAP-Elites,3,20,0.00145367,0
F01-Sphere,MAP-Elites,3,21,0.00145367,0
F01-Sphere,MAP-Elites,3,22,0.00145367,0
F01-Sphere,MAP-Elites,3,23,0,1
F01-Sphere,MAP-Elites,3,24,0.126806,1
F01-Sphere,MAP-Elites,3,25,0.00145367,0
F01-Sphere,MAP-Elites,3,26,0.00145367,0
F01-Sphere,MAP-Elites,3,27,0,0
F01-Sphere,MAP-Elites,3,28,0.0379407,0
F01-Sphere,MAP-Elites,3,29,0,0
F01-Sphere,MAP-Elites,3,30,0,1
F01-Sphere,MAP-Elites,3,31,0.00145367,0
F01-Sphere,MAP-Elites,3,32,0.00145367,0
F01-Sphere,MAP-Elites,3,33,0.00145367,0
F01-Sphere,MAP-Elites,3,34,0.0478382,1
F01-Sphere,MAP-Elites,3,35,0.00145367,0
F01-Sphere,MAP-Elites,3,36,0.00145367,0
F01-Sphere,MAP-Elites,3,37,0.00145367,0
F01-Sphere,MAP-Elites,3,38,0.00145367,0
F01-Sphere,MAP-Elites,3,39,0.0467379,1
F01-Sphere,MAP-Elites,3,40,0.00145367,0
F01-Sphere,MAP-Elites,3,41,0.114888,1
F01-Sphere,MAP-Elites,3,42,0.101534,0
F01-Sphere,MAP-Elites,3,43,0,1
F01-Sphere,MAP-Elites,3,44,0.101534,0
F01-Sphere,MC-ESO-crowd,3,15,4.84902e-08,0
F01-Sphere,MC-ESO-crowd,3,16,4.84902e-08,0
F01-Sphere,MC-ESO-crowd,3,17,0.0547088,0
F01-Sphere,MC-ESO-crowd,3,18,4.84902e-08,0
F01-Sphere,MC-ESO-crowd,3,19,0.121758,1
F01-Sphere,MC-ESO-crowd,3,20,4.84902e-08,0
F01-Sphere,MC-ESO-crowd,3,21,4.84902e-08,0
F01-Sphere,MC-ESO-crowd,3,22,4.84902e-08,0
F01-Sphere,MC-ESO-crowd,3,23,0.118614,1
F01-Sphere,MC-ESO-crowd,3,24,0.0343087,1
F01-Sphere,MC-ESO-crowd,3,25,4.84902e-08,0
F01-Sphere,MC-ESO-crowd,3,26,4.84902e-08,0
F01-Sphere,MC-ESO-crowd,3,27,9.77186,1
F01-Sphere,MC-ESO-crowd,3,28,0.0547088,0
F01-Sphere,MC-ESO-crowd,3,29,0.138678,0
F01-Sphere,MC-ESO-crowd,3,30,0.0509164,1
F01-Sphere,MC-ESO-crowd,3,31,4.84902e-08,0
F01-Sphere,MC-ESO-crowd,3,32,4.84902e-08,0
F01-Sphere,MC-ESO-crowd,3,33,4.84902e-08,0
F01-Sphere,MC-ESO-crowd,3,34,0,1
F01-Sphere,MC-ESO-crowd,3,35,4.84902e-08,0
F01-Sphere,MC-ESO-crowd,3,36,4.84902e-08,0
F01-Sphere,MC-ESO-crowd,3,37,4.84902e-08,0
F01-Sphere,MC-ESO-crowd,3,38,4.84902e-08,0
F01-Sphere,MC-ESO-crowd,3,39,0.0194965,1
F01-Sphere,MC-ESO-crowd,3,40,4.84902e-08,0
F01-Sphere,MC-ESO-crowd,3,41,0.182455,1
F01-Sphere,MC-ESO-crowd,3,42,0.240211,0
F01-Sphere,MC-ESO-crowd,3,43,0.0383523,1
F01-Sphere,MC-ESO-crowd,3,44,0.240211,0
F01-Sphere,quality,3,15,8.52651e-14,0
F01-Sphere,quality,3,16,8.52651e-14,0
F01-Sphere,quality,3,17,10.1339,1
F01-Sphere,quality,3,18,8.52651e-14,0
F01-Sphere,quality,3,19,0.192089,1
F01-Sphere,quality,3,20,8.52651e-14,0
F01-Sphere,quality,3,21,8.52651e-14,0
F01-Sphere,quality,3,22,8.52651e-14,0
F01-Sphere,quality,3,23,0.118555,1
F01-Sphere,quality,3,24,0.136148,1
F01-Sphere,quality,3,25,8.52651e-14,0
F01-Sphere,quality,3,26,8.52651e-14,0
F01-Sphere,quality,3,27,9.78632,1
F01-Sphere,quality,3,28,10.1418,1
F01-Sphere,quality,3,29,9.93873,1
F01-Sphere,quality,3,30,0.0759757,1
F01-Sphere,quality,3,31,8.52651e-14,0
F01-Sphere,quality,3,32,8.52651e-14,0
F01-Sphere,quality,3,33,8.52651e-14,0
F01-Sphere,quality,3,34,0.177439,1
F01-Sphere,quality,3,35,8.52651e-14,0
F01-Sphere,quality,3,36,8.52651e-14,0
F01-Sphere,quality,3,37,8.52651e-14,0
F01-Sphere,quality,3,38,8.52651e-14,0
F01-Sphere,quality,3,39,0.195516,1
F01-Sphere,quality,3,40,8.52651e-14,0
F01-Sphere,quality,3,41,0.182638,1
F01-Sphere,quality,3,42,9.71023,1
F01-Sphere,quality,3,43,0.0626065,1
F01-Sphere,quality,3,44,9.99623,1
F01-Sphere,complement,3,15,8.52651e-14,0
F01-Sphere,complement,3,16,8.52651e-14,0
F01-Sphere,complement,3,17,10.1339,1
F01-Sphere,complement,3,18,8.52651e-14,0
F01-Sphere,complement,3,19,0.192089,1
F01-Sphere,complement,3,20,8.52651e-14,0
F01-Sphere,complement,3,21,8.52651e-14,0
F01-Sphere,complement,3,22,8.52651e-14,0
F01-Sphere,complement,3,23,0.118555,1
F01-Sphere,complement,3,24,0.136148,1
F01-Sphere,complement,3,25,8.52651e-14,0
F01-Sphere,complement,3,26,8.52651e-14,0
F01-Sphere,complement,3,27,9.78632,1
F01-Sphere,complement,3,28,10.1418,1
F01-Sphere,complement,3,29,9.93873,1
F01-Sphere,complement,3,30,0.0759757,1
F01-Sphere,complement,3,31,8.52651e-14,0
F01-Sphere,complement,3,32,8.52651e-14,0
F01-Sphere,complement,3,33,8.52651e-14,0
F01-Sphere,complement,3,34,0.177439,1
F01-Sphere,complement,3,35,8.52651e-14,0
F01-Sphere,complement,3,36,8.52651e-14,0
F01-Sphere,complement,3,37,8.52651e-14,0
F01-Sphere,complement,3,38,8.52651e-14,0
F01-Sphere,complement,3,39,0.195516,1
F01-Sphere,complement,3,40,8.52651e-14,0
F01-Sphere,complement,3,41,0.182638,1
F01-Sphere,complement,3,42,9.71023,1
F01-Sphere,complement,3,43,0.0626065,1
F01-Sphere,complement,3,44,9.99623,1
F01-Sphere,MC-ESO,4,15,0,0
F01-Sphere,MC-ESO,4,16,0,0
F01-Sphere,MC-ESO,4,17,0,0
F01-Sphere,MC-ESO,4,18,0,0
F01-Sphere,MC-ESO,4,19,5.88447,1
F01-Sphere,MC-ESO,4,20,0,0
F01-Sphere,MC-ESO,4,21,0.12518,1
F01-Sphere,MC-ESO,4,22,0,0
F01-Sphere,MC-ESO,4,23,5.29244,1
F01-Sphere,MC-ESO,4,24,9.71243,1
F01-Sphere,MC-ESO,4,25,0.245525,1
F01-Sphere,MC-ESO,4,26,0,0
F01-Sphere,MC-ESO,4,27,9.78422,1
F01-Sphere,MC-ESO,4,28,0,0
F01-Sphere,MC-ESO,4,29,0,0
F01-Sphere,MC-ESO,4,30,0.178183,1
F01-Sphere,MC-ESO,4,31,0,0
F01-Sphere,MC-ESO,4,32,10.0128,1
F01-Sphere,MC-ESO,4,33,0,0
F01-Sphere,MC-ESO,4,34,0,0
F01-Sphere,MC-ESO,4,35,0,0
F01-Sphere,MC-ESO,4,36,0,0
F01-Sphere,MC-ESO,4,37,3.60707,1
F01-Sphere,MC-ESO,4,38,0,0
F01-Sphere,MC-ESO,4,39,0,0
F01-Sphere,MC-ESO,4,40,0,0
F01-Sphere,MC-ESO,4,41,3.85963,1
F01-Sphere,MC-ESO,4,42,0.170421,1
F01-Sphere,MC-ESO,4,43,9.70243,1
F01-Sphere,MC-ESO,4,44,9.99271,1
F01-Sphere,NMMSO,4,15,0,0
F01-Sphere,NMMSO,4,16,0,0
F01-Sphere,NMMSO,4,17,0,0
F01-Sphere,NMMSO,4,18,0,0
F01-Sphere,NMMSO,4,19,5.88447,1
F01-Sphere,NMMSO,4,20,0,0
F01-Sphere,NMMSO,4,21,0.12518,1
F01-Sphere,NMMSO,4,22,0,0
F01-Sphere,NMMSO,4,23,5.29244,1
F01-Sphere,NMMSO,4,24,9.71243,1
F01-Sphere,NMMSO,4,25,0.245525,1
F01-Sphere,NMMSO,4,26,0,0
F01-Sphere,NMMSO,4,27,9.78422,1
F01-Sphere,NMMSO,4,28,0,0
F01-Sphere,NMMSO,4,29,0,0
F01-Sphere,NMMSO,4,30,0.178183,1
F01-Sphere,NMMSO,4,31,0,0
F01-Sphere,NMMSO,4,32,10.0128,1
F01-Sphere,NMMSO,4,33,0,0
F01-Sphere,NMMSO,4,34,0,0
F01-Sphere,NMMSO,4,35,0,0
F01-Sphere,NMMSO,4,36,0,0
F01-Sphere,NMMSO,4,37,3.60707,1
F01-Sphere,NMMSO,4,38,0,0
F01-Sphere,NMMSO,4,39,0,0
F01-Sphere,NMMSO,4,40,0,0
F01-Sphere,NMMSO,4,41,3.85963,1
F01-Sphere,NMMSO,4,42,0.170421,1
F01-Sphere,NMMSO,4,43,9.70243,1
F01-Sphere,NMMSO,4,44,9.99271,1
F01-Sphere,NCDE,4,15,0,0
F01-Sphere,NCDE,4,16,0,0
F01-Sphere,NCDE,4,17,0,0
F01-Sphere,NCDE,4,18,0,0
F01-Sphere,NCDE,4,19,0,0
F01-Sphere,NCDE,4,20,0,0
F01-Sphere,NCDE,4,21,0.12518,1
F01-Sphere,NCDE,4,22,0,0
F01-Sphere,NCDE,4,23,0,0
F01-Sphere,NCDE,4,24,8.13658,0
F01-Sphere,NCDE,4,25,0.245525,1
F01-Sphere,NCDE,4,26,0,0
F01-Sphere,NCDE,4,27,5.06414,0
F01-Sphere,NCDE,4,28,0,0
F01-Sphere,NCDE,4,29,0,0
F01-Sphere,NCDE,4,30,0.178183,0
F01-Sphere,NCDE,4,31,0,0
F01-Sphere,NCDE,4,32,7.8359,0
F01-Sphere,NCDE,4,33,0,0
F01-Sphere,NCDE,4,34,0,0
F01-Sphere,NCDE,4,35,0,0
F01-Sphere,NCDE,4,36,0,0
F01-Sphere,NCDE,4,37,0,0
F01-Sphere,NCDE,4,38,0,0
F01-Sphere,NCDE,4,39,0,0
F01-Sphere,NCDE,4,40,0,0
F01-Sphere,NCDE,4,41,0,0
F01-Sphere,NCDE,4,42,0.17042,0
F01-Sphere,NCDE,4,43,5.20292,0
F01-Sphere,NCDE,4,44,7.95074,0
F01-Sphere,r3pso,4,15,0,0
F01-Sphere,r3pso,4,16,0,0
F01-Sphere,r3pso,4,17,0,0
F01-Sphere,r3pso,4,18,0,0
F01-Sphere,r3pso,4,19,5.88447,1
F01-Sphere,r3pso,4,20,0,0
F01-Sphere,r3pso,4,21,0.12518,1
F01-Sphere,r3pso,4,22,0,0
F01-Sphere,r3pso,4,23,5.29244,1
F01-Sphere,r3pso,4,24,9.71243,1
F01-Sphere,r3pso,4,25,0.245525,1
F01-Sphere,r3pso,4,26,0,0
F01-Sphere,r3pso,4,27,9.78422,1
F01-Sphere,r3pso,4,28,0,0
F01-Sphere,r3pso,4,29,0,0
F01-Sphere,r3pso,4,30,0.178183,1
F01-Sphere,r3pso,4,31,0,0
F01-Sphere,r3pso,4,32,10.0128,1
F01-Sphere,r3pso,4,33,0,0
F01-Sphere,r3pso,4,34,0,0
F01-Sphere,r3pso,4,35,0,0
F01-Sphere,r3pso,4,36,0,0
F01-Sphere,r3pso,4,37,3.60707,1
F01-Sphere,r3pso,4,38,0,0
F01-Sphere,r3pso,4,39,0,0
F01-Sphere,r3pso,4,40,0,0
F01-Sphere,r3pso,4,41,3.85963,1
F01-Sphere,r3pso,4,42,0.17042,1
F01-Sphere,r3pso,4,43,9.70243,1
F01-Sphere,r3pso,4,44,9.99271,1
F01-Sphere,NM-Restart,4,15,0,0
F01-Sphere,NM-Restart,4,16,0,0
F01-Sphere,NM-Restart,4,17,0,0
F01-Sphere,NM-Restart,4,18,0,0
F01-Sphere,NM-Restart,4,19,5.88447,1
F01-Sphere,NM-Restart,4,20,0,0
F01-Sphere,NM-Restart,4,21,0.12518,0
F01-Sphere,NM-Restart,4,22,0,0
F01-Sphere,NM-Restart,4,23,5.29244,1
F01-Sphere,NM-Restart,4,24,9.71243,0
F01-Sphere,NM-Restart,4,25,0.245525,1
F01-Sphere,NM-Restart,4,26,0,0
F01-Sphere,NM-Restart,4,27,9.78422,1
F01-Sphere,NM-Restart,4,28,0,0
F01-Sphere,NM-Restart,4,29,0,0
F01-Sphere,NM-Restart,4,30,0.178183,1
F01-Sphere,NM-Restart,4,31,0,0
F01-Sphere,NM-Restart,4,32,10.0128,0
F01-Sphere,NM-Restart,4,33,0,0
F01-Sphere,NM-Restart,4,34,0,0
F01-Sphere,NM-Restart,4,35,0,0
F01-Sphere,NM-Restart,4,36,0,0
F01-Sphere,NM-Restart,4,37,3.60707,1
F01-Sphere,NM-Restart,4,38,0,0
F01-Sphere,NM-Restart,4,39,0,0
F01-Sphere,NM-Restart,4,40,0,0
F01-Sphere,NM-Restart,4,41,3.85963,1
F01-Sphere,NM-Restart,4,42,0.17042,1
F01-Sphere,NM-Restart,4,43,9.70243,1
F01-Sphere,NM-Restart,4,44,9.99271,0
F01-Sphere,IPOP-CMA-ES,4,15,0,0
F01-Sphere,IPOP-CMA-ES,4,16,0,0
F01-Sphere,IPOP-CMA-ES,4,17,0,0
F01-Sphere,IPOP-CMA-ES,4,18,0,0
F01-Sphere,IPOP-CMA-ES,4,19,5.88447,1
F01-Sphere,IPOP-CMA-ES,4,20,0,0
F01-Sphere,IPOP-CMA-ES,4,21,0.12518,1
F01-Sphere,IPOP-CMA-ES,4,22,0,0
F01-Sphere,IPOP-CMA-ES,4,23,5.29244,1
F01-Sphere,IPOP-CMA-ES,4,24,9.71243,1
F01-Sphere,IPOP-CMA-ES,4,25,0.245525,1
F01-Sphere,IPOP-CMA-ES,4,26,0,0
F01-Sphere,IPOP-CMA-ES,4,27,9.78422,1
F01-Sphere,IPOP-CMA-ES,4,28,0,0
F01-Sphere,IPOP-CMA-ES,4,29,0,0
F01-Sphere,IPOP-CMA-ES,4,30,0.178183,1
F01-Sphere,IPOP-CMA-ES,4,31,0,0
F01-Sphere,IPOP-CMA-ES,4,32,10.0128,1
F01-Sphere,IPOP-CMA-ES,4,33,0,0
F01-Sphere,IPOP-CMA-ES,4,34,0,0
F01-Sphere,IPOP-CMA-ES,4,35,0,0
F01-Sphere,IPOP-CMA-ES,4,36,0,0
F01-Sphere,IPOP-CMA-ES,4,37,3.60707,1
F01-Sphere,IPOP-CMA-ES,4,38,0,0
F01-Sphere,IPOP-CMA-ES,4,39,0,0
F01-Sphere,IPOP-CMA-ES,4,40,0,0
F01-Sphere,IPOP-CMA-ES,4,41,3.85963,1
F01-Sphere,IPOP-CMA-ES,4,42,0.170421,1
F01-Sphere,IPOP-CMA-ES,4,43,9.70243,1
F01-Sphere,IPOP-CMA-ES,4,44,9.99271,1
F01-Sphere,DE,4,15,0,0
F01-Sphere,DE,4,16,0,0
F01-Sphere,DE,4,17,0,0
F01-Sphere,DE,4,18,0,0
F01-Sphere,DE,4,19,5.88447,1
F01-Sphere,DE,4,20,0,0
F01-Sphere,DE,4,21,0.12518,1
F01-Sphere,DE,4,22,0,0
F01-Sphere,DE,4,23,5.29244,1
F01-Sphere,DE,4,24,9.71243,1
F01-Sphere,DE,4,25,0.245525,1
F01-Sphere,DE,4,26,0,0
F01-Sphere,DE,4,27,9.78422,1
F01-Sphere,DE,4,28,0,0
F01-Sphere,DE,4,29,0,0
F01-Sphere,DE,4,30,0.178183,1
F01-Sphere,DE,4,31,0,0
F01-Sphere,DE,4,32,10.0128,1
F01-Sphere,DE,4,33,0,0
F01-Sphere,DE,4,34,0,0
F01-Sphere,DE,4,35,0,0
F01-Sphere,DE,4,36,0,0
F01-Sphere,DE,4,37,3.60707,1
F01-Sphere,DE,4,38,0,0
F01-Sphere,DE,4,39,0,0
F01-Sphere,DE,4,40,0,0
F01-Sphere,DE,4,41,3.85963,1
F01-Sphere,DE,4,42,0.170421,1
F01-Sphere,DE,4,43,9.70243,1
F01-Sphere,DE,4,44,9.99271,1
F01-Sphere,PSO,4,15,0,0
F01-Sphere,PSO,4,16,0,0
F01-Sphere,PSO,4,17,0,0
F01-Sphere,PSO,4,18,0,0
F01-Sphere,PSO,4,19,5.88447,1
F01-Sphere,PSO,4,20,0,0
F01-Sphere,PSO,4,21,0.12518,1
F01-Sphere,PSO,4,22,0,0
F01-Sphere,PSO,4,23,5.29244,1
F01-Sphere,PSO,4,24,9.71243,1
F01-Sphere,PSO,4,25,0.245525,1
F01-Sphere,PSO,4,26,0,0
F01-Sphere,PSO,4,27,9.78422,1
F01-Sphere,PSO,4,28,0,0
F01-Sphere,PSO,4,29,0,0
F01-Sphere,PSO,4,30,0.178183,1
F01-Sphere,PSO,4,31,0,0
F01-Sphere,PSO,4,32,10.0128,1
F01-Sphere,PSO,4,33,0,0
F01-Sphere,PSO,4,34,0,0
F01-Sphere,PSO,4,35,0,0
F01-Sphere,PSO,4,36,0,0
F01-Sphere,PSO,4,37,3.60707,1
F01-Sphere,PSO,4,38,0,0
F01-Sphere,PSO,4,39,0,0
F01-Sphere,PSO,4,40,0,0
F01-Sphere,PSO,4,41,3.85963,1
F01-Sphere,PSO,4,42,0.170421,1
F01-Sphere,PSO,4,43,9.70243,1
F01-Sphere,PSO,4,44,9.99271,1
F01-Sphere,Crowding-DE,4,15,5.90234e-10,0
F01-Sphere,Crowding-DE,4,16,5.90234e-10,0
F01-Sphere,Crowding-DE,4,17,5.90234e-10,0
F01-Sphere,Crowding-DE,4,18,5.90234e-10,0
F01-Sphere,Crowding-DE,4,19,5.88446,1
F01-Sphere,Crowding-DE,4,20,5.90234e-10,0
F01-Sphere,Crowding-DE,4,21,0.125202,1
F01-Sphere,Crowding-DE,4,22,5.90234e-10,0
F01-Sphere,Crowding-DE,4,23,5.29243,1
F01-Sphere,Crowding-DE,4,24,9.71245,1
F01-Sphere,Crowding-DE,4,25,0.245516,1
F01-Sphere,Crowding-DE,4,26,5.90234e-10,0
F01-Sphere,Crowding-DE,4,27,9.78421,1
F01-Sphere,Crowding-DE,4,28,5.90234e-10,0
F01-Sphere,Crowding-DE,4,29,5.90234e-10,0
F01-Sphere,Crowding-DE,4,30,0.17816,1
F01-Sphere,Crowding-DE,4,31,5.90234e-10,0
F01-Sphere,Crowding-DE,4,32,10.0128,1
F01-Sphere,Crowding-DE,4,33,5.90234e-10,0
F01-Sphere,Crowding-DE,4,34,5.90234e-10,0
F01-Sphere,Crowding-DE,4,35,5.90234e-10,0
F01-Sphere,Crowding-DE,4,36,5.90234e-10,0
F01-Sphere,Crowding-DE,4,37,3.60706,1
F01-Sphere,Crowding-DE,4,38,5.90234e-10,0
F01-Sphere,Crowding-DE,4,39,5.90234e-10,0
F01-Sphere,Crowding-DE,4,40,5.90234e-10,0
F01-Sphere,Crowding-DE,4,41,3.85961,1
F01-Sphere,Crowding-DE,4,42,0.170399,1
F01-Sphere,Crowding-DE,4,43,9.70244,1
F01-Sphere,Crowding-DE,4,44,9.9927,1
F01-Sphere,MAP-Elites,4,15,0.00602165,0
F01-Sphere,MAP-Elites,4,16,0.00602165,0
F01-Sphere,MAP-Elites,4,17,0.00602165,0
F01-Sphere,MAP-Elites,4,18,0.00602165,0
F01-Sphere,MAP-Elites,4,19,5.81694,1
F01-Sphere,MAP-Elites,4,20,0.00602165,0
F01-Sphere,MAP-Elites,4,21,0,1
F01-Sphere,MAP-Elites,4,22,0.00602165,0
F01-Sphere,MAP-Elites,4,23,5.22494,1
F01-Sphere,MAP-Elites,4,24,0,0
F01-Sphere,MAP-Elites,4,25,0.0551334,1
F01-Sphere,MAP-Elites,4,26,0.00602165,0
F01-Sphere,MAP-Elites,4,27,0.0863191,0
F01-Sphere,MAP-Elites,4,28,0.00602165,0
F01-Sphere,MAP-Elites,4,29,0.00602165,0
F01-Sphere,MAP-Elites,4,30,0,1
F01-Sphere,MAP-Elites,4,31,0.00602165,0
F01-Sphere,MAP-Elites,4,32,0,0
F01-Sphere,MAP-Elites,4,33,0.00602165,0
F01-Sphere,MAP-Elites,4,34,0.00602165,0
F01-Sphere,MAP-Elites,4,35,0.00602165,0
F01-Sphere,MAP-Elites,4,36,0.00602165,0
F01-Sphere,MAP-Elites,4,37,3.4123,1
F01-Sphere,MAP-Elites,4,38,0.00602165,0
F01-Sphere,MAP-Elites,4,39,0.00602165,0
F01-Sphere,MAP-Elites,4,40,0.00602165,0
F01-Sphere,MAP-Elites,4,41,3.79561,1
F01-Sphere,MAP-Elites,4,42,0,1
F01-Sphere,MAP-Elites,4,43,0,0
F01-Sphere,MAP-Elites,4,44,0,0
F01-Sphere,MC-ESO-crowd,4,15,1.29824e-07,0
F01-Sphere,MC-ESO-crowd,4,16,1.29824e-07,0
F01-Sphere,MC-ESO-crowd,4,17,1.29824e-07,0
F01-Sphere,MC-ESO-crowd,4,18,1.29824e-07,0
F01-Sphere,MC-ESO-crowd,4,19,5.88481,1
F01-Sphere,MC-ESO-crowd,4,20,1.29824e-07,0
F01-Sphere,MC-ESO-crowd,4,21,0.12497,1
F01-Sphere,MC-ESO-crowd,4,22,1.29824e-07,0
F01-Sphere,MC-ESO-crowd,4,23,5.29278,1
F01-Sphere,MC-ESO-crowd,4,24,0.13879,0
F01-Sphere,MC-ESO-crowd,4,25,0,1
F01-Sphere,MC-ESO-crowd,4,26,1.29824e-07,0
F01-Sphere,MC-ESO-crowd,4,27,0,0
F01-Sphere,MC-ESO-crowd,4,28,1.29824e-07,0
F01-Sphere,MC-ESO-crowd,4,29,1.29824e-07,0
F01-Sphere,MC-ESO-crowd,4,30,0.178344,1
F01-Sphere,MC-ESO-crowd,4,31,1.29824e-07,0
F01-Sphere,MC-ESO-crowd,4,32,0.0991799,0
F01-Sphere,MC-ESO-crowd,4,33,1.29824e-07,0
F01-Sphere,MC-ESO-crowd,4,34,1.29824e-07,0
F01-Sphere,MC-ESO-crowd,4,35,1.29824e-07,0
F01-Sphere,MC-ESO-crowd,4,36,1.29824e-07,0
F01-Sphere,MC-ESO-crowd,4,37,3.36836,1
F01-Sphere,MC-ESO-crowd,4,38,1.29824e-07,0
F01-Sphere,MC-ESO-crowd,4,39,1.29824e-07,0
F01-Sphere,MC-ESO-crowd,4,40,1.29824e-07,0
F01-Sphere,MC-ESO-crowd,4,41,3.64688,1
F01-Sphere,MC-ESO-crowd,4,42,0.170664,1
F01-Sphere,MC-ESO-crowd,4,43,0.13879,0
F01-Sphere,MC-ESO-crowd,4,44,0.447661,0
F01-Sphere,quality,4,15,1.7053e-13,0
F01-Sphere,quality,4,16,1.7053e-13,0
F01-Sphere,quality,4,17,1.7053e-13,0
F01-Sphere,quality,4,18,1.7053e-13,0
F01-Sphere,quality,4,19,5.88447,1
F01-Sphere,quality,4,20,1.7053e-13,0
F01-Sphere,quality,4,21,0.12518,1
F01-Sphere,quality,4,22,1.7053e-13,0
F01-Sphere,quality,4,23,5.29244,1
F01-Sphere,quality,4,24,9.71243,1
F01-Sphere,quality,4,25,0.245525,1
F01-Sphere,quality,4,26,1.7053e-13,0
F01-Sphere,quality,4,27,9.78422,1
F01-Sphere,quality,4,28,1.7053e-13,0
F01-Sphere,quality,4,29,1.7053e-13,0
F01-Sphere,quality,4,30,0.178184,1
F01-Sphere,quality,4,31,1.7053e-13,0
F01-Sphere,quality,4,32,10.0128,1
F01-Sphere,quality,4,33,1.7053e-13,0
F01-Sphere,quality,4,34,1.7053e-13,0
F01-Sphere,quality,4,35,1.7053e-13,0
F01-Sphere,quality,4,36,1.7053e-13,0
F01-Sphere,quality,4,37,3.60707,1
F01-Sphere,quality,4,38,1.7053e-13,0
F01-Sphere,quality,4,39,1.7053e-13,0
F01-Sphere,quality,4,40,1.7053e-13,0
F01-Sphere,quality,4,41,3.85963,1
F01-Sphere,quality,4,42,0.170421,1
F01-Sphere,quality,4,43,9.70243,1
F01-Sphere,quality,4,44,9.99271,1
F01-Sphere,complement,4,15,1.7053e-13,0
F01-Sphere,complement,4,16,1.7053e-13,0
F01-Sphere,complement,4,17,1.7053e-13,0
F01-Sphere,complement,4,18,1.7053e-13,0
F01-Sphere,complement,4,19,5.88447,1
F01-Sphere,complement,4,20,1.7053e-13,0
F01-Sphere,complement,4,21,0.12518,1
F01-Sphere,complement,4,22,1.7053e-13,0
F01-Sphere,complement,4,23,5.29244,1
F01-Sphere,complement,4,24,9.71243,1
F01-Sphere,complement,4,25,0.245525,1
F01-Sphere,complement,4,26,1.7053e-13,0
F01-Sphere,complement,4,27,9.78422,1
F01-Sphere,complement,4,28,1.7053e-13,0
F01-Sphere,complement,4,29,1.7053e-13,0
F01-Sphere,complement,4,30,0.178184,1
F01-Sphere,complement,4,31,1.7053e-13,0
F01-Sphere,complement,4,32,10.0128,1
F01-Sphere,complement,4,33,1.7053e-13,0
F01-Sphere,complement,4,34,1.7053e-13,0
F01-Sphere,complement,4,35,1.7053e-13,0
F01-Sphere,complement,4,36,1.7053e-13,0
F01-Sphere,complement,4,37,3.60707,1
F01-Sphere,complement,4,38,1.7053e-13,0
F01-Sphere,complement,4,39,1.7053e-13,0
F01-Sphere,complement,4,40,1.7053e-13,0
F01-Sphere,complement,4,41,3.85963,1
F01-Sphere,complement,4,42,0.170421,1
F01-Sphere,complement,4,43,9.70243,1
F01-Sphere,complement,4,44,9.99271,1
F02-EllipsoidalSep,MC-ESO,0,15,0,0
F02-EllipsoidalSep,MC-ESO,0,16,7.3698,1
F02-EllipsoidalSep,MC-ESO,0,17,0.0126159,1
F02-EllipsoidalSep,MC-ESO,0,18,0,0
F02-EllipsoidalSep,MC-ESO,0,19,0.0439204,1
F02-EllipsoidalSep,MC-ESO,0,20,0,0
F02-EllipsoidalSep,MC-ESO,0,21,0.0348729,1
F02-EllipsoidalSep,MC-ESO,0,22,10.0292,1
F02-EllipsoidalSep,MC-ESO,0,23,0.0372795,1
F02-EllipsoidalSep,MC-ESO,0,24,0,0
F02-EllipsoidalSep,MC-ESO,0,25,0,0
F02-EllipsoidalSep,MC-ESO,0,26,0,0
F02-EllipsoidalSep,MC-ESO,0,27,0,0
F02-EllipsoidalSep,MC-ESO,0,28,0,0
F02-EllipsoidalSep,MC-ESO,0,29,0,0
F02-EllipsoidalSep,MC-ESO,0,30,1.98309e-06,1
F02-EllipsoidalSep,MC-ESO,0,31,0.0495365,1
F02-EllipsoidalSep,MC-ESO,0,32,7.18112,1
F02-EllipsoidalSep,MC-ESO,0,33,0,0
F02-EllipsoidalSep,MC-ESO,0,34,0,0
F02-EllipsoidalSep,MC-ESO,0,35,5.72469,1
F02-EllipsoidalSep,MC-ESO,0,36,0.0577407,1
F02-EllipsoidalSep,MC-ESO,0,37,8.25689,1
F02-EllipsoidalSep,MC-ESO,0,38,6.40855,1
F02-EllipsoidalSep,MC-ESO,0,39,0,0
F02-EllipsoidalSep,MC-ESO,0,40,0,0
F02-EllipsoidalSep,MC-ESO,0,41,0,0
F02-EllipsoidalSep,MC-ESO,0,42,0,0
F02-EllipsoidalSep,MC-ESO,0,43,0.0118143,1
F02-EllipsoidalSep,MC-ESO,0,44,0,0
F02-EllipsoidalSep,NMMSO,0,15,0,0
F02-EllipsoidalSep,NMMSO,0,16,7.57194,1
F02-EllipsoidalSep,NMMSO,0,17,0.0126159,1
F02-EllipsoidalSep,NMMSO,0,18,0,0
F02-EllipsoidalSep,NMMSO,0,19,0.0439204,1
F02-EllipsoidalSep,NMMSO,0,20,0,0
F02-EllipsoidalSep,NMMSO,0,21,0.034873,1
F02-EllipsoidalSep,NMMSO,0,22,10.0292,1
F02-EllipsoidalSep,NMMSO,0,23,0.0372796,1
F02-EllipsoidalSep,NMMSO,0,24,0,0
F02-EllipsoidalSep,NMMSO,0,25,0,0
F02-EllipsoidalSep,NMMSO,0,26,0,0
F02-EllipsoidalSep,NMMSO,0,27,0,0
F02-EllipsoidalSep,NMMSO,0,28,0,0
F02-EllipsoidalSep,NMMSO,0,29,0,0
F02-EllipsoidalSep,NMMSO,0,30,1.93962e-06,1
F02-EllipsoidalSep,NMMSO,0,31,0.0495366,1
F02-EllipsoidalSep,NMMSO,0,32,7.35406,1
F02-EllipsoidalSep,NMMSO,0,33,0,0
F02-EllipsoidalSep,NMMSO,0,34,0,0
F02-EllipsoidalSep,NMMSO,0,35,5.72469,1
F02-EllipsoidalSep,NMMSO,0,36,0.0577408,1
F02-EllipsoidalSep,NMMSO,0,37,8.25689,1
F02-EllipsoidalSep,NMMSO,0,38,6.40855,1
F02-EllipsoidalSep,NMMSO,0,39,0,0
F02-EllipsoidalSep,NMMSO,0,40,0,0
F02-EllipsoidalSep,NMMSO,0,41,0,0
F02-EllipsoidalSep,NMMSO,0,42,0,0
F02-EllipsoidalSep,NMMSO,0,43,0.0417356,1
F02-EllipsoidalSep,NMMSO,0,44,0,0
F02-EllipsoidalSep,NCDE,0,15,5.68434e-14,0
F02-EllipsoidalSep,NCDE,0,16,7.57194,0
F02-EllipsoidalSep,NCDE,0,17,0.0126159,0
F02-EllipsoidalSep,NCDE,0,18,5.68434e-14,0
F02-EllipsoidalSep,NCDE,0,19,0.0439205,0
F02-EllipsoidalSep,NCDE,0,20,5.68434e-14,0
F02-EllipsoidalSep,NCDE,0,21,0.0348731,0
F02-EllipsoidalSep,NCDE,0,22,6.05142,0
F02-EllipsoidalSep,NCDE,0,23,0.0372796,1
F02-EllipsoidalSep,NCDE,0,24,5.68434e-14,0
F02-EllipsoidalSep,NCDE,0,25,5.68434e-14,0
F02-EllipsoidalSep,NCDE,0,26,5.68434e-14,0
F02-EllipsoidalSep,NCDE,0,27,5.68434e-14,0
F02-EllipsoidalSep,NCDE,0,28,5.68434e-14,0
F02-EllipsoidalSep,NCDE,0,29,5.68434e-14,0
F02-EllipsoidalSep,NCDE,0,30,1.89145e-06,0
F02-EllipsoidalSep,NCDE,0,31,0.0495367,1
F02-EllipsoidalSep,NCDE,0,32,7.35406,0
F02-EllipsoidalSep,NCDE,0,33,5.68434e-14,0
F02-EllipsoidalSep,NCDE,0,34,5.68434e-14,0
F02-EllipsoidalSep,NCDE,0,35,0.48974,0
F02-EllipsoidalSep,NCDE,0,36,0.0577409,1
F02-EllipsoidalSep,NCDE,0,37,3.89329,0
F02-EllipsoidalSep,NCDE,0,38,0.48974,0
F02-EllipsoidalSep,NCDE,0,39,5.68434e-14,0
F02-EllipsoidalSep,NCDE,0,40,5.68434e-14,0
F02-EllipsoidalSep,NCDE,0,41,5.68434e-14,0
F02-EllipsoidalSep,NCDE,0,42,5.68434e-14,0
F02-EllipsoidalSep,NCDE,0,43,0.0417355,0
F02-EllipsoidalSep,NCDE,0,44,5.68434e-14,0
F02-EllipsoidalSep,r3pso,0,15,4.26326e-13,0
F02-EllipsoidalSep,r3pso,0,16,7.57194,1
F02-EllipsoidalSep,r3pso,0,17,0.0126158,1
F02-EllipsoidalSep,r3pso,0,18,4.26326e-13,0
F02-EllipsoidalSep,r3pso,0,19,0.0439203,1
F02-EllipsoidalSep,r3pso,0,20,4.26326e-13,0
F02-EllipsoidalSep,r3pso,0,21,0.0348729,1
F02-EllipsoidalSep,r3pso,0,22,10.0292,1
F02-EllipsoidalSep,r3pso,0,23,0.0372794,1
F02-EllipsoidalSep,r3pso,0,24,4.26326e-13,0
F02-EllipsoidalSep,r3pso,0,25,4.26326e-13,0
F02-EllipsoidalSep,r3pso,0,26,4.26326e-13,0
F02-EllipsoidalSep,r3pso,0,27,4.26326e-13,0
F02-EllipsoidalSep,r3pso,0,28,4.26326e-13,0
F02-EllipsoidalSep,r3pso,0,29,4.26326e-13,0
F02-EllipsoidalSep,r3pso,0,30,2.04139e-06,1
F02-EllipsoidalSep,r3pso,0,31,0.0495364,1
F02-EllipsoidalSep,r3pso,0,32,7.35406,1
F02-EllipsoidalSep,r3pso,0,33,4.26326e-13,0
F02-EllipsoidalSep,r3pso,0,34,4.26326e-13,0
F02-EllipsoidalSep,r3pso,0,35,5.72469,1
F02-EllipsoidalSep,r3pso,0,36,0.0577406,1
F02-EllipsoidalSep,r3pso,0,37,8.25689,1
F02-EllipsoidalSep,r3pso,0,38,6.40855,1
F02-EllipsoidalSep,r3pso,0,39,4.26326e-13,0
F02-EllipsoidalSep,r3pso,0,40,4.26326e-13,0
F02-EllipsoidalSep,r3pso,0,41,4.26326e-13,0
F02-EllipsoidalSep,r3pso,0,42,4.26326e-13,0
F02-EllipsoidalSep,r3pso,0,43,0.0417357,1
F02-EllipsoidalSep,r3pso,0,44,4.26326e-13,0
F02-EllipsoidalSep,NM-Restart,0,15,0,0
F02-EllipsoidalSep,NM-Restart,0,16,7.57194,0
F02-EllipsoidalSep,NM-Restart,0,17,0.0126159,1
F02-EllipsoidalSep,NM-Restart,0,18,0,0
F02-EllipsoidalSep,NM-Restart,0,19,0.0439205,1
F02-EllipsoidalSep,NM-Restart,0,20,0,0
F02-EllipsoidalSep,NM-Restart,0,21,0.034873,1
F02-EllipsoidalSep,NM-Restart,0,22,10.0292,1
F02-EllipsoidalSep,NM-Restart,0,23,0.0372796,1
F02-EllipsoidalSep,NM-Restart,0,24,0,0
F02-EllipsoidalSep,NM-Restart,0,25,0,0
F02-EllipsoidalSep,NM-Restart,0,26,0,0
F02-EllipsoidalSep,NM-Restart,0,27,0,0
F02-EllipsoidalSep,NM-Restart,0,28,0,0
F02-EllipsoidalSep,NM-Restart,0,29,0,0
F02-EllipsoidalSep,NM-Restart,0,30,1.92979e-06,0
F02-EllipsoidalSep,NM-Restart,0,31,0.0495367,1
F02-EllipsoidalSep,NM-Restart,0,32,7.35406,0
F02-EllipsoidalSep,NM-Restart,0,33,0,0
F02-EllipsoidalSep,NM-Restart,0,34,0,0
F02-EllipsoidalSep,NM-Restart,0,35,5.72469,1
F02-EllipsoidalSep,NM-Restart,0,36,0.0577408,1
F02-EllipsoidalSep,NM-Restart,0,37,8.25689,1
F02-EllipsoidalSep,NM-Restart,0,38,6.40855,1
F02-EllipsoidalSep,NM-Restart,0,39,0,0
F02-EllipsoidalSep,NM-Restart,0,40,0,0
F02-EllipsoidalSep,NM-Restart,0,41,0,0
F02-EllipsoidalSep,NM-Restart,0,42,0,0
F02-EllipsoidalSep,NM-Restart,0,43,0.0417356,0
F02-EllipsoidalSep,NM-Restart,0,44,0,0
F02-EllipsoidalSep,IPOP-CMA-ES,0,15,0,0
F02-EllipsoidalSep,IPOP-CMA-ES,0,16,7.57194,0
F02-EllipsoidalSep,IPOP-CMA-ES,0,17,0.0126159,1
F02-EllipsoidalSep,IPOP-CMA-ES,0,18,0,0
F02-EllipsoidalSep,IPOP-CMA-ES,0,19,0.0439205,1
F02-EllipsoidalSep,IPOP-CMA-ES,0,20,0,0
F02-EllipsoidalSep,IPOP-CMA-ES,0,21,0.034873,1
F02-EllipsoidalSep,IPOP-CMA-ES,0,22,10.0292,0
F02-EllipsoidalSep,IPOP-CMA-ES,0,23,0.0372796,1
F02-EllipsoidalSep,IPOP-CMA-ES,0,24,0,0
F02-EllipsoidalSep,IPOP-CMA-ES,0,25,0,0
F02-EllipsoidalSep,IPOP-CMA-ES,0,26,0,0
F02-EllipsoidalSep,IPOP-CMA-ES,0,27,0,0
F02-EllipsoidalSep,IPOP-CMA-ES,0,28,0,0
F02-EllipsoidalSep,IPOP-CMA-ES,0,29,0,0
F02-EllipsoidalSep,IPOP-CMA-ES,0,30,1.93092e-06,0
F02-EllipsoidalSep,IPOP-CMA-ES,0,31,0.0495367,1
F02-EllipsoidalSep,IPOP-CMA-ES,0,32,7.35406,0
F02-EllipsoidalSep,IPOP-CMA-ES,0,33,0,0
F02-EllipsoidalSep,IPOP-CMA-ES,0,34,0,0
F02-EllipsoidalSep,IPOP-CMA-ES,0,35,5.72469,0
F02-EllipsoidalSep,IPOP-CMA-ES,0,36,0.0577408,1
F02-EllipsoidalSep,IPOP-CMA-ES,0,37,8.25689,0
F02-EllipsoidalSep,IPOP-CMA-ES,0,38,6.40855,1
F02-EllipsoidalSep,IPOP-CMA-ES,0,39,0,0
F02-EllipsoidalSep,IPOP-CMA-ES,0,40,0,0
F02-EllipsoidalSep,IPOP-CMA-ES,0,41,0,0
F02-EllipsoidalSep,IPOP-CMA-ES,0,42,0,0
F02-EllipsoidalSep,IPOP-CMA-ES,0,43,0.0417356,0
F02-EllipsoidalSep,IPOP-CMA-ES,0,44,0,0
F02-EllipsoidalSep,DE,0,15,0,0
F02-EllipsoidalSep,DE,0,16,7.57194,1
F02-EllipsoidalSep,DE,0,17,0.0126159,1
F02-EllipsoidalSep,DE,0,18,0,0
F02-EllipsoidalSep,DE,0,19,0.0439204,1
F02-EllipsoidalSep,DE,0,20,0,0
F02-EllipsoidalSep,DE,0,21,0.034873,1
F02-EllipsoidalSep,DE,0,22,10.0292,1
F02-EllipsoidalSep,DE,0,23,0.0372795,1
F02-EllipsoidalSep,DE,0,24,0,0
F02-EllipsoidalSep,DE,0,25,0,0
F02-EllipsoidalSep,DE,0,26,0,0
F02-EllipsoidalSep,DE,0,27,0,0
F02-EllipsoidalSep,DE,0,28,0,0
F02-EllipsoidalSep,DE,0,29,0,0
F02-EllipsoidalSep,DE,0,30,1.97279e-06,1
F02-EllipsoidalSep,DE,0,31,0.0495366,1
F02-EllipsoidalSep,DE,0,32,7.35406,1
F02-EllipsoidalSep,DE,0,33,0,0
F02-EllipsoidalSep,DE,0,34,0,0
F02-EllipsoidalSep,DE,0,35,5.72469,1
F02-EllipsoidalSep,DE,0,36,0.0577407,1
F02-EllipsoidalSep,DE,0,37,8.25689,1
F02-EllipsoidalSep,DE,0,38,6.40855,1
F02-EllipsoidalSep,DE,0,39,0,0
F02-EllipsoidalSep,DE,0,40,0,0
F02-EllipsoidalSep,DE,0,41,0,0
F02-EllipsoidalSep,DE,0,42,0,0
F02-EllipsoidalSep,DE,0,43,0.0417356,1
F02-EllipsoidalSep,DE,0,44,0,0
F02-EllipsoidalSep,PSO,0,15,1.33582e-12,0
F02-EllipsoidalSep,PSO,0,16,7.57194,1
F02-EllipsoidalSep,PSO,0,17,0.012616,1
F02-EllipsoidalSep,PSO,0,18,1.33582e-12,0
F02-EllipsoidalSep,PSO,0,19,0.0439206,1
F02-EllipsoidalSep,PSO,0,20,1.33582e-12,0
F02-EllipsoidalSep,PSO,0,21,0.0348732,1
F02-EllipsoidalSep,PSO,0,22,10.0292,1
F02-EllipsoidalSep,PSO,0,23,0.0372797,1
F02-EllipsoidalSep,PSO,0,24,1.33582e-12,0
F02-EllipsoidalSep,PSO,0,25,1.33582e-12,0
F02-EllipsoidalSep,PSO,0,26,1.33582e-12,0
F02-EllipsoidalSep,PSO,0,27,1.33582e-12,0
F02-EllipsoidalSep,PSO,0,28,1.33582e-12,0
F02-EllipsoidalSep,PSO,0,29,1.33582e-12,0
F02-EllipsoidalSep,PSO,0,30,1.83666e-06,1
F02-EllipsoidalSep,PSO,0,31,0.0495368,1
F02-EllipsoidalSep,PSO,0,32,7.35406,1
F02-EllipsoidalSep,PSO,0,33,1.33582e-12,0
F02-EllipsoidalSep,PSO,0,34,1.33582e-12,0
F02-EllipsoidalSep,PSO,0,35,5.72469,1
F02-EllipsoidalSep,PSO,0,36,0.057741,1
F02-EllipsoidalSep,PSO,0,37,8.25689,1
F02-EllipsoidalSep,PSO,0,38,6.40855,1
F02-EllipsoidalSep,PSO,0,39,1.33582e-12,0
F02-EllipsoidalSep,PSO,0,40,1.33582e-12,0
F02-EllipsoidalSep,PSO,0,41,1.33582e-12,0
F02-EllipsoidalSep,PSO,0,42,1.33582e-12,0
F02-EllipsoidalSep,PSO,0,43,0.0417354,1
F02-EllipsoidalSep,PSO,0,44,1.33582e-12,0
F02-EllipsoidalSep,Crowding-DE,0,15,2.71965e-06,0
F02-EllipsoidalSep,Crowding-DE,0,16,7.35987,1
F02-EllipsoidalSep,Crowding-DE,0,17,0.0121836,1
F02-EllipsoidalSep,Crowding-DE,0,18,2.71965e-06,0
F02-EllipsoidalSep,Crowding-DE,0,19,0.0426384,1
F02-EllipsoidalSep,Crowding-DE,0,20,2.71965e-06,0
F02-EllipsoidalSep,Crowding-DE,0,21,0.0338365,1
F02-EllipsoidalSep,Crowding-DE,0,22,10.0281,1
F02-EllipsoidalSep,Crowding-DE,0,23,0.0361778,1
F02-EllipsoidalSep,Crowding-DE,0,24,2.71965e-06,0
F02-EllipsoidalSep,Crowding-DE,0,25,2.71965e-06,0
F02-EllipsoidalSep,Crowding-DE,0,26,2.71965e-06,0
F02-EllipsoidalSep,Crowding-DE,0,27,2.71965e-06,0
F02-EllipsoidalSep,Crowding-DE,0,28,2.71965e-06,0
F02-EllipsoidalSep,Crowding-DE,0,29,2.71965e-06,0
F02-EllipsoidalSep,Crowding-DE,0,30,0.000741194,1
F02-EllipsoidalSep,Crowding-DE,0,31,0.0481021,1
F02-EllipsoidalSep,Crowding-DE,0,32,7.17081,1
F02-EllipsoidalSep,Crowding-DE,0,33,2.71965e-06,0
F02-EllipsoidalSep,Crowding-DE,0,34,2.71965e-06,0
F02-EllipsoidalSep,Crowding-DE,0,35,5.72324,1
F02-EllipsoidalSep,Crowding-DE,0,36,0.0560836,1
F02-EllipsoidalSep,Crowding-DE,0,37,8.25536,1
F02-EllipsoidalSep,Crowding-DE,0,38,6.40694,1
F02-EllipsoidalSep,Crowding-DE,0,39,2.71965e-06,0
F02-EllipsoidalSep,Crowding-DE,0,40,2.71965e-06,0
F02-EllipsoidalSep,Crowding-DE,0,41,2.71965e-06,0
F02-EllipsoidalSep,Crowding-DE,0,42,2.71965e-06,0
F02-EllipsoidalSep,Crowding-DE,0,43,0,1
F02-EllipsoidalSep,Crowding-DE,0,44,2.71965e-06,0
F02-EllipsoidalSep,MAP-Elites,0,15,3.50928,0
F02-EllipsoidalSep,MAP-Elites,0,16,0,0
F02-EllipsoidalSep,MAP-Elites,0,17,3.91741,1
F02-EllipsoidalSep,MAP-Elites,0,18,3.50928,0
F02-EllipsoidalSep,MAP-Elites,0,19,4.71897,1
F02-EllipsoidalSep,MAP-Elites,0,20,3.50928,0
F02-EllipsoidalSep,MAP-Elites,0,21,4.48736,1
F02-EllipsoidalSep,MAP-Elites,0,22,13.5339,0
F02-EllipsoidalSep,MAP-Elites,0,23,4.54746,1
F02-EllipsoidalSep,MAP-Elites,0,24,3.50928,0
F02-EllipsoidalSep,MAP-Elites,0,25,3.50928,0
F02-EllipsoidalSep,MAP-Elites,0,26,3.50928,0
F02-EllipsoidalSep,MAP-Elites,0,27,3.50928,0
F02-EllipsoidalSep,MAP-Elites,0,28,3.50928,0
F02-EllipsoidalSep,MAP-Elites,0,29,12.131,0
F02-EllipsoidalSep,MAP-Elites,0,30,2.84044,0
F02-EllipsoidalSep,MAP-Elites,0,31,4.86168,1
F02-EllipsoidalSep,MAP-Elites,0,32,0,0
F02-EllipsoidalSep,MAP-Elites,0,33,13.5373,0
F02-EllipsoidalSep,MAP-Elites,0,34,3.50928,0
F02-EllipsoidalSep,MAP-Elites,0,35,10.5509,0
F02-EllipsoidalSep,MAP-Elites,0,36,5.07239,1
F02-EllipsoidalSep,MAP-Elites,0,37,11.3758,0
F02-EllipsoidalSep,MAP-Elites,0,38,11.38,0
F02-EllipsoidalSep,MAP-Elites,0,39,3.50928,0
F02-EllipsoidalSep,MAP-Elites,0,40,3.50928,0
F02-EllipsoidalSep,MAP-Elites,0,41,3.50928,0
F02-EllipsoidalSep,MAP-Elites,0,42,13.5373,0
F02-EllipsoidalSep,MAP-Elites,0,43,2.58245,0
F02-EllipsoidalSep,MAP-Elites,0,44,3.50928,0
F02-EllipsoidalSep,MC-ESO-crowd,0,15,0.00341197,0
F02-EllipsoidalSep,MC-ESO-crowd,0,16,7.50753,1
F02-EllipsoidalSep,MC-ESO-crowd,0,17,0,0
F02-EllipsoidalSep,MC-ESO-crowd,0,18,0.00341197,0
F02-EllipsoidalSep,MC-ESO-crowd,0,19,0,1
F02-EllipsoidalSep,MC-ESO-crowd,0,20,0.00341197,0
F02-EllipsoidalSep,MC-ESO-crowd,0,21,0,1
F02-EllipsoidalSep,MC-ESO-crowd,0,22,0,0
F02-EllipsoidalSep,MC-ESO-crowd,0,23,0,1
F02-EllipsoidalSep,MC-ESO-crowd,0,24,0.00341197,0
F02-EllipsoidalSep,MC-ESO-crowd,0,25,0.00341197,0
F02-EllipsoidalSep,MC-ESO-crowd,0,26,0.00341197,0
F02-EllipsoidalSep,MC-ESO-crowd,0,27,0.00341197,0
F02-EllipsoidalSep,MC-ESO-crowd,0,28,0.00341197,0
F02-EllipsoidalSep,MC-ESO-crowd,0,29,0.00341197,0
F02-EllipsoidalSep,MC-ESO-crowd,0,30,0.0305483,1
F02-EllipsoidalSep,MC-ESO-crowd,0,31,0,0
F02-EllipsoidalSep,MC-ESO-crowd,0,32,7.33341,1
F02-EllipsoidalSep,MC-ESO-crowd,0,33,0.00341197,0
F02-EllipsoidalSep,MC-ESO-crowd,0,34,0.00341197,0
F02-EllipsoidalSep,MC-ESO-crowd,0,35,0,0
F02-EllipsoidalSep,MC-ESO-crowd,0,36,0,0
F02-EllipsoidalSep,MC-ESO-crowd,0,37,0,0
F02-EllipsoidalSep,MC-ESO-crowd,0,38,0,0
F02-EllipsoidalSep,MC-ESO-crowd,0,39,0.00341197,0
F02-EllipsoidalSep,MC-ESO-crowd,0,40,0.00341197,0
F02-EllipsoidalSep,MC-ESO-crowd,0,41,0.00341197,0
F02-EllipsoidalSep,MC-ESO-crowd,0,42,0.00341197,0
F02-EllipsoidalSep,MC-ESO-crowd,0,43,0.0845266,1
F02-EllipsoidalSep,MC-ESO-crowd,0,44,0.00341197,0
F02-EllipsoidalSep,quality,0,15,1.13602e-10,0
F02-EllipsoidalSep,quality,0,16,7.57194,1
F02-EllipsoidalSep,quality,0,17,0.0126171,1
F02-EllipsoidalSep,quality,0,18,1.13602e-10,0
F02-EllipsoidalSep,quality,0,19,0.0439238,1
F02-EllipsoidalSep,quality,0,20,1.13602e-10,0
F02-EllipsoidalSep,quality,0,21,0.0348757,1
F02-EllipsoidalSep,quality,0,22,10.0292,1
F02-EllipsoidalSep,quality,0,23,0.0372825,1
F02-EllipsoidalSep,quality,0,24,1.13602e-10,0
F02-EllipsoidalSep,quality,0,25,1.13602e-10,0
F02-EllipsoidalSep,quality,0,26,1.13602e-10,0
F02-EllipsoidalSep,quality,0,27,1.13602e-10,0
F02-EllipsoidalSep,quality,0,28,1.13602e-10,0
F02-EllipsoidalSep,quality,0,29,1.13602e-10,0
F02-EllipsoidalSep,quality,0,30,0,1
F02-EllipsoidalSep,quality,0,31,0.0495404,1
F02-EllipsoidalSep,quality,0,32,7.35406,1
F02-EllipsoidalSep,quality,0,33,1.13602e-10,0
F02-EllipsoidalSep,quality,0,34,1.13602e-10,0
F02-EllipsoidalSep,quality,0,35,5.7247,1
F02-EllipsoidalSep,quality,0,36,0.0577451,1
F02-EllipsoidalSep,quality,0,37,8.2569,1
F02-EllipsoidalSep,quality,0,38,6.40856,1
F02-EllipsoidalSep,quality,0,39,1.13602e-10,0
F02-EllipsoidalSep,quality,0,40,1.13602e-10,0
F02-EllipsoidalSep,quality,0,41,1.13602e-10,0
F02-EllipsoidalSep,quality,0,42,1.13602e-10,0
F02-EllipsoidalSep,quality,0,43,0.0417328,1
F02-EllipsoidalSep,quality,0,44,1.13602e-10,0
F02-EllipsoidalSep,complement,0,15,1.13602e-10,0
F02-EllipsoidalSep,complement,0,16,7.57194,1
F02-EllipsoidalSep,complement,0,17,0.0126171,1
F02-EllipsoidalSep,complement,0,18,1.13602e-10,0
F02-EllipsoidalSep,complement,0,19,0.0439238,1
F02-EllipsoidalSep,complement,0,20,1.13602e-10,0
F02-EllipsoidalSep,complement,0,21,0.0348757,1
F02-EllipsoidalSep,complement,0,22,10.0292,1
F02-EllipsoidalSep,complement,0,23,0.0372825,1
F02-EllipsoidalSep,complement,0,24,1.13602e-10,0
F02-EllipsoidalSep,complement,0,25,1.13602e-10,0
F02-EllipsoidalSep,complement,0,26,1.13602e-10,0
F02-EllipsoidalSep,complement,0,27,1.13602e-10,0
F02-EllipsoidalSep,complement,0,28,1.13602e-10,0
F02-EllipsoidalSep,complement,0,29,1.13602e-10,0
F02-EllipsoidalSep,complement,0,30,0,1
F02-EllipsoidalSep,complement,0,31,0.0495404,1
F02-EllipsoidalSep,complement,0,32,7.35406,1
F02-EllipsoidalSep,complement,0,33,1.13602e-10,0
F02-EllipsoidalSep,complement,0,34,1.13602e-10,0
F02-EllipsoidalSep,complement,0,35,5.7247,1
F02-EllipsoidalSep,complement,0,36,0.0577451,1
F02-EllipsoidalSep,complement,0,37,8.2569,1
F02-EllipsoidalSep,complement,0,38,6.40856,1
F02-EllipsoidalSep,complement,0,39,1.13602e-10,0
F02-EllipsoidalSep,complement,0,40,1.13602e-10,0
F02-EllipsoidalSep,complement,0,41,1.13602e-10,0
F02-EllipsoidalSep,complement,0,42,1.13602e-10,0
F02-EllipsoidalSep,complement,0,43,0.0417328,1
F02-EllipsoidalSep,complement,0,44,1.13602e-10,0
F02-EllipsoidalSep,MC-ESO,1,15,0,0
F02-EllipsoidalSep,MC-ESO,1,16,4.72388,1
F02-EllipsoidalSep,MC-ESO,1,17,0,1
F02-EllipsoidalSep,MC-ESO,1,18,0,0
F02-EllipsoidalSep,MC-ESO,1,19,0,0
F02-EllipsoidalSep,MC-ESO,1,20,0,0
F02-EllipsoidalSep,MC-ESO,1,21,0,0
F02-EllipsoidalSep,MC-ESO,1,22,0,0
F02-EllipsoidalSep,MC-ESO,1,23,9.1164,1
F02-EllipsoidalSep,MC-ESO,1,24,0,1
F02-EllipsoidalSep,MC-ESO,1,25,0,0
F02-EllipsoidalSep,MC-ESO,1,26,0,0
F02-EllipsoidalSep,MC-ESO,1,27,8.48197,1
F02-EllipsoidalSep,MC-ESO,1,28,0,0
F02-EllipsoidalSep,MC-ESO,1,29,7.76118e-08,1
F02-EllipsoidalSep,MC-ESO,1,30,2.5654e-09,1
F02-EllipsoidalSep,MC-ESO,1,31,0.0238214,1
F02-EllipsoidalSep,MC-ESO,1,32,0,0
F02-EllipsoidalSep,MC-ESO,1,33,3.30998e-07,1
F02-EllipsoidalSep,MC-ESO,1,34,3.45748e-07,1
F02-EllipsoidalSep,MC-ESO,1,35,9.06082,1
F02-EllipsoidalSep,MC-ESO,1,36,0,1
F02-EllipsoidalSep,MC-ESO,1,37,1.07606e-07,1
F02-EllipsoidalSep,MC-ESO,1,38,0,0
F02-EllipsoidalSep,MC-ESO,1,39,0,0
F02-EllipsoidalSep,MC-ESO,1,40,0,0
F02-EllipsoidalSep,MC-ESO,1,41,0,0
F02-EllipsoidalSep,MC-ESO,1,42,0,0
F02-EllipsoidalSep,MC-ESO,1,43,0,0
F02-EllipsoidalSep,MC-ESO,1,44,0,0
F02-EllipsoidalSep,NMMSO,1,15,0,0
F02-EllipsoidalSep,NMMSO,1,16,4.83747,1
F02-EllipsoidalSep,NMMSO,1,17,0.14024,1
F02-EllipsoidalSep,NMMSO,1,18,0,0
F02-EllipsoidalSep,NMMSO,1,19,0,0
F02-EllipsoidalSep,NMMSO,1,20,0,0
F02-EllipsoidalSep,NMMSO,1,21,9.89716,1
F02-EllipsoidalSep,NMMSO,1,22,0,0
F02-EllipsoidalSep,NMMSO,1,23,9.1164,1
F02-EllipsoidalSep,NMMSO,1,24,0.134403,1
F02-EllipsoidalSep,NMMSO,1,25,0,0
F02-EllipsoidalSep,NMMSO,1,26,0,0
F02-EllipsoidalSep,NMMSO,1,27,8.48197,1
F02-EllipsoidalSep,NMMSO,1,28,0,0
F02-EllipsoidalSep,NMMSO,1,29,7.89395e-08,1
F02-EllipsoidalSep,NMMSO,1,30,2.57729e-09,1
F02-EllipsoidalSep,NMMSO,1,31,0.0238214,1
F02-EllipsoidalSep,NMMSO,1,32,0,0
F02-EllipsoidalSep,NMMSO,1,33,3.36897e-07,1
F02-EllipsoidalSep,NMMSO,1,34,3.51821e-07,1
F02-EllipsoidalSep,NMMSO,1,35,9.06082,1
F02-EllipsoidalSep,NMMSO,1,36,0.205953,1
F02-EllipsoidalSep,NMMSO,1,37,1.09464e-07,1
F02-EllipsoidalSep,NMMSO,1,38,9.40558,1
F02-EllipsoidalSep,NMMSO,1,39,0,0
F02-EllipsoidalSep,NMMSO,1,40,0,0
F02-EllipsoidalSep,NMMSO,1,41,0,0
F02-EllipsoidalSep,NMMSO,1,42,0,0
F02-EllipsoidalSep,NMMSO,1,43,0,0
F02-EllipsoidalSep,NMMSO,1,44,0,0
F02-EllipsoidalSep,NCDE,1,15,0,0
F02-EllipsoidalSep,NCDE,1,16,4.83747,0
F02-EllipsoidalSep,NCDE,1,17,0.14024,0
F02-EllipsoidalSep,NCDE,1,18,0,0
F02-EllipsoidalSep,NCDE,1,19,0,0
F02-EllipsoidalSep,NCDE,1,20,0,0
F02-EllipsoidalSep,NCDE,1,21,1.09986,0
F02-EllipsoidalSep,NCDE,1,22,0,0
F02-EllipsoidalSep,NCDE,1,23,9.1164,0
F02-EllipsoidalSep,NCDE,1,24,0.134403,0
F02-EllipsoidalSep,NCDE,1,25,0,0
F02-EllipsoidalSep,NCDE,1,26,0,0
F02-EllipsoidalSep,NCDE,1,27,8.48197,0
F02-EllipsoidalSep,NCDE,1,28,0,0
F02-EllipsoidalSep,NCDE,1,29,7.62284e-08,0
F02-EllipsoidalSep,NCDE,1,30,2.53979e-09,1
F02-EllipsoidalSep,NCDE,1,31,0.0238214,0
F02-EllipsoidalSep,NCDE,1,32,0,0
F02-EllipsoidalSep,NCDE,1,33,3.24781e-07,1
F02-EllipsoidalSep,NCDE,1,34,3.39371e-07,0
F02-EllipsoidalSep,NCDE,1,35,9.06082,0
F02-EllipsoidalSep,NCDE,1,36,0.205953,0
F02-EllipsoidalSep,NCDE,1,37,1.05664e-07,0
F02-EllipsoidalSep,NCDE,1,38,1.09986,0
F02-EllipsoidalSep,NCDE,1,39,0,0
F02-EllipsoidalSep,NCDE,1,40,0,0
F02-EllipsoidalSep,NCDE,1,41,0,0
F02-EllipsoidalSep,NCDE,1,42,0,0
F02-EllipsoidalSep,NCDE,1,43,0,0
F02-EllipsoidalSep,NCDE,1,44,0,0
F02-EllipsoidalSep,r3pso,1,15,1.39266e-12,0
F02-EllipsoidalSep,r3pso,1,16,4.83747,1
F02-EllipsoidalSep,r3pso,1,17,0.140239,1
F02-EllipsoidalSep,r3pso,1,18,1.39266e-12,0
F02-EllipsoidalSep,r3pso,1,19,1.39266e-12,0
F02-EllipsoidalSep,r3pso,1,20,1.39266e-12,0
F02-EllipsoidalSep,r3pso,1,21,9.89716,1
F02-EllipsoidalSep,r3pso,1,22,1.39266e-12,0
F02-EllipsoidalSep,r3pso,1,23,9.1164,1
F02-EllipsoidalSep,r3pso,1,24,0.134402,1
F02-EllipsoidalSep,r3pso,1,25,1.39266e-12,0
F02-EllipsoidalSep,r3pso,1,26,1.39266e-12,0
F02-EllipsoidalSep,r3pso,1,27,8.48197,1
F02-EllipsoidalSep,r3pso,1,28,1.39266e-12,0
F02-EllipsoidalSep,r3pso,1,29,0,1
F02-EllipsoidalSep,r3pso,1,30,4.4651e-09,1
F02-EllipsoidalSep,r3pso,1,31,0.0238217,1
F02-EllipsoidalSep,r3pso,1,32,1.39266e-12,0
F02-EllipsoidalSep,r3pso,1,33,0,1
F02-EllipsoidalSep,r3pso,1,34,0,1
F02-EllipsoidalSep,r3pso,1,35,9.06082,1
F02-EllipsoidalSep,r3pso,1,36,0.205952,1
F02-EllipsoidalSep,r3pso,1,37,0,1
F02-EllipsoidalSep,r3pso,1,38,9.40558,1
F02-EllipsoidalSep,r3pso,1,39,1.39266e-12,0
F02-EllipsoidalSep,r3pso,1,40,1.39266e-12,0
F02-EllipsoidalSep,r3pso,1,41,1.39266e-12,0
F02-EllipsoidalSep,r3pso,1,42,1.39266e-12,0
F02-EllipsoidalSep,r3pso,1,43,1.39266e-12,0
F02-EllipsoidalSep,r3pso,1,44,1.39266e-12,0
F02-EllipsoidalSep,NM-Restart,1,15,0,0
F02-EllipsoidalSep,NM-Restart,1,16,4.83747,1
F02-EllipsoidalSep,NM-Restart,1,17,0.14024,1
F02-EllipsoidalSep,NM-Restart,1,18,0,0
F02-EllipsoidalSep,NM-Restart,1,19,0,0
F02-EllipsoidalSep,NM-Restart,1,20,0,0
F02-EllipsoidalSep,NM-Restart,1,21,0.235189,0
F02-EllipsoidalSep,NM-Restart,1,22,0,0
F02-EllipsoidalSep,NM-Restart,1,23,9.1164,1
F02-EllipsoidalSep,NM-Restart,1,24,0.134403,1
F02-EllipsoidalSep,NM-Restart,1,25,0,0
F02-EllipsoidalSep,NM-Restart,1,26,0,0
F02-EllipsoidalSep,NM-Restart,1,27,8.48197,1
F02-EllipsoidalSep,NM-Restart,1,28,0,0
F02-EllipsoidalSep,NM-Restart,1,29,7.92212e-08,1
F02-EllipsoidalSep,NM-Restart,1,30,2.57887e-09,1
F02-EllipsoidalSep,NM-Restart,1,31,0.0238213,1
F02-EllipsoidalSep,NM-Restart,1,32,0,0
F02-EllipsoidalSep,NM-Restart,1,33,3.38144e-07,1
F02-EllipsoidalSep,NM-Restart,1,34,3.53106e-07,1
F02-EllipsoidalSep,NM-Restart,1,35,9.06082,1
F02-EllipsoidalSep,NM-Restart,1,36,0.205953,1
F02-EllipsoidalSep,NM-Restart,1,37,1.09858e-07,1
F02-EllipsoidalSep,NM-Restart,1,38,0.235189,0
F02-EllipsoidalSep,NM-Restart,1,39,0,0
F02-EllipsoidalSep,NM-Restart,1,40,0,0
F02-EllipsoidalSep,NM-Restart,1,41,0,0
F02-EllipsoidalSep,NM-Restart,1,42,0,0
F02-EllipsoidalSep,NM-Restart,1,43,0,0
F02-EllipsoidalSep,NM-Restart,1,44,0,0
F02-EllipsoidalSep,IPOP-CMA-ES,1,15,0,0
F02-EllipsoidalSep,IPOP-CMA-ES,1,16,4.83747,1
F02-EllipsoidalSep,IPOP-CMA-ES,1,17,0.14024,1
F02-EllipsoidalSep,IPOP-CMA-ES,1,18,0,0
F02-EllipsoidalSep,IPOP-CMA-ES,1,19,0,0
F02-EllipsoidalSep,IPOP-CMA-ES,1,20,0,0
F02-EllipsoidalSep,IPOP-CMA-ES,1,21,9.89716,1
F02-EllipsoidalSep,IPOP-CMA-ES,1,22,0,0
F02-EllipsoidalSep,IPOP-CMA-ES,1,23,9.1164,0
F02-EllipsoidalSep,IPOP-CMA-ES,1,24,0.134403,1
F02-EllipsoidalSep,IPOP-CMA-ES,1,25,0,0
F02-EllipsoidalSep,IPOP-CMA-ES,1,26,0,0
F02-EllipsoidalSep,IPOP-CMA-ES,1,27,8.48197,0
F02-EllipsoidalSep,IPOP-CMA-ES,1,28,0,0
F02-EllipsoidalSep,IPOP-CMA-ES,1,29,9.22582e-08,1
F02-EllipsoidalSep,IPOP-CMA-ES,1,30,2.17601e-09,1
F02-EllipsoidalSep,IPOP-CMA-ES,1,31,0.0238213,0
F02-EllipsoidalSep,IPOP-CMA-ES,1,32,0,0
F02-EllipsoidalSep,IPOP-CMA-ES,1,33,3.93295e-07,1
F02-EllipsoidalSep,IPOP-CMA-ES,1,34,4.10882e-07,1
F02-EllipsoidalSep,IPOP-CMA-ES,1,35,9.06082,0
F02-EllipsoidalSep,IPOP-CMA-ES,1,36,0.205953,1
F02-EllipsoidalSep,IPOP-CMA-ES,1,37,1.279e-07,1
F02-EllipsoidalSep,IPOP-CMA-ES,1,38,9.40558,1
F02-EllipsoidalSep,IPOP-CMA-ES,1,39,0,0
F02-EllipsoidalSep,IPOP-CMA-ES,1,40,0,0
F02-EllipsoidalSep,IPOP-CMA-ES,1,41,0,0
F02-EllipsoidalSep,IPOP-CMA-ES,1,42,0,0
F02-EllipsoidalSep,IPOP-CMA-ES,1,43,0,0
F02-EllipsoidalSep,IPOP-CMA-ES,1,44,0,0
F02-EllipsoidalSep,DE,1,15,0,0
F02-EllipsoidalSep,DE,1,16,4.83747,1
F02-EllipsoidalSep,DE,1,17,0.14024,1
F02-EllipsoidalSep,DE,1,18,0,0
F02-EllipsoidalSep,DE,1,19,0,0
F02-EllipsoidalSep,DE,1,20,0,0
F02-EllipsoidalSep,DE,1,21,9.89716,1
F02-EllipsoidalSep,DE,1,22,0,0
F02-EllipsoidalSep,DE,1,23,9.1164,1
F02-EllipsoidalSep,DE,1,24,0.134403,1
F02-EllipsoidalSep,DE,1,25,0,0
F02-EllipsoidalSep,DE,1,26,0,0
F02-EllipsoidalSep,DE,1,27,8.48197,1
F02-EllipsoidalSep,DE,1,28,0,0
F02-EllipsoidalSep,DE,1,29,8.50756e-08,1
F02-EllipsoidalSep,DE,1,30,2.32775e-09,1
F02-EllipsoidalSep,DE,1,31,0.0238213,1
F02-EllipsoidalSep,DE,1,32,0,0
F02-EllipsoidalSep,DE,1,33,3.62536e-07,1
F02-EllipsoidalSep,DE,1,34,3.78799e-07,1
F02-EllipsoidalSep,DE,1,35,9.06082,1
F02-EllipsoidalSep,DE,1,36,0.205953,1
F02-EllipsoidalSep,DE,1,37,1.17932e-07,1
F02-EllipsoidalSep,DE,1,38,9.40558,1
F02-EllipsoidalSep,DE,1,39,0,0
F02-EllipsoidalSep,DE,1,40,0,0
F02-EllipsoidalSep,DE,1,41,0,0
F02-EllipsoidalSep,DE,1,42,0,0
F02-EllipsoidalSep,DE,1,43,0,0
F02-EllipsoidalSep,DE,1,44,0,0
F02-EllipsoidalSep,PSO,1,15,0,0
F02-EllipsoidalSep,PSO,1,16,4.83747,1
F02-EllipsoidalSep,PSO,1,17,0.14024,1
F02-EllipsoidalSep,PSO,1,18,0,0
F02-EllipsoidalSep,PSO,1,19,0,0
F02-EllipsoidalSep,PSO,1,20,0,0
F02-EllipsoidalSep,PSO,1,21,9.89716,1
F02-EllipsoidalSep,PSO,1,22,0,0
F02-EllipsoidalSep,PSO,1,23,9.1164,1
F02-EllipsoidalSep,PSO,1,24,0.134403,1
F02-EllipsoidalSep,PSO,1,25,0,0
F02-EllipsoidalSep,PSO,1,26,0,0
F02-EllipsoidalSep,PSO,1,27,8.48197,1
F02-EllipsoidalSep,PSO,1,28,0,0
F02-EllipsoidalSep,PSO,1,29,8.41495e-08,1
F02-EllipsoidalSep,PSO,1,30,2.30918e-09,1
F02-EllipsoidalSep,PSO,1,31,0.0238213,1
F02-EllipsoidalSep,PSO,1,32,0,0
F02-EllipsoidalSep,PSO,1,33,3.58367e-07,1
F02-EllipsoidalSep,PSO,1,34,3.74526e-07,1
F02-EllipsoidalSep,PSO,1,35,9.06082,1
F02-EllipsoidalSep,PSO,1,36,0.205953,1
F02-EllipsoidalSep,PSO,1,37,1.16631e-07,1
F02-EllipsoidalSep,PSO,1,38,9.40558,1
F02-EllipsoidalSep,PSO,1,39,0,0
F02-EllipsoidalSep,PSO,1,40,0,0
F02-EllipsoidalSep,PSO,1,41,0,0
F02-EllipsoidalSep,PSO,1,42,0,0
F02-EllipsoidalSep,PSO,1,43,0,0
F02-EllipsoidalSep,PSO,1,44,0,0
F02-EllipsoidalSep,Crowding-DE,1,15,6.89544e-06,0
F02-EllipsoidalSep,Crowding-DE,1,16,4.83864,1
F02-EllipsoidalSep,Crowding-DE,1,17,0.14148,1
F02-EllipsoidalSep,Crowding-DE,1,18,6.89544e-06,0
F02-EllipsoidalSep,Crowding-DE,1,19,6.89544e-06,0
F02-EllipsoidalSep,Crowding-DE,1,20,6.89544e-06,0
F02-EllipsoidalSep,Crowding-DE,1,21,9.89863,1
F02-EllipsoidalSep,Crowding-DE,1,22,6.89544e-06,0
F02-EllipsoidalSep,Crowding-DE,1,23,9.11512,1
F02-EllipsoidalSep,Crowding-DE,1,24,0.13563,1
F02-EllipsoidalSep,Crowding-DE,1,25,6.89544e-06,0
F02-EllipsoidalSep,Crowding-DE,1,26,6.89544e-06,0
F02-EllipsoidalSep,Crowding-DE,1,27,8.48064,1
F02-EllipsoidalSep,Crowding-DE,1,28,6.89544e-06,0
F02-EllipsoidalSep,Crowding-DE,1,29,0.000114007,1
F02-EllipsoidalSep,Crowding-DE,1,30,6.57616e-06,1
F02-EllipsoidalSep,Crowding-DE,1,31,0.0233112,1
F02-EllipsoidalSep,Crowding-DE,1,32,6.89544e-06,0
F02-EllipsoidalSep,Crowding-DE,1,33,0.000475938,1
F02-EllipsoidalSep,Crowding-DE,1,34,0.000492289,1
F02-EllipsoidalSep,Crowding-DE,1,35,9.05956,1
F02-EllipsoidalSep,Crowding-DE,1,36,0.20737,1
F02-EllipsoidalSep,Crowding-DE,1,37,0.000156314,1
F02-EllipsoidalSep,Crowding-DE,1,38,9.40679,1
F02-EllipsoidalSep,Crowding-DE,1,39,6.89544e-06,0
F02-EllipsoidalSep,Crowding-DE,1,40,6.89544e-06,0
F02-EllipsoidalSep,Crowding-DE,1,41,6.89544e-06,0
F02-EllipsoidalSep,Crowding-DE,1,42,6.89544e-06,0
F02-EllipsoidalSep,Crowding-DE,1,43,6.89544e-06,0
F02-EllipsoidalSep,Crowding-DE,1,44,6.89544e-06,0
F02-EllipsoidalSep,MAP-Elites,1,15,4.22092,0
F02-EllipsoidalSep,MAP-Elites,1,16,6.33679,0
F02-EllipsoidalSep,MAP-Elites,1,17,5.20261,0
F02-EllipsoidalSep,MAP-Elites,1,18,4.22092,0
F02-EllipsoidalSep,MAP-Elites,1,19,4.22092,0
F02-EllipsoidalSep,MAP-Elites,1,20,4.22092,0
F02-EllipsoidalSep,MAP-Elites,1,21,12.285,0
F02-EllipsoidalSep,MAP-Elites,1,22,4.22092,0
F02-EllipsoidalSep,MAP-Elites,1,23,4.57062,0
F02-EllipsoidalSep,MAP-Elites,1,24,5.1837,0
F02-EllipsoidalSep,MAP-Elites,1,25,4.22092,0
F02-EllipsoidalSep,MAP-Elites,1,26,4.22092,0
F02-EllipsoidalSep,MAP-Elites,1,27,2.28145,0
F02-EllipsoidalSep,MAP-Elites,1,28,4.22092,0
F02-EllipsoidalSep,MAP-Elites,1,29,4.29712,1
F02-EllipsoidalSep,MAP-Elites,1,30,4.21734,1
F02-EllipsoidalSep,MAP-Elites,1,31,3.89601,1
F02-EllipsoidalSep,MAP-Elites,1,32,13.4318,0
F02-EllipsoidalSep,MAP-Elites,1,33,4.5367,1
F02-EllipsoidalSep,MAP-Elites,1,34,4.55418,1
F02-EllipsoidalSep,MAP-Elites,1,35,4.57062,0
F02-EllipsoidalSep,MAP-Elites,1,36,1.00035,0
F02-EllipsoidalSep,MAP-Elites,1,37,4.32588,1
F02-EllipsoidalSep,MAP-Elites,1,38,12.285,0
F02-EllipsoidalSep,MAP-Elites,1,39,4.22092,0
F02-EllipsoidalSep,MAP-Elites,1,40,4.22092,0
F02-EllipsoidalSep,MAP-Elites,1,41,4.22092,0
F02-EllipsoidalSep,MAP-Elites,1,42,13.4318,0
F02-EllipsoidalSep,MAP-Elites,1,43,4.22092,0
F02-EllipsoidalSep,MAP-Elites,1,44,4.22092,0
F02-EllipsoidalSep,MC-ESO-crowd,1,15,0.0119057,0
F02-EllipsoidalSep,MC-ESO-crowd,1,16,0,0
F02-EllipsoidalSep,MC-ESO-crowd,1,17,0.237822,1
F02-EllipsoidalSep,MC-ESO-crowd,1,18,0.0119057,0
F02-EllipsoidalSep,MC-ESO-crowd,1,19,0.0119057,0
F02-EllipsoidalSep,MC-ESO-crowd,1,20,0.0119057,0
F02-EllipsoidalSep,MC-ESO-crowd,1,21,0.276559,0
F02-EllipsoidalSep,MC-ESO-crowd,1,22,0.0119057,0
F02-EllipsoidalSep,MC-ESO-crowd,1,23,0,0
F02-EllipsoidalSep,MC-ESO-crowd,1,24,0.230858,1
F02-EllipsoidalSep,MC-ESO-crowd,1,25,0.0119057,0
F02-EllipsoidalSep,MC-ESO-crowd,1,26,0.0119057,0
F02-EllipsoidalSep,MC-ESO-crowd,1,27,0,0
F02-EllipsoidalSep,MC-ESO-crowd,1,28,0.0119057,0
F02-EllipsoidalSep,MC-ESO-crowd,1,29,0.0194849,1
F02-EllipsoidalSep,MC-ESO-crowd,1,30,0.011729,1
F02-EllipsoidalSep,MC-ESO-crowd,1,31,0,1
F02-EllipsoidalSep,MC-ESO-crowd,1,32,0.0119057,0
F02-EllipsoidalSep,MC-ESO-crowd,1,33,0.0442749,1
F02-EllipsoidalSep,MC-ESO-crowd,1,34,0.0457001,1
F02-EllipsoidalSep,MC-ESO-crowd,1,35,0,0
F02-EllipsoidalSep,MC-ESO-crowd,1,36,0.3157,1
F02-EllipsoidalSep,MC-ESO-crowd,1,37,0.0224173,1
F02-EllipsoidalSep,MC-ESO-crowd,1,38,0.276559,0
F02-EllipsoidalSep,MC-ESO-crowd,1,39,0.0119057,0
F02-EllipsoidalSep,MC-ESO-crowd,1,40,0.0119057,0
F02-EllipsoidalSep,MC-ESO-crowd,1,41,0.0119057,0
F02-EllipsoidalSep,MC-ESO-crowd,1,42,0.0119057,0
F02-EllipsoidalSep,MC-ESO-crowd,1,43,0.0119057,0
F02-EllipsoidalSep,MC-ESO-crowd,1,44,0.0119057,0
F02-EllipsoidalSep,quality,1,15,1.70274e-10,0
F02-EllipsoidalSep,quality,1,16,4.83748,1
F02-EllipsoidalSep,quality,1,17,0.140246,1
F02-EllipsoidalSep,quality,1,18,1.70274e-10,0
F02-EllipsoidalSep,quality,1,19,1.70274e-10,0
F02-EllipsoidalSep,quality,1,20,1.70274e-10,0
F02-EllipsoidalSep,quality,1,21,9.89717,1
F02-EllipsoidalSep,quality,1,22,1.70274e-10,0
F02-EllipsoidalSep,quality,1,23,9.11639,1
F02-EllipsoidalSep,quality,1,24,0.134409,1
F02-EllipsoidalSep,quality,1,25,1.70274e-10,0
F02-EllipsoidalSep,quality,1,26,1.70274e-10,0
F02-EllipsoidalSep,quality,1,27,8.48197,1
F02-EllipsoidalSep,quality,1,28,1.70274e-10,0
F02-EllipsoidalSep,quality,1,29,6.42979e-07,1
F02-EllipsoidalSep,quality,1,30,0,1
F02-EllipsoidalSep,quality,1,31,0.0238186,1
F02-EllipsoidalSep,quality,1,32,1.70274e-10,0
F02-EllipsoidalSep,quality,1,33,2.80069e-06,1
F02-EllipsoidalSep,quality,1,34,2.90351e-06,1
F02-EllipsoidalSep,quality,1,35,9.06082,1
F02-EllipsoidalSep,quality,1,36,0.205961,1
F02-EllipsoidalSep,quality,1,37,8.95803e-07,1
F02-EllipsoidalSep,quality,1,38,9.40558,1
F02-EllipsoidalSep,quality,1,39,1.70274e-10,0
F02-EllipsoidalSep,quality,1,40,1.70274e-10,0
F02-EllipsoidalSep,quality,1,41,1.70274e-10,0
F02-EllipsoidalSep,quality,1,42,1.70274e-10,0
F02-EllipsoidalSep,quality,1,43,1.70274e-10,0
F02-EllipsoidalSep,quality,1,44,1.70274e-10,0
F02-EllipsoidalSep,complement,1,15,1.70274e-10,0
F02-EllipsoidalSep,complement,1,16,4.83748,1
F02-EllipsoidalSep,complement,1,17,0.140246,1
F02-EllipsoidalSep,complement,1,18,1.70274e-10,0
F02-EllipsoidalSep,complement,1,19,1.70274e-10,0
F02-EllipsoidalSep,complement,1,20,1.70274e-10,0
F02-EllipsoidalSep,complement,1,21,9.89717,1
F02-EllipsoidalSep,complement,1,22,1.70274e-10,0
F02-EllipsoidalSep,complement,1,23,9.11639,1
F02-EllipsoidalSep,complement,1,24,0.134409,1
F02-EllipsoidalSep,complement,1,25,1.70274e-10,0
F02-EllipsoidalSep,complement,1,26,1.70274e-10,0
F02-EllipsoidalSep,complement,1,27,8.48197,1
F02-EllipsoidalSep,complement,1,28,1.70274e-10,0
F02-EllipsoidalSep,complement,1,29,6.42979e-07,1
F02-EllipsoidalSep,complement,1,30,0,1
F02-EllipsoidalSep,complement,1,31,0.0238186,1
F02-EllipsoidalSep,complement,1,32,1.70274e-10,0
F02-EllipsoidalSep,complement,1,33,2.80069e-06,1
F02-EllipsoidalSep,complement,1,34,2.90351e-06,1
F02-EllipsoidalSep,complement,1,35,9.06082,1
F02-EllipsoidalSep,complement,1,36,0.205961,1
F02-EllipsoidalSep,complement,1,37,8.95803e-07,1
F02-EllipsoidalSep,complement,1,38,9.40558,1
F02-EllipsoidalSep,complement,1,39,1.70274e-10,0
F02-EllipsoidalSep,complement,1,40,1.70274e-10,0
F02-EllipsoidalSep,complement,1,41,1.70274e-10,0
F02-EllipsoidalSep,complement,1,42,1.70274e-10,0
F02-EllipsoidalSep,complement,1,43,1.70274e-10,0
F02-EllipsoidalSep,complement,1,44,1.70274e-10,0
F02-EllipsoidalSep,MC-ESO,2,15,0,0
F02-EllipsoidalSep,MC-ESO,2,16,0,0
F02-EllipsoidalSep,MC-ESO,2,17,0.0417612,1
F02-EllipsoidalSep,MC-ESO,2,18,0,0
F02-EllipsoidalSep,MC-ESO,2,19,6.66363,1
F02-EllipsoidalSep,MC-ESO,2,20,0,0
F02-EllipsoidalSep,MC-ESO,2,21,0,0
F02-EllipsoidalSep,MC-ESO,2,22,1.18181,0
F02-EllipsoidalSep,MC-ESO,2,23,0,0
F02-EllipsoidalSep,MC-ESO,2,24,0,0
F02-EllipsoidalSep,MC-ESO,2,25,0,0
F02-EllipsoidalSep,MC-ESO,2,26,0,0
F02-EllipsoidalSep,MC-ESO,2,27,0,0
F02-EllipsoidalSep,MC-ESO,2,28,0,0
F02-EllipsoidalSep,MC-ESO,2,29,1.53526,0
F02-EllipsoidalSep,MC-ESO,2,30,0,0
F02-EllipsoidalSep,MC-ESO,2,31,0,0
F02-EllipsoidalSep,MC-ESO,2,32,0,0
F02-EllipsoidalSep,MC-ESO,2,33,0.0164001,1
F02-EllipsoidalSep,MC-ESO,2,34,0,0
F02-EllipsoidalSep,MC-ESO,2,35,6.33917,1
F02-EllipsoidalSep,MC-ESO,2,36,0,0
F02-EllipsoidalSep,MC-ESO,2,37,8.34635e-07,1
F02-EllipsoidalSep,MC-ESO,2,38,0.0298892,1
F02-EllipsoidalSep,MC-ESO,2,39,0,0
F02-EllipsoidalSep,MC-ESO,2,40,4.13307,1
F02-EllipsoidalSep,MC-ESO,2,41,0.0500657,1
F02-EllipsoidalSep,MC-ESO,2,42,0,0
F02-EllipsoidalSep,MC-ESO,2,43,0,0
F02-EllipsoidalSep,MC-ESO,2,44,0,0
F02-EllipsoidalSep,NMMSO,2,15,0,0
F02-EllipsoidalSep,NMMSO,2,16,0,0
F02-EllipsoidalSep,NMMSO,2,17,0.182147,1
F02-EllipsoidalSep,NMMSO,2,18,0,0
F02-EllipsoidalSep,NMMSO,2,19,6.91518,1
F02-EllipsoidalSep,NMMSO,2,20,0,0
F02-EllipsoidalSep,NMMSO,2,21,0,0
F02-EllipsoidalSep,NMMSO,2,22,9.12217,1
F02-EllipsoidalSep,NMMSO,2,23,8.8562,1
F02-EllipsoidalSep,NMMSO,2,24,0,0
F02-EllipsoidalSep,NMMSO,2,25,0,0
F02-EllipsoidalSep,NMMSO,2,26,10.1358,1
F02-EllipsoidalSep,NMMSO,2,27,9.96717,1
F02-EllipsoidalSep,NMMSO,2,28,0,0
F02-EllipsoidalSep,NMMSO,2,29,9.29128,1
F02-EllipsoidalSep,NMMSO,2,30,0,0
F02-EllipsoidalSep,NMMSO,2,31,0,0
F02-EllipsoidalSep,NMMSO,2,32,0,0
F02-EllipsoidalSep,NMMSO,2,33,0.232415,1
F02-EllipsoidalSep,NMMSO,2,34,0,0
F02-EllipsoidalSep,NMMSO,2,35,6.55269,1
F02-EllipsoidalSep,NMMSO,2,36,9.8317,1
F02-EllipsoidalSep,NMMSO,2,37,8.46782e-07,1
F02-EllipsoidalSep,NMMSO,2,38,0.205412,1
F02-EllipsoidalSep,NMMSO,2,39,0,0
F02-EllipsoidalSep,NMMSO,2,40,4.14454,1
F02-EllipsoidalSep,NMMSO,2,41,0.0500657,1
F02-EllipsoidalSep,NMMSO,2,42,8.48035,1
F02-EllipsoidalSep,NMMSO,2,43,0,0
F02-EllipsoidalSep,NMMSO,2,44,8.42408,1
F02-EllipsoidalSep,NCDE,2,15,2.33058e-11,0
F02-EllipsoidalSep,NCDE,2,16,2.33058e-11,0
F02-EllipsoidalSep,NCDE,2,17,0,0
F02-EllipsoidalSep,NCDE,2,18,2.33058e-11,0
F02-EllipsoidalSep,NCDE,2,19,6.65916,0
F02-EllipsoidalSep,NCDE,2,20,2.33058e-11,0
F02-EllipsoidalSep,NCDE,2,21,2.33058e-11,0
F02-EllipsoidalSep,NCDE,2,22,5.85025,0
F02-EllipsoidalSep,NCDE,2,23,4.66845,0
F02-EllipsoidalSep,NCDE,2,24,2.33058e-11,0
F02-EllipsoidalSep,NCDE,2,25,2.33058e-11,0
F02-EllipsoidalSep,NCDE,2,26,6.82591,0
F02-EllipsoidalSep,NCDE,2,27,6.82591,0
F02-EllipsoidalSep,NCDE,2,28,2.33058e-11,0
F02-EllipsoidalSep,NCDE,2,29,0,0
F02-EllipsoidalSep,NCDE,2,30,2.33058e-11,0
F02-EllipsoidalSep,NCDE,2,31,2.33058e-11,0
F02-EllipsoidalSep,NCDE,2,32,2.33058e-11,0
F02-EllipsoidalSep,NCDE,2,33,0,0
F02-EllipsoidalSep,NCDE,2,34,2.33058e-11,0
F02-EllipsoidalSep,NCDE,2,35,6.322,0
F02-EllipsoidalSep,NCDE,2,36,6.82591,0
F02-EllipsoidalSep,NCDE,2,37,2.6114e-06,1
F02-EllipsoidalSep,NCDE,2,38,0,0
F02-EllipsoidalSep,NCDE,2,39,2.33058e-11,0
F02-EllipsoidalSep,NCDE,2,40,0,0
F02-EllipsoidalSep,NCDE,2,41,0,0
F02-EllipsoidalSep,NCDE,2,42,4.66845,0
F02-EllipsoidalSep,NCDE,2,43,2.33058e-11,0
F02-EllipsoidalSep,NCDE,2,44,8.20091,0
F02-EllipsoidalSep,r3pso,2,15,6.33804e-12,0
F02-EllipsoidalSep,r3pso,2,16,6.33804e-12,0
F02-EllipsoidalSep,r3pso,2,17,0.182147,1
F02-EllipsoidalSep,r3pso,2,18,6.33804e-12,0
F02-EllipsoidalSep,r3pso,2,19,6.91518,1
F02-EllipsoidalSep,r3pso,2,20,6.33804e-12,0
F02-EllipsoidalSep,r3pso,2,21,6.33804e-12,0
F02-EllipsoidalSep,r3pso,2,22,9.12217,1
F02-EllipsoidalSep,r3pso,2,23,8.8562,1
F02-EllipsoidalSep,r3pso,2,24,6.33804e-12,0
F02-EllipsoidalSep,r3pso,2,25,6.33804e-12,0
F02-EllipsoidalSep,r3pso,2,26,10.1358,1
F02-EllipsoidalSep,r3pso,2,27,9.96717,1
F02-EllipsoidalSep,r3pso,2,28,6.33804e-12,0
F02-EllipsoidalSep,r3pso,2,29,9.29128,1
F02-EllipsoidalSep,r3pso,2,30,6.33804e-12,0
F02-EllipsoidalSep,r3pso,2,31,6.33804e-12,0
F02-EllipsoidalSep,r3pso,2,32,6.33804e-12,0
F02-EllipsoidalSep,r3pso,2,33,0.232415,1
F02-EllipsoidalSep,r3pso,2,34,6.33804e-12,0
F02-EllipsoidalSep,r3pso,2,35,6.55269,1
F02-EllipsoidalSep,r3pso,2,36,9.8317,1
F02-EllipsoidalSep,r3pso,2,37,9.62543e-07,1
F02-EllipsoidalSep,r3pso,2,38,0.205412,1
F02-EllipsoidalSep,r3pso,2,39,6.33804e-12,0
F02-EllipsoidalSep,r3pso,2,40,4.14454,1
F02-EllipsoidalSep,r3pso,2,41,0.0500659,1
F02-EllipsoidalSep,r3pso,2,42,8.48035,1
F02-EllipsoidalSep,r3pso,2,43,6.33804e-12,0
F02-EllipsoidalSep,r3pso,2,44,8.42408,1
F02-EllipsoidalSep,NM-Restart,2,15,0,0
F02-EllipsoidalSep,NM-Restart,2,16,0,0
F02-EllipsoidalSep,NM-Restart,2,17,0.182147,1
F02-EllipsoidalSep,NM-Restart,2,18,0,0
F02-EllipsoidalSep,NM-Restart,2,19,6.91518,1
F02-EllipsoidalSep,NM-Restart,2,20,0,0
F02-EllipsoidalSep,NM-Restart,2,21,0,0
F02-EllipsoidalSep,NM-Restart,2,22,9.12217,1
F02-EllipsoidalSep,NM-Restart,2,23,8.8562,1
F02-EllipsoidalSep,NM-Restart,2,24,0,0
F02-EllipsoidalSep,NM-Restart,2,25,0,0
F02-EllipsoidalSep,NM-Restart,2,26,10.1358,1
F02-EllipsoidalSep,NM-Restart,2,27,9.96717,1
F02-EllipsoidalSep,NM-Restart,2,28,0,0
F02-EllipsoidalSep,NM-Restart,2,29,9.29128,1
F02-EllipsoidalSep,NM-Restart,2,30,0,0
F02-EllipsoidalSep,NM-Restart,2,31,0,0
F02-EllipsoidalSep,NM-Restart,2,32,0,0
F02-EllipsoidalSep,NM-Restart,2,33,0.232415,1
F02-EllipsoidalSep,NM-Restart,2,34,0,0
F02-EllipsoidalSep,NM-Restart,2,35,6.55269,1
F02-EllipsoidalSep,NM-Restart,2,36,9.8317,1
F02-EllipsoidalSep,NM-Restart,2,37,8.45631e-07,1
F02-EllipsoidalSep,NM-Restart,2,38,0.205412,1
F02-EllipsoidalSep,NM-Restart,2,39,0,0
F02-EllipsoidalSep,NM-Restart,2,40,4.14454,1
F02-EllipsoidalSep,NM-Restart,2,41,0.0500657,1
F02-EllipsoidalSep,NM-Restart,2,42,8.48035,1
F02-EllipsoidalSep,NM-Restart,2,43,0,0
F02-EllipsoidalSep,NM-Restart,2,44,8.42408,1
F02-EllipsoidalSep,IPOP-CMA-ES,2,15,0,0
F02-EllipsoidalSep,IPOP-CMA-ES,2,16,0,0
F02-EllipsoidalSep,IPOP-CMA-ES,2,17,0.182147,0
F02-EllipsoidalSep,IPOP-CMA-ES,2,18,0,0
F02-EllipsoidalSep,IPOP-CMA-ES,2,19,6.91518,0
F02-EllipsoidalSep,IPOP-CMA-ES,2,20,0,0
F02-EllipsoidalSep,IPOP-CMA-ES,2,21,0,0
F02-EllipsoidalSep,IPOP-CMA-ES,2,22,9.12217,0
F02-EllipsoidalSep,IPOP-CMA-ES,2,23,8.8562,1
F02-EllipsoidalSep,IPOP-CMA-ES,2,24,0,0
F02-EllipsoidalSep,IPOP-CMA-ES,2,25,0,0
F02-EllipsoidalSep,IPOP-CMA-ES,2,26,10.1358,0
F02-EllipsoidalSep,IPOP-CMA-ES,2,27,9.96717,0
F02-EllipsoidalSep,IPOP-CMA-ES,2,28,0,0
F02-EllipsoidalSep,IPOP-CMA-ES,2,29,9.29128,0
F02-EllipsoidalSep,IPOP-CMA-ES,2,30,0,0
F02-EllipsoidalSep,IPOP-CMA-ES,2,31,0,0
F02-EllipsoidalSep,IPOP-CMA-ES,2,32,0,0
F02-EllipsoidalSep,IPOP-CMA-ES,2,33,0.232415,0
F02-EllipsoidalSep,IPOP-CMA-ES,2,34,0,0
F02-EllipsoidalSep,IPOP-CMA-ES,2,35,6.55269,0
F02-EllipsoidalSep,IPOP-CMA-ES,2,36,9.8317,0
F02-EllipsoidalSep,IPOP-CMA-ES,2,37,8.90307e-07,1
F02-EllipsoidalSep,IPOP-CMA-ES,2,38,0.205412,0
F02-EllipsoidalSep,IPOP-CMA-ES,2,39,0,0
F02-EllipsoidalSep,IPOP-CMA-ES,2,40,4.14454,1
F02-EllipsoidalSep,IPOP-CMA-ES,2,41,0.0500658,0
F02-EllipsoidalSep,IPOP-CMA-ES,2,42,8.48035,1
F02-EllipsoidalSep,IPOP-CMA-ES,2,43,0,0
F02-EllipsoidalSep,IPOP-CMA-ES,2,44,8.42408,0
F02-EllipsoidalSep,DE,2,15,0,0
F02-EllipsoidalSep,DE,2,16,0,0
F02-EllipsoidalSep,DE,2,17,0.182147,1
F02-EllipsoidalSep,DE,2,18,0,0
F02-EllipsoidalSep,DE,2,19,6.91518,1
F02-EllipsoidalSep,DE,2,20,0,0
F02-EllipsoidalSep,DE,2,21,0,0
F02-EllipsoidalSep,DE,2,22,9.12217,1
F02-EllipsoidalSep,DE,2,23,8.8562,1
F02-EllipsoidalSep,DE,2,24,0,0
F02-EllipsoidalSep,DE,2,25,0,0
F02-EllipsoidalSep,DE,2,26,10.1358,1
F02-EllipsoidalSep,DE,2,27,9.96717,1
F02-EllipsoidalSep,DE,2,28,0,0
F02-EllipsoidalSep,DE,2,29,9.29128,1
F02-EllipsoidalSep,DE,2,30,0,0
F02-EllipsoidalSep,DE,2,31,0,0
F02-EllipsoidalSep,DE,2,32,0,0
F02-EllipsoidalSep,DE,2,33,0.232415,1
F02-EllipsoidalSep,DE,2,34,0,0
F02-EllipsoidalSep,DE,2,35,6.55269,1
F02-EllipsoidalSep,DE,2,36,9.8317,1
F02-EllipsoidalSep,DE,2,37,8.94007e-07,1
F02-EllipsoidalSep,DE,2,38,0.205412,1
F02-EllipsoidalSep,DE,2,39,0,0
F02-EllipsoidalSep,DE,2,40,4.14454,1
F02-EllipsoidalSep,DE,2,41,0.0500658,1
F02-EllipsoidalSep,DE,2,42,8.48035,1
F02-EllipsoidalSep,DE,2,43,0,0
F02-EllipsoidalSep,DE,2,44,8.42408,1
F02-EllipsoidalSep,PSO,2,15,3.97904e-12,0
F02-EllipsoidalSep,PSO,2,16,3.97904e-12,0
F02-EllipsoidalSep,PSO,2,17,0.182145,1
F02-EllipsoidalSep,PSO,2,18,3.97904e-12,0
F02-EllipsoidalSep,PSO,2,19,6.91518,1
F02-EllipsoidalSep,PSO,2,20,3.97904e-12,0
F02-EllipsoidalSep,PSO,2,21,3.97904e-12,0
F02-EllipsoidalSep,PSO,2,22,9.12217,1
F02-EllipsoidalSep,PSO,2,23,8.8562,1
F02-EllipsoidalSep,PSO,2,24,3.97904e-12,0
F02-EllipsoidalSep,PSO,2,25,3.97904e-12,0
F02-EllipsoidalSep,PSO,2,26,10.1358,1
F02-EllipsoidalSep,PSO,2,27,9.96718,1
F02-EllipsoidalSep,PSO,2,28,3.97904e-12,0
F02-EllipsoidalSep,PSO,2,29,9.29128,1
F02-EllipsoidalSep,PSO,2,30,3.97904e-12,0
F02-EllipsoidalSep,PSO,2,31,3.97904e-12,0
F02-EllipsoidalSep,PSO,2,32,3.97904e-12,0
F02-EllipsoidalSep,PSO,2,33,0.232413,1
F02-EllipsoidalSep,PSO,2,34,3.97904e-12,0
F02-EllipsoidalSep,PSO,2,35,6.55269,1
F02-EllipsoidalSep,PSO,2,36,9.8317,1
F02-EllipsoidalSep,PSO,2,37,1.28735e-07,1
F02-EllipsoidalSep,PSO,2,38,0.20541,1
F02-EllipsoidalSep,PSO,2,39,3.97904e-12,0
F02-EllipsoidalSep,PSO,2,40,4.14454,1
F02-EllipsoidalSep,PSO,2,41,0.0500646,1
F02-EllipsoidalSep,PSO,2,42,8.48035,1
F02-EllipsoidalSep,PSO,2,43,3.97904e-12,0
F02-EllipsoidalSep,PSO,2,44,8.42408,1
F02-EllipsoidalSep,Crowding-DE,2,15,7.68915e-07,0
F02-EllipsoidalSep,Crowding-DE,2,16,7.68915e-07,0
F02-EllipsoidalSep,Crowding-DE,2,17,0.182677,1
F02-EllipsoidalSep,Crowding-DE,2,18,7.68915e-07,0
F02-EllipsoidalSep,Crowding-DE,2,19,6.9158,1
F02-EllipsoidalSep,Crowding-DE,2,20,7.68915e-07,0
F02-EllipsoidalSep,Crowding-DE,2,21,7.68915e-07,0
F02-EllipsoidalSep,Crowding-DE,2,22,9.12171,1
F02-EllipsoidalSep,Crowding-DE,2,23,8.85562,1
F02-EllipsoidalSep,Crowding-DE,2,24,7.68915e-07,0
F02-EllipsoidalSep,Crowding-DE,2,25,7.68915e-07,0
F02-EllipsoidalSep,Crowding-DE,2,26,10.1352,1
F02-EllipsoidalSep,Crowding-DE,2,27,9.96663,1
F02-EllipsoidalSep,Crowding-DE,2,28,7.68915e-07,0
F02-EllipsoidalSep,Crowding-DE,2,29,9.29149,1
F02-EllipsoidalSep,Crowding-DE,2,30,7.68915e-07,0
F02-EllipsoidalSep,Crowding-DE,2,31,7.68915e-07,0
F02-EllipsoidalSep,Crowding-DE,2,32,7.68915e-07,0
F02-EllipsoidalSep,Crowding-DE,2,33,0.233007,1
F02-EllipsoidalSep,Crowding-DE,2,34,7.68915e-07,0
F02-EllipsoidalSep,Crowding-DE,2,35,6.55328,1
F02-EllipsoidalSep,Crowding-DE,2,36,9.83111,1
F02-EllipsoidalSep,Crowding-DE,2,37,0.000228249,1
F02-EllipsoidalSep,Crowding-DE,2,38,0.20597,1
F02-EllipsoidalSep,Crowding-DE,2,39,7.68915e-07,0
F02-EllipsoidalSep,Crowding-DE,2,40,4.14408,1
F02-EllipsoidalSep,Crowding-DE,2,41,0.0504332,1
F02-EllipsoidalSep,Crowding-DE,2,42,8.47973,1
F02-EllipsoidalSep,Crowding-DE,2,43,7.68915e-07,0
F02-EllipsoidalSep,Crowding-DE,2,44,8.42466,1
F02-EllipsoidalSep,MAP-Elites,2,15,3.48421,0
F02-EllipsoidalSep,MAP-Elites,2,16,3.48421,0
F02-EllipsoidalSep,MAP-Elites,2,17,4.81252,0
F02-EllipsoidalSep,MAP-Elites,2,18,3.48421,0
F02-EllipsoidalSep,MAP-Elites,2,19,11.7422,0
F02-EllipsoidalSep,MAP-Elites,2,20,3.48421,0
F02-EllipsoidalSep,MAP-Elites,2,21,3.48421,0
F02-EllipsoidalSep,MAP-Elites,2,22,2.01767,0
F02-EllipsoidalSep,MAP-Elites,2,23,11.1033,0
F02-EllipsoidalSep,MAP-Elites,2,24,3.48421,0
F02-EllipsoidalSep,MAP-Elites,2,25,3.48421,0
F02-EllipsoidalSep,MAP-Elites,2,26,2.99332,0
F02-EllipsoidalSep,MAP-Elites,2,27,2.99332,0
F02-EllipsoidalSep,MAP-Elites,2,28,6.33758,0
F02-EllipsoidalSep,MAP-Elites,2,29,13.2219,0
F02-EllipsoidalSep,MAP-Elites,2,30,6.33758,0
F02-EllipsoidalSep,MAP-Elites,2,31,3.48421,0
F02-EllipsoidalSep,MAP-Elites,2,32,3.48421,0
F02-EllipsoidalSep,MAP-Elites,2,33,4.99675,0
F02-EllipsoidalSep,MAP-Elites,2,34,3.48421,0
F02-EllipsoidalSep,MAP-Elites,2,35,11.3117,0
F02-EllipsoidalSep,MAP-Elites,2,36,2.99332,0
F02-EllipsoidalSep,MAP-Elites,2,37,3.97476,0
F02-EllipsoidalSep,MAP-Elites,2,38,4.89673,0
F02-EllipsoidalSep,MAP-Elites,2,39,3.48421,0
F02-EllipsoidalSep,MAP-Elites,2,40,6.62881,0
F02-EllipsoidalSep,MAP-Elites,2,41,4.32811,0
F02-EllipsoidalSep,MAP-Elites,2,42,0.835862,0
F02-EllipsoidalSep,MAP-Elites,2,43,3.48421,0
F02-EllipsoidalSep,MAP-Elites,2,44,13.1638,0
F02-EllipsoidalSep,MC-ESO-crowd,2,15,0.000114033,0
F02-EllipsoidalSep,MC-ESO-crowd,2,16,0.000114033,0
F02-EllipsoidalSep,MC-ESO-crowd,2,17,0.188168,1
F02-EllipsoidalSep,MC-ESO-crowd,2,18,0.000114033,0
F02-EllipsoidalSep,MC-ESO-crowd,2,19,0,0
F02-EllipsoidalSep,MC-ESO-crowd,2,20,0.000114033,0
F02-EllipsoidalSep,MC-ESO-crowd,2,21,0.000114033,0
F02-EllipsoidalSep,MC-ESO-crowd,2,22,0,0
F02-EllipsoidalSep,MC-ESO-crowd,2,23,5.16606,0
F02-EllipsoidalSep,MC-ESO-crowd,2,24,0.000114033,0
F02-EllipsoidalSep,MC-ESO-crowd,2,25,0.000114033,0
F02-EllipsoidalSep,MC-ESO-crowd,2,26,0.975655,0
F02-EllipsoidalSep,MC-ESO-crowd,2,27,0.975655,0
F02-EllipsoidalSep,MC-ESO-crowd,2,28,0.000114033,0
F02-EllipsoidalSep,MC-ESO-crowd,2,29,0.112506,0
F02-EllipsoidalSep,MC-ESO-crowd,2,30,0.000114033,0
F02-EllipsoidalSep,MC-ESO-crowd,2,31,0.000114033,0
F02-EllipsoidalSep,MC-ESO-crowd,2,32,0.000114033,0
F02-EllipsoidalSep,MC-ESO-crowd,2,33,0.239125,1
F02-EllipsoidalSep,MC-ESO-crowd,2,34,0.000114033,0
F02-EllipsoidalSep,MC-ESO-crowd,2,35,0,0
F02-EllipsoidalSep,MC-ESO-crowd,2,36,0.975655,0
F02-EllipsoidalSep,MC-ESO-crowd,2,37,0.00264413,1
F02-EllipsoidalSep,MC-ESO-crowd,2,38,0.211744,1
F02-EllipsoidalSep,MC-ESO-crowd,2,39,0.000114033,0
F02-EllipsoidalSep,MC-ESO-crowd,2,40,0.497616,0
F02-EllipsoidalSep,MC-ESO-crowd,2,41,0.0542714,1
F02-EllipsoidalSep,MC-ESO-crowd,2,42,5.16606,0
F02-EllipsoidalSep,MC-ESO-crowd,2,43,0.000114033,0
F02-EllipsoidalSep,MC-ESO-crowd,2,44,2.47397,0
F02-EllipsoidalSep,quality,2,15,1.46088e-11,0
F02-EllipsoidalSep,quality,2,16,1.46088e-11,0
F02-EllipsoidalSep,quality,2,17,0.182145,1
F02-EllipsoidalSep,quality,2,18,1.46088e-11,0
F02-EllipsoidalSep,quality,2,19,6.91518,1
F02-EllipsoidalSep,quality,2,20,1.46088e-11,0
F02-EllipsoidalSep,quality,2,21,1.46088e-11,0
F02-EllipsoidalSep,quality,2,22,9.12217,1
F02-EllipsoidalSep,quality,2,23,8.8562,1
F02-EllipsoidalSep,quality,2,24,1.46088e-11,0
F02-EllipsoidalSep,quality,2,25,1.46088e-11,0
F02-EllipsoidalSep,quality,2,26,10.1358,1
F02-EllipsoidalSep,quality,2,27,9.96718,1
F02-EllipsoidalSep,quality,2,28,1.46088e-11,0
F02-EllipsoidalSep,quality,2,29,9.29128,1
F02-EllipsoidalSep,quality,2,30,1.46088e-11,0
F02-EllipsoidalSep,quality,2,31,1.46088e-11,0
F02-EllipsoidalSep,quality,2,32,1.46088e-11,0
F02-EllipsoidalSep,quality,2,33,0.232413,1
F02-EllipsoidalSep,quality,2,34,1.46088e-11,0
F02-EllipsoidalSep,quality,2,35,6.55269,1
F02-EllipsoidalSep,quality,2,36,9.8317,1
F02-EllipsoidalSep,quality,2,37,0,1
F02-EllipsoidalSep,quality,2,38,0.20541,1
F02-EllipsoidalSep,quality,2,39,1.46088e-11,0
F02-EllipsoidalSep,quality,2,40,4.14454,1
F02-EllipsoidalSep,quality,2,41,0.0500644,1
F02-EllipsoidalSep,quality,2,42,8.48035,1
F02-EllipsoidalSep,quality,2,43,1.46088e-11,0
F02-EllipsoidalSep,quality,2,44,8.42408,1
F02-EllipsoidalSep,complement,2,15,1.46088e-11,0
F02-EllipsoidalSep,complement,2,16,1.46088e-11,0
F02-EllipsoidalSep,complement,2,17,0.182145,1
F02-EllipsoidalSep,complement,2,18,1.46088e-11,0
F02-EllipsoidalSep,complement,2,19,6.91518,1
F02-EllipsoidalSep,complement,2,20,1.46088e-11,0
F02-EllipsoidalSep,complement,2,21,1.46088e-11,0
F02-EllipsoidalSep,complement,2,22,9.12217,1
F02-EllipsoidalSep,complement,2,23,8.8562,1
F02-EllipsoidalSep,complement,2,24,1.46088e-11,0
F02-EllipsoidalSep,complement,2,25,1.46088e-11,0
F02-EllipsoidalSep,complement,2,26,10.1358,1
F02-EllipsoidalSep,complement,2,27,9.96718,1
F02-EllipsoidalSep,complement,2,28,1.46088e-11,0
F02-EllipsoidalSep,complement,2,29,9.29128,1
F02-EllipsoidalSep,complement,2,30,1.46088e-11,0
F02-EllipsoidalSep,complement,2,31,1.46088e-11,0
F02-EllipsoidalSep,complement,2,32,1.46088e-11,0
F02-EllipsoidalSep,complement,2,33,0.232413,1
F02-EllipsoidalSep,complement,2,34,1.46088e-11,0
F02-EllipsoidalSep,complement,2,35,6.55269,1
F02-EllipsoidalSep,complement,2,36,9.8317,1
F02-EllipsoidalSep,complement,2,37,0,1
F02-EllipsoidalSep,complement,2,38,0.20541,1
F02-EllipsoidalSep,complement,2,39,1.46088e-11,0
F02-EllipsoidalSep,complement,2,40,4.14454,1
F02-EllipsoidalSep,complement,2,41,0.0500644,1
F02-EllipsoidalSep,complement,2,42,8.48035,1
F02-EllipsoidalSep,complement,2,43,1.46088e-11,0
F02-EllipsoidalSep,complement,2,44,8.42408,1
F02-EllipsoidalSep,MC-ESO,3,15,0,0
F02-EllipsoidalSep,MC-ESO,3,16,4.1506e-05,1
F02-EllipsoidalSep,MC-ESO,3,17,0,0
F02-EllipsoidalSep,MC-ESO,3,18,0,0
F02-EllipsoidalSep,MC-ESO,3,19,0.230489,1
F02-EllipsoidalSep,MC-ESO,3,20,0,0
F02-EllipsoidalSep,MC-ESO,3,21,0,0
F02-EllipsoidalSep,MC-ESO,3,22,0,0
F02-EllipsoidalSep,MC-ESO,3,23,0.0919514,1
F02-EllipsoidalSep,MC-ESO,3,24,3.32327,0
F02-EllipsoidalSep,MC-ESO,3,25,0,0
F02-EllipsoidalSep,MC-ESO,3,26,2.35891e-06,1
F02-EllipsoidalSep,MC-ESO,3,27,0.0624925,1
F02-EllipsoidalSep,MC-ESO,3,28,0,0
F02-EllipsoidalSep,MC-ESO,3,29,0,0
F02-EllipsoidalSep,MC-ESO,3,30,3.32327,0
F02-EllipsoidalSep,MC-ESO,3,31,3.32327,0
F02-EllipsoidalSep,MC-ESO,3,32,0,0
F02-EllipsoidalSep,MC-ESO,3,33,1.25079,0
F02-EllipsoidalSep,MC-ESO,3,34,0.0552203,1
F02-EllipsoidalSep,MC-ESO,3,35,0,0
F02-EllipsoidalSep,MC-ESO,3,36,1.37909e-05,1
F02-EllipsoidalSep,MC-ESO,3,37,5.06328,1
F02-EllipsoidalSep,MC-ESO,3,38,8.31493e-06,1
F02-EllipsoidalSep,MC-ESO,3,39,0,0
F02-EllipsoidalSep,MC-ESO,3,40,0,0
F02-EllipsoidalSep,MC-ESO,3,41,0.916378,1
F02-EllipsoidalSep,MC-ESO,3,42,0.283147,0
F02-EllipsoidalSep,MC-ESO,3,43,3.32327,0
F02-EllipsoidalSep,MC-ESO,3,44,1.25079,0
F02-EllipsoidalSep,NMMSO,3,15,0,0
F02-EllipsoidalSep,NMMSO,3,16,4.14368e-05,1
F02-EllipsoidalSep,NMMSO,3,17,0,0
F02-EllipsoidalSep,NMMSO,3,18,0,0
F02-EllipsoidalSep,NMMSO,3,19,0.230489,1
F02-EllipsoidalSep,NMMSO,3,20,0,0
F02-EllipsoidalSep,NMMSO,3,21,0,0
F02-EllipsoidalSep,NMMSO,3,22,0,0
F02-EllipsoidalSep,NMMSO,3,23,0.0919514,1
F02-EllipsoidalSep,NMMSO,3,24,8.26589,1
F02-EllipsoidalSep,NMMSO,3,25,0,0
F02-EllipsoidalSep,NMMSO,3,26,2.35482e-06,1
F02-EllipsoidalSep,NMMSO,3,27,0.0624924,1
F02-EllipsoidalSep,NMMSO,3,28,0,0
F02-EllipsoidalSep,NMMSO,3,29,0,0
F02-EllipsoidalSep,NMMSO,3,30,8.17398,1
F02-EllipsoidalSep,NMMSO,3,31,7.51757,1
F02-EllipsoidalSep,NMMSO,3,32,0,0
F02-EllipsoidalSep,NMMSO,3,33,9.87084,1
F02-EllipsoidalSep,NMMSO,3,34,0.0552202,1
F02-EllipsoidalSep,NMMSO,3,35,0,0
F02-EllipsoidalSep,NMMSO,3,36,1.37678e-05,1
F02-EllipsoidalSep,NMMSO,3,37,5.06328,1
F02-EllipsoidalSep,NMMSO,3,38,8.30094e-06,1
F02-EllipsoidalSep,NMMSO,3,39,0,0
F02-EllipsoidalSep,NMMSO,3,40,0,0
F02-EllipsoidalSep,NMMSO,3,41,0.916378,1
F02-EllipsoidalSep,NMMSO,3,42,9.7707,1
F02-EllipsoidalSep,NMMSO,3,43,8.20795,1
F02-EllipsoidalSep,NMMSO,3,44,9.83273,1
F02-EllipsoidalSep,NCDE,3,15,3.09797e-12,0
F02-EllipsoidalSep,NCDE,3,16,4.22982e-05,0
F02-EllipsoidalSep,NCDE,3,17,3.09797e-12,0
F02-EllipsoidalSep,NCDE,3,18,3.09797e-12,0
F02-EllipsoidalSep,NCDE,3,19,0.230491,1
F02-EllipsoidalSep,NCDE,3,20,3.09797e-12,0
F02-EllipsoidalSep,NCDE,3,21,3.09797e-12,0
F02-EllipsoidalSep,NCDE,3,22,3.09797e-12,0
F02-EllipsoidalSep,NCDE,3,23,0.0919507,0
F02-EllipsoidalSep,NCDE,3,24,8.26589,0
F02-EllipsoidalSep,NCDE,3,25,3.09797e-12,0
F02-EllipsoidalSep,NCDE,3,26,2.40505e-06,0
F02-EllipsoidalSep,NCDE,3,27,0.0624936,0
F02-EllipsoidalSep,NCDE,3,28,3.09797e-12,0
F02-EllipsoidalSep,NCDE,3,29,3.09797e-12,0
F02-EllipsoidalSep,NCDE,3,30,8.17398,0
F02-EllipsoidalSep,NCDE,3,31,7.51757,0
F02-EllipsoidalSep,NCDE,3,32,3.09797e-12,0
F02-EllipsoidalSep,NCDE,3,33,0.967645,0
F02-EllipsoidalSep,NCDE,3,34,0.0552213,0
F02-EllipsoidalSep,NCDE,3,35,3.09797e-12,0
F02-EllipsoidalSep,NCDE,3,36,1.4055e-05,0
F02-EllipsoidalSep,NCDE,3,37,5.06328,0
F02-EllipsoidalSep,NCDE,3,38,8.4746e-06,0
F02-EllipsoidalSep,NCDE,3,39,3.09797e-12,0
F02-EllipsoidalSep,NCDE,3,40,3.09797e-12,0
F02-EllipsoidalSep,NCDE,3,41,0.91638,1
F02-EllipsoidalSep,NCDE,3,42,0,0
F02-EllipsoidalSep,NCDE,3,43,8.20795,0
F02-EllipsoidalSep,NCDE,3,44,0.967645,0
F02-EllipsoidalSep,r3pso,3,15,2.84217e-14,0
F02-EllipsoidalSep,r3pso,3,16,4.14667e-05,1
F02-EllipsoidalSep,r3pso,3,17,2.84217e-14,0
F02-EllipsoidalSep,r3pso,3,18,2.84217e-14,0
F02-EllipsoidalSep,r3pso,3,19,0.230489,1
F02-EllipsoidalSep,r3pso,3,20,2.84217e-14,0
F02-EllipsoidalSep,r3pso,3,21,2.84217e-14,0
F02-EllipsoidalSep,r3pso,3,22,2.84217e-14,0
F02-EllipsoidalSep,r3pso,3,23,0.0919514,1
F02-EllipsoidalSep,r3pso,3,24,8.26589,1
F02-EllipsoidalSep,r3pso,3,25,2.84217e-14,0
F02-EllipsoidalSep,r3pso,3,26,2.35671e-06,1
F02-EllipsoidalSep,r3pso,3,27,0.0624925,1
F02-EllipsoidalSep,r3pso,3,28,2.84217e-14,0
F02-EllipsoidalSep,r3pso,3,29,2.84217e-14,0
F02-EllipsoidalSep,r3pso,3,30,8.17398,1
F02-EllipsoidalSep,r3pso,3,31,7.51757,1
F02-EllipsoidalSep,r3pso,3,32,2.84217e-14,0
F02-EllipsoidalSep,r3pso,3,33,9.87084,1
F02-EllipsoidalSep,r3pso,3,34,0.0552202,1
F02-EllipsoidalSep,r3pso,3,35,2.84217e-14,0
F02-EllipsoidalSep,r3pso,3,36,1.37779e-05,1
F02-EllipsoidalSep,r3pso,3,37,5.06328,1
F02-EllipsoidalSep,r3pso,3,38,8.30708e-06,1
F02-EllipsoidalSep,r3pso,3,39,2.84217e-14,0
F02-EllipsoidalSep,r3pso,3,40,2.84217e-14,0
F02-EllipsoidalSep,r3pso,3,41,0.916378,1
F02-EllipsoidalSep,r3pso,3,42,9.7707,1
F02-EllipsoidalSep,r3pso,3,43,8.20795,1
F02-EllipsoidalSep,r3pso,3,44,9.83273,1
F02-EllipsoidalSep,NM-Restart,3,15,0,0
F02-EllipsoidalSep,NM-Restart,3,16,4.15368e-05,0
F02-EllipsoidalSep,NM-Restart,3,17,0,0
F02-EllipsoidalSep,NM-Restart,3,18,0,0
F02-EllipsoidalSep,NM-Restart,3,19,0.230489,0
F02-EllipsoidalSep,NM-Restart,3,20,0,0
F02-EllipsoidalSep,NM-Restart,3,21,0,0
F02-EllipsoidalSep,NM-Restart,3,22,0,0
F02-EllipsoidalSep,NM-Restart,3,23,0.0919513,1
F02-EllipsoidalSep,NM-Restart,3,24,8.26589,1
F02-EllipsoidalSep,NM-Restart,3,25,0,0
F02-EllipsoidalSep,NM-Restart,3,26,2.36065e-06,1
F02-EllipsoidalSep,NM-Restart,3,27,0.0624926,0
F02-EllipsoidalSep,NM-Restart,3,28,0,0
F02-EllipsoidalSep,NM-Restart,3,29,0,0
F02-EllipsoidalSep,NM-Restart,3,30,8.17398,1
F02-EllipsoidalSep,NM-Restart,3,31,7.51757,1
F02-EllipsoidalSep,NM-Restart,3,32,0,0
F02-EllipsoidalSep,NM-Restart,3,33,9.87084,0
F02-EllipsoidalSep,NM-Restart,3,34,0.0552203,0
F02-EllipsoidalSep,NM-Restart,3,35,0,0
F02-EllipsoidalSep,NM-Restart,3,36,1.38012e-05,0
F02-EllipsoidalSep,NM-Restart,3,37,5.06328,0
F02-EllipsoidalSep,NM-Restart,3,38,8.32109e-06,0
F02-EllipsoidalSep,NM-Restart,3,39,0,0
F02-EllipsoidalSep,NM-Restart,3,40,0,0
F02-EllipsoidalSep,NM-Restart,3,41,0.916378,0
F02-EllipsoidalSep,NM-Restart,3,42,9.7707,0
F02-EllipsoidalSep,NM-Restart,3,43,8.20795,1
F02-EllipsoidalSep,NM-Restart,3,44,9.83273,0
F02-EllipsoidalSep,IPOP-CMA-ES,3,15,0,0
F02-EllipsoidalSep,IPOP-CMA-ES,3,16,4.15219e-05,0
F02-EllipsoidalSep,IPOP-CMA-ES,3,17,0,0
F02-EllipsoidalSep,IPOP-CMA-ES,3,18,0,0
F02-EllipsoidalSep,IPOP-CMA-ES,3,19,0.230489,0
F02-EllipsoidalSep,IPOP-CMA-ES,3,20,0,0
F02-EllipsoidalSep,IPOP-CMA-ES,3,21,0,0
F02-EllipsoidalSep,IPOP-CMA-ES,3,22,0,0
F02-EllipsoidalSep,IPOP-CMA-ES,3,23,0.0919514,1
F02-EllipsoidalSep,IPOP-CMA-ES,3,24,8.26589,1
F02-EllipsoidalSep,IPOP-CMA-ES,3,25,0,0
F02-EllipsoidalSep,IPOP-CMA-ES,3,26,2.35979e-06,1
F02-EllipsoidalSep,IPOP-CMA-ES,3,27,0.0624925,0
F02-EllipsoidalSep,IPOP-CMA-ES,3,28,0,0
F02-EllipsoidalSep,IPOP-CMA-ES,3,29,0,0
F02-EllipsoidalSep,IPOP-CMA-ES,3,30,8.17398,1
F02-EllipsoidalSep,IPOP-CMA-ES,3,31,7.51757,1
F02-EllipsoidalSep,IPOP-CMA-ES,3,32,0,0
F02-EllipsoidalSep,IPOP-CMA-ES,3,33,6.18928,0
F02-EllipsoidalSep,IPOP-CMA-ES,3,34,0.0552203,1
F02-EllipsoidalSep,IPOP-CMA-ES,3,35,0,0
F02-EllipsoidalSep,IPOP-CMA-ES,3,36,1.37962e-05,1
F02-EllipsoidalSep,IPOP-CMA-ES,3,37,0,0
F02-EllipsoidalSep,IPOP-CMA-ES,3,38,8.3181e-06,0
F02-EllipsoidalSep,IPOP-CMA-ES,3,39,0,0
F02-EllipsoidalSep,IPOP-CMA-ES,3,40,0,0
F02-EllipsoidalSep,IPOP-CMA-ES,3,41,0,0
F02-EllipsoidalSep,IPOP-CMA-ES,3,42,5.22163,0
F02-EllipsoidalSep,IPOP-CMA-ES,3,43,8.20795,1
F02-EllipsoidalSep,IPOP-CMA-ES,3,44,6.18928,0
F02-EllipsoidalSep,DE,3,15,0,0
F02-EllipsoidalSep,DE,3,16,4.14684e-05,1
F02-EllipsoidalSep,DE,3,17,0,0
F02-EllipsoidalSep,DE,3,18,0,0
F02-EllipsoidalSep,DE,3,19,0.230489,1
F02-EllipsoidalSep,DE,3,20,0,0
F02-EllipsoidalSep,DE,3,21,0,0
F02-EllipsoidalSep,DE,3,22,0,0
F02-EllipsoidalSep,DE,3,23,0.0919514,1
F02-EllipsoidalSep,DE,3,24,8.26589,1
F02-EllipsoidalSep,DE,3,25,0,0
F02-EllipsoidalSep,DE,3,26,2.35663e-06,1
F02-EllipsoidalSep,DE,3,27,0.0624925,1
F02-EllipsoidalSep,DE,3,28,0,0
F02-EllipsoidalSep,DE,3,29,0,0
F02-EllipsoidalSep,DE,3,30,8.17398,1
F02-EllipsoidalSep,DE,3,31,7.51757,1
F02-EllipsoidalSep,DE,3,32,0,0
F02-EllipsoidalSep,DE,3,33,9.87084,1
F02-EllipsoidalSep,DE,3,34,0.0552202,1
F02-EllipsoidalSep,DE,3,35,0,0
F02-EllipsoidalSep,DE,3,36,1.37783e-05,1
F02-EllipsoidalSep,DE,3,37,5.06328,1
F02-EllipsoidalSep,DE,3,38,8.30728e-06,1
F02-EllipsoidalSep,DE,3,39,0,0
F02-EllipsoidalSep,DE,3,40,0,0
F02-EllipsoidalSep,DE,3,41,0.916378,1
F02-EllipsoidalSep,DE,3,42,9.7707,1
F02-EllipsoidalSep,DE,3,43,8.20795,1
F02-EllipsoidalSep,DE,3,44,9.83273,1
F02-EllipsoidalSep,PSO,3,15,5.68434e-13,0
F02-EllipsoidalSep,PSO,3,16,4.14901e-05,1
F02-EllipsoidalSep,PSO,3,17,5.68434e-13,0
F02-EllipsoidalSep,PSO,3,18,5.68434e-13,0
F02-EllipsoidalSep,PSO,3,19,0.230489,1
F02-EllipsoidalSep,PSO,3,20,5.68434e-13,0
F02-EllipsoidalSep,PSO,3,21,5.68434e-13,0
F02-EllipsoidalSep,PSO,3,22,5.68434e-13,0
F02-EllipsoidalSep,PSO,3,23,0.0919514,1
F02-EllipsoidalSep,PSO,3,24,8.26589,1
F02-EllipsoidalSep,PSO,3,25,5.68434e-13,0
F02-EllipsoidalSep,PSO,3,26,2.3587e-06,1
F02-EllipsoidalSep,PSO,3,27,0.0624925,1
F02-EllipsoidalSep,PSO,3,28,5.68434e-13,0
F02-EllipsoidalSep,PSO,3,29,5.68434e-13,0
F02-EllipsoidalSep,PSO,3,30,8.17398,1
F02-EllipsoidalSep,PSO,3,31,7.51757,1
F02-EllipsoidalSep,PSO,3,32,5.68434e-13,0
F02-EllipsoidalSep,PSO,3,33,9.87084,1
F02-EllipsoidalSep,PSO,3,34,0.0552202,1
F02-EllipsoidalSep,PSO,3,35,5.68434e-13,0
F02-EllipsoidalSep,PSO,3,36,1.37862e-05,1
F02-EllipsoidalSep,PSO,3,37,5.06328,1
F02-EllipsoidalSep,PSO,3,38,8.31234e-06,1
F02-EllipsoidalSep,PSO,3,39,5.68434e-13,0
F02-EllipsoidalSep,PSO,3,40,5.68434e-13,0
F02-EllipsoidalSep,PSO,3,41,0.916378,1
F02-EllipsoidalSep,PSO,3,42,9.7707,1
F02-EllipsoidalSep,PSO,3,43,8.20795,1
F02-EllipsoidalSep,PSO,3,44,9.83273,1
F02-EllipsoidalSep,Crowding-DE,3,15,7.24951e-06,0
F02-EllipsoidalSep,Crowding-DE,3,16,0.00138336,1
F02-EllipsoidalSep,Crowding-DE,3,17,7.24951e-06,0
F02-EllipsoidalSep,Crowding-DE,3,18,7.24951e-06,0
F02-EllipsoidalSep,Crowding-DE,3,19,0,1
F02-EllipsoidalSep,Crowding-DE,3,20,7.24951e-06,0
F02-EllipsoidalSep,Crowding-DE,3,21,7.24951e-06,0
F02-EllipsoidalSep,Crowding-DE,3,22,7.24951e-06,0
F02-EllipsoidalSep,Crowding-DE,3,23,0.0908252,1
F02-EllipsoidalSep,Crowding-DE,3,24,8.26405,1
F02-EllipsoidalSep,Crowding-DE,3,25,7.24951e-06,0
F02-EllipsoidalSep,Crowding-DE,3,26,8.61776e-05,1
F02-EllipsoidalSep,Crowding-DE,3,27,0,1
F02-EllipsoidalSep,Crowding-DE,3,28,7.24951e-06,0
F02-EllipsoidalSep,Crowding-DE,3,29,7.24951e-06,0
F02-EllipsoidalSep,Crowding-DE,3,30,8.17258,1
F02-EllipsoidalSep,Crowding-DE,3,31,7.51655,1
F02-EllipsoidalSep,Crowding-DE,3,32,7.24951e-06,0
F02-EllipsoidalSep,Crowding-DE,3,33,0.0932633,0
F02-EllipsoidalSep,Crowding-DE,3,34,0,1
F02-EllipsoidalSep,Crowding-DE,3,35,7.24951e-06,0
F02-EllipsoidalSep,Crowding-DE,3,36,0.000465001,1
F02-EllipsoidalSep,Crowding-DE,3,37,4.95009,1
F02-EllipsoidalSep,Crowding-DE,3,38,0.000283544,1
F02-EllipsoidalSep,Crowding-DE,3,39,7.24951e-06,0
F02-EllipsoidalSep,Crowding-DE,3,40,7.24951e-06,0
F02-EllipsoidalSep,Crowding-DE,3,41,0.687586,1
F02-EllipsoidalSep,Crowding-DE,3,42,9.48154,1
F02-EllipsoidalSep,Crowding-DE,3,43,8.20539,1
F02-EllipsoidalSep,Crowding-DE,3,44,0.0932633,0
F02-EllipsoidalSep,MAP-Elites,3,15,5.87033,0
F02-EllipsoidalSep,MAP-Elites,3,16,5.51196,0
F02-EllipsoidalSep,MAP-Elites,3,17,10.8313,0
F02-EllipsoidalSep,MAP-Elites,3,18,5.87033,0
F02-EllipsoidalSep,MAP-Elites,3,19,5.42388,0
F02-EllipsoidalSep,MAP-Elites,3,20,5.87033,0
F02-EllipsoidalSep,MAP-Elites,3,21,5.87033,0
F02-EllipsoidalSep,MAP-Elites,3,22,5.87033,0
F02-EllipsoidalSep,MAP-Elites,3,23,0,0
F02-EllipsoidalSep,MAP-Elites,3,24,8.30692,0
F02-EllipsoidalSep,MAP-Elites,3,25,5.87033,0
F02-EllipsoidalSep,MAP-Elites,3,26,5.84731,1
F02-EllipsoidalSep,MAP-Elites,3,27,5.4516,0
F02-EllipsoidalSep,MAP-Elites,3,28,10.8313,0
F02-EllipsoidalSep,MAP-Elites,3,29,5.87033,0
F02-EllipsoidalSep,MAP-Elites,3,30,8.30692,0
F02-EllipsoidalSep,MAP-Elites,3,31,8.30692,0
F02-EllipsoidalSep,MAP-Elites,3,32,5.87033,0
F02-EllipsoidalSep,MAP-Elites,3,33,5.62063,0
F02-EllipsoidalSep,MAP-Elites,3,34,5.45669,1
F02-EllipsoidalSep,MAP-Elites,3,35,5.87033,0
F02-EllipsoidalSep,MAP-Elites,3,36,5.74931,1
F02-EllipsoidalSep,MAP-Elites,3,37,10.3926,0
F02-EllipsoidalSep,MAP-Elites,3,38,5.79625,0
F02-EllipsoidalSep,MAP-Elites,3,39,10.8313,0
F02-EllipsoidalSep,MAP-Elites,3,40,5.87033,0
F02-EllipsoidalSep,MAP-Elites,3,41,6.1097,0
F02-EllipsoidalSep,MAP-Elites,3,42,14.8937,0
F02-EllipsoidalSep,MAP-Elites,3,43,8.30692,0
F02-EllipsoidalSep,MAP-Elites,3,44,5.62063,0
F02-EllipsoidalSep,MC-ESO-crowd,3,15,0.00392013,0
F02-EllipsoidalSep,MC-ESO-crowd,3,16,0.031227,1
F02-EllipsoidalSep,MC-ESO-crowd,3,17,0.00392013,0
F02-EllipsoidalSep,MC-ESO-crowd,3,18,0.00392013,0
F02-EllipsoidalSep,MC-ESO-crowd,3,19,0.0701068,1
F02-EllipsoidalSep,MC-ESO-crowd,3,20,0.00392013,0
F02-EllipsoidalSep,MC-ESO-crowd,3,21,0.00392013,0
F02-EllipsoidalSep,MC-ESO-crowd,3,22,0.00392013,0
F02-EllipsoidalSep,MC-ESO-crowd,3,23,0.0727115,1
F02-EllipsoidalSep,MC-ESO-crowd,3,24,0,0
F02-EllipsoidalSep,MC-ESO-crowd,3,25,0.00392013,0
F02-EllipsoidalSep,MC-ESO-crowd,3,26,0.00551723,1
F02-EllipsoidalSep,MC-ESO-crowd,3,27,0.0220089,1
F02-EllipsoidalSep,MC-ESO-crowd,3,28,0.00392013,0
F02-EllipsoidalSep,MC-ESO-crowd,3,29,0.00392013,0
F02-EllipsoidalSep,MC-ESO-crowd,3,30,0,0
F02-EllipsoidalSep,MC-ESO-crowd,3,31,0,0
F02-EllipsoidalSep,MC-ESO-crowd,3,32,0.00392013,0
F02-EllipsoidalSep,MC-ESO-crowd,3,33,0,0
F02-EllipsoidalSep,MC-ESO-crowd,3,34,0.0202834,1
F02-EllipsoidalSep,MC-ESO-crowd,3,35,0.00392013,0
F02-EllipsoidalSep,MC-ESO-crowd,3,36,0.0130262,1
F02-EllipsoidalSep,MC-ESO-crowd,3,37,4.98655,1
F02-EllipsoidalSep,MC-ESO-crowd,3,38,0.00942943,1
F02-EllipsoidalSep,MC-ESO-crowd,3,39,0.00392013,0
F02-EllipsoidalSep,MC-ESO-crowd,3,40,0.00392013,0
F02-EllipsoidalSep,MC-ESO-crowd,3,41,0.75702,1
F02-EllipsoidalSep,MC-ESO-crowd,3,42,0.184479,0
F02-EllipsoidalSep,MC-ESO-crowd,3,43,0,0
F02-EllipsoidalSep,MC-ESO-crowd,3,44,0,0
F02-EllipsoidalSep,quality,3,15,8.60354e-09,0
F02-EllipsoidalSep,quality,3,16,0,1
F02-EllipsoidalSep,quality,3,17,8.60354e-09,0
F02-EllipsoidalSep,quality,3,18,8.60354e-09,0
F02-EllipsoidalSep,quality,3,19,0.23041,1
F02-EllipsoidalSep,quality,3,20,8.60354e-09,0
F02-EllipsoidalSep,quality,3,21,8.60354e-09,0
F02-EllipsoidalSep,quality,3,22,8.60354e-09,0
F02-EllipsoidalSep,quality,3,23,0.0919866,1
F02-EllipsoidalSep,quality,3,24,8.26595,1
F02-EllipsoidalSep,quality,3,25,8.60354e-09,0
F02-EllipsoidalSep,quality,3,26,0,1
F02-EllipsoidalSep,quality,3,27,0.0624367,1
F02-EllipsoidalSep,quality,3,28,8.60354e-09,0
F02-EllipsoidalSep,quality,3,29,8.60354e-09,0
F02-EllipsoidalSep,quality,3,30,8.17403,1
F02-EllipsoidalSep,quality,3,31,7.5176,1
F02-EllipsoidalSep,quality,3,32,8.60354e-09,0
F02-EllipsoidalSep,quality,3,33,9.87077,1
F02-EllipsoidalSep,quality,3,34,0.0551653,1
F02-EllipsoidalSep,quality,3,35,8.60354e-09,0
F02-EllipsoidalSep,quality,3,36,0,1
F02-EllipsoidalSep,quality,3,37,5.06321,1
F02-EllipsoidalSep,quality,3,38,0,1
F02-EllipsoidalSep,quality,3,39,8.60354e-09,0
F02-EllipsoidalSep,quality,3,40,8.60354e-09,0
F02-EllipsoidalSep,quality,3,41,0.9163,1
F02-EllipsoidalSep,quality,3,42,9.77061,1
F02-EllipsoidalSep,quality,3,43,8.20803,1
F02-EllipsoidalSep,quality,3,44,9.83266,1
F02-EllipsoidalSep,complement,3,15,8.60354e-09,0
F02-EllipsoidalSep,complement,3,16,0,1
F02-EllipsoidalSep,complement,3,17,8.60354e-09,0
F02-EllipsoidalSep,complement,3,18,8.60354e-09,0
F02-EllipsoidalSep,complement,3,19,0.23041,1
F02-EllipsoidalSep,complement,3,20,8.60354e-09,0
F02-EllipsoidalSep,complement,3,21,8.60354e-09,0
F02-EllipsoidalSep,complement,3,22,8.60354e-09,0
F02-EllipsoidalSep,complement,3,23,0.0919866,1
F02-EllipsoidalSep,complement,3,24,8.26595,1
F02-EllipsoidalSep,complement,3,25,8.60354e-09,0
F02-EllipsoidalSep,complement,3,26,0,1
F02-EllipsoidalSep,complement,3,27,0.0624367,1
F02-EllipsoidalSep,complement,3,28,8.60354e-09,0
F02-EllipsoidalSep,complement,3,29,8.60354e-09,0
F02-EllipsoidalSep,complement,3,30,8.17403,1
F02-EllipsoidalSep,complement,3,31,7.5176,1
F02-EllipsoidalSep,complement,3,32,8.60354e-09,0
F02-EllipsoidalSep,complement,3,33,9.87077,1
F02-EllipsoidalSep,complement,3,34,0.0551653,1
F02-EllipsoidalSep,complement,3,35,8.60354e-09,0
F02-EllipsoidalSep,complement,3,36,0,1
F02-EllipsoidalSep,complement,3,37,5.06321,1
F02-EllipsoidalSep,complement,3,38,0,1
F02-EllipsoidalSep,complement,3,39,8.60354e-09,0
F02-EllipsoidalSep,complement,3,40,8.60354e-09,0
F02-EllipsoidalSep,complement,3,41,0.9163,1
F02-EllipsoidalSep,complement,3,42,9.77061,1
F02-EllipsoidalSep,complement,3,43,8.20803,1
F02-EllipsoidalSep,complement,3,44,9.83266,1
F02-EllipsoidalSep,MC-ESO,4,15,0,0
F02-EllipsoidalSep,MC-ESO,4,16,10.0325,1
F02-EllipsoidalSep,MC-ESO,4,17,0,0
F02-EllipsoidalSep,MC-ESO,4,18,0,0
F02-EllipsoidalSep,MC-ESO,4,19,0.149471,1
F02-EllipsoidalSep,MC-ESO,4,20,0,0
F02-EllipsoidalSep,MC-ESO,4,21,0,0
F02-EllipsoidalSep,MC-ESO,4,22,0,0
F02-EllipsoidalSep,MC-ESO,4,23,0.149076,1
F02-EllipsoidalSep,MC-ESO,4,24,0,0
F02-EllipsoidalSep,MC-ESO,4,25,0.00159558,1
F02-EllipsoidalSep,MC-ESO,4,26,0,0
F02-EllipsoidalSep,MC-ESO,4,27,0.0560781,1
F02-EllipsoidalSep,MC-ESO,4,28,0,0
F02-EllipsoidalSep,MC-ESO,4,29,0,0
F02-EllipsoidalSep,MC-ESO,4,30,7.01921,1
F02-EllipsoidalSep,MC-ESO,4,31,0,0
F02-EllipsoidalSep,MC-ESO,4,32,0,0
F02-EllipsoidalSep,MC-ESO,4,33,0,0
F02-EllipsoidalSep,MC-ESO,4,34,0,0
F02-EllipsoidalSep,MC-ESO,4,35,0,0
F02-EllipsoidalSep,MC-ESO,4,36,0,0
F02-EllipsoidalSep,MC-ESO,4,37,2.04409e-06,1
F02-EllipsoidalSep,MC-ESO,4,38,0,0
F02-EllipsoidalSep,MC-ESO,4,39,0,0
F02-EllipsoidalSep,MC-ESO,4,40,0,0
F02-EllipsoidalSep,MC-ESO,4,41,0.041661,1
F02-EllipsoidalSep,MC-ESO,4,42,0.261831,1
F02-EllipsoidalSep,MC-ESO,4,43,2.29897e-07,1
F02-EllipsoidalSep,MC-ESO,4,44,0,0
F02-EllipsoidalSep,NMMSO,4,15,0,0
F02-EllipsoidalSep,NMMSO,4,16,10.0325,0
F02-EllipsoidalSep,NMMSO,4,17,0,0
F02-EllipsoidalSep,NMMSO,4,18,0,0
F02-EllipsoidalSep,NMMSO,4,19,0.149471,0
F02-EllipsoidalSep,NMMSO,4,20,0,0
F02-EllipsoidalSep,NMMSO,4,21,0,0
F02-EllipsoidalSep,NMMSO,4,22,0,0
F02-EllipsoidalSep,NMMSO,4,23,0.149076,0
F02-EllipsoidalSep,NMMSO,4,24,0,0
F02-EllipsoidalSep,NMMSO,4,25,0.0015956,1
F02-EllipsoidalSep,NMMSO,4,26,0,0
F02-EllipsoidalSep,NMMSO,4,27,0.0560782,0
F02-EllipsoidalSep,NMMSO,4,28,0,0
F02-EllipsoidalSep,NMMSO,4,29,0,0
F02-EllipsoidalSep,NMMSO,4,30,7.01921,0
F02-EllipsoidalSep,NMMSO,4,31,0,0
F02-EllipsoidalSep,NMMSO,4,32,0,0
F02-EllipsoidalSep,NMMSO,4,33,0,0
F02-EllipsoidalSep,NMMSO,4,34,0,0
F02-EllipsoidalSep,NMMSO,4,35,0,0
F02-EllipsoidalSep,NMMSO,4,36,0,0
F02-EllipsoidalSep,NMMSO,4,37,2.04632e-06,1
F02-EllipsoidalSep,NMMSO,4,38,0,0
F02-EllipsoidalSep,NMMSO,4,39,0,0
F02-EllipsoidalSep,NMMSO,4,40,0,0
F02-EllipsoidalSep,NMMSO,4,41,0.0416611,1
F02-EllipsoidalSep,NMMSO,4,42,0.261832,0
F02-EllipsoidalSep,NMMSO,4,43,2.09111e-07,0
F02-EllipsoidalSep,NMMSO,4,44,0,0
F02-EllipsoidalSep,NCDE,4,15,4.47073e-11,0
F02-EllipsoidalSep,NCDE,4,16,0.278139,0
F02-EllipsoidalSep,NCDE,4,17,4.47073e-11,0
F02-EllipsoidalSep,NCDE,4,18,4.47073e-11,0
F02-EllipsoidalSep,NCDE,4,19,0.00072386,0
F02-EllipsoidalSep,NCDE,4,20,4.47073e-11,0
F02-EllipsoidalSep,NCDE,4,21,4.47073e-11,0
F02-EllipsoidalSep,NCDE,4,22,4.47073e-11,0
F02-EllipsoidalSep,NCDE,4,23,0.000718468,0
F02-EllipsoidalSep,NCDE,4,24,4.47073e-11,0
F02-EllipsoidalSep,NCDE,4,25,0.00159573,1
F02-EllipsoidalSep,NCDE,4,26,4.47073e-11,0
F02-EllipsoidalSep,NCDE,4,27,0,0
F02-EllipsoidalSep,NCDE,4,28,4.47073e-11,0
F02-EllipsoidalSep,NCDE,4,29,4.47073e-11,0
F02-EllipsoidalSep,NCDE,4,30,6.74758,0
F02-EllipsoidalSep,NCDE,4,31,4.47073e-11,0
F02-EllipsoidalSep,NCDE,4,32,4.47073e-11,0
F02-EllipsoidalSep,NCDE,4,33,4.47073e-11,0
F02-EllipsoidalSep,NCDE,4,34,4.47073e-11,0
F02-EllipsoidalSep,NCDE,4,35,4.47073e-11,0
F02-EllipsoidalSep,NCDE,4,36,4.47073e-11,0
F02-EllipsoidalSep,NCDE,4,37,2.0618e-06,0
F02-EllipsoidalSep,NCDE,4,38,4.47073e-11,0
F02-EllipsoidalSep,NCDE,4,39,4.47073e-11,0
F02-EllipsoidalSep,NCDE,4,40,4.47073e-11,0
F02-EllipsoidalSep,NCDE,4,41,0.0169275,0
F02-EllipsoidalSep,NCDE,4,42,0.00226131,0
F02-EllipsoidalSep,NCDE,4,43,0,1
F02-EllipsoidalSep,NCDE,4,44,4.47073e-11,0
F02-EllipsoidalSep,r3pso,4,15,1.15534e-10,0
F02-EllipsoidalSep,r3pso,4,16,10.0325,1
F02-EllipsoidalSep,r3pso,4,17,1.15534e-10,0
F02-EllipsoidalSep,r3pso,4,18,1.15534e-10,0
F02-EllipsoidalSep,r3pso,4,19,0.149465,1
F02-EllipsoidalSep,r3pso,4,20,1.15534e-10,0
F02-EllipsoidalSep,r3pso,4,21,1.15534e-10,0
F02-EllipsoidalSep,r3pso,4,22,1.15534e-10,0
F02-EllipsoidalSep,r3pso,4,23,0.14907,1
F02-EllipsoidalSep,r3pso,4,24,1.15534e-10,0
F02-EllipsoidalSep,r3pso,4,25,0.00159492,1
F02-EllipsoidalSep,r3pso,4,26,1.15534e-10,0
F02-EllipsoidalSep,r3pso,4,27,0.0560739,1
F02-EllipsoidalSep,r3pso,4,28,1.15534e-10,0
F02-EllipsoidalSep,r3pso,4,29,1.15534e-10,0
F02-EllipsoidalSep,r3pso,4,30,7.0192,1
F02-EllipsoidalSep,r3pso,4,31,1.15534e-10,0
F02-EllipsoidalSep,r3pso,4,32,1.15534e-10,0
F02-EllipsoidalSep,r3pso,4,33,1.15534e-10,0
F02-EllipsoidalSep,r3pso,4,34,1.15534e-10,0
F02-EllipsoidalSep,r3pso,4,35,1.15534e-10,0
F02-EllipsoidalSep,r3pso,4,36,1.15534e-10,0
F02-EllipsoidalSep,r3pso,4,37,1.93735e-06,1
F02-EllipsoidalSep,r3pso,4,38,1.15534e-10,0
F02-EllipsoidalSep,r3pso,4,39,1.15534e-10,0
F02-EllipsoidalSep,r3pso,4,40,1.15534e-10,0
F02-EllipsoidalSep,r3pso,4,41,0.0416572,1
F02-EllipsoidalSep,r3pso,4,42,0.261825,1
F02-EllipsoidalSep,r3pso,4,43,1.21492e-06,1
F02-EllipsoidalSep,r3pso,4,44,1.15534e-10,0
F02-EllipsoidalSep,NM-Restart,4,15,0,0
F02-EllipsoidalSep,NM-Restart,4,16,1.25918,0
F02-EllipsoidalSep,NM-Restart,4,17,0,0
F02-EllipsoidalSep,NM-Restart,4,18,0,0
F02-EllipsoidalSep,NM-Restart,4,19,0.149471,1
F02-EllipsoidalSep,NM-Restart,4,20,0,0
F02-EllipsoidalSep,NM-Restart,4,21,0,0
F02-EllipsoidalSep,NM-Restart,4,22,0,0
F02-EllipsoidalSep,NM-Restart,4,23,0.149076,1
F02-EllipsoidalSep,NM-Restart,4,24,0,0
F02-EllipsoidalSep,NM-Restart,4,25,0.0015956,1
F02-EllipsoidalSep,NM-Restart,4,26,0,0
F02-EllipsoidalSep,NM-Restart,4,27,0.0560782,1
F02-EllipsoidalSep,NM-Restart,4,28,0,0
F02-EllipsoidalSep,NM-Restart,4,29,0,0
F02-EllipsoidalSep,NM-Restart,4,30,7.01921,1
F02-EllipsoidalSep,NM-Restart,4,31,0,0
F02-EllipsoidalSep,NM-Restart,4,32,0,0
F02-EllipsoidalSep,NM-Restart,4,33,0,0
F02-EllipsoidalSep,NM-Restart,4,34,0,0
F02-EllipsoidalSep,NM-Restart,4,35,0,0
F02-EllipsoidalSep,NM-Restart,4,36,0,0
F02-EllipsoidalSep,NM-Restart,4,37,2.0466e-06,1
F02-EllipsoidalSep,NM-Restart,4,38,0,0
F02-EllipsoidalSep,NM-Restart,4,39,0,0
F02-EllipsoidalSep,NM-Restart,4,40,0,0
F02-EllipsoidalSep,NM-Restart,4,41,0.0416611,1
F02-EllipsoidalSep,NM-Restart,4,42,0.261832,1
F02-EllipsoidalSep,NM-Restart,4,43,2.04704e-07,1
F02-EllipsoidalSep,NM-Restart,4,44,0,0
F02-EllipsoidalSep,IPOP-CMA-ES,4,15,0,0
F02-EllipsoidalSep,IPOP-CMA-ES,4,16,10.0325,0
F02-EllipsoidalSep,IPOP-CMA-ES,4,17,0,0
F02-EllipsoidalSep,IPOP-CMA-ES,4,18,0,0
F02-EllipsoidalSep,IPOP-CMA-ES,4,19,0.149471,1
F02-EllipsoidalSep,IPOP-CMA-ES,4,20,0,0
F02-EllipsoidalSep,IPOP-CMA-ES,4,21,0,0
F02-EllipsoidalSep,IPOP-CMA-ES,4,22,0,0
F02-EllipsoidalSep,IPOP-CMA-ES,4,23,0.149076,0
F02-EllipsoidalSep,IPOP-CMA-ES,4,24,0,0
F02-EllipsoidalSep,IPOP-CMA-ES,4,25,0.0015956,1
F02-EllipsoidalSep,IPOP-CMA-ES,4,26,0,0
F02-EllipsoidalSep,IPOP-CMA-ES,4,27,0.0560782,0
F02-EllipsoidalSep,IPOP-CMA-ES,4,28,0,0
F02-EllipsoidalSep,IPOP-CMA-ES,4,29,0,0
F02-EllipsoidalSep,IPOP-CMA-ES,4,30,7.01921,0
F02-EllipsoidalSep,IPOP-CMA-ES,4,31,0,0
F02-EllipsoidalSep,IPOP-CMA-ES,4,32,0,0
F02-EllipsoidalSep,IPOP-CMA-ES,4,33,0,0
F02-EllipsoidalSep,IPOP-CMA-ES,4,34,0,0
F02-EllipsoidalSep,IPOP-CMA-ES,4,35,0,0
F02-EllipsoidalSep,IPOP-CMA-ES,4,36,0,0
F02-EllipsoidalSep,IPOP-CMA-ES,4,37,2.04635e-06,1
F02-EllipsoidalSep,IPOP-CMA-ES,4,38,0,0
F02-EllipsoidalSep,IPOP-CMA-ES,4,39,0,0
F02-EllipsoidalSep,IPOP-CMA-ES,4,40,0,0
F02-EllipsoidalSep,IPOP-CMA-ES,4,41,0.0416611,0
F02-EllipsoidalSep,IPOP-CMA-ES,4,42,0.261832,0
F02-EllipsoidalSep,IPOP-CMA-ES,4,43,2.0902e-07,1
F02-EllipsoidalSep,IPOP-CMA-ES,4,44,0,0
F02-EllipsoidalSep,DE,4,15,0,0
F02-EllipsoidalSep,DE,4,16,10.0325,1
F02-EllipsoidalSep,DE,4,17,0,0
F02-EllipsoidalSep,DE,4,18,0,0
F02-EllipsoidalSep,DE,4,19,0.149471,1
F02-EllipsoidalSep,DE,4,20,0,0
F02-EllipsoidalSep,DE,4,21,0,0
F02-EllipsoidalSep,DE,4,22,0,0
F02-EllipsoidalSep,DE,4,23,0.149076,1
F02-EllipsoidalSep,DE,4,24,0,0
F02-EllipsoidalSep,DE,4,25,0.00159559,1
F02-EllipsoidalSep,DE,4,26,0,0
F02-EllipsoidalSep,DE,4,27,0.0560781,1
F02-EllipsoidalSep,DE,4,28,0,0
F02-EllipsoidalSep,DE,4,29,0,0
F02-EllipsoidalSep,DE,4,30,7.01921,1
F02-EllipsoidalSep,DE,4,31,0,0
F02-EllipsoidalSep,DE,4,32,0,0
F02-EllipsoidalSep,DE,4,33,0,0
F02-EllipsoidalSep,DE,4,34,0,0
F02-EllipsoidalSep,DE,4,35,0,0
F02-EllipsoidalSep,DE,4,36,0,0
F02-EllipsoidalSep,DE,4,37,2.04535e-06,1
F02-EllipsoidalSep,DE,4,38,0,0
F02-EllipsoidalSep,DE,4,39,0,0
F02-EllipsoidalSep,DE,4,40,0,0
F02-EllipsoidalSep,DE,4,41,0.041661,1
F02-EllipsoidalSep,DE,4,42,0.261832,1
F02-EllipsoidalSep,DE,4,43,2.17499e-07,1
F02-EllipsoidalSep,DE,4,44,0,0
F02-EllipsoidalSep,PSO,4,15,7.95808e-13,0
F02-EllipsoidalSep,PSO,4,16,10.0325,1
F02-EllipsoidalSep,PSO,4,17,7.95808e-13,0
F02-EllipsoidalSep,PSO,4,18,7.95808e-13,0
F02-EllipsoidalSep,PSO,4,19,0.14947,1
F02-EllipsoidalSep,PSO,4,20,7.95808e-13,0
F02-EllipsoidalSep,PSO,4,21,7.95808e-13,0
F02-EllipsoidalSep,PSO,4,22,7.95808e-13,0
F02-EllipsoidalSep,PSO,4,23,0.149075,1
F02-EllipsoidalSep,PSO,4,24,7.95808e-13,0
F02-EllipsoidalSep,PSO,4,25,0.00159551,1
F02-EllipsoidalSep,PSO,4,26,7.95808e-13,0
F02-EllipsoidalSep,PSO,4,27,0.0560776,1
F02-EllipsoidalSep,PSO,4,28,7.95808e-13,0
F02-EllipsoidalSep,PSO,4,29,7.95808e-13,0
F02-EllipsoidalSep,PSO,4,30,7.01921,1
F02-EllipsoidalSep,PSO,4,31,7.95808e-13,0
F02-EllipsoidalSep,PSO,4,32,7.95808e-13,0
F02-EllipsoidalSep,PSO,4,33,7.95808e-13,0
F02-EllipsoidalSep,PSO,4,34,7.95808e-13,0
F02-EllipsoidalSep,PSO,4,35,7.95808e-13,0
F02-EllipsoidalSep,PSO,4,36,7.95808e-13,0
F02-EllipsoidalSep,PSO,4,37,2.03407e-06,1
F02-EllipsoidalSep,PSO,4,38,7.95808e-13,0
F02-EllipsoidalSep,PSO,4,39,7.95808e-13,0
F02-EllipsoidalSep,PSO,4,40,7.95808e-13,0
F02-EllipsoidalSep,PSO,4,41,0.0416606,1
F02-EllipsoidalSep,PSO,4,42,0.261831,1
F02-EllipsoidalSep,PSO,4,43,3.32301e-07,1
F02-EllipsoidalSep,PSO,4,44,7.95808e-13,0
F02-EllipsoidalSep,Crowding-DE,4,15,1.25221e-06,0
F02-EllipsoidalSep,Crowding-DE,4,16,0.283391,0
F02-EllipsoidalSep,Crowding-DE,4,17,1.25221e-06,0
F02-EllipsoidalSep,Crowding-DE,4,18,1.25221e-06,0
F02-EllipsoidalSep,Crowding-DE,4,19,0,1
F02-EllipsoidalSep,Crowding-DE,4,20,1.25221e-06,0
F02-EllipsoidalSep,Crowding-DE,4,21,1.25221e-06,0
F02-EllipsoidalSep,Crowding-DE,4,22,1.25221e-06,0
F02-EllipsoidalSep,Crowding-DE,4,23,0,1
F02-EllipsoidalSep,Crowding-DE,4,24,1.25221e-06,0
F02-EllipsoidalSep,Crowding-DE,4,25,0.00156918,1
F02-EllipsoidalSep,Crowding-DE,4,26,1.25221e-06,0
F02-EllipsoidalSep,Crowding-DE,4,27,0.000558459,1
F02-EllipsoidalSep,Crowding-DE,4,28,1.25221e-06,0
F02-EllipsoidalSep,Crowding-DE,4,29,1.25221e-06,0
F02-EllipsoidalSep,Crowding-DE,4,30,6.74515,1
F02-EllipsoidalSep,Crowding-DE,4,31,1.25221e-06,0
F02-EllipsoidalSep,Crowding-DE,4,32,1.25221e-06,0
F02-EllipsoidalSep,Crowding-DE,4,33,1.25221e-06,0
F02-EllipsoidalSep,Crowding-DE,4,34,1.25221e-06,0
F02-EllipsoidalSep,Crowding-DE,4,35,1.25221e-06,0
F02-EllipsoidalSep,Crowding-DE,4,36,1.25221e-06,0
F02-EllipsoidalSep,Crowding-DE,4,37,0,1
F02-EllipsoidalSep,Crowding-DE,4,38,1.25221e-06,0
F02-EllipsoidalSep,Crowding-DE,4,39,1.25221e-06,0
F02-EllipsoidalSep,Crowding-DE,4,40,1.25221e-06,0
F02-EllipsoidalSep,Crowding-DE,4,41,0.0178897,1
F02-EllipsoidalSep,Crowding-DE,4,42,0,1
F02-EllipsoidalSep,Crowding-DE,4,43,4.33135e-05,1
F02-EllipsoidalSep,Crowding-DE,4,44,1.25221e-06,0
F02-EllipsoidalSep,MAP-Elites,4,15,3.18998,0
F02-EllipsoidalSep,MAP-Elites,4,16,3.18325,0
F02-EllipsoidalSep,MAP-Elites,4,17,3.18998,0
F02-EllipsoidalSep,MAP-Elites,4,18,3.18998,0
F02-EllipsoidalSep,MAP-Elites,4,19,3.0483,0
F02-EllipsoidalSep,MAP-Elites,4,20,3.18998,0
F02-EllipsoidalSep,MAP-Elites,4,21,13.3567,0
F02-EllipsoidalSep,MAP-Elites,4,22,3.18998,0
F02-EllipsoidalSep,MAP-Elites,4,23,3.04817,0
F02-EllipsoidalSep,MAP-Elites,4,24,3.18998,0
F02-EllipsoidalSep,MAP-Elites,4,25,3.15383,1
F02-EllipsoidalSep,MAP-Elites,4,26,3.18998,0
F02-EllipsoidalSep,MAP-Elites,4,27,3.01766,0
F02-EllipsoidalSep,MAP-Elites,4,28,3.18998,0
F02-EllipsoidalSep,MAP-Elites,4,29,3.18998,0
F02-EllipsoidalSep,MAP-Elites,4,30,7.91832,0
F02-EllipsoidalSep,MAP-Elites,4,31,3.18998,0
F02-EllipsoidalSep,MAP-Elites,4,32,3.18998,0
F02-EllipsoidalSep,MAP-Elites,4,33,3.18998,0
F02-EllipsoidalSep,MAP-Elites,4,34,3.18998,0
F02-EllipsoidalSep,MAP-Elites,4,35,3.18998,0
F02-EllipsoidalSep,MAP-Elites,4,36,3.18998,0
F02-EllipsoidalSep,MAP-Elites,4,37,3.18277,1
F02-EllipsoidalSep,MAP-Elites,4,38,3.18998,0
F02-EllipsoidalSep,MAP-Elites,4,39,3.18998,0
F02-EllipsoidalSep,MAP-Elites,4,40,3.18998,0
F02-EllipsoidalSep,MAP-Elites,4,41,3.02148,0
F02-EllipsoidalSep,MAP-Elites,4,42,3.08523,0
F02-EllipsoidalSep,MAP-Elites,4,43,3.24548,1
F02-EllipsoidalSep,MAP-Elites,4,44,3.18998,0
F02-EllipsoidalSep,MC-ESO-crowd,4,15,0.0067341,0
F02-EllipsoidalSep,MC-ESO-crowd,4,16,0,0
F02-EllipsoidalSep,MC-ESO-crowd,4,17,0.0067341,0
F02-EllipsoidalSep,MC-ESO-crowd,4,18,0.0067341,0
F02-EllipsoidalSep,MC-ESO-crowd,4,19,0.0883976,1
F02-EllipsoidalSep,MC-ESO-crowd,4,20,0.0067341,0
F02-EllipsoidalSep,MC-ESO-crowd,4,21,0.0067341,0
F02-EllipsoidalSep,MC-ESO-crowd,4,22,0.0067341,0
F02-EllipsoidalSep,MC-ESO-crowd,4,23,0.0880636,1
F02-EllipsoidalSep,MC-ESO-crowd,4,24,0.0067341,0
F02-EllipsoidalSep,MC-ESO-crowd,4,25,0,1
F02-EllipsoidalSep,MC-ESO-crowd,4,26,0.0067341,0
F02-EllipsoidalSep,MC-ESO-crowd,4,27,0.00949155,1
F02-EllipsoidalSep,MC-ESO-crowd,4,28,0.0067341,0
F02-EllipsoidalSep,MC-ESO-crowd,4,29,0.0067341,0
F02-EllipsoidalSep,MC-ESO-crowd,4,30,0,0
F02-EllipsoidalSep,MC-ESO-crowd,4,31,0.0067341,0
F02-EllipsoidalSep,MC-ESO-crowd,4,32,0.0067341,0
F02-EllipsoidalSep,MC-ESO-crowd,4,33,0.0067341,0
F02-EllipsoidalSep,MC-ESO-crowd,4,34,0.0067341,0
F02-EllipsoidalSep,MC-ESO-crowd,4,35,0.0067341,0
F02-EllipsoidalSep,MC-ESO-crowd,4,36,0.0067341,0
F02-EllipsoidalSep,MC-ESO-crowd,4,37,0.00549044,1
F02-EllipsoidalSep,MC-ESO-crowd,4,38,0.0067341,0
F02-EllipsoidalSep,MC-ESO-crowd,4,39,0.0067341,0
F02-EllipsoidalSep,MC-ESO-crowd,4,40,0.0067341,0
F02-EllipsoidalSep,MC-ESO-crowd,4,41,0,1
F02-EllipsoidalSep,MC-ESO-crowd,4,42,0.183437,1
F02-EllipsoidalSep,MC-ESO-crowd,4,43,0.0191851,1
F02-EllipsoidalSep,MC-ESO-crowd,4,44,0.0067341,0
F02-EllipsoidalSep,quality,4,15,6.0254e-12,0
F02-EllipsoidalSep,quality,4,16,10.0325,1
F02-EllipsoidalSep,quality,4,17,6.0254e-12,0
F02-EllipsoidalSep,quality,4,18,6.0254e-12,0
F02-EllipsoidalSep,quality,4,19,0.14947,1
F02-EllipsoidalSep,quality,4,20,6.0254e-12,0
F02-EllipsoidalSep,quality,4,21,6.0254e-12,0
F02-EllipsoidalSep,quality,4,22,6.0254e-12,0
F02-EllipsoidalSep,quality,4,23,0.149075,1
F02-EllipsoidalSep,quality,4,24,6.0254e-12,0
F02-EllipsoidalSep,quality,4,25,0.00159546,1
F02-EllipsoidalSep,quality,4,26,6.0254e-12,0
F02-EllipsoidalSep,quality,4,27,0.0560773,1
F02-EllipsoidalSep,quality,4,28,6.0254e-12,0
F02-EllipsoidalSep,quality,4,29,6.0254e-12,0
F02-EllipsoidalSep,quality,4,30,7.01921,1
F02-EllipsoidalSep,quality,4,31,6.0254e-12,0
F02-EllipsoidalSep,quality,4,32,6.0254e-12,0
F02-EllipsoidalSep,quality,4,33,6.0254e-12,0
F02-EllipsoidalSep,quality,4,34,6.0254e-12,0
F02-EllipsoidalSep,quality,4,35,6.0254e-12,0
F02-EllipsoidalSep,quality,4,36,6.0254e-12,0
F02-EllipsoidalSep,quality,4,37,2.02646e-06,1
F02-EllipsoidalSep,quality,4,38,6.0254e-12,0
F02-EllipsoidalSep,quality,4,39,6.0254e-12,0
F02-EllipsoidalSep,quality,4,40,6.0254e-12,0
F02-EllipsoidalSep,quality,4,41,0.0416602,1
F02-EllipsoidalSep,quality,4,42,0.26183,1
F02-EllipsoidalSep,quality,4,43,4.20104e-07,1
F02-EllipsoidalSep,quality,4,44,6.0254e-12,0
F02-EllipsoidalSep,complement,4,15,6.0254e-12,0
F02-EllipsoidalSep,complement,4,16,10.0325,1
F02-EllipsoidalSep,complement,4,17,6.0254e-12,0
F02-EllipsoidalSep,complement,4,18,6.0254e-12,0
F02-EllipsoidalSep,complement,4,19,0.14947,1
F02-EllipsoidalSep,complement,4,20,6.0254e-12,0
F02-EllipsoidalSep,complement,4,21,6.0254e-12,0
F02-EllipsoidalSep,complement,4,22,6.0254e-12,0
F02-EllipsoidalSep,complement,4,23,0.149075,1
F02-EllipsoidalSep,complement,4,24,6.0254e-12,0
F02-EllipsoidalSep,complement,4,25,0.00159546,1
F02-EllipsoidalSep,complement,4,26,6.0254e-12,0
F02-EllipsoidalSep,complement,4,27,0.0560773,1
F02-EllipsoidalSep,complement,4,28,6.0254e-12,0
F02-EllipsoidalSep,complement,4,29,6.0254e-12,0
F02-EllipsoidalSep,complement,4,30,7.01921,1
F02-EllipsoidalSep,complement,4,31,6.0254e-12,0
F02-EllipsoidalSep,complement,4,32,6.0254e-12,0
F02-EllipsoidalSep,complement,4,33,6.0254e-12,0
F02-EllipsoidalSep,complement,4,34,6.0254e-12,0
F02-EllipsoidalSep,complement,4,35,6.0254e-12,0
F02-EllipsoidalSep,complement,4,36,6.0254e-12,0
F02-EllipsoidalSep,complement,4,37,2.02646e-06,1
F02-EllipsoidalSep,complement,4,38,6.0254e-12,0
F02-EllipsoidalSep,complement,4,39,6.0254e-12,0
F02-EllipsoidalSep,complement,4,40,6.0254e-12,0
F02-EllipsoidalSep,complement,4,41,0.0416602,1
F02-EllipsoidalSep,complement,4,42,0.26183,1
F02-EllipsoidalSep,complement,4,43,4.20104e-07,1
F02-EllipsoidalSep,complement,4,44,6.0254e-12,0
F03-RastriginSep,MC-ESO,0,15,0,0
F03-RastriginSep,MC-ESO,0,16,1312.4,1
F03-RastriginSep,MC-ESO,0,17,927.403,1
F03-RastriginSep,MC-ESO,0,18,954.086,1
F03-RastriginSep,MC-ESO,0,19,936.427,1
F03-RastriginSep,MC-ESO,0,20,1197.64,1
F03-RastriginSep,MC-ESO,0,21,705.765,1
F03-RastriginSep,MC-ESO,0,22,0,0
F03-RastriginSep,MC-ESO,0,23,0,0
F03-RastriginSep,MC-ESO,0,24,1130.93,1
F03-RastriginSep,MC-ESO,0,25,1010.6,1
F03-RastriginSep,MC-ESO,0,26,1153.45,1
F03-RastriginSep,MC-ESO,0,27,0,0
F03-RastriginSep,MC-ESO,0,28,0,0
F03-RastriginSep,MC-ESO,0,29,0,0
F03-RastriginSep,MC-ESO,0,30,966.552,1
F03-RastriginSep,MC-ESO,0,31,0,0
F03-RastriginSep,MC-ESO,0,32,1178.53,1
F03-RastriginSep,MC-ESO,0,33,0,0
F03-RastriginSep,MC-ESO,0,34,0,0
F03-RastriginSep,MC-ESO,0,35,0,0
F03-RastriginSep,MC-ESO,0,36,0,0
F03-RastriginSep,MC-ESO,0,37,0,0
F03-RastriginSep,MC-ESO,0,38,0,0
F03-RastriginSep,MC-ESO,0,39,1081.82,1
F03-RastriginSep,MC-ESO,0,40,1086.9,1
F03-RastriginSep,MC-ESO,0,41,0,0
F03-RastriginSep,MC-ESO,0,42,0,0
F03-RastriginSep,MC-ESO,0,43,1264.83,1
F03-RastriginSep,MC-ESO,0,44,1083.2,1
F03-RastriginSep,NMMSO,0,15,1.06024e-09,0
F03-RastriginSep,NMMSO,0,16,1226.91,1
F03-RastriginSep,NMMSO,0,17,882.236,1
F03-RastriginSep,NMMSO,0,18,896.081,1
F03-RastriginSep,NMMSO,0,19,0.995768,0
F03-RastriginSep,NMMSO,0,20,1119.39,1
F03-RastriginSep,NMMSO,0,21,634.614,1
F03-RastriginSep,NMMSO,0,22,1.06024e-09,0
F03-RastriginSep,NMMSO,0,23,1.06024e-09,0
F03-RastriginSep,NMMSO,0,24,1042.77,1
F03-RastriginSep,NMMSO,0,25,958.281,1
F03-RastriginSep,NMMSO,0,26,1068.66,1
F03-RastriginSep,NMMSO,0,27,1.06024e-09,0
F03-RastriginSep,NMMSO,0,28,1.06024e-09,0
F03-RastriginSep,NMMSO,0,29,1.06024e-09,0
F03-RastriginSep,NMMSO,0,30,927.967,1
F03-RastriginSep,NMMSO,0,31,1.06024e-09,0
F03-RastriginSep,NMMSO,0,32,1097.95,1
F03-RastriginSep,NMMSO,0,33,1.06024e-09,0
F03-RastriginSep,NMMSO,0,34,1.06024e-09,0
F03-RastriginSep,NMMSO,0,35,1.06024e-09,0
F03-RastriginSep,NMMSO,0,36,1.06024e-09,0
F03-RastriginSep,NMMSO,0,37,1.06024e-09,0
F03-RastriginSep,NMMSO,0,38,1.06024e-09,0
F03-RastriginSep,NMMSO,0,39,1009.59,1
F03-RastriginSep,NMMSO,0,40,999.267,1
F03-RastriginSep,NMMSO,0,41,1.06024e-09,0
F03-RastriginSep,NMMSO,0,42,1.06024e-09,0
F03-RastriginSep,NMMSO,0,43,1208.37,1
F03-RastriginSep,NMMSO,0,44,1028.55,1
F03-RastriginSep,NCDE,0,15,0.0147139,0
F03-RastriginSep,NCDE,0,16,1143.72,1
F03-RastriginSep,NCDE,0,17,907.034,1
F03-RastriginSep,NCDE,0,18,953.706,1
F03-RastriginSep,NCDE,0,19,0.173523,0
F03-RastriginSep,NCDE,0,20,1043.44,1
F03-RastriginSep,NCDE,0,21,654.013,1
F03-RastriginSep,NCDE,0,22,0.0147139,0
F03-RastriginSep,NCDE,0,23,0.0147139,0
F03-RastriginSep,NCDE,0,24,956.872,1
F03-RastriginSep,NCDE,0,25,908.256,1
F03-RastriginSep,NCDE,0,26,986.164,1
F03-RastriginSep,NCDE,0,27,0.0147139,0
F03-RastriginSep,NCDE,0,28,0.0147139,0
F03-RastriginSep,NCDE,0,29,0.0147139,0
F03-RastriginSep,NCDE,0,30,0.0463634,0
F03-RastriginSep,NCDE,0,31,0.0147139,0
F03-RastriginSep,NCDE,0,32,1019.57,1
F03-RastriginSep,NCDE,0,33,0.0147139,0
F03-RastriginSep,NCDE,0,34,0.0147139,0
F03-RastriginSep,NCDE,0,35,0.0147139,0
F03-RastriginSep,NCDE,0,36,0.0147139,0
F03-RastriginSep,NCDE,0,37,0.0147139,0
F03-RastriginSep,NCDE,0,38,0.0147139,0
F03-RastriginSep,NCDE,0,39,939.667,1
F03-RastriginSep,NCDE,0,40,913.889,1
F03-RastriginSep,NCDE,0,41,0.0147139,0
F03-RastriginSep,NCDE,0,42,0.0147139,0
F03-RastriginSep,NCDE,0,43,1154.2,1
F03-RastriginSep,NCDE,0,44,1029.48,1
F03-RastriginSep,r3pso,0,15,8.80505e-11,0
F03-RastriginSep,r3pso,0,16,1312.4,1
F03-RastriginSep,r3pso,0,17,949.807,1
F03-RastriginSep,r3pso,0,18,954.086,1
F03-RastriginSep,r3pso,0,19,1004.51,1
F03-RastriginSep,r3pso,0,20,1197.64,1
F03-RastriginSep,r3pso,0,21,760.649,1
F03-RastriginSep,r3pso,0,22,8.80505e-11,0
F03-RastriginSep,r3pso,0,23,8.80505e-11,0
F03-RastriginSep,r3pso,0,24,1130.93,1
F03-RastriginSep,r3pso,0,25,1010.6,1
F03-RastriginSep,r3pso,0,26,1153.45,1
F03-RastriginSep,r3pso,0,27,8.80505e-11,0
F03-RastriginSep,r3pso,0,28,8.80505e-11,0
F03-RastriginSep,r3pso,0,29,8.80505e-11,0
F03-RastriginSep,r3pso,0,30,966.552,1
F03-RastriginSep,r3pso,0,31,8.80505e-11,0
F03-RastriginSep,r3pso,0,32,1178.53,1
F03-RastriginSep,r3pso,0,33,8.80505e-11,0
F03-RastriginSep,r3pso,0,34,8.80505e-11,0
F03-RastriginSep,r3pso,0,35,8.80505e-11,0
F03-RastriginSep,r3pso,0,36,8.80505e-11,0
F03-RastriginSep,r3pso,0,37,8.80505e-11,0
F03-RastriginSep,r3pso,0,38,8.80505e-11,0
F03-RastriginSep,r3pso,0,39,1081.82,1
F03-RastriginSep,r3pso,0,40,1086.9,1
F03-RastriginSep,r3pso,0,41,8.80505e-11,0
F03-RastriginSep,r3pso,0,42,8.80505e-11,0
F03-RastriginSep,r3pso,0,43,1264.83,1
F03-RastriginSep,r3pso,0,44,1083.2,1
F03-RastriginSep,NM-Restart,0,15,1.98992,0
F03-RastriginSep,NM-Restart,0,16,1057.38,1
F03-RastriginSep,NM-Restart,0,17,875.787,1
F03-RastriginSep,NM-Restart,0,18,877.076,1
F03-RastriginSep,NM-Restart,0,19,0,0
F03-RastriginSep,NM-Restart,0,20,964.702,1
F03-RastriginSep,NM-Restart,0,21,655.106,1
F03-RastriginSep,NM-Restart,0,22,1.98992,0
F03-RastriginSep,NM-Restart,0,23,1.98992,0
F03-RastriginSep,NM-Restart,0,24,0,0
F03-RastriginSep,NM-Restart,0,25,0.994939,0
F03-RastriginSep,NM-Restart,0,26,900.55,1
F03-RastriginSep,NM-Restart,0,27,1.98992,0
F03-RastriginSep,NM-Restart,0,28,1.98992,0
F03-RastriginSep,NM-Restart,0,29,1.98992,0
F03-RastriginSep,NM-Restart,0,30,4.97477,0
F03-RastriginSep,NM-Restart,0,31,1.98992,0
F03-RastriginSep,NM-Restart,0,32,938.502,1
F03-RastriginSep,NM-Restart,0,33,1.98992,0
F03-RastriginSep,NM-Restart,0,34,1.98992,0
F03-RastriginSep,NM-Restart,0,35,3.97983,0
F03-RastriginSep,NM-Restart,0,36,3.97983,0
F03-RastriginSep,NM-Restart,0,37,1.98992,0
F03-RastriginSep,NM-Restart,0,38,1.98992,0
F03-RastriginSep,NM-Restart,0,39,0,0
F03-RastriginSep,NM-Restart,0,40,0,0
F03-RastriginSep,NM-Restart,0,41,1.98992,0
F03-RastriginSep,NM-Restart,0,42,1.98992,0
F03-RastriginSep,NM-Restart,0,43,1098.41,1
F03-RastriginSep,NM-Restart,0,44,1003.69,1
F03-RastriginSep,IPOP-CMA-ES,0,15,0,0
F03-RastriginSep,IPOP-CMA-ES,0,16,1312.4,1
F03-RastriginSep,IPOP-CMA-ES,0,17,949.807,1
F03-RastriginSep,IPOP-CMA-ES,0,18,954.086,1
F03-RastriginSep,IPOP-CMA-ES,0,19,958.015,1
F03-RastriginSep,IPOP-CMA-ES,0,20,1197.64,1
F03-RastriginSep,IPOP-CMA-ES,0,21,732.062,1
F03-RastriginSep,IPOP-CMA-ES,0,22,0,0
F03-RastriginSep,IPOP-CMA-ES,0,23,0,0
F03-RastriginSep,IPOP-CMA-ES,0,24,1130.93,1
F03-RastriginSep,IPOP-CMA-ES,0,25,1010.6,1
F03-RastriginSep,IPOP-CMA-ES,0,26,1153.45,1
F03-RastriginSep,IPOP-CMA-ES,0,27,0,0
F03-RastriginSep,IPOP-CMA-ES,0,28,0,0
F03-RastriginSep,IPOP-CMA-ES,0,29,0,0
F03-RastriginSep,IPOP-CMA-ES,0,30,966.552,1
F03-RastriginSep,IPOP-CMA-ES,0,31,0,0
F03-RastriginSep,IPOP-CMA-ES,0,32,1178.53,1
F03-RastriginSep,IPOP-CMA-ES,0,33,0,0
F03-RastriginSep,IPOP-CMA-ES,0,34,0,0
F03-RastriginSep,IPOP-CMA-ES,0,35,0,0
F03-RastriginSep,IPOP-CMA-ES,0,36,0,0
F03-RastriginSep,IPOP-CMA-ES,0,37,0,0
F03-RastriginSep,IPOP-CMA-ES,0,38,0,0
F03-RastriginSep,IPOP-CMA-ES,0,39,1081.82,1
F03-RastriginSep,IPOP-CMA-ES,0,40,1086.9,1
F03-RastriginSep,IPOP-CMA-ES,0,41,0,0
F03-RastriginSep,IPOP-CMA-ES,0,42,0,0
F03-RastriginSep,IPOP-CMA-ES,0,43,1264.83,1
F03-RastriginSep,IPOP-CMA-ES,0,44,1083.2,1
F03-RastriginSep,DE,0,15,0,0
F03-RastriginSep,DE,0,16,1312.4,1
F03-RastriginSep,DE,0,17,949.807,1
F03-RastriginSep,DE,0,18,954.086,1
F03-RastriginSep,DE,0,19,1004.51,1
F03-RastriginSep,DE,0,20,1197.64,1
F03-RastriginSep,DE,0,21,760.649,1
F03-RastriginSep,DE,0,22,0,0
F03-RastriginSep,DE,0,23,0,0
F03-RastriginSep,DE,0,24,1130.93,1
F03-RastriginSep,DE,0,25,1010.6,1
F03-RastriginSep,DE,0,26,1153.45,1
F03-RastriginSep,DE,0,27,0,0
F03-RastriginSep,DE,0,28,0,0
F03-RastriginSep,DE,0,29,0,0
F03-RastriginSep,DE,0,30,966.552,1
F03-RastriginSep,DE,0,31,0,0
F03-RastriginSep,DE,0,32,1178.53,1
F03-RastriginSep,DE,0,33,0,0
F03-RastriginSep,DE,0,34,0,0
F03-RastriginSep,DE,0,35,0,0
F03-RastriginSep,DE,0,36,0,0
F03-RastriginSep,DE,0,37,0,0
F03-RastriginSep,DE,0,38,0,0
F03-RastriginSep,DE,0,39,1081.82,1
F03-RastriginSep,DE,0,40,1086.9,1
F03-RastriginSep,DE,0,41,0,0
F03-RastriginSep,DE,0,42,0,0
F03-RastriginSep,DE,0,43,1264.83,1
F03-RastriginSep,DE,0,44,1083.2,1
F03-RastriginSep,PSO,0,15,1.63141e-11,0
F03-RastriginSep,PSO,0,16,1312.4,1
F03-RastriginSep,PSO,0,17,949.807,1
F03-RastriginSep,PSO,0,18,954.086,1
F03-RastriginSep,PSO,0,19,1004.51,1
F03-RastriginSep,PSO,0,20,1197.64,1
F03-RastriginSep,PSO,0,21,760.649,1
F03-RastriginSep,PSO,0,22,1.63141e-11,0
F03-RastriginSep,PSO,0,23,1.63141e-11,0
F03-RastriginSep,PSO,0,24,1130.93,1
F03-RastriginSep,PSO,0,25,1010.6,1
F03-RastriginSep,PSO,0,26,1153.45,1
F03-RastriginSep,PSO,0,27,1.63141e-11,0
F03-RastriginSep,PSO,0,28,1.63141e-11,0
F03-RastriginSep,PSO,0,29,1.63141e-11,0
F03-RastriginSep,PSO,0,30,966.552,1
F03-RastriginSep,PSO,0,31,1.63141e-11,0
F03-RastriginSep,PSO,0,32,1178.53,1
F03-RastriginSep,PSO,0,33,1.63141e-11,0
F03-RastriginSep,PSO,0,34,1.63141e-11,0
F03-RastriginSep,PSO,0,35,1.63141e-11,0
F03-RastriginSep,PSO,0,36,1.63141e-11,0
F03-RastriginSep,PSO,0,37,1.63141e-11,0
F03-RastriginSep,PSO,0,38,1.63141e-11,0
F03-RastriginSep,PSO,0,39,1081.82,1
F03-RastriginSep,PSO,0,40,1086.9,1
F03-RastriginSep,PSO,0,41,1.63141e-11,0
F03-RastriginSep,PSO,0,42,1.63141e-11,0
F03-RastriginSep,PSO,0,43,1264.83,1
F03-RastriginSep,PSO,0,44,1083.2,1
F03-RastriginSep,Crowding-DE,0,15,0.0824818,0
F03-RastriginSep,Crowding-DE,0,16,1143.22,1
F03-RastriginSep,Crowding-DE,0,17,908.031,1
F03-RastriginSep,Crowding-DE,0,18,953.856,1
F03-RastriginSep,Crowding-DE,0,19,0.00400559,0
F03-RastriginSep,Crowding-DE,0,20,1042.89,1
F03-RastriginSep,Crowding-DE,0,21,655.388,1
F03-RastriginSep,Crowding-DE,0,22,0.0824818,0
F03-RastriginSep,Crowding-DE,0,23,0.0824818,0
F03-RastriginSep,Crowding-DE,0,24,956.481,1
F03-RastriginSep,Crowding-DE,0,25,907.686,1
F03-RastriginSep,Crowding-DE,0,26,985.657,1
F03-RastriginSep,Crowding-DE,0,27,0.0824818,0
F03-RastriginSep,Crowding-DE,0,28,0.0824818,0
F03-RastriginSep,Crowding-DE,0,29,0.0824818,0
F03-RastriginSep,Crowding-DE,0,30,0.0258355,0
F03-RastriginSep,Crowding-DE,0,31,0.0824818,0
F03-RastriginSep,Crowding-DE,0,32,1019.35,1
F03-RastriginSep,Crowding-DE,0,33,0.0824818,0
F03-RastriginSep,Crowding-DE,0,34,0.0824818,0
F03-RastriginSep,Crowding-DE,0,35,0.0824818,0
F03-RastriginSep,Crowding-DE,0,36,0.0824818,0
F03-RastriginSep,Crowding-DE,0,37,0.0824818,0
F03-RastriginSep,Crowding-DE,0,38,0.0824818,0
F03-RastriginSep,Crowding-DE,0,39,939.1,1
F03-RastriginSep,Crowding-DE,0,40,913.526,1
F03-RastriginSep,Crowding-DE,0,41,0.0824818,0
F03-RastriginSep,Crowding-DE,0,42,0.0824818,0
F03-RastriginSep,Crowding-DE,0,43,1153.63,1
F03-RastriginSep,Crowding-DE,0,44,1028.96,1
F03-RastriginSep,MAP-Elites,0,15,0.698622,0
F03-RastriginSep,MAP-Elites,0,16,1224.95,1
F03-RastriginSep,MAP-Elites,0,17,902.243,1
F03-RastriginSep,MAP-Elites,0,18,929.581,1
F03-RastriginSep,MAP-Elites,0,19,897.508,1
F03-RastriginSep,MAP-Elites,0,20,1118.17,1
F03-RastriginSep,MAP-Elites,0,21,683.962,1
F03-RastriginSep,MAP-Elites,0,22,0.698622,0
F03-RastriginSep,MAP-Elites,0,23,0.698622,0
F03-RastriginSep,MAP-Elites,0,24,1040.18,1
F03-RastriginSep,MAP-Elites,0,25,959.143,1
F03-RastriginSep,MAP-Elites,0,26,1066.78,1
F03-RastriginSep,MAP-Elites,0,27,0.698622,0
F03-RastriginSep,MAP-Elites,0,28,0.698622,0
F03-RastriginSep,MAP-Elites,0,29,0.698622,0
F03-RastriginSep,MAP-Elites,0,30,927.114,1
F03-RastriginSep,MAP-Elites,0,31,0.698622,0
F03-RastriginSep,MAP-Elites,0,32,1095.3,1
F03-RastriginSep,MAP-Elites,0,33,0.698622,0
F03-RastriginSep,MAP-Elites,0,34,0.698622,0
F03-RastriginSep,MAP-Elites,0,35,0.698622,0
F03-RastriginSep,MAP-Elites,0,36,0.698622,0
F03-RastriginSep,MAP-Elites,0,37,0.698622,0
F03-RastriginSep,MAP-Elites,0,38,0.698622,0
F03-RastriginSep,MAP-Elites,0,39,1008.91,1
F03-RastriginSep,MAP-Elites,0,40,996.613,1
F03-RastriginSep,MAP-Elites,0,41,0.698622,0
F03-RastriginSep,MAP-Elites,0,42,0.698622,0
F03-RastriginSep,MAP-Elites,0,43,1208.92,1
F03-RastriginSep,MAP-Elites,0,44,1057.76,1
F03-RastriginSep,MC-ESO-crowd,0,15,3.4505e-06,0
F03-RastriginSep,MC-ESO-crowd,0,16,1142.22,1
F03-RastriginSep,MC-ESO-crowd,0,17,907.485,1
F03-RastriginSep,MC-ESO-crowd,0,18,954.089,1
F03-RastriginSep,MC-ESO-crowd,0,19,0.751079,0
F03-RastriginSep,MC-ESO-crowd,0,20,1042.53,1
F03-RastriginSep,MC-ESO-crowd,0,21,651.905,1
F03-RastriginSep,MC-ESO-crowd,0,22,3.4505e-06,0
F03-RastriginSep,MC-ESO-crowd,0,23,3.4505e-06,0
F03-RastriginSep,MC-ESO-crowd,0,24,954.767,1
F03-RastriginSep,MC-ESO-crowd,0,25,908.757,1
F03-RastriginSep,MC-ESO-crowd,0,26,984.732,1
F03-RastriginSep,MC-ESO-crowd,0,27,3.4505e-06,0
F03-RastriginSep,MC-ESO-crowd,0,28,3.4505e-06,0
F03-RastriginSep,MC-ESO-crowd,0,29,3.4505e-06,0
F03-RastriginSep,MC-ESO-crowd,0,30,0.926789,0
F03-RastriginSep,MC-ESO-crowd,0,31,3.4505e-06,0
F03-RastriginSep,MC-ESO-crowd,0,32,1017.12,1
F03-RastriginSep,MC-ESO-crowd,0,33,3.4505e-06,0
F03-RastriginSep,MC-ESO-crowd,0,34,3.4505e-06,0
F03-RastriginSep,MC-ESO-crowd,0,35,3.4505e-06,0
F03-RastriginSep,MC-ESO-crowd,0,36,3.4505e-06,0
F03-RastriginSep,MC-ESO-crowd,0,37,3.4505e-06,0
F03-RastriginSep,MC-ESO-crowd,0,38,3.4505e-06,0
F03-RastriginSep,MC-ESO-crowd,0,39,939.137,1
F03-RastriginSep,MC-ESO-crowd,0,40,911.691,1
F03-RastriginSep,MC-ESO-crowd,0,41,3.4505e-06,0
F03-RastriginSep,MC-ESO-crowd,0,42,3.4505e-06,0
F03-RastriginSep,MC-ESO-crowd,0,43,1154.51,1
F03-RastriginSep,MC-ESO-crowd,0,44,1031.01,1
F03-RastriginSep,quality,0,15,9.09495e-13,0
F03-RastriginSep,quality,0,16,1226.91,1
F03-RastriginSep,quality,0,17,924.022,1
F03-RastriginSep,quality,0,18,927.336,1
F03-RastriginSep,quality,0,19,936.521,1
F03-RastriginSep,quality,0,20,1119.39,1
F03-RastriginSep,quality,0,21,705.845,1
F03-RastriginSep,quality,0,22,9.09495e-13,0
F03-RastriginSep,quality,0,23,9.09495e-13,0
F03-RastriginSep,quality,0,24,1041.92,1
F03-RastriginSep,quality,0,25,958.28,1
F03-RastriginSep,quality,0,26,1068.66,1
F03-RastriginSep,quality,0,27,9.09495e-13,0
F03-RastriginSep,quality,0,28,9.09495e-13,0
F03-RastriginSep,quality,0,29,9.09495e-13,0
F03-RastriginSep,quality,0,30,899.988,1
F03-RastriginSep,quality,0,31,9.09495e-13,0
F03-RastriginSep,quality,0,32,1085.79,1
F03-RastriginSep,quality,0,33,9.09495e-13,0
F03-RastriginSep,quality,0,34,9.09495e-13,0
F03-RastriginSep,quality,0,35,9.09495e-13,0
F03-RastriginSep,quality,0,36,9.09495e-13,0
F03-RastriginSep,quality,0,37,9.09495e-13,0
F03-RastriginSep,quality,0,38,9.09495e-13,0
F03-RastriginSep,quality,0,39,1009.59,1
F03-RastriginSep,quality,0,40,996.285,1
F03-RastriginSep,quality,0,41,9.09495e-13,0
F03-RastriginSep,quality,0,42,9.09495e-13,0
F03-RastriginSep,quality,0,43,1208.37,1
F03-RastriginSep,quality,0,44,1055.22,1
F03-RastriginSep,complement,0,15,3.97983,0
F03-RastriginSep,complement,0,16,7.9594,0
F03-RastriginSep,complement,0,17,270.57,0
F03-RastriginSep,complement,0,18,319.321,0
F03-RastriginSep,complement,0,19,0,0
F03-RastriginSep,complement,0,20,7.9594,0
F03-RastriginSep,complement,0,21,0,0
F03-RastriginSep,complement,0,22,3.97983,0
F03-RastriginSep,complement,0,23,3.97983,0
F03-RastriginSep,complement,0,24,7.9596,0
F03-RastriginSep,complement,0,25,8.95454,0
F03-RastriginSep,complement,0,26,3.97977,0
F03-RastriginSep,complement,0,27,16.9142,0
F03-RastriginSep,complement,0,28,3.97983,0
F03-RastriginSep,complement,0,29,3.97983,0
F03-RastriginSep,complement,0,30,12.9344,0
F03-RastriginSep,complement,0,31,3.97983,0
F03-RastriginSep,complement,0,32,0,0
F03-RastriginSep,complement,0,33,3.97983,0
F03-RastriginSep,complement,0,34,3.97983,0
F03-RastriginSep,complement,0,35,3.97983,0
F03-RastriginSep,complement,0,36,3.97983,0
F03-RastriginSep,complement,0,37,3.97983,0
F03-RastriginSep,complement,0,38,3.97983,0
F03-RastriginSep,complement,0,39,7.9596,0
F03-RastriginSep,complement,0,40,7.9596,0
F03-RastriginSep,complement,0,41,3.97983,0
F03-RastriginSep,complement,0,42,3.97983,0
F03-RastriginSep,complement,0,43,254.651,0
F03-RastriginSep,complement,0,44,320.316,0
F03-RastriginSep,MC-ESO,1,15,0,0
F03-RastriginSep,MC-ESO,1,16,0,0
F03-RastriginSep,MC-ESO,1,17,0,0
F03-RastriginSep,MC-ESO,1,18,0,0
F03-RastriginSep,MC-ESO,1,19,1096.72,1
F03-RastriginSep,MC-ESO,1,20,0,0
F03-RastriginSep,MC-ESO,1,21,0,0
F03-RastriginSep,MC-ESO,1,22,1020.84,1
F03-RastriginSep,MC-ESO,1,23,1193.95,1
F03-RastriginSep,MC-ESO,1,24,8.32686e-07,0
F03-RastriginSep,MC-ESO,1,25,1116.14,1
F03-RastriginSep,MC-ESO,1,26,0,0
F03-RastriginSep,MC-ESO,1,27,1162.05,1
F03-RastriginSep,MC-ESO,1,28,0,0
F03-RastriginSep,MC-ESO,1,29,0,0
F03-RastriginSep,MC-ESO,1,30,1024.69,1
F03-RastriginSep,MC-ESO,1,31,949.433,1
F03-RastriginSep,MC-ESO,1,32,8.32686e-07,0
F03-RastriginSep,MC-ESO,1,33,1036.26,1
F03-RastriginSep,MC-ESO,1,34,0,0
F03-RastriginSep,MC-ESO,1,35,1181.36,1
F03-RastriginSep,MC-ESO,1,36,0,0
F03-RastriginSep,MC-ESO,1,37,0,0
F03-RastriginSep,MC-ESO,1,38,0,0
F03-RastriginSep,MC-ESO,1,39,1203.95,1
F03-RastriginSep,MC-ESO,1,40,0,0
F03-RastriginSep,MC-ESO,1,41,0,0
F03-RastriginSep,MC-ESO,1,42,0,0
F03-RastriginSep,MC-ESO,1,43,0,0
F03-RastriginSep,MC-ESO,1,44,0,0
F03-RastriginSep,NMMSO,1,15,8.52026e-10,0
F03-RastriginSep,NMMSO,1,16,8.52026e-10,0
F03-RastriginSep,NMMSO,1,17,8.52026e-10,0
F03-RastriginSep,NMMSO,1,18,8.52026e-10,0
F03-RastriginSep,NMMSO,1,19,1006.93,1
F03-RastriginSep,NMMSO,1,20,8.52026e-10,0
F03-RastriginSep,NMMSO,1,21,8.52026e-10,0
F03-RastriginSep,NMMSO,1,22,970.638,1
F03-RastriginSep,NMMSO,1,23,1115.16,1
F03-RastriginSep,NMMSO,1,24,914.721,1
F03-RastriginSep,NMMSO,1,25,1010.87,1
F03-RastriginSep,NMMSO,1,26,8.52026e-10,0
F03-RastriginSep,NMMSO,1,27,1079.75,1
F03-RastriginSep,NMMSO,1,28,8.52026e-10,0
F03-RastriginSep,NMMSO,1,29,8.52026e-10,0
F03-RastriginSep,NMMSO,1,30,992.165,1
F03-RastriginSep,NMMSO,1,31,918.471,1
F03-RastriginSep,NMMSO,1,32,1.98991,0
F03-RastriginSep,NMMSO,1,33,1034.62,1
F03-RastriginSep,NMMSO,1,34,8.52026e-10,0
F03-RastriginSep,NMMSO,1,35,1103.66,1
F03-RastriginSep,NMMSO,1,36,8.52026e-10,0
F03-RastriginSep,NMMSO,1,37,8.52026e-10,0
F03-RastriginSep,NMMSO,1,38,8.52026e-10,0
F03-RastriginSep,NMMSO,1,39,1099.28,1
F03-RastriginSep,NMMSO,1,40,8.52026e-10,0
F03-RastriginSep,NMMSO,1,41,8.52026e-10,0
F03-RastriginSep,NMMSO,1,42,8.52026e-10,0
F03-RastriginSep,NMMSO,1,43,8.52026e-10,0
F03-RastriginSep,NMMSO,1,44,8.52026e-10,0
F03-RastriginSep,NCDE,1,15,1.34307e-05,0
F03-RastriginSep,NCDE,1,16,1.34307e-05,0
F03-RastriginSep,NCDE,1,17,1.34307e-05,0
F03-RastriginSep,NCDE,1,18,1.34307e-05,0
F03-RastriginSep,NCDE,1,19,918.343,1
F03-RastriginSep,NCDE,1,20,1.34307e-05,0
F03-RastriginSep,NCDE,1,21,1.34307e-05,0
F03-RastriginSep,NCDE,1,22,1022.54,1
F03-RastriginSep,NCDE,1,23,1037.55,1
F03-RastriginSep,NCDE,1,24,2.00184,0
F03-RastriginSep,NCDE,1,25,972.193,1
F03-RastriginSep,NCDE,1,26,1.34307e-05,0
F03-RastriginSep,NCDE,1,27,998.616,1
F03-RastriginSep,NCDE,1,28,1.34307e-05,0
F03-RastriginSep,NCDE,1,29,1.34307e-05,0
F03-RastriginSep,NCDE,1,30,1050.76,1
F03-RastriginSep,NCDE,1,31,2.00544,0
F03-RastriginSep,NCDE,1,32,2.00184,0
F03-RastriginSep,NCDE,1,33,1037.29,1
F03-RastriginSep,NCDE,1,34,1.34307e-05,0
F03-RastriginSep,NCDE,1,35,1027.15,1
F03-RastriginSep,NCDE,1,36,1.34307e-05,0
F03-RastriginSep,NCDE,1,37,1.34307e-05,0
F03-RastriginSep,NCDE,1,38,1.34307e-05,0
F03-RastriginSep,NCDE,1,39,1047.83,1
F03-RastriginSep,NCDE,1,40,1.34307e-05,0
F03-RastriginSep,NCDE,1,41,1.34307e-05,0
F03-RastriginSep,NCDE,1,42,1.34307e-05,0
F03-RastriginSep,NCDE,1,43,1.34307e-05,0
F03-RastriginSep,NCDE,1,44,1.34307e-05,0
F03-RastriginSep,r3pso,1,15,1.5541e-10,0
F03-RastriginSep,r3pso,1,16,1.5541e-10,0
F03-RastriginSep,r3pso,1,17,1.5541e-10,0
F03-RastriginSep,r3pso,1,18,1.5541e-10,0
F03-RastriginSep,r3pso,1,19,1008.15,1
F03-RastriginSep,r3pso,1,20,1.5541e-10,0
F03-RastriginSep,r3pso,1,21,1.5541e-10,0
F03-RastriginSep,r3pso,1,22,1037.4,1
F03-RastriginSep,r3pso,1,23,1100.47,1
F03-RastriginSep,r3pso,1,24,989.286,1
F03-RastriginSep,r3pso,1,25,1063.59,1
F03-RastriginSep,r3pso,1,26,1.5541e-10,0
F03-RastriginSep,r3pso,1,27,1067.67,1
F03-RastriginSep,r3pso,1,28,1.5541e-10,0
F03-RastriginSep,r3pso,1,29,1.5541e-10,0
F03-RastriginSep,r3pso,1,30,1050.75,1
F03-RastriginSep,r3pso,1,31,0,0
F03-RastriginSep,r3pso,1,32,941.322,1
F03-RastriginSep,r3pso,1,33,1089.94,1
F03-RastriginSep,r3pso,1,34,1.5541e-10,0
F03-RastriginSep,r3pso,1,35,1088.26,1
F03-RastriginSep,r3pso,1,36,1.5541e-10,0
F03-RastriginSep,r3pso,1,37,1.5541e-10,0
F03-RastriginSep,r3pso,1,38,1.5541e-10,0
F03-RastriginSep,r3pso,1,39,1141.87,1
F03-RastriginSep,r3pso,1,40,1.5541e-10,0
F03-RastriginSep,r3pso,1,41,1.5541e-10,0
F03-RastriginSep,r3pso,1,42,1.5541e-10,0
F03-RastriginSep,r3pso,1,43,1.5541e-10,0
F03-RastriginSep,r3pso,1,44,1.5541e-10,0
F03-RastriginSep,NM-Restart,1,15,49.7474,0
F03-RastriginSep,NM-Restart,1,16,7.95966,0
F03-RastriginSep,NM-Restart,1,17,7.95966,0
F03-RastriginSep,NM-Restart,1,18,49.7474,0
F03-RastriginSep,NM-Restart,1,19,39.7979,0
F03-RastriginSep,NM-Restart,1,20,49.7474,0
F03-RastriginSep,NM-Restart,1,21,7.95966,0
F03-RastriginSep,NM-Restart,1,22,191.015,0
F03-RastriginSep,NM-Restart,1,23,33.8282,0
F03-RastriginSep,NM-Restart,1,24,5.96974,0
F03-RastriginSep,NM-Restart,1,25,39.7979,0
F03-RastriginSep,NM-Restart,1,26,49.7474,0
F03-RastriginSep,NM-Restart,1,27,33.8282,0
F03-RastriginSep,NM-Restart,1,28,7.95966,0
F03-RastriginSep,NM-Restart,1,29,7.95966,0
F03-RastriginSep,NM-Restart,1,30,179.076,0
F03-RastriginSep,NM-Restart,1,31,47.7575,0
F03-RastriginSep,NM-Restart,1,32,5.96974,0
F03-RastriginSep,NM-Restart,1,33,250.692,0
F03-RastriginSep,NM-Restart,1,34,7.95966,0
F03-RastriginSep,NM-Restart,1,35,33.8282,0
F03-RastriginSep,NM-Restart,1,36,7.95966,0
F03-RastriginSep,NM-Restart,1,37,7.95966,0
F03-RastriginSep,NM-Restart,1,38,7.95966,0
F03-RastriginSep,NM-Restart,1,39,33.8282,0
F03-RastriginSep,NM-Restart,1,40,7.95966,0
F03-RastriginSep,NM-Restart,1,41,7.95966,0
F03-RastriginSep,NM-Restart,1,42,7.95966,0
F03-RastriginSep,NM-Restart,1,43,49.7474,0
F03-RastriginSep,NM-Restart,1,44,7.95966,0
F03-RastriginSep,IPOP-CMA-ES,1,15,0.000475765,0
F03-RastriginSep,IPOP-CMA-ES,1,16,0.000475765,0
F03-RastriginSep,IPOP-CMA-ES,1,17,0.000475765,0
F03-RastriginSep,IPOP-CMA-ES,1,18,0.000475765,0
F03-RastriginSep,IPOP-CMA-ES,1,19,1007.6,1
F03-RastriginSep,IPOP-CMA-ES,1,20,0.000475765,0
F03-RastriginSep,IPOP-CMA-ES,1,21,0.000475765,0
F03-RastriginSep,IPOP-CMA-ES,1,22,1027.87,1
F03-RastriginSep,IPOP-CMA-ES,1,23,1116.66,1
F03-RastriginSep,IPOP-CMA-ES,1,24,989.189,1
F03-RastriginSep,IPOP-CMA-ES,1,25,1043.09,1
F03-RastriginSep,IPOP-CMA-ES,1,26,0.000475765,0
F03-RastriginSep,IPOP-CMA-ES,1,27,1081.11,1
F03-RastriginSep,IPOP-CMA-ES,1,28,0.000475765,0
F03-RastriginSep,IPOP-CMA-ES,1,29,0.000475765,0
F03-RastriginSep,IPOP-CMA-ES,1,30,1050.57,1
F03-RastriginSep,IPOP-CMA-ES,1,31,920.78,1
F03-RastriginSep,IPOP-CMA-ES,1,32,941.299,1
F03-RastriginSep,IPOP-CMA-ES,1,33,1089.92,1
F03-RastriginSep,IPOP-CMA-ES,1,34,0.000475765,0
F03-RastriginSep,IPOP-CMA-ES,1,35,1105.2,1
F03-RastriginSep,IPOP-CMA-ES,1,36,0.000475765,0
F03-RastriginSep,IPOP-CMA-ES,1,37,0.000475765,0
F03-RastriginSep,IPOP-CMA-ES,1,38,0.000475765,0
F03-RastriginSep,IPOP-CMA-ES,1,39,1125.04,1
F03-RastriginSep,IPOP-CMA-ES,1,40,0.000475765,0
F03-RastriginSep,IPOP-CMA-ES,1,41,0.000475765,0
F03-RastriginSep,IPOP-CMA-ES,1,42,0.000475765,0
F03-RastriginSep,IPOP-CMA-ES,1,43,0.000475765,0
F03-RastriginSep,IPOP-CMA-ES,1,44,0.000475765,0
F03-RastriginSep,DE,1,15,0,0
F03-RastriginSep,DE,1,16,0,0
F03-RastriginSep,DE,1,17,0,0
F03-RastriginSep,DE,1,18,0,0
F03-RastriginSep,DE,1,19,1096.72,1
F03-RastriginSep,DE,1,20,0,0
F03-RastriginSep,DE,1,21,0,0
F03-RastriginSep,DE,1,22,1037.4,1
F03-RastriginSep,DE,1,23,1193.95,1
F03-RastriginSep,DE,1,24,989.286,1
F03-RastriginSep,DE,1,25,1116.14,1
F03-RastriginSep,DE,1,26,0,0
F03-RastriginSep,DE,1,27,1162.05,1
F03-RastriginSep,DE,1,28,0,0
F03-RastriginSep,DE,1,29,0,0
F03-RastriginSep,DE,1,30,1050.75,1
F03-RastriginSep,DE,1,31,949.433,1
F03-RastriginSep,DE,1,32,941.322,1
F03-RastriginSep,DE,1,33,1089.94,1
F03-RastriginSep,DE,1,34,0,0
F03-RastriginSep,DE,1,35,1181.36,1
F03-RastriginSep,DE,1,36,0,0
F03-RastriginSep,DE,1,37,0,0
F03-RastriginSep,DE,1,38,0,0
F03-RastriginSep,DE,1,39,1203.95,1
F03-RastriginSep,DE,1,40,0,0
F03-RastriginSep,DE,1,41,0,0
F03-RastriginSep,DE,1,42,0,0
F03-RastriginSep,DE,1,43,0,0
F03-RastriginSep,DE,1,44,0,0
F03-RastriginSep,PSO,1,15,1.68427e-10,0
F03-RastriginSep,PSO,1,16,1.68427e-10,0
F03-RastriginSep,PSO,1,17,1.68427e-10,0
F03-RastriginSep,PSO,1,18,1.68427e-10,0
F03-RastriginSep,PSO,1,19,1096.72,1
F03-RastriginSep,PSO,1,20,1.68427e-10,0
F03-RastriginSep,PSO,1,21,1.68427e-10,0
F03-RastriginSep,PSO,1,22,1037.4,1
F03-RastriginSep,PSO,1,23,1193.95,1
F03-RastriginSep,PSO,1,24,19.3403,0
F03-RastriginSep,PSO,1,25,1116.14,1
F03-RastriginSep,PSO,1,26,1.68427e-10,0
F03-RastriginSep,PSO,1,27,1162.05,1
F03-RastriginSep,PSO,1,28,1.68427e-10,0
F03-RastriginSep,PSO,1,29,1.68427e-10,0
F03-RastriginSep,PSO,1,30,1050.75,1
F03-RastriginSep,PSO,1,31,949.433,1
F03-RastriginSep,PSO,1,32,19.3403,0
F03-RastriginSep,PSO,1,33,1068.78,1
F03-RastriginSep,PSO,1,34,1.68427e-10,0
F03-RastriginSep,PSO,1,35,1181.36,1
F03-RastriginSep,PSO,1,36,1.68427e-10,0
F03-RastriginSep,PSO,1,37,1.68427e-10,0
F03-RastriginSep,PSO,1,38,1.68427e-10,0
F03-RastriginSep,PSO,1,39,1203.95,1
F03-RastriginSep,PSO,1,40,1.68427e-10,0
F03-RastriginSep,PSO,1,41,1.68427e-10,0
F03-RastriginSep,PSO,1,42,1.68427e-10,0
F03-RastriginSep,PSO,1,43,1.68427e-10,0
F03-RastriginSep,PSO,1,44,1.68427e-10,0
F03-RastriginSep,Crowding-DE,1,15,0.0147739,0
F03-RastriginSep,Crowding-DE,1,16,0.0147739,0
F03-RastriginSep,Crowding-DE,1,17,0.0147739,0
F03-RastriginSep,Crowding-DE,1,18,0.0147739,0
F03-RastriginSep,Crowding-DE,1,19,1005.83,1
F03-RastriginSep,Crowding-DE,1,20,0.0147739,0
F03-RastriginSep,Crowding-DE,1,21,0.0147739,0
F03-RastriginSep,Crowding-DE,1,22,980.127,1
F03-RastriginSep,Crowding-DE,1,23,1113.93,1
F03-RastriginSep,Crowding-DE,1,24,2.10446,0
F03-RastriginSep,Crowding-DE,1,25,1042.9,1
F03-RastriginSep,Crowding-DE,1,26,0.0147739,0
F03-RastriginSep,Crowding-DE,1,27,1078.52,1
F03-RastriginSep,Crowding-DE,1,28,0.0147739,0
F03-RastriginSep,Crowding-DE,1,29,0.0147739,0
F03-RastriginSep,Crowding-DE,1,30,993.236,1
F03-RastriginSep,Crowding-DE,1,31,917.666,1
F03-RastriginSep,Crowding-DE,1,32,2.10446,0
F03-RastriginSep,Crowding-DE,1,33,1035.94,1
F03-RastriginSep,Crowding-DE,1,34,0.0147739,0
F03-RastriginSep,Crowding-DE,1,35,1102.44,1
F03-RastriginSep,Crowding-DE,1,36,0.0147739,0
F03-RastriginSep,Crowding-DE,1,37,0.0147739,0
F03-RastriginSep,Crowding-DE,1,38,0.0147739,0
F03-RastriginSep,Crowding-DE,1,39,1124.52,1
F03-RastriginSep,Crowding-DE,1,40,0.0147739,0
F03-RastriginSep,Crowding-DE,1,41,0.0147739,0
F03-RastriginSep,Crowding-DE,1,42,0.0147739,0
F03-RastriginSep,Crowding-DE,1,43,0.0147739,0
F03-RastriginSep,Crowding-DE,1,44,0.0147739,0
F03-RastriginSep,MAP-Elites,1,15,2.25046,0
F03-RastriginSep,MAP-Elites,1,16,2.25046,0
F03-RastriginSep,MAP-Elites,1,17,2.25046,0
F03-RastriginSep,MAP-Elites,1,18,2.25046,0
F03-RastriginSep,MAP-Elites,1,19,1006.22,1
F03-RastriginSep,MAP-Elites,1,20,2.25046,0
F03-RastriginSep,MAP-Elites,1,21,2.25046,0
F03-RastriginSep,MAP-Elites,1,22,1001.56,1
F03-RastriginSep,MAP-Elites,1,23,1100.48,1
F03-RastriginSep,MAP-Elites,1,24,936.345,1
F03-RastriginSep,MAP-Elites,1,25,1026.53,1
F03-RastriginSep,MAP-Elites,1,26,2.25046,0
F03-RastriginSep,MAP-Elites,1,27,1067.36,1
F03-RastriginSep,MAP-Elites,1,28,2.25046,0
F03-RastriginSep,MAP-Elites,1,29,2.25046,0
F03-RastriginSep,MAP-Elites,1,30,1024.3,1
F03-RastriginSep,MAP-Elites,1,31,1.25678,0
F03-RastriginSep,MAP-Elites,1,32,916.862,1
F03-RastriginSep,MAP-Elites,1,33,1065.49,1
F03-RastriginSep,MAP-Elites,1,34,2.25046,0
F03-RastriginSep,MAP-Elites,1,35,1088.37,1
F03-RastriginSep,MAP-Elites,1,36,2.25046,0
F03-RastriginSep,MAP-Elites,1,37,2.25046,0
F03-RastriginSep,MAP-Elites,1,38,2.25046,0
F03-RastriginSep,MAP-Elites,1,39,1111.21,1
F03-RastriginSep,MAP-Elites,1,40,2.25046,0
F03-RastriginSep,MAP-Elites,1,41,2.25046,0
F03-RastriginSep,MAP-Elites,1,42,2.25046,0
F03-RastriginSep,MAP-Elites,1,43,2.34254,0
F03-RastriginSep,MAP-Elites,1,44,2.25046,0
F03-RastriginSep,MC-ESO-crowd,1,15,0.000616728,0
F03-RastriginSep,MC-ESO-crowd,1,16,0.000616728,0
F03-RastriginSep,MC-ESO-crowd,1,17,0.000616728,0
F03-RastriginSep,MC-ESO-crowd,1,18,0.000616728,0
F03-RastriginSep,MC-ESO-crowd,1,19,922.591,1
F03-RastriginSep,MC-ESO-crowd,1,20,0.000616728,0
F03-RastriginSep,MC-ESO-crowd,1,21,0.000616728,0
F03-RastriginSep,MC-ESO-crowd,1,22,971.215,1
F03-RastriginSep,MC-ESO-crowd,1,23,1025.89,1
F03-RastriginSep,MC-ESO-crowd,1,24,933.948,1
F03-RastriginSep,MC-ESO-crowd,1,25,994.512,1
F03-RastriginSep,MC-ESO-crowd,1,26,0.000616728,0
F03-RastriginSep,MC-ESO-crowd,1,27,989.612,1
F03-RastriginSep,MC-ESO-crowd,1,28,0.000616728,0
F03-RastriginSep,MC-ESO-crowd,1,29,0.000616728,0
F03-RastriginSep,MC-ESO-crowd,1,30,993.277,1
F03-RastriginSep,MC-ESO-crowd,1,31,3.37358,0
F03-RastriginSep,MC-ESO-crowd,1,32,914.776,1
F03-RastriginSep,MC-ESO-crowd,1,33,1063.93,1
F03-RastriginSep,MC-ESO-crowd,1,34,0.000616728,0
F03-RastriginSep,MC-ESO-crowd,1,35,1014.76,1
F03-RastriginSep,MC-ESO-crowd,1,36,0.000616728,0
F03-RastriginSep,MC-ESO-crowd,1,37,0.000616728,0
F03-RastriginSep,MC-ESO-crowd,1,38,0.000616728,0
F03-RastriginSep,MC-ESO-crowd,1,39,1066.91,1
F03-RastriginSep,MC-ESO-crowd,1,40,0.000616728,0
F03-RastriginSep,MC-ESO-crowd,1,41,0.000616728,0
F03-RastriginSep,MC-ESO-crowd,1,42,0.000616728,0
F03-RastriginSep,MC-ESO-crowd,1,43,0.000616728,0
F03-RastriginSep,MC-ESO-crowd,1,44,0.000616728,0
F03-RastriginSep,quality,1,15,0.994959,0
F03-RastriginSep,quality,1,16,0.994959,0
F03-RastriginSep,quality,1,17,0.994959,0
F03-RastriginSep,quality,1,18,0.994959,0
F03-RastriginSep,quality,1,19,1006.93,1
F03-RastriginSep,quality,1,20,0.994959,0
F03-RastriginSep,quality,1,21,0.994959,0
F03-RastriginSep,quality,1,22,1020.84,1
F03-RastriginSep,quality,1,23,1092.12,1
F03-RastriginSep,quality,1,24,0,0
F03-RastriginSep,quality,1,25,1043.41,1
F03-RastriginSep,quality,1,26,0.994959,0
F03-RastriginSep,quality,1,27,1061.2,1
F03-RastriginSep,quality,1,28,0.994959,0
F03-RastriginSep,quality,1,29,0.994959,0
F03-RastriginSep,quality,1,30,1024.69,1
F03-RastriginSep,quality,1,31,2.98487,0
F03-RastriginSep,quality,1,32,0,0
F03-RastriginSep,quality,1,33,1036.27,1
F03-RastriginSep,quality,1,34,0.994959,0
F03-RastriginSep,quality,1,35,1079.4,1
F03-RastriginSep,quality,1,36,0.994959,0
F03-RastriginSep,quality,1,37,0.994959,0
F03-RastriginSep,quality,1,38,0.994959,0
F03-RastriginSep,quality,1,39,1125.18,1
F03-RastriginSep,quality,1,40,0.994959,0
F03-RastriginSep,quality,1,41,0.994959,0
F03-RastriginSep,quality,1,42,0.994959,0
F03-RastriginSep,quality,1,43,0.994959,0
F03-RastriginSep,quality,1,44,0.994959,0
F03-RastriginSep,complement,1,15,0.994959,0
F03-RastriginSep,complement,1,16,0.994959,0
F03-RastriginSep,complement,1,17,0.994959,0
F03-RastriginSep,complement,1,18,0.994959,0
F03-RastriginSep,complement,1,19,23.8788,0
F03-RastriginSep,complement,1,20,0.994959,0
F03-RastriginSep,complement,1,21,0.994959,0
F03-RastriginSep,complement,1,22,936.288,1
F03-RastriginSep,complement,1,23,17.9091,0
F03-RastriginSep,complement,1,24,0,0
F03-RastriginSep,complement,1,25,23.8788,0
F03-RastriginSep,complement,1,26,0.994959,0
F03-RastriginSep,complement,1,27,17.9091,0
F03-RastriginSep,complement,1,28,0.994959,0
F03-RastriginSep,complement,1,29,0.994959,0
F03-RastriginSep,complement,1,30,996.376,1
F03-RastriginSep,complement,1,31,31.8384,0
F03-RastriginSep,complement,1,32,0,0
F03-RastriginSep,complement,1,33,981.821,1
F03-RastriginSep,complement,1,34,0.994959,0
F03-RastriginSep,complement,1,35,17.9091,0
F03-RastriginSep,complement,1,36,0.994959,0
F03-RastriginSep,complement,1,37,0.994959,0
F03-RastriginSep,complement,1,38,0.994959,0
F03-RastriginSep,complement,1,39,17.9091,0
F03-RastriginSep,complement,1,40,0.994959,0
F03-RastriginSep,complement,1,41,0.994959,0
F03-RastriginSep,complement,1,42,0.994959,0
F03-RastriginSep,complement,1,43,0.994959,0
F03-RastriginSep,complement,1,44,0.994959,0
F03-RastriginSep,MC-ESO,2,15,0,0
F03-RastriginSep,MC-ESO,2,16,588.847,1
F03-RastriginSep,MC-ESO,2,17,0,0
F03-RastriginSep,MC-ESO,2,18,0,0
F03-RastriginSep,MC-ESO,2,19,0,0
F03-RastriginSep,MC-ESO,2,20,0,0
F03-RastriginSep,MC-ESO,2,21,610.912,1
F03-RastriginSep,MC-ESO,2,22,721.38,1
F03-RastriginSep,MC-ESO,2,23,768.273,1
F03-RastriginSep,MC-ESO,2,24,583.471,1
F03-RastriginSep,MC-ESO,2,25,551.682,1
F03-RastriginSep,MC-ESO,2,26,732.077,1
F03-RastriginSep,MC-ESO,2,27,658.625,1
F03-RastriginSep,MC-ESO,2,28,0,0
F03-RastriginSep,MC-ESO,2,29,569.835,1
F03-RastriginSep,MC-ESO,2,30,0,0
F03-RastriginSep,MC-ESO,2,31,0,0
F03-RastriginSep,MC-ESO,2,32,0,0
F03-RastriginSep,MC-ESO,2,33,0,0
F03-RastriginSep,MC-ESO,2,34,609.309,1
F03-RastriginSep,MC-ESO,2,35,0,0
F03-RastriginSep,MC-ESO,2,36,716.13,1
F03-RastriginSep,MC-ESO,2,37,0,0
F03-RastriginSep,MC-ESO,2,38,555.742,1
F03-RastriginSep,MC-ESO,2,39,678.418,1
F03-RastriginSep,MC-ESO,2,40,660.572,1
F03-RastriginSep,MC-ESO,2,41,0,0
F03-RastriginSep,MC-ESO,2,42,748.051,1
F03-RastriginSep,MC-ESO,2,43,593.038,1
F03-RastriginSep,MC-ESO,2,44,0,0
F03-RastriginSep,NMMSO,2,15,4.74377e-08,0
F03-RastriginSep,NMMSO,2,16,550.932,1
F03-RastriginSep,NMMSO,2,17,4.74377e-08,0
F03-RastriginSep,NMMSO,2,18,4.74377e-08,0
F03-RastriginSep,NMMSO,2,19,4.74377e-08,0
F03-RastriginSep,NMMSO,2,20,4.74377e-08,0
F03-RastriginSep,NMMSO,2,21,3.54278e-07,0
F03-RastriginSep,NMMSO,2,22,647.707,1
F03-RastriginSep,NMMSO,2,23,675.107,1
F03-RastriginSep,NMMSO,2,24,531.98,1
F03-RastriginSep,NMMSO,2,25,0,0
F03-RastriginSep,NMMSO,2,26,635.205,1
F03-RastriginSep,NMMSO,2,27,570.086,1
F03-RastriginSep,NMMSO,2,28,4.74377e-08,0
F03-RastriginSep,NMMSO,2,29,539.638,1
F03-RastriginSep,NMMSO,2,30,4.74377e-08,0
F03-RastriginSep,NMMSO,2,31,4.74377e-08,0
F03-RastriginSep,NMMSO,2,32,4.74377e-08,0
F03-RastriginSep,NMMSO,2,33,4.74377e-08,0
F03-RastriginSep,NMMSO,2,34,565.783,1
F03-RastriginSep,NMMSO,2,35,4.74377e-08,0
F03-RastriginSep,NMMSO,2,36,619.33,1
F03-RastriginSep,NMMSO,2,37,4.74377e-08,0
F03-RastriginSep,NMMSO,2,38,543.857,1
F03-RastriginSep,NMMSO,2,39,577.088,1
F03-RastriginSep,NMMSO,2,40,586.067,1
F03-RastriginSep,NMMSO,2,41,4.74377e-08,0
F03-RastriginSep,NMMSO,2,42,647.211,1
F03-RastriginSep,NMMSO,2,43,554.075,1
F03-RastriginSep,NMMSO,2,44,4.74377e-08,0
F03-RastriginSep,NCDE,2,15,0.0793135,0
F03-RastriginSep,NCDE,2,16,556.962,1
F03-RastriginSep,NCDE,2,17,0.0793135,0
F03-RastriginSep,NCDE,2,18,0.0793135,0
F03-RastriginSep,NCDE,2,19,0.0793135,0
F03-RastriginSep,NCDE,2,20,0.0793135,0
F03-RastriginSep,NCDE,2,21,0.248643,0
F03-RastriginSep,NCDE,2,22,648.851,1
F03-RastriginSep,NCDE,2,23,676.276,1
F03-RastriginSep,NCDE,2,24,539.624,1
F03-RastriginSep,NCDE,2,25,0.0220188,0
F03-RastriginSep,NCDE,2,26,636.36,1
F03-RastriginSep,NCDE,2,27,570.836,1
F03-RastriginSep,NCDE,2,28,0.0793135,0
F03-RastriginSep,NCDE,2,29,539.44,1
F03-RastriginSep,NCDE,2,30,0.0793135,0
F03-RastriginSep,NCDE,2,31,0.0793135,0
F03-RastriginSep,NCDE,2,32,0.0793135,0
F03-RastriginSep,NCDE,2,33,0.0793135,0
F03-RastriginSep,NCDE,2,34,578.384,1
F03-RastriginSep,NCDE,2,35,0.0793135,0
F03-RastriginSep,NCDE,2,36,620.485,1
F03-RastriginSep,NCDE,2,37,0.0793135,0
F03-RastriginSep,NCDE,2,38,0.0146739,0
F03-RastriginSep,NCDE,2,39,578.175,1
F03-RastriginSep,NCDE,2,40,587.214,1
F03-RastriginSep,NCDE,2,41,0.0793135,0
F03-RastriginSep,NCDE,2,42,648.317,1
F03-RastriginSep,NCDE,2,43,561.281,1
F03-RastriginSep,NCDE,2,44,0.0793135,0
F03-RastriginSep,r3pso,2,15,3.5925e-11,0
F03-RastriginSep,r3pso,2,16,588.847,1
F03-RastriginSep,r3pso,2,17,3.5925e-11,0
F03-RastriginSep,r3pso,2,18,3.5925e-11,0
F03-RastriginSep,r3pso,2,19,3.5925e-11,0
F03-RastriginSep,r3pso,2,20,3.5925e-11,0
F03-RastriginSep,r3pso,2,21,566.503,1
F03-RastriginSep,r3pso,2,22,697.575,1
F03-RastriginSep,r3pso,2,23,729.306,1
F03-RastriginSep,r3pso,2,24,577.998,1
F03-RastriginSep,r3pso,2,25,551.682,1
F03-RastriginSep,r3pso,2,26,689.432,1
F03-RastriginSep,r3pso,2,27,605.395,1
F03-RastriginSep,r3pso,2,28,3.5925e-11,0
F03-RastriginSep,r3pso,2,29,569.835,1
F03-RastriginSep,r3pso,2,30,3.5925e-11,0
F03-RastriginSep,r3pso,2,31,3.5925e-11,0
F03-RastriginSep,r3pso,2,32,3.5925e-11,0
F03-RastriginSep,r3pso,2,33,3.5925e-11,0
F03-RastriginSep,r3pso,2,34,609.309,1
F03-RastriginSep,r3pso,2,35,3.5925e-11,0
F03-RastriginSep,r3pso,2,36,673.563,1
F03-RastriginSep,r3pso,2,37,3.5925e-11,0
F03-RastriginSep,r3pso,2,38,555.742,1
F03-RastriginSep,r3pso,2,39,629.138,1
F03-RastriginSep,r3pso,2,40,636.188,1
F03-RastriginSep,r3pso,2,41,3.5925e-11,0
F03-RastriginSep,r3pso,2,42,700.015,1
F03-RastriginSep,r3pso,2,43,593.038,1
F03-RastriginSep,r3pso,2,44,3.5925e-11,0
F03-RastriginSep,NM-Restart,2,15,3.97983,0
F03-RastriginSep,NM-Restart,2,16,546.899,1
F03-RastriginSep,NM-Restart,2,17,3.97983,0
F03-RastriginSep,NM-Restart,2,18,3.97983,0
F03-RastriginSep,NM-Restart,2,19,551.327,1
F03-RastriginSep,NM-Restart,2,20,3.97983,0
F03-RastriginSep,NM-Restart,2,21,0,0
F03-RastriginSep,NM-Restart,2,22,596.4,1
F03-RastriginSep,NM-Restart,2,23,598.983,1
F03-RastriginSep,NM-Restart,2,24,2.98487,0
F03-RastriginSep,NM-Restart,2,25,3.97979,0
F03-RastriginSep,NM-Restart,2,26,553.566,1
F03-RastriginSep,NM-Restart,2,27,0,0
F03-RastriginSep,NM-Restart,2,28,3.97983,0
F03-RastriginSep,NM-Restart,2,29,578.787,1
F03-RastriginSep,NM-Restart,2,30,3.97983,0
F03-RastriginSep,NM-Restart,2,31,3.97983,0
F03-RastriginSep,NM-Restart,2,32,3.97983,0
F03-RastriginSep,NM-Restart,2,33,538.508,1
F03-RastriginSep,NM-Restart,2,34,555.21,1
F03-RastriginSep,NM-Restart,2,35,561.886,1
F03-RastriginSep,NM-Restart,2,36,537.803,1
F03-RastriginSep,NM-Restart,2,37,3.97983,0
F03-RastriginSep,NM-Restart,2,38,642.707,1
F03-RastriginSep,NM-Restart,2,39,0,0
F03-RastriginSep,NM-Restart,2,40,533.77,1
F03-RastriginSep,NM-Restart,2,41,3.97983,0
F03-RastriginSep,NM-Restart,2,42,558.212,1
F03-RastriginSep,NM-Restart,2,43,548.871,1
F03-RastriginSep,NM-Restart,2,44,3.97983,0
F03-RastriginSep,IPOP-CMA-ES,2,15,0,0
F03-RastriginSep,IPOP-CMA-ES,2,16,578.84,1
F03-RastriginSep,IPOP-CMA-ES,2,17,0,0
F03-RastriginSep,IPOP-CMA-ES,2,18,0,0
F03-RastriginSep,IPOP-CMA-ES,2,19,0,0
F03-RastriginSep,IPOP-CMA-ES,2,20,0,0
F03-RastriginSep,IPOP-CMA-ES,2,21,0,0
F03-RastriginSep,IPOP-CMA-ES,2,22,647.706,1
F03-RastriginSep,IPOP-CMA-ES,2,23,675.107,1
F03-RastriginSep,IPOP-CMA-ES,2,24,538.61,1
F03-RastriginSep,IPOP-CMA-ES,2,25,528.834,1
F03-RastriginSep,IPOP-CMA-ES,2,26,635.205,1
F03-RastriginSep,IPOP-CMA-ES,2,27,570.086,1
F03-RastriginSep,IPOP-CMA-ES,2,28,0,0
F03-RastriginSep,IPOP-CMA-ES,2,29,539.526,1
F03-RastriginSep,IPOP-CMA-ES,2,30,0,0
F03-RastriginSep,IPOP-CMA-ES,2,31,0,0
F03-RastriginSep,IPOP-CMA-ES,2,32,0,0
F03-RastriginSep,IPOP-CMA-ES,2,33,0,0
F03-RastriginSep,IPOP-CMA-ES,2,34,586.261,1
F03-RastriginSep,IPOP-CMA-ES,2,35,0,0
F03-RastriginSep,IPOP-CMA-ES,2,36,619.33,1
F03-RastriginSep,IPOP-CMA-ES,2,37,0,0
F03-RastriginSep,IPOP-CMA-ES,2,38,3.17493,0
F03-RastriginSep,IPOP-CMA-ES,2,39,577.088,1
F03-RastriginSep,IPOP-CMA-ES,2,40,586.067,1
F03-RastriginSep,IPOP-CMA-ES,2,41,0,0
F03-RastriginSep,IPOP-CMA-ES,2,42,647.211,1
F03-RastriginSep,IPOP-CMA-ES,2,43,580.696,1
F03-RastriginSep,IPOP-CMA-ES,2,44,0,0
F03-RastriginSep,DE,2,15,0,0
F03-RastriginSep,DE,2,16,588.847,1
F03-RastriginSep,DE,2,17,0,0
F03-RastriginSep,DE,2,18,0,0
F03-RastriginSep,DE,2,19,0,0
F03-RastriginSep,DE,2,20,0,0
F03-RastriginSep,DE,2,21,610.912,1
F03-RastriginSep,DE,2,22,721.38,1
F03-RastriginSep,DE,2,23,768.273,1
F03-RastriginSep,DE,2,24,583.471,1
F03-RastriginSep,DE,2,25,551.682,1
F03-RastriginSep,DE,2,26,732.077,1
F03-RastriginSep,DE,2,27,658.625,1
F03-RastriginSep,DE,2,28,0,0
F03-RastriginSep,DE,2,29,569.835,1
F03-RastriginSep,DE,2,30,0,0
F03-RastriginSep,DE,2,31,0,0
F03-RastriginSep,DE,2,32,0,0
F03-RastriginSep,DE,2,33,0,0
F03-RastriginSep,DE,2,34,609.309,1
F03-RastriginSep,DE,2,35,0,0
F03-RastriginSep,DE,2,36,716.13,1
F03-RastriginSep,DE,2,37,0,0
F03-RastriginSep,DE,2,38,555.742,1
F03-RastriginSep,DE,2,39,678.418,1
F03-RastriginSep,DE,2,40,660.572,1
F03-RastriginSep,DE,2,41,0,0
F03-RastriginSep,DE,2,42,748.051,1
F03-RastriginSep,DE,2,43,593.038,1
F03-RastriginSep,DE,2,44,0,0
F03-RastriginSep,PSO,2,15,1.13687e-13,0
F03-RastriginSep,PSO,2,16,588.847,1
F03-RastriginSep,PSO,2,17,1.13687e-13,0
F03-RastriginSep,PSO,2,18,1.13687e-13,0
F03-RastriginSep,PSO,2,19,1.13687e-13,0
F03-RastriginSep,PSO,2,20,1.13687e-13,0
F03-RastriginSep,PSO,2,21,610.912,1
F03-RastriginSep,PSO,2,22,721.38,1
F03-RastriginSep,PSO,2,23,768.273,1
F03-RastriginSep,PSO,2,24,583.471,1
F03-RastriginSep,PSO,2,25,551.682,1
F03-RastriginSep,PSO,2,26,732.077,1
F03-RastriginSep,PSO,2,27,658.625,1
F03-RastriginSep,PSO,2,28,1.13687e-13,0
F03-RastriginSep,PSO,2,29,569.835,1
F03-RastriginSep,PSO,2,30,1.13687e-13,0
F03-RastriginSep,PSO,2,31,1.13687e-13,0
F03-RastriginSep,PSO,2,32,1.13687e-13,0
F03-RastriginSep,PSO,2,33,1.13687e-13,0
F03-RastriginSep,PSO,2,34,609.309,1
F03-RastriginSep,PSO,2,35,1.13687e-13,0
F03-RastriginSep,PSO,2,36,716.13,1
F03-RastriginSep,PSO,2,37,1.13687e-13,0
F03-RastriginSep,PSO,2,38,29.5738,0
F03-RastriginSep,PSO,2,39,678.418,1
F03-RastriginSep,PSO,2,40,660.572,1
F03-RastriginSep,PSO,2,41,1.13687e-13,0
F03-RastriginSep,PSO,2,42,748.051,1
F03-RastriginSep,PSO,2,43,593.038,1
F03-RastriginSep,PSO,2,44,1.13687e-13,0
F03-RastriginSep,Crowding-DE,2,15,0.0373622,0
F03-RastriginSep,Crowding-DE,2,16,557.072,1
F03-RastriginSep,Crowding-DE,2,17,0.0373622,0
F03-RastriginSep,Crowding-DE,2,18,0.0373622,0
F03-RastriginSep,Crowding-DE,2,19,0.0373622,0
F03-RastriginSep,Crowding-DE,2,20,0.0373622,0
F03-RastriginSep,Crowding-DE,2,21,561.081,1
F03-RastriginSep,Crowding-DE,2,22,683.662,1
F03-RastriginSep,Crowding-DE,2,23,720.988,1
F03-RastriginSep,Crowding-DE,2,24,555.961,1
F03-RastriginSep,Crowding-DE,2,25,0.146914,0
F03-RastriginSep,Crowding-DE,2,26,682.99,1
F03-RastriginSep,Crowding-DE,2,27,613.975,1
F03-RastriginSep,Crowding-DE,2,28,0.0373622,0
F03-RastriginSep,Crowding-DE,2,29,539.183,1
F03-RastriginSep,Crowding-DE,2,30,0.0373622,0
F03-RastriginSep,Crowding-DE,2,31,0.0373622,0
F03-RastriginSep,Crowding-DE,2,32,0.0373622,0
F03-RastriginSep,Crowding-DE,2,33,0.0373622,0
F03-RastriginSep,Crowding-DE,2,34,578.596,1
F03-RastriginSep,Crowding-DE,2,35,0.0373622,0
F03-RastriginSep,Crowding-DE,2,36,667.078,1
F03-RastriginSep,Crowding-DE,2,37,0.0373622,0
F03-RastriginSep,Crowding-DE,2,38,0.0242312,0
F03-RastriginSep,Crowding-DE,2,39,627.207,1
F03-RastriginSep,Crowding-DE,2,40,622.445,1
F03-RastriginSep,Crowding-DE,2,41,0.0373622,0
F03-RastriginSep,Crowding-DE,2,42,697.063,1
F03-RastriginSep,Crowding-DE,2,43,561.409,1
F03-RastriginSep,Crowding-DE,2,44,0.0373622,0
F03-RastriginSep,MAP-Elites,2,15,1.176,0
F03-RastriginSep,MAP-Elites,2,16,574.187,1
F03-RastriginSep,MAP-Elites,2,17,1.176,0
F03-RastriginSep,MAP-Elites,2,18,1.176,0
F03-RastriginSep,MAP-Elites,2,19,1.176,0
F03-RastriginSep,MAP-Elites,2,20,1.176,0
F03-RastriginSep,MAP-Elites,2,21,569.982,1
F03-RastriginSep,MAP-Elites,2,22,700.723,1
F03-RastriginSep,MAP-Elites,2,23,732.74,1
F03-RastriginSep,MAP-Elites,2,24,571.229,1
F03-RastriginSep,MAP-Elites,2,25,537.672,1
F03-RastriginSep,MAP-Elites,2,26,692.902,1
F03-RastriginSep,MAP-Elites,2,27,608.349,1
F03-RastriginSep,MAP-Elites,2,28,1.176,0
F03-RastriginSep,MAP-Elites,2,29,539.669,1
F03-RastriginSep,MAP-Elites,2,30,1.176,0
F03-RastriginSep,MAP-Elites,2,31,1.176,0
F03-RastriginSep,MAP-Elites,2,32,1.176,0
F03-RastriginSep,MAP-Elites,2,33,1.176,0
F03-RastriginSep,MAP-Elites,2,34,595.312,1
F03-RastriginSep,MAP-Elites,2,35,1.176,0
F03-RastriginSep,MAP-Elites,2,36,677.032,1
F03-RastriginSep,MAP-Elites,2,37,1.176,0
F03-RastriginSep,MAP-Elites,2,38,1.32786,0
F03-RastriginSep,MAP-Elites,2,39,632.6,1
F03-RastriginSep,MAP-Elites,2,40,639.35,1
F03-RastriginSep,MAP-Elites,2,41,1.176,0
F03-RastriginSep,MAP-Elites,2,42,703.489,1
F03-RastriginSep,MAP-Elites,2,43,578.476,1
F03-RastriginSep,MAP-Elites,2,44,1.176,0
F03-RastriginSep,MC-ESO-crowd,2,15,0.4286,0
F03-RastriginSep,MC-ESO-crowd,2,16,584.211,1
F03-RastriginSep,MC-ESO-crowd,2,17,0.4286,0
F03-RastriginSep,MC-ESO-crowd,2,18,0.4286,0
F03-RastriginSep,MC-ESO-crowd,2,19,0.4286,0
F03-RastriginSep,MC-ESO-crowd,2,20,0.4286,0
F03-RastriginSep,MC-ESO-crowd,2,21,1.10948,0
F03-RastriginSep,MC-ESO-crowd,2,22,661.498,1
F03-RastriginSep,MC-ESO-crowd,2,23,683.204,1
F03-RastriginSep,MC-ESO-crowd,2,24,556.65,1
F03-RastriginSep,MC-ESO-crowd,2,25,540.555,1
F03-RastriginSep,MC-ESO-crowd,2,26,641.406,1
F03-RastriginSep,MC-ESO-crowd,2,27,561.278,1
F03-RastriginSep,MC-ESO-crowd,2,28,0.4286,0
F03-RastriginSep,MC-ESO-crowd,2,29,553.39,1
F03-RastriginSep,MC-ESO-crowd,2,30,0.4286,0
F03-RastriginSep,MC-ESO-crowd,2,31,0.4286,0
F03-RastriginSep,MC-ESO-crowd,2,32,0.4286,0
F03-RastriginSep,MC-ESO-crowd,2,33,0.4286,0
F03-RastriginSep,MC-ESO-crowd,2,34,598.081,1
F03-RastriginSep,MC-ESO-crowd,2,35,0.4286,0
F03-RastriginSep,MC-ESO-crowd,2,36,625.574,1
F03-RastriginSep,MC-ESO-crowd,2,37,0.4286,0
F03-RastriginSep,MC-ESO-crowd,2,38,0,0
F03-RastriginSep,MC-ESO-crowd,2,39,578.748,1
F03-RastriginSep,MC-ESO-crowd,2,40,599.685,1
F03-RastriginSep,MC-ESO-crowd,2,41,0.4286,0
F03-RastriginSep,MC-ESO-crowd,2,42,649.896,1
F03-RastriginSep,MC-ESO-crowd,2,43,587.222,1
F03-RastriginSep,MC-ESO-crowd,2,44,0.4286,0
F03-RastriginSep,quality,2,15,0,0
F03-RastriginSep,quality,2,16,573.646,1
F03-RastriginSep,quality,2,17,0,0
F03-RastriginSep,quality,2,18,0,0
F03-RastriginSep,quality,2,19,0,0
F03-RastriginSep,quality,2,20,0,0
F03-RastriginSep,quality,2,21,560.873,1
F03-RastriginSep,quality,2,22,683.67,1
F03-RastriginSep,quality,2,23,720.848,1
F03-RastriginSep,quality,2,24,560.122,1
F03-RastriginSep,quality,2,25,536.873,1
F03-RastriginSep,quality,2,26,682.805,1
F03-RastriginSep,quality,2,27,613.506,1
F03-RastriginSep,quality,2,28,0,0
F03-RastriginSep,quality,2,29,555.424,1
F03-RastriginSep,quality,2,30,0,0
F03-RastriginSep,quality,2,31,0,0
F03-RastriginSep,quality,2,32,0,0
F03-RastriginSep,quality,2,33,0,0
F03-RastriginSep,quality,2,34,594.509,1
F03-RastriginSep,quality,2,35,0,0
F03-RastriginSep,quality,2,36,666.894,1
F03-RastriginSep,quality,2,37,0,0
F03-RastriginSep,quality,2,38,0.968764,0
F03-RastriginSep,quality,2,39,626.924,1
F03-RastriginSep,quality,2,40,622.448,1
F03-RastriginSep,quality,2,41,0,0
F03-RastriginSep,quality,2,42,696.801,1
F03-RastriginSep,quality,2,43,577.889,1
F03-RastriginSep,quality,2,44,0,0
F03-RastriginSep,complement,2,15,33.8283,0
F03-RastriginSep,complement,2,16,39.7961,0
F03-RastriginSep,complement,2,17,4.97479,0
F03-RastriginSep,complement,2,18,4.97479,0
F03-RastriginSep,complement,2,19,4.97479,0
F03-RastriginSep,complement,2,20,4.97479,0
F03-RastriginSep,complement,2,21,29.8485,0
F03-RastriginSep,complement,2,22,107.451,0
F03-RastriginSep,complement,2,23,99.4916,0
F03-RastriginSep,complement,2,24,79.5939,0
F03-RastriginSep,complement,2,25,80.5889,0
F03-RastriginSep,complement,2,26,112.426,0
F03-RastriginSep,complement,2,27,23.8788,0
F03-RastriginSep,complement,2,28,4.97479,0
F03-RastriginSep,complement,2,29,0,0
F03-RastriginSep,complement,2,30,4.97479,0
F03-RastriginSep,complement,2,31,4.97479,0
F03-RastriginSep,complement,2,32,4.97479,0
F03-RastriginSep,complement,2,33,4.97479,0
F03-RastriginSep,complement,2,34,107.451,0
F03-RastriginSep,complement,2,35,4.97479,0
F03-RastriginSep,complement,2,36,112.426,0
F03-RastriginSep,complement,2,37,4.97479,0
F03-RastriginSep,complement,2,38,3.95364,0
F03-RastriginSep,complement,2,39,131.329,0
F03-RastriginSep,complement,2,40,0,0
F03-RastriginSep,complement,2,41,4.97479,0
F03-RastriginSep,complement,2,42,112.426,0
F03-RastriginSep,complement,2,43,43.7758,0
F03-RastriginSep,complement,2,44,4.97479,0
F03-RastriginSep,MC-ESO,3,15,697.479,1
F03-RastriginSep,MC-ESO,3,16,705.603,1
F03-RastriginSep,MC-ESO,3,17,0.511628,0
F03-RastriginSep,MC-ESO,3,18,682.991,1
F03-RastriginSep,MC-ESO,3,19,0,0
F03-RastriginSep,MC-ESO,3,20,4.49144,0
F03-RastriginSep,MC-ESO,3,21,0,0
F03-RastriginSep,MC-ESO,3,22,0,0
F03-RastriginSep,MC-ESO,3,23,7.47631,0
F03-RastriginSep,MC-ESO,3,24,0.511628,0
F03-RastriginSep,MC-ESO,3,25,0,0
F03-RastriginSep,MC-ESO,3,26,646.485,1
F03-RastriginSep,MC-ESO,3,27,695.349,1
F03-RastriginSep,MC-ESO,3,28,0.511628,0
F03-RastriginSep,MC-ESO,3,29,0,0
F03-RastriginSep,MC-ESO,3,30,5.4864,0
F03-RastriginSep,MC-ESO,3,31,723.321,1
F03-RastriginSep,MC-ESO,3,32,1.96637,0
F03-RastriginSep,MC-ESO,3,33,0,0
F03-RastriginSep,MC-ESO,3,34,0,0
F03-RastriginSep,MC-ESO,3,35,0,0
F03-RastriginSep,MC-ESO,3,36,716.928,1
F03-RastriginSep,MC-ESO,3,37,0,0
F03-RastriginSep,MC-ESO,3,38,721.976,1
F03-RastriginSep,MC-ESO,3,39,0.511628,0
F03-RastriginSep,MC-ESO,3,40,0,0
F03-RastriginSep,MC-ESO,3,41,0,0
F03-RastriginSep,MC-ESO,3,42,0,0
F03-RastriginSep,MC-ESO,3,43,754.175,1
F03-RastriginSep,MC-ESO,3,44,0,0
F03-RastriginSep,NMMSO,3,15,677.513,1
F03-RastriginSep,NMMSO,3,16,735.447,1
F03-RastriginSep,NMMSO,3,17,0,0
F03-RastriginSep,NMMSO,3,18,676.093,1
F03-RastriginSep,NMMSO,3,19,6.42193e-07,0
F03-RastriginSep,NMMSO,3,20,3.02693,0
F03-RastriginSep,NMMSO,3,21,6.42193e-07,0
F03-RastriginSep,NMMSO,3,22,6.42193e-07,0
F03-RastriginSep,NMMSO,3,23,1.98991,0
F03-RastriginSep,NMMSO,3,24,0,0
F03-RastriginSep,NMMSO,3,25,6.42193e-07,0
F03-RastriginSep,NMMSO,3,26,614.611,1
F03-RastriginSep,NMMSO,3,27,735.848,1
F03-RastriginSep,NMMSO,3,28,0,0
F03-RastriginSep,NMMSO,3,29,6.42193e-07,0
F03-RastriginSep,NMMSO,3,30,0,0
F03-RastriginSep,NMMSO,3,31,706.535,1
F03-RastriginSep,NMMSO,3,32,0.150423,0
F03-RastriginSep,NMMSO,3,33,6.42193e-07,0
F03-RastriginSep,NMMSO,3,34,6.42193e-07,0
F03-RastriginSep,NMMSO,3,35,6.42193e-07,0
F03-RastriginSep,NMMSO,3,36,711.127,1
F03-RastriginSep,NMMSO,3,37,662.762,1
F03-RastriginSep,NMMSO,3,38,703.59,1
F03-RastriginSep,NMMSO,3,39,0,0
F03-RastriginSep,NMMSO,3,40,6.42193e-07,0
F03-RastriginSep,NMMSO,3,41,667.894,1
F03-RastriginSep,NMMSO,3,42,6.42193e-07,0
F03-RastriginSep,NMMSO,3,43,754.878,1
F03-RastriginSep,NMMSO,3,44,6.42193e-07,0
F03-RastriginSep,NCDE,3,15,661.772,1
F03-RastriginSep,NCDE,3,16,700.462,1
F03-RastriginSep,NCDE,3,17,686.308,1
F03-RastriginSep,NCDE,3,18,710.841,1
F03-RastriginSep,NCDE,3,19,0.0300633,0
F03-RastriginSep,NCDE,3,20,653.302,1
F03-RastriginSep,NCDE,3,21,0.0300633,0
F03-RastriginSep,NCDE,3,22,0.0300633,0
F03-RastriginSep,NCDE,3,23,2.01394,0
F03-RastriginSep,NCDE,3,24,671.539,1
F03-RastriginSep,NCDE,3,25,0.0300633,0
F03-RastriginSep,NCDE,3,26,606.686,1
F03-RastriginSep,NCDE,3,27,696.407,1
F03-RastriginSep,NCDE,3,28,660.713,1
F03-RastriginSep,NCDE,3,29,0.0300633,0
F03-RastriginSep,NCDE,3,30,0.0240308,0
F03-RastriginSep,NCDE,3,31,743.562,1
F03-RastriginSep,NCDE,3,32,0,0
F03-RastriginSep,NCDE,3,33,0.0300633,0
F03-RastriginSep,NCDE,3,34,0.0300633,0
F03-RastriginSep,NCDE,3,35,0.0300633,0
F03-RastriginSep,NCDE,3,36,686.229,1
F03-RastriginSep,NCDE,3,37,0.204017,0
F03-RastriginSep,NCDE,3,38,686.82,1
F03-RastriginSep,NCDE,3,39,668.844,1
F03-RastriginSep,NCDE,3,40,0.0300633,0
F03-RastriginSep,NCDE,3,41,0.204017,0
F03-RastriginSep,NCDE,3,42,0.0300633,0
F03-RastriginSep,NCDE,3,43,811.891,1
F03-RastriginSep,NCDE,3,44,0.0300633,0
F03-RastriginSep,r3pso,3,15,702.174,1
F03-RastriginSep,r3pso,3,16,735.446,1
F03-RastriginSep,r3pso,3,17,810.179,1
F03-RastriginSep,r3pso,3,18,768.828,1
F03-RastriginSep,r3pso,3,19,4.0267e-07,0
F03-RastriginSep,r3pso,3,20,738.121,1
F03-RastriginSep,r3pso,3,21,4.0267e-07,0
F03-RastriginSep,r3pso,3,22,4.0267e-07,0
F03-RastriginSep,r3pso,3,23,690.462,1
F03-RastriginSep,r3pso,3,24,753.06,1
F03-RastriginSep,r3pso,3,25,4.0267e-07,0
F03-RastriginSep,r3pso,3,26,647.273,1
F03-RastriginSep,r3pso,3,27,735.847,1
F03-RastriginSep,r3pso,3,28,781.094,1
F03-RastriginSep,r3pso,3,29,4.0267e-07,0
F03-RastriginSep,r3pso,3,30,702.428,1
F03-RastriginSep,r3pso,3,31,787.064,1
F03-RastriginSep,r3pso,3,32,685.501,1
F03-RastriginSep,r3pso,3,33,4.0267e-07,0
F03-RastriginSep,r3pso,3,34,4.0267e-07,0
F03-RastriginSep,r3pso,3,35,4.0267e-07,0
F03-RastriginSep,r3pso,3,36,726.202,1
F03-RastriginSep,r3pso,3,37,662.76,1
F03-RastriginSep,r3pso,3,38,727.185,1
F03-RastriginSep,r3pso,3,39,781.042,1
F03-RastriginSep,r3pso,3,40,4.0267e-07,0
F03-RastriginSep,r3pso,3,41,667.892,1
F03-RastriginSep,r3pso,3,42,4.0267e-07,0
F03-RastriginSep,r3pso,3,43,927.074,1
F03-RastriginSep,r3pso,3,44,4.0267e-07,0
F03-RastriginSep,NM-Restart,3,15,664.447,1
F03-RastriginSep,NM-Restart,3,16,745.072,1
F03-RastriginSep,NM-Restart,3,17,0.994959,0
F03-RastriginSep,NM-Restart,3,18,665.148,1
F03-RastriginSep,NM-Restart,3,19,4.97479,0
F03-RastriginSep,NM-Restart,3,20,0,0
F03-RastriginSep,NM-Restart,3,21,4.97479,0
F03-RastriginSep,NM-Restart,3,22,4.97479,0
F03-RastriginSep,NM-Restart,3,23,2.98487,0
F03-RastriginSep,NM-Restart,3,24,0.994959,0
F03-RastriginSep,NM-Restart,3,25,4.97479,0
F03-RastriginSep,NM-Restart,3,26,601.484,1
F03-RastriginSep,NM-Restart,3,27,730.304,1
F03-RastriginSep,NM-Restart,3,28,0.994959,0
F03-RastriginSep,NM-Restart,3,29,4.97479,0
F03-RastriginSep,NM-Restart,3,30,0.994958,0
F03-RastriginSep,NM-Restart,3,31,694.652,1
F03-RastriginSep,NM-Restart,3,32,3.95584,0
F03-RastriginSep,NM-Restart,3,33,4.97479,0
F03-RastriginSep,NM-Restart,3,34,4.97479,0
F03-RastriginSep,NM-Restart,3,35,4.97479,0
F03-RastriginSep,NM-Restart,3,36,698.218,1
F03-RastriginSep,NM-Restart,3,37,3.97983,0
F03-RastriginSep,NM-Restart,3,38,690.536,1
F03-RastriginSep,NM-Restart,3,39,0.994959,0
F03-RastriginSep,NM-Restart,3,40,4.97479,0
F03-RastriginSep,NM-Restart,3,41,3.97983,0
F03-RastriginSep,NM-Restart,3,42,4.97479,0
F03-RastriginSep,NM-Restart,3,43,765.24,1
F03-RastriginSep,NM-Restart,3,44,4.97479,0
F03-RastriginSep,IPOP-CMA-ES,3,15,702.175,1
F03-RastriginSep,IPOP-CMA-ES,3,16,735.447,1
F03-RastriginSep,IPOP-CMA-ES,3,17,810.177,1
F03-RastriginSep,IPOP-CMA-ES,3,18,768.828,1
F03-RastriginSep,IPOP-CMA-ES,3,19,0,0
F03-RastriginSep,IPOP-CMA-ES,3,20,738.121,1
F03-RastriginSep,IPOP-CMA-ES,3,21,0,0
F03-RastriginSep,IPOP-CMA-ES,3,22,0,0
F03-RastriginSep,IPOP-CMA-ES,3,23,690.461,1
F03-RastriginSep,IPOP-CMA-ES,3,24,753.058,1
F03-RastriginSep,IPOP-CMA-ES,3,25,0,0
F03-RastriginSep,IPOP-CMA-ES,3,26,647.274,1
F03-RastriginSep,IPOP-CMA-ES,3,27,735.848,1
F03-RastriginSep,IPOP-CMA-ES,3,28,781.092,1
F03-RastriginSep,IPOP-CMA-ES,3,29,0,0
F03-RastriginSep,IPOP-CMA-ES,3,30,702.427,1
F03-RastriginSep,IPOP-CMA-ES,3,31,787.065,1
F03-RastriginSep,IPOP-CMA-ES,3,32,685.5,1
F03-RastriginSep,IPOP-CMA-ES,3,33,0,0
F03-RastriginSep,IPOP-CMA-ES,3,34,0,0
F03-RastriginSep,IPOP-CMA-ES,3,35,0,0
F03-RastriginSep,IPOP-CMA-ES,3,36,726.203,1
F03-RastriginSep,IPOP-CMA-ES,3,37,662.762,1
F03-RastriginSep,IPOP-CMA-ES,3,38,727.186,1
F03-RastriginSep,IPOP-CMA-ES,3,39,781.041,1
F03-RastriginSep,IPOP-CMA-ES,3,40,0,0
F03-RastriginSep,IPOP-CMA-ES,3,41,667.893,1
F03-RastriginSep,IPOP-CMA-ES,3,42,0,0
F03-RastriginSep,IPOP-CMA-ES,3,43,927.073,1
F03-RastriginSep,IPOP-CMA-ES,3,44,0,0
F03-RastriginSep,DE,3,15,702.175,1
F03-RastriginSep,DE,3,16,735.447,1
F03-RastriginSep,DE,3,17,810.177,1
F03-RastriginSep,DE,3,18,768.828,1
F03-RastriginSep,DE,3,19,0,0
F03-RastriginSep,DE,3,20,738.121,1
F03-RastriginSep,DE,3,21,0,0
F03-RastriginSep,DE,3,22,0,0
F03-RastriginSep,DE,3,23,690.461,1
F03-RastriginSep,DE,3,24,753.058,1
F03-RastriginSep,DE,3,25,0,0
F03-RastriginSep,DE,3,26,647.274,1
F03-RastriginSep,DE,3,27,735.848,1
F03-RastriginSep,DE,3,28,781.092,1
F03-RastriginSep,DE,3,29,0,0
F03-RastriginSep,DE,3,30,702.427,1
F03-RastriginSep,DE,3,31,787.065,1
F03-RastriginSep,DE,3,32,685.5,1
F03-RastriginSep,DE,3,33,0,0
F03-RastriginSep,DE,3,34,0,0
F03-RastriginSep,DE,3,35,0,0
F03-RastriginSep,DE,3,36,726.203,1
F03-RastriginSep,DE,3,37,662.762,1
F03-RastriginSep,DE,3,38,727.186,1
F03-RastriginSep,DE,3,39,781.041,1
F03-RastriginSep,DE,3,40,0,0
F03-RastriginSep,DE,3,41,667.893,1
F03-RastriginSep,DE,3,42,0,0
F03-RastriginSep,DE,3,43,927.073,1
F03-RastriginSep,DE,3,44,0,0
F03-RastriginSep,PSO,3,15,702.175,1
F03-RastriginSep,PSO,3,16,735.447,1
F03-RastriginSep,PSO,3,17,737.835,1
F03-RastriginSep,PSO,3,18,746.278,1
F03-RastriginSep,PSO,3,19,1.64846e-12,0
F03-RastriginSep,PSO,3,20,695.691,1
F03-RastriginSep,PSO,3,21,1.64846e-12,0
F03-RastriginSep,PSO,3,22,1.64846e-12,0
F03-RastriginSep,PSO,3,23,672.391,1
F03-RastriginSep,PSO,3,24,710.945,1
F03-RastriginSep,PSO,3,25,1.64846e-12,0
F03-RastriginSep,PSO,3,26,647.274,1
F03-RastriginSep,PSO,3,27,735.848,1
F03-RastriginSep,PSO,3,28,711.15,1
F03-RastriginSep,PSO,3,29,1.64846e-12,0
F03-RastriginSep,PSO,3,30,675.096,1
F03-RastriginSep,PSO,3,31,775.206,1
F03-RastriginSep,PSO,3,32,20.6268,0
F03-RastriginSep,PSO,3,33,1.64846e-12,0
F03-RastriginSep,PSO,3,34,1.64846e-12,0
F03-RastriginSep,PSO,3,35,1.64846e-12,0
F03-RastriginSep,PSO,3,36,726.203,1
F03-RastriginSep,PSO,3,37,662.762,1
F03-RastriginSep,PSO,3,38,727.186,1
F03-RastriginSep,PSO,3,39,716.872,1
F03-RastriginSep,PSO,3,40,1.64846e-12,0
F03-RastriginSep,PSO,3,41,667.893,1
F03-RastriginSep,PSO,3,42,1.64846e-12,0
F03-RastriginSep,PSO,3,43,861.915,1
F03-RastriginSep,PSO,3,44,1.64846e-12,0
F03-RastriginSep,Crowding-DE,3,15,661.899,1
F03-RastriginSep,Crowding-DE,3,16,678.41,1
F03-RastriginSep,Crowding-DE,3,17,748.105,1
F03-RastriginSep,Crowding-DE,3,18,734.098,1
F03-RastriginSep,Crowding-DE,3,19,0.0158886,0
F03-RastriginSep,Crowding-DE,3,20,695.285,1
F03-RastriginSep,Crowding-DE,3,21,0.0158886,0
F03-RastriginSep,Crowding-DE,3,22,0.0158886,0
F03-RastriginSep,Crowding-DE,3,23,665.689,1
F03-RastriginSep,Crowding-DE,3,24,711.927,1
F03-RastriginSep,Crowding-DE,3,25,0.0158886,0
F03-RastriginSep,Crowding-DE,3,26,606.883,1
F03-RastriginSep,Crowding-DE,3,27,657.727,1
F03-RastriginSep,Crowding-DE,3,28,720.749,1
F03-RastriginSep,Crowding-DE,3,29,0.0158886,0
F03-RastriginSep,Crowding-DE,3,30,671.367,1
F03-RastriginSep,Crowding-DE,3,31,749.964,1
F03-RastriginSep,Crowding-DE,3,32,0.0426707,0
F03-RastriginSep,Crowding-DE,3,33,0.0158886,0
F03-RastriginSep,Crowding-DE,3,34,0.0158886,0
F03-RastriginSep,Crowding-DE,3,35,0.0158886,0
F03-RastriginSep,Crowding-DE,3,36,686.271,1
F03-RastriginSep,Crowding-DE,3,37,0.0259597,0
F03-RastriginSep,Crowding-DE,3,38,686.937,1
F03-RastriginSep,Crowding-DE,3,39,724.746,1
F03-RastriginSep,Crowding-DE,3,40,0.0158886,0
F03-RastriginSep,Crowding-DE,3,41,0.0259597,0
F03-RastriginSep,Crowding-DE,3,42,0.0158886,0
F03-RastriginSep,Crowding-DE,3,43,869.261,1
F03-RastriginSep,Crowding-DE,3,44,0.0158886,0
F03-RastriginSep,MAP-Elites,3,15,678.666,1
F03-RastriginSep,MAP-Elites,3,16,682.038,1
F03-RastriginSep,MAP-Elites,3,17,751.345,1
F03-RastriginSep,MAP-Elites,3,18,722.289,1
F03-RastriginSep,MAP-Elites,3,19,0.267774,0
F03-RastriginSep,MAP-Elites,3,20,681.01,1
F03-RastriginSep,MAP-Elites,3,21,0.267774,0
F03-RastriginSep,MAP-Elites,3,22,0.267774,0
F03-RastriginSep,MAP-Elites,3,23,684.264,1
F03-RastriginSep,MAP-Elites,3,24,726.963,1
F03-RastriginSep,MAP-Elites,3,25,0.267774,0
F03-RastriginSep,MAP-Elites,3,26,627.661,1
F03-RastriginSep,MAP-Elites,3,27,662.524,1
F03-RastriginSep,MAP-Elites,3,28,726.233,1
F03-RastriginSep,MAP-Elites,3,29,0.267774,0
F03-RastriginSep,MAP-Elites,3,30,688.829,1
F03-RastriginSep,MAP-Elites,3,31,746.797,1
F03-RastriginSep,MAP-Elites,3,32,1.07991,0
F03-RastriginSep,MAP-Elites,3,33,0.267774,0
F03-RastriginSep,MAP-Elites,3,34,0.267774,0
F03-RastriginSep,MAP-Elites,3,35,0.267774,0
F03-RastriginSep,MAP-Elites,3,36,698.232,1
F03-RastriginSep,MAP-Elites,3,37,2.99112,0
F03-RastriginSep,MAP-Elites,3,38,703.17,1
F03-RastriginSep,MAP-Elites,3,39,733.44,1
F03-RastriginSep,MAP-Elites,3,40,0.267774,0
F03-RastriginSep,MAP-Elites,3,41,2.99112,0
F03-RastriginSep,MAP-Elites,3,42,0.267774,0
F03-RastriginSep,MAP-Elites,3,43,861.227,1
F03-RastriginSep,MAP-Elites,3,44,0.267774,0
F03-RastriginSep,MC-ESO-crowd,3,15,678.29,1
F03-RastriginSep,MC-ESO-crowd,3,16,679.107,1
F03-RastriginSep,MC-ESO-crowd,3,17,686.677,1
F03-RastriginSep,MC-ESO-crowd,3,18,711.509,1
F03-RastriginSep,MC-ESO-crowd,3,19,9.29213e-05,0
F03-RastriginSep,MC-ESO-crowd,3,20,653.985,1
F03-RastriginSep,MC-ESO-crowd,3,21,9.29213e-05,0
F03-RastriginSep,MC-ESO-crowd,3,22,9.29213e-05,0
F03-RastriginSep,MC-ESO-crowd,3,23,2.04625,0
F03-RastriginSep,MC-ESO-crowd,3,24,671.486,1
F03-RastriginSep,MC-ESO-crowd,3,25,9.29213e-05,0
F03-RastriginSep,MC-ESO-crowd,3,26,627.265,1
F03-RastriginSep,MC-ESO-crowd,3,27,658.519,1
F03-RastriginSep,MC-ESO-crowd,3,28,661.016,1
F03-RastriginSep,MC-ESO-crowd,3,29,9.29213e-05,0
F03-RastriginSep,MC-ESO-crowd,3,30,0.0563368,0
F03-RastriginSep,MC-ESO-crowd,3,31,744.207,1
F03-RastriginSep,MC-ESO-crowd,3,32,1.27535,0
F03-RastriginSep,MC-ESO-crowd,3,33,9.29213e-05,0
F03-RastriginSep,MC-ESO-crowd,3,34,9.29213e-05,0
F03-RastriginSep,MC-ESO-crowd,3,35,9.29213e-05,0
F03-RastriginSep,MC-ESO-crowd,3,36,697.871,1
F03-RastriginSep,MC-ESO-crowd,3,37,1.04876,0
F03-RastriginSep,MC-ESO-crowd,3,38,702.796,1
F03-RastriginSep,MC-ESO-crowd,3,39,669.042,1
F03-RastriginSep,MC-ESO-crowd,3,40,9.29213e-05,0
F03-RastriginSep,MC-ESO-crowd,3,41,1.04876,0
F03-RastriginSep,MC-ESO-crowd,3,42,9.29213e-05,0
F03-RastriginSep,MC-ESO-crowd,3,43,812.513,1
F03-RastriginSep,MC-ESO-crowd,3,44,9.29213e-05,0
F03-RastriginSep,quality,3,15,689.821,1
F03-RastriginSep,quality,3,16,678.898,1
F03-RastriginSep,quality,3,17,744.313,1
F03-RastriginSep,quality,3,18,722.326,1
F03-RastriginSep,quality,3,19,1.98992,0
F03-RastriginSep,quality,3,20,681.224,1
F03-RastriginSep,quality,3,21,1.98992,0
F03-RastriginSep,quality,3,22,1.98992,0
F03-RastriginSep,quality,3,23,0,0
F03-RastriginSep,quality,3,24,694.734,1
F03-RastriginSep,quality,3,25,1.98992,0
F03-RastriginSep,quality,3,26,630.94,1
F03-RastriginSep,quality,3,27,658.388,1
F03-RastriginSep,quality,3,28,714.333,1
F03-RastriginSep,quality,3,29,1.98992,0
F03-RastriginSep,quality,3,30,651.607,1
F03-RastriginSep,quality,3,31,746.746,1
F03-RastriginSep,quality,3,32,0.970967,0
F03-RastriginSep,quality,3,33,1.98992,0
F03-RastriginSep,quality,3,34,1.98992,0
F03-RastriginSep,quality,3,35,1.98992,0
F03-RastriginSep,quality,3,36,710.026,1
F03-RastriginSep,quality,3,37,0.994957,0
F03-RastriginSep,quality,3,38,715.361,1
F03-RastriginSep,quality,3,39,714.629,1
F03-RastriginSep,quality,3,40,1.98992,0
F03-RastriginSep,quality,3,41,0.994957,0
F03-RastriginSep,quality,3,42,1.98992,0
F03-RastriginSep,quality,3,43,861.674,1
F03-RastriginSep,quality,3,44,1.98992,0
F03-RastriginSep,complement,3,15,661.711,1
F03-RastriginSep,complement,3,16,700.206,1
F03-RastriginSep,complement,3,17,3.97983,0
F03-RastriginSep,complement,3,18,0,0
F03-RastriginSep,complement,3,19,1.98992,0
F03-RastriginSep,complement,3,20,7.95964,0
F03-RastriginSep,complement,3,21,1.98992,0
F03-RastriginSep,complement,3,22,1.98992,0
F03-RastriginSep,complement,3,23,26.8636,0
F03-RastriginSep,complement,3,24,19.899,0
F03-RastriginSep,complement,3,25,1.98992,0
F03-RastriginSep,complement,3,26,606.654,1
F03-RastriginSep,complement,3,27,705.597,1
F03-RastriginSep,complement,3,28,3.97983,0
F03-RastriginSep,complement,3,29,1.98992,0
F03-RastriginSep,complement,3,30,8.9546,0
F03-RastriginSep,complement,3,31,645.113,1
F03-RastriginSep,complement,3,32,11.9155,0
F03-RastriginSep,complement,3,33,1.98992,0
F03-RastriginSep,complement,3,34,1.98992,0
F03-RastriginSep,complement,3,35,1.98992,0
F03-RastriginSep,complement,3,36,686.132,1
F03-RastriginSep,complement,3,37,0.994957,0
F03-RastriginSep,complement,3,38,686.754,1
F03-RastriginSep,complement,3,39,3.97983,0
F03-RastriginSep,complement,3,40,1.98992,0
F03-RastriginSep,complement,3,41,0.994957,0
F03-RastriginSep,complement,3,42,1.98992,0
F03-RastriginSep,complement,3,43,0,0
F03-RastriginSep,complement,3,44,1.98992,0
F03-RastriginSep,MC-ESO,4,15,0,0
F03-RastriginSep,MC-ESO,4,16,0,0
F03-RastriginSep,MC-ESO,4,17,50.1431,0
F03-RastriginSep,MC-ESO,4,18,0,0
F03-RastriginSep,MC-ESO,4,19,848.826,1
F03-RastriginSep,MC-ESO,4,20,0,0
F03-RastriginSep,MC-ESO,4,21,43.1785,0
F03-RastriginSep,MC-ESO,4,22,0,0
F03-RastriginSep,MC-ESO,4,23,806.585,1
F03-RastriginSep,MC-ESO,4,24,50.1431,0
F03-RastriginSep,MC-ESO,4,25,0,0
F03-RastriginSep,MC-ESO,4,26,59.0977,0
F03-RastriginSep,MC-ESO,4,27,82.6832,0
F03-RastriginSep,MC-ESO,4,28,26.4441,0
F03-RastriginSep,MC-ESO,4,29,59.0977,0
F03-RastriginSep,MC-ESO,4,30,0,0
F03-RastriginSep,MC-ESO,4,31,52.133,0
F03-RastriginSep,MC-ESO,4,32,0,0
F03-RastriginSep,MC-ESO,4,33,56.1129,0
F03-RastriginSep,MC-ESO,4,34,62.2617,0
F03-RastriginSep,MC-ESO,4,35,0,0
F03-RastriginSep,MC-ESO,4,36,50.3222,0
F03-RastriginSep,MC-ESO,4,37,0,0
F03-RastriginSep,MC-ESO,4,38,26.4441,0
F03-RastriginSep,MC-ESO,4,39,0,0
F03-RastriginSep,MC-ESO,4,40,0,0
F03-RastriginSep,MC-ESO,4,41,0,0
F03-RastriginSep,MC-ESO,4,42,0,0
F03-RastriginSep,MC-ESO,4,43,729.824,1
F03-RastriginSep,MC-ESO,4,44,0,0
F03-RastriginSep,NMMSO,4,15,4.76411e-06,0
F03-RastriginSep,NMMSO,4,16,4.76411e-06,0
F03-RastriginSep,NMMSO,4,17,783.113,1
F03-RastriginSep,NMMSO,4,18,4.76411e-06,0
F03-RastriginSep,NMMSO,4,19,740.817,1
F03-RastriginSep,NMMSO,4,20,4.76411e-06,0
F03-RastriginSep,NMMSO,4,21,808.04,1
F03-RastriginSep,NMMSO,4,22,4.76411e-06,0
F03-RastriginSep,NMMSO,4,23,2.04277e-05,0
F03-RastriginSep,NMMSO,4,24,743.323,1
F03-RastriginSep,NMMSO,4,25,4.76411e-06,0
F03-RastriginSep,NMMSO,4,26,3.14543e-05,0
F03-RastriginSep,NMMSO,4,27,752.153,1
F03-RastriginSep,NMMSO,4,28,843.951,1
F03-RastriginSep,NMMSO,4,29,3.14543e-05,0
F03-RastriginSep,NMMSO,4,30,4.76411e-06,0
F03-RastriginSep,NMMSO,4,31,754.243,1
F03-RastriginSep,NMMSO,4,32,4.76411e-06,0
F03-RastriginSep,NMMSO,4,33,743.909,1
F03-RastriginSep,NMMSO,4,34,797.803,1
F03-RastriginSep,NMMSO,4,35,4.76411e-06,0
F03-RastriginSep,NMMSO,4,36,807.204,1
F03-RastriginSep,NMMSO,4,37,4.76411e-06,0
F03-RastriginSep,NMMSO,4,38,835.502,1
F03-RastriginSep,NMMSO,4,39,4.76411e-06,0
F03-RastriginSep,NMMSO,4,40,4.76411e-06,0
F03-RastriginSep,NMMSO,4,41,4.76411e-06,0
F03-RastriginSep,NMMSO,4,42,4.76411e-06,0
F03-RastriginSep,NMMSO,4,43,846.259,1
F03-RastriginSep,NMMSO,4,44,4.76411e-06,0
F03-RastriginSep,NCDE,4,15,0.0375251,0
F03-RastriginSep,NCDE,4,16,0.0375251,0
F03-RastriginSep,NCDE,4,17,831.893,1
F03-RastriginSep,NCDE,4,18,0.0375251,0
F03-RastriginSep,NCDE,4,19,740.648,1
F03-RastriginSep,NCDE,4,20,0.0375251,0
F03-RastriginSep,NCDE,4,21,878.907,1
F03-RastriginSep,NCDE,4,22,0.0375251,0
F03-RastriginSep,NCDE,4,23,0.016703,0
F03-RastriginSep,NCDE,4,24,813.837,1
F03-RastriginSep,NCDE,4,25,0.0375251,0
F03-RastriginSep,NCDE,4,26,0.018166,0
F03-RastriginSep,NCDE,4,27,752.088,1
F03-RastriginSep,NCDE,4,28,890.717,1
F03-RastriginSep,NCDE,4,29,0.018166,0
F03-RastriginSep,NCDE,4,30,0.0375251,0
F03-RastriginSep,NCDE,4,31,771.331,1
F03-RastriginSep,NCDE,4,32,0.0375251,0
F03-RastriginSep,NCDE,4,33,0.0108016,0
F03-RastriginSep,NCDE,4,34,755.027,1
F03-RastriginSep,NCDE,4,35,0.0375251,0
F03-RastriginSep,NCDE,4,36,795.87,1
F03-RastriginSep,NCDE,4,37,0.0375251,0
F03-RastriginSep,NCDE,4,38,873.529,1
F03-RastriginSep,NCDE,4,39,0.0375251,0
F03-RastriginSep,NCDE,4,40,0.0375251,0
F03-RastriginSep,NCDE,4,41,0.0375251,0
F03-RastriginSep,NCDE,4,42,0.0375251,0
F03-RastriginSep,NCDE,4,43,817.187,1
F03-RastriginSep,NCDE,4,44,0.0375251,0
F03-RastriginSep,r3pso,4,15,5.69003e-11,0
F03-RastriginSep,r3pso,4,16,5.69003e-11,0
F03-RastriginSep,r3pso,4,17,881.679,1
F03-RastriginSep,r3pso,4,18,5.69003e-11,0
F03-RastriginSep,r3pso,4,19,848.826,1
F03-RastriginSep,r3pso,4,20,5.69003e-11,0
F03-RastriginSep,r3pso,4,21,950.697,1
F03-RastriginSep,r3pso,4,22,5.69003e-11,0
F03-RastriginSep,r3pso,4,23,806.585,1
F03-RastriginSep,r3pso,4,24,885.291,1
F03-RastriginSep,r3pso,4,25,5.69003e-11,0
F03-RastriginSep,r3pso,4,26,765.346,1
F03-RastriginSep,r3pso,4,27,836.226,1
F03-RastriginSep,r3pso,4,28,938.511,1
F03-RastriginSep,r3pso,4,29,758.982,1
F03-RastriginSep,r3pso,4,30,5.69003e-11,0
F03-RastriginSep,r3pso,4,31,813.069,1
F03-RastriginSep,r3pso,4,32,5.69003e-11,0
F03-RastriginSep,r3pso,4,33,770.533,1
F03-RastriginSep,r3pso,4,34,801.677,1
F03-RastriginSep,r3pso,4,35,5.69003e-11,0
F03-RastriginSep,r3pso,4,36,840.833,1
F03-RastriginSep,r3pso,4,37,5.69003e-11,0
F03-RastriginSep,r3pso,4,38,912.683,1
F03-RastriginSep,r3pso,4,39,5.69003e-11,0
F03-RastriginSep,r3pso,4,40,5.69003e-11,0
F03-RastriginSep,r3pso,4,41,5.69003e-11,0
F03-RastriginSep,r3pso,4,42,5.69003e-11,0
F03-RastriginSep,r3pso,4,43,863.353,1
F03-RastriginSep,r3pso,4,44,5.69003e-11,0
F03-RastriginSep,NM-Restart,4,15,0.994959,0
F03-RastriginSep,NM-Restart,4,16,0.994959,0
F03-RastriginSep,NM-Restart,4,17,754.732,1
F03-RastriginSep,NM-Restart,4,18,0.994959,0
F03-RastriginSep,NM-Restart,4,19,740.815,1
F03-RastriginSep,NM-Restart,4,20,0.994959,0
F03-RastriginSep,NM-Restart,4,21,734.996,1
F03-RastriginSep,NM-Restart,4,22,0.994959,0
F03-RastriginSep,NM-Restart,4,23,0,0
F03-RastriginSep,NM-Restart,4,24,0,0
F03-RastriginSep,NM-Restart,4,25,0.994959,0
F03-RastriginSep,NM-Restart,4,26,3.97983,0
F03-RastriginSep,NM-Restart,4,27,752.149,1
F03-RastriginSep,NM-Restart,4,28,818.333,1
F03-RastriginSep,NM-Restart,4,29,3.97983,0
F03-RastriginSep,NM-Restart,4,30,0.994959,0
F03-RastriginSep,NM-Restart,4,31,751.527,1
F03-RastriginSep,NM-Restart,4,32,0.994959,0
F03-RastriginSep,NM-Restart,4,33,759.928,1
F03-RastriginSep,NM-Restart,4,34,806.582,1
F03-RastriginSep,NM-Restart,4,35,0.994959,0
F03-RastriginSep,NM-Restart,4,36,819.272,1
F03-RastriginSep,NM-Restart,4,37,0.994959,0
F03-RastriginSep,NM-Restart,4,38,821.362,1
F03-RastriginSep,NM-Restart,4,39,0.994959,0
F03-RastriginSep,NM-Restart,4,40,0.994959,0
F03-RastriginSep,NM-Restart,4,41,0.994959,0
F03-RastriginSep,NM-Restart,4,42,0.994959,0
F03-RastriginSep,NM-Restart,4,43,867.55,1
F03-RastriginSep,NM-Restart,4,44,0.994959,0
F03-RastriginSep,IPOP-CMA-ES,4,15,1.79386e-07,0
F03-RastriginSep,IPOP-CMA-ES,4,16,1.79386e-07,0
F03-RastriginSep,IPOP-CMA-ES,4,17,849.324,1
F03-RastriginSep,IPOP-CMA-ES,4,18,1.79386e-07,0
F03-RastriginSep,IPOP-CMA-ES,4,19,820.997,1
F03-RastriginSep,IPOP-CMA-ES,4,20,1.79386e-07,0
F03-RastriginSep,IPOP-CMA-ES,4,21,950.699,1
F03-RastriginSep,IPOP-CMA-ES,4,22,1.79386e-07,0
F03-RastriginSep,IPOP-CMA-ES,4,23,778.713,1
F03-RastriginSep,IPOP-CMA-ES,4,24,885.293,1
F03-RastriginSep,IPOP-CMA-ES,4,25,1.79386e-07,0
F03-RastriginSep,IPOP-CMA-ES,4,26,765.348,1
F03-RastriginSep,IPOP-CMA-ES,4,27,800.168,1
F03-RastriginSep,IPOP-CMA-ES,4,28,904.871,1
F03-RastriginSep,IPOP-CMA-ES,4,29,758.985,1
F03-RastriginSep,IPOP-CMA-ES,4,30,1.79386e-07,0
F03-RastriginSep,IPOP-CMA-ES,4,31,771.276,1
F03-RastriginSep,IPOP-CMA-ES,4,32,1.79386e-07,0
F03-RastriginSep,IPOP-CMA-ES,4,33,0,0
F03-RastriginSep,IPOP-CMA-ES,4,34,755.128,1
F03-RastriginSep,IPOP-CMA-ES,4,35,1.79386e-07,0
F03-RastriginSep,IPOP-CMA-ES,4,36,795.888,1
F03-RastriginSep,IPOP-CMA-ES,4,37,1.79386e-07,0
F03-RastriginSep,IPOP-CMA-ES,4,38,874.431,1
F03-RastriginSep,IPOP-CMA-ES,4,39,1.79386e-07,0
F03-RastriginSep,IPOP-CMA-ES,4,40,1.79386e-07,0
F03-RastriginSep,IPOP-CMA-ES,4,41,1.79386e-07,0
F03-RastriginSep,IPOP-CMA-ES,4,42,1.79386e-07,0
F03-RastriginSep,IPOP-CMA-ES,4,43,817.252,1
F03-RastriginSep,IPOP-CMA-ES,4,44,1.79386e-07,0
F03-RastriginSep,DE,4,15,0,0
F03-RastriginSep,DE,4,16,0,0
F03-RastriginSep,DE,4,17,881.679,1
F03-RastriginSep,DE,4,18,0,0
F03-RastriginSep,DE,4,19,848.826,1
F03-RastriginSep,DE,4,20,0,0
F03-RastriginSep,DE,4,21,950.697,1
F03-RastriginSep,DE,4,22,0,0
F03-RastriginSep,DE,4,23,806.585,1
F03-RastriginSep,DE,4,24,885.291,1
F03-RastriginSep,DE,4,25,0,0
F03-RastriginSep,DE,4,26,765.346,1
F03-RastriginSep,DE,4,27,836.225,1
F03-RastriginSep,DE,4,28,938.511,1
F03-RastriginSep,DE,4,29,758.982,1
F03-RastriginSep,DE,4,30,0,0
F03-RastriginSep,DE,4,31,813.069,1
F03-RastriginSep,DE,4,32,0,0
F03-RastriginSep,DE,4,33,770.533,1
F03-RastriginSep,DE,4,34,801.677,1
F03-RastriginSep,DE,4,35,0,0
F03-RastriginSep,DE,4,36,840.833,1
F03-RastriginSep,DE,4,37,0,0
F03-RastriginSep,DE,4,38,912.683,1
F03-RastriginSep,DE,4,39,0,0
F03-RastriginSep,DE,4,40,0,0
F03-RastriginSep,DE,4,41,0,0
F03-RastriginSep,DE,4,42,0,0
F03-RastriginSep,DE,4,43,863.353,1
F03-RastriginSep,DE,4,44,0,0
F03-RastriginSep,PSO,4,15,1.61123e-09,0
F03-RastriginSep,PSO,4,16,1.61123e-09,0
F03-RastriginSep,PSO,4,17,881.679,1
F03-RastriginSep,PSO,4,18,1.61123e-09,0
F03-RastriginSep,PSO,4,19,848.826,1
F03-RastriginSep,PSO,4,20,1.61123e-09,0
F03-RastriginSep,PSO,4,21,950.697,1
F03-RastriginSep,PSO,4,22,1.61123e-09,0
F03-RastriginSep,PSO,4,23,806.585,1
F03-RastriginSep,PSO,4,24,885.291,1
F03-RastriginSep,PSO,4,25,1.61123e-09,0
F03-RastriginSep,PSO,4,26,765.346,1
F03-RastriginSep,PSO,4,27,836.225,1
F03-RastriginSep,PSO,4,28,938.511,1
F03-RastriginSep,PSO,4,29,758.982,1
F03-RastriginSep,PSO,4,30,1.61123e-09,0
F03-RastriginSep,PSO,4,31,813.069,1
F03-RastriginSep,PSO,4,32,1.61123e-09,0
F03-RastriginSep,PSO,4,33,770.533,1
F03-RastriginSep,PSO,4,34,801.677,1
F03-RastriginSep,PSO,4,35,1.61123e-09,0
F03-RastriginSep,PSO,4,36,840.833,1
F03-RastriginSep,PSO,4,37,1.61123e-09,0
F03-RastriginSep,PSO,4,38,912.683,1
F03-RastriginSep,PSO,4,39,1.61123e-09,0
F03-RastriginSep,PSO,4,40,1.61123e-09,0
F03-RastriginSep,PSO,4,41,1.61123e-09,0
F03-RastriginSep,PSO,4,42,1.61123e-09,0
F03-RastriginSep,PSO,4,43,863.353,1
F03-RastriginSep,PSO,4,44,1.61123e-09,0
F03-RastriginSep,Crowding-DE,4,15,0.000429765,0
F03-RastriginSep,Crowding-DE,4,16,0.000429765,0
F03-RastriginSep,Crowding-DE,4,17,831.698,1
F03-RastriginSep,Crowding-DE,4,18,0.000429765,0
F03-RastriginSep,Crowding-DE,4,19,739.759,1
F03-RastriginSep,Crowding-DE,4,20,0.000429765,0
F03-RastriginSep,Crowding-DE,4,21,878.341,1
F03-RastriginSep,Crowding-DE,4,22,0.000429765,0
F03-RastriginSep,Crowding-DE,4,23,0.0353991,0
F03-RastriginSep,Crowding-DE,4,24,813.264,1
F03-RastriginSep,Crowding-DE,4,25,0.000429765,0
F03-RastriginSep,Crowding-DE,4,26,0.0573691,0
F03-RastriginSep,Crowding-DE,4,27,751.318,1
F03-RastriginSep,Crowding-DE,4,28,890.545,1
F03-RastriginSep,Crowding-DE,4,29,0.0573691,0
F03-RastriginSep,Crowding-DE,4,30,0.000429765,0
F03-RastriginSep,Crowding-DE,4,31,770.88,1
F03-RastriginSep,Crowding-DE,4,32,0.000429765,0
F03-RastriginSep,Crowding-DE,4,33,0.0419611,0
F03-RastriginSep,Crowding-DE,4,34,755.131,1
F03-RastriginSep,Crowding-DE,4,35,0.000429765,0
F03-RastriginSep,Crowding-DE,4,36,795.676,1
F03-RastriginSep,Crowding-DE,4,37,0.000429765,0
F03-RastriginSep,Crowding-DE,4,38,873.447,1
F03-RastriginSep,Crowding-DE,4,39,0.000429765,0
F03-RastriginSep,Crowding-DE,4,40,0.000429765,0
F03-RastriginSep,Crowding-DE,4,41,0.000429765,0
F03-RastriginSep,Crowding-DE,4,42,0.000429765,0
F03-RastriginSep,Crowding-DE,4,43,817.159,1
F03-RastriginSep,Crowding-DE,4,44,0.000429765,0
F03-RastriginSep,MAP-Elites,4,15,1.63985,0
F03-RastriginSep,MAP-Elites,4,16,1.63985,0
F03-RastriginSep,MAP-Elites,4,17,818.172,1
F03-RastriginSep,MAP-Elites,4,18,1.63985,0
F03-RastriginSep,MAP-Elites,4,19,741.479,1
F03-RastriginSep,MAP-Elites,4,20,1.63985,0
F03-RastriginSep,MAP-Elites,4,21,881.533,1
F03-RastriginSep,MAP-Elites,4,22,1.63985,0
F03-RastriginSep,MAP-Elites,4,23,0.0198766,0
F03-RastriginSep,MAP-Elites,4,24,817.309,1
F03-RastriginSep,MAP-Elites,4,25,1.63985,0
F03-RastriginSep,MAP-Elites,4,26,3.46416,0
F03-RastriginSep,MAP-Elites,4,27,752.728,1
F03-RastriginSep,MAP-Elites,4,28,876.54,1
F03-RastriginSep,MAP-Elites,4,29,3.46416,0
F03-RastriginSep,MAP-Elites,4,30,1.63985,0
F03-RastriginSep,MAP-Elites,4,31,766.164,1
F03-RastriginSep,MAP-Elites,4,32,2.62439,0
F03-RastriginSep,MAP-Elites,4,33,738.705,1
F03-RastriginSep,MAP-Elites,4,34,779.903,1
F03-RastriginSep,MAP-Elites,4,35,1.63985,0
F03-RastriginSep,MAP-Elites,4,36,805.626,1
F03-RastriginSep,MAP-Elites,4,37,1.63985,0
F03-RastriginSep,MAP-Elites,4,38,857.771,1
F03-RastriginSep,MAP-Elites,4,39,1.63985,0
F03-RastriginSep,MAP-Elites,4,40,1.63985,0
F03-RastriginSep,MAP-Elites,4,41,1.63985,0
F03-RastriginSep,MAP-Elites,4,42,1.63985,0
F03-RastriginSep,MAP-Elites,4,43,836.201,1
F03-RastriginSep,MAP-Elites,4,44,1.63985,0
F03-RastriginSep,MC-ESO-crowd,4,15,0.0305129,0
F03-RastriginSep,MC-ESO-crowd,4,16,0.0305129,0
F03-RastriginSep,MC-ESO-crowd,4,17,783.535,1
F03-RastriginSep,MC-ESO-crowd,4,18,0.0305129,0
F03-RastriginSep,MC-ESO-crowd,4,19,738.637,1
F03-RastriginSep,MC-ESO-crowd,4,20,0.0305129,0
F03-RastriginSep,MC-ESO-crowd,4,21,808.531,1
F03-RastriginSep,MC-ESO-crowd,4,22,0.0305129,0
F03-RastriginSep,MC-ESO-crowd,4,23,0.497984,0
F03-RastriginSep,MC-ESO-crowd,4,24,743.809,1
F03-RastriginSep,MC-ESO-crowd,4,25,0.0305129,0
F03-RastriginSep,MC-ESO-crowd,4,26,1.05625,0
F03-RastriginSep,MC-ESO-crowd,4,27,750.779,1
F03-RastriginSep,MC-ESO-crowd,4,28,844.363,1
F03-RastriginSep,MC-ESO-crowd,4,29,1.05625,0
F03-RastriginSep,MC-ESO-crowd,4,30,0.0305129,0
F03-RastriginSep,MC-ESO-crowd,4,31,754.553,1
F03-RastriginSep,MC-ESO-crowd,4,32,0.0305129,0
F03-RastriginSep,MC-ESO-crowd,4,33,744.121,1
F03-RastriginSep,MC-ESO-crowd,4,34,797.942,1
F03-RastriginSep,MC-ESO-crowd,4,35,0.0305129,0
F03-RastriginSep,MC-ESO-crowd,4,36,807.437,1
F03-RastriginSep,MC-ESO-crowd,4,37,0.0305129,0
F03-RastriginSep,MC-ESO-crowd,4,38,835.865,1
F03-RastriginSep,MC-ESO-crowd,4,39,0.0305129,0
F03-RastriginSep,MC-ESO-crowd,4,40,0.0305129,0
F03-RastriginSep,MC-ESO-crowd,4,41,0.0305129,0
F03-RastriginSep,MC-ESO-crowd,4,42,0.0305129,0
F03-RastriginSep,MC-ESO-crowd,4,43,846.44,1
F03-RastriginSep,MC-ESO-crowd,4,44,0.0305129,0
F03-RastriginSep,quality,4,15,1.05729e-11,0
F03-RastriginSep,quality,4,16,1.05729e-11,0
F03-RastriginSep,quality,4,17,831.572,1
F03-RastriginSep,quality,4,18,1.05729e-11,0
F03-RastriginSep,quality,4,19,792.765,1
F03-RastriginSep,quality,4,20,1.05729e-11,0
F03-RastriginSep,quality,4,21,878.618,1
F03-RastriginSep,quality,4,22,1.05729e-11,0
F03-RastriginSep,quality,4,23,750.575,1
F03-RastriginSep,quality,4,24,813.555,1
F03-RastriginSep,quality,4,25,1.05729e-11,0
F03-RastriginSep,quality,4,26,0,0
F03-RastriginSep,quality,4,27,792.358,1
F03-RastriginSep,quality,4,28,890.4,1
F03-RastriginSep,quality,4,29,0,0
F03-RastriginSep,quality,4,30,1.05729e-11,0
F03-RastriginSep,quality,4,31,782.765,1
F03-RastriginSep,quality,4,32,1.05729e-11,0
F03-RastriginSep,quality,4,33,749.211,1
F03-RastriginSep,quality,4,34,779.889,1
F03-RastriginSep,quality,4,35,1.05729e-11,0
F03-RastriginSep,quality,4,36,819.769,1
F03-RastriginSep,quality,4,37,1.05729e-11,0
F03-RastriginSep,quality,4,38,873.232,1
F03-RastriginSep,quality,4,39,1.05729e-11,0
F03-RastriginSep,quality,4,40,1.05729e-11,0
F03-RastriginSep,quality,4,41,1.05729e-11,0
F03-RastriginSep,quality,4,42,1.05729e-11,0
F03-RastriginSep,quality,4,43,841.767,1
F03-RastriginSep,quality,4,44,1.05729e-11,0
F03-RastriginSep,complement,4,15,1.05729e-11,0
F03-RastriginSep,complement,4,16,1.05729e-11,0
F03-RastriginSep,complement,4,17,38.8024,0
F03-RastriginSep,complement,4,18,1.05729e-11,0
F03-RastriginSep,complement,4,19,764.936,1
F03-RastriginSep,complement,4,20,1.05729e-11,0
F03-RastriginSep,complement,4,21,31.8378,0
F03-RastriginSep,complement,4,22,1.05729e-11,0
F03-RastriginSep,complement,4,23,0.994959,0
F03-RastriginSep,complement,4,24,38.8024,0
F03-RastriginSep,complement,4,25,1.05729e-11,0
F03-RastriginSep,complement,4,26,0,0
F03-RastriginSep,complement,4,27,756.301,1
F03-RastriginSep,complement,4,28,0,0
F03-RastriginSep,complement,4,29,0,0
F03-RastriginSep,complement,4,30,1.05729e-11,0
F03-RastriginSep,complement,4,31,0,0
F03-RastriginSep,complement,4,32,1.05729e-11,0
F03-RastriginSep,complement,4,33,3.97983,0
F03-RastriginSep,complement,4,34,751.255,1
F03-RastriginSep,complement,4,35,1.05729e-11,0
F03-RastriginSep,complement,4,36,762.266,1
F03-RastriginSep,complement,4,37,1.05729e-11,0
F03-RastriginSep,complement,4,38,0,0
F03-RastriginSep,complement,4,39,1.05729e-11,0
F03-RastriginSep,complement,4,40,1.05729e-11,0
F03-RastriginSep,complement,4,41,1.05729e-11,0
F03-RastriginSep,complement,4,42,1.05729e-11,0
F03-RastriginSep,complement,4,43,800.162,1
F03-RastriginSep,complement,4,44,1.05729e-11,0
F04-BucheRastrigin,MC-ESO,0,15,0,0
F04-BucheRastrigin,MC-ESO,0,16,1137.02,1
F04-BucheRastrigin,MC-ESO,0,17,1306.87,1
F04-BucheRastrigin,MC-ESO,0,18,1188.15,1
F04-BucheRastrigin,MC-ESO,0,19,1470.26,1
F04-BucheRastrigin,MC-ESO,0,20,0,0
F04-BucheRastrigin,MC-ESO,0,21,1245.17,1
F04-BucheRastrigin,MC-ESO,0,22,0,0
F04-BucheRastrigin,MC-ESO,0,23,1232.15,1
F04-BucheRastrigin,MC-ESO,0,24,0,0
F04-BucheRastrigin,MC-ESO,0,25,0,0
F04-BucheRastrigin,MC-ESO,0,26,0,0
F04-BucheRastrigin,MC-ESO,0,27,0,0
F04-BucheRastrigin,MC-ESO,0,28,0,0
F04-BucheRastrigin,MC-ESO,0,29,0,0
F04-BucheRastrigin,MC-ESO,0,30,0,0
F04-BucheRastrigin,MC-ESO,0,31,1277.21,1
F04-BucheRastrigin,MC-ESO,0,32,0,0
F04-BucheRastrigin,MC-ESO,0,33,5.26896e-07,0
F04-BucheRastrigin,MC-ESO,0,34,0,0
F04-BucheRastrigin,MC-ESO,0,35,1255.73,1
F04-BucheRastrigin,MC-ESO,0,36,1333.59,1
F04-BucheRastrigin,MC-ESO,0,37,5.1832,0
F04-BucheRastrigin,MC-ESO,0,38,5.1832,0
F04-BucheRastrigin,MC-ESO,0,39,0,0
F04-BucheRastrigin,MC-ESO,0,40,0,0
F04-BucheRastrigin,MC-ESO,0,41,0,0
F04-BucheRastrigin,MC-ESO,0,42,5.26896e-07,0
F04-BucheRastrigin,MC-ESO,0,43,1359.26,1
F04-BucheRastrigin,MC-ESO,0,44,1206.49,1
F04-BucheRastrigin,NMMSO,0,15,8.0119e-08,0
F04-BucheRastrigin,NMMSO,0,16,1137.02,1
F04-BucheRastrigin,NMMSO,0,17,1318.19,1
F04-BucheRastrigin,NMMSO,0,18,1133.47,1
F04-BucheRastrigin,NMMSO,0,19,1577.7,1
F04-BucheRastrigin,NMMSO,0,20,8.0119e-08,0
F04-BucheRastrigin,NMMSO,0,21,1340.92,1
F04-BucheRastrigin,NMMSO,0,22,1288.73,1
F04-BucheRastrigin,NMMSO,0,23,1270.96,1
F04-BucheRastrigin,NMMSO,0,24,8.0119e-08,0
F04-BucheRastrigin,NMMSO,0,25,8.0119e-08,0
F04-BucheRastrigin,NMMSO,0,26,8.0119e-08,0
F04-BucheRastrigin,NMMSO,0,27,8.0119e-08,0
F04-BucheRastrigin,NMMSO,0,28,8.0119e-08,0
F04-BucheRastrigin,NMMSO,0,29,8.0119e-08,0
F04-BucheRastrigin,NMMSO,0,30,8.0119e-08,0
F04-BucheRastrigin,NMMSO,0,31,1349.74,1
F04-BucheRastrigin,NMMSO,0,32,8.0119e-08,0
F04-BucheRastrigin,NMMSO,0,33,2.88196e-11,0
F04-BucheRastrigin,NMMSO,0,34,8.0119e-08,0
F04-BucheRastrigin,NMMSO,0,35,1369.17,1
F04-BucheRastrigin,NMMSO,0,36,1444.11,1
F04-BucheRastrigin,NMMSO,0,37,1241.11,1
F04-BucheRastrigin,NMMSO,0,38,1286.68,1
F04-BucheRastrigin,NMMSO,0,39,8.0119e-08,0
F04-BucheRastrigin,NMMSO,0,40,8.0119e-08,0
F04-BucheRastrigin,NMMSO,0,41,8.0119e-08,0
F04-BucheRastrigin,NMMSO,0,42,2.88196e-11,0
F04-BucheRastrigin,NMMSO,0,43,1359.26,1
F04-BucheRastrigin,NMMSO,0,44,1172.14,1
F04-BucheRastrigin,NCDE,0,15,0.0717333,0
F04-BucheRastrigin,NCDE,0,16,1120.64,1
F04-BucheRastrigin,NCDE,0,17,1318.1,1
F04-BucheRastrigin,NCDE,0,18,1130.92,1
F04-BucheRastrigin,NCDE,0,19,1575.13,1
F04-BucheRastrigin,NCDE,0,20,0.0717333,0
F04-BucheRastrigin,NCDE,0,21,1338.86,1
F04-BucheRastrigin,NCDE,0,22,1286.43,1
F04-BucheRastrigin,NCDE,0,23,1268.73,1
F04-BucheRastrigin,NCDE,0,24,0.0717333,0
F04-BucheRastrigin,NCDE,0,25,0.0717333,0
F04-BucheRastrigin,NCDE,0,26,0.0717333,0
F04-BucheRastrigin,NCDE,0,27,0.0717333,0
F04-BucheRastrigin,NCDE,0,28,0.0717333,0
F04-BucheRastrigin,NCDE,0,29,0.0717333,0
F04-BucheRastrigin,NCDE,0,30,0.0717333,0
F04-BucheRastrigin,NCDE,0,31,1346.82,1
F04-BucheRastrigin,NCDE,0,32,0.0717333,0
F04-BucheRastrigin,NCDE,0,33,0.00507137,0
F04-BucheRastrigin,NCDE,0,34,0.0717333,0
F04-BucheRastrigin,NCDE,0,35,1366.24,1
F04-BucheRastrigin,NCDE,0,36,1440.74,1
F04-BucheRastrigin,NCDE,0,37,1238,1
F04-BucheRastrigin,NCDE,0,38,1283.4,1
F04-BucheRastrigin,NCDE,0,39,0.0717333,0
F04-BucheRastrigin,NCDE,0,40,0.0717333,0
F04-BucheRastrigin,NCDE,0,41,0.0717333,0
F04-BucheRastrigin,NCDE,0,42,0.00507137,0
F04-BucheRastrigin,NCDE,0,43,1300.1,1
F04-BucheRastrigin,NCDE,0,44,1132.33,1
F04-BucheRastrigin,r3pso,0,15,1.04728e-09,0
F04-BucheRastrigin,r3pso,0,16,1137.02,1
F04-BucheRastrigin,r3pso,0,17,1393.99,1
F04-BucheRastrigin,r3pso,0,18,1209.62,1
F04-BucheRastrigin,r3pso,0,19,1663.91,1
F04-BucheRastrigin,r3pso,0,20,1.04728e-09,0
F04-BucheRastrigin,r3pso,0,21,1410.06,1
F04-BucheRastrigin,r3pso,0,22,1366.05,1
F04-BucheRastrigin,r3pso,0,23,1344.71,1
F04-BucheRastrigin,r3pso,0,24,1.04728e-09,0
F04-BucheRastrigin,r3pso,0,25,1.04728e-09,0
F04-BucheRastrigin,r3pso,0,26,1.04728e-09,0
F04-BucheRastrigin,r3pso,0,27,1.04728e-09,0
F04-BucheRastrigin,r3pso,0,28,1.04728e-09,0
F04-BucheRastrigin,r3pso,0,29,1.04728e-09,0
F04-BucheRastrigin,r3pso,0,30,1.04728e-09,0
F04-BucheRastrigin,r3pso,0,31,1446.58,1
F04-BucheRastrigin,r3pso,0,32,1.04728e-09,0
F04-BucheRastrigin,r3pso,0,33,0.000553615,0
F04-BucheRastrigin,r3pso,0,34,1.04728e-09,0
F04-BucheRastrigin,r3pso,0,35,1466.97,1
F04-BucheRastrigin,r3pso,0,36,1556.39,1
F04-BucheRastrigin,r3pso,0,37,1345.07,1
F04-BucheRastrigin,r3pso,0,38,1395.68,1
F04-BucheRastrigin,r3pso,0,39,1.04728e-09,0
F04-BucheRastrigin,r3pso,0,40,1.04728e-09,0
F04-BucheRastrigin,r3pso,0,41,1.04728e-09,0
F04-BucheRastrigin,r3pso,0,42,0.000553615,0
F04-BucheRastrigin,r3pso,0,43,1359.26,1
F04-BucheRastrigin,r3pso,0,44,1206.49,1
F04-BucheRastrigin,NM-Restart,0,15,0.994959,0
F04-BucheRastrigin,NM-Restart,0,16,1128.72,1
F04-BucheRastrigin,NM-Restart,0,17,1318.19,1
F04-BucheRastrigin,NM-Restart,0,18,1133.47,1
F04-BucheRastrigin,NM-Restart,0,19,1602.03,1
F04-BucheRastrigin,NM-Restart,0,20,0.994959,0
F04-BucheRastrigin,NM-Restart,0,21,1349.58,1
F04-BucheRastrigin,NM-Restart,0,22,1310.75,1
F04-BucheRastrigin,NM-Restart,0,23,1244.48,1
F04-BucheRastrigin,NM-Restart,0,24,0.994959,0
F04-BucheRastrigin,NM-Restart,0,25,0.994959,0
F04-BucheRastrigin,NM-Restart,0,26,0.994959,0
F04-BucheRastrigin,NM-Restart,0,27,0.994959,0
F04-BucheRastrigin,NM-Restart,0,28,0.994959,0
F04-BucheRastrigin,NM-Restart,0,29,0.994959,0
F04-BucheRastrigin,NM-Restart,0,30,0.994959,0
F04-BucheRastrigin,NM-Restart,0,31,1332.28,1
F04-BucheRastrigin,NM-Restart,0,32,0.994959,0
F04-BucheRastrigin,NM-Restart,0,33,0,0
F04-BucheRastrigin,NM-Restart,0,34,0.994959,0
F04-BucheRastrigin,NM-Restart,0,35,1388.07,1
F04-BucheRastrigin,NM-Restart,0,36,1446.76,1
F04-BucheRastrigin,NM-Restart,0,37,1255.91,1
F04-BucheRastrigin,NM-Restart,0,38,1278.81,1
F04-BucheRastrigin,NM-Restart,0,39,0.994959,0
F04-BucheRastrigin,NM-Restart,0,40,0.994959,0
F04-BucheRastrigin,NM-Restart,0,41,0.994959,0
F04-BucheRastrigin,NM-Restart,0,42,0,0
F04-BucheRastrigin,NM-Restart,0,43,1331.7,1
F04-BucheRastrigin,NM-Restart,0,44,1172.14,1
F04-BucheRastrigin,IPOP-CMA-ES,0,15,0.994959,0
F04-BucheRastrigin,IPOP-CMA-ES,0,16,1254.19,1
F04-BucheRastrigin,IPOP-CMA-ES,0,17,1315.33,1
F04-BucheRastrigin,IPOP-CMA-ES,0,18,1212.22,1
F04-BucheRastrigin,IPOP-CMA-ES,0,19,1402.31,1
F04-BucheRastrigin,IPOP-CMA-ES,0,20,1256.23,1
F04-BucheRastrigin,IPOP-CMA-ES,0,21,1201.34,1
F04-BucheRastrigin,IPOP-CMA-ES,0,22,1.78145,0
F04-BucheRastrigin,IPOP-CMA-ES,0,23,6.96464,0
F04-BucheRastrigin,IPOP-CMA-ES,0,24,0.994959,0
F04-BucheRastrigin,IPOP-CMA-ES,0,25,0.994959,0
F04-BucheRastrigin,IPOP-CMA-ES,0,26,0.994959,0
F04-BucheRastrigin,IPOP-CMA-ES,0,27,0.994959,0
F04-BucheRastrigin,IPOP-CMA-ES,0,28,0.994959,0
F04-BucheRastrigin,IPOP-CMA-ES,0,29,0.994959,0
F04-BucheRastrigin,IPOP-CMA-ES,0,30,0.994959,0
F04-BucheRastrigin,IPOP-CMA-ES,0,31,0,0
F04-BucheRastrigin,IPOP-CMA-ES,0,32,0.994959,0
F04-BucheRastrigin,IPOP-CMA-ES,0,33,0,0
F04-BucheRastrigin,IPOP-CMA-ES,0,34,0.994959,0
F04-BucheRastrigin,IPOP-CMA-ES,0,35,0,0
F04-BucheRastrigin,IPOP-CMA-ES,0,36,1214.01,1
F04-BucheRastrigin,IPOP-CMA-ES,0,37,6.96464,0
F04-BucheRastrigin,IPOP-CMA-ES,0,38,6.96464,0
F04-BucheRastrigin,IPOP-CMA-ES,0,39,0.994959,0
F04-BucheRastrigin,IPOP-CMA-ES,0,40,0.994959,0
F04-BucheRastrigin,IPOP-CMA-ES,0,41,0.994959,0
F04-BucheRastrigin,IPOP-CMA-ES,0,42,0,0
F04-BucheRastrigin,IPOP-CMA-ES,0,43,1437.43,1
F04-BucheRastrigin,IPOP-CMA-ES,0,44,1246.41,1
F04-BucheRastrigin,DE,0,15,0,0
F04-BucheRastrigin,DE,0,16,1137.02,1
F04-BucheRastrigin,DE,0,17,1424.46,1
F04-BucheRastrigin,DE,0,18,1209.62,1
F04-BucheRastrigin,DE,0,19,1755.78,1
F04-BucheRastrigin,DE,0,20,0,0
F04-BucheRastrigin,DE,0,21,1484.19,1
F04-BucheRastrigin,DE,0,22,1448.68,1
F04-BucheRastrigin,DE,0,23,1423.52,1
F04-BucheRastrigin,DE,0,24,0,0
F04-BucheRastrigin,DE,0,25,0,0
F04-BucheRastrigin,DE,0,26,0,0
F04-BucheRastrigin,DE,0,27,0,0
F04-BucheRastrigin,DE,0,28,0,0
F04-BucheRastrigin,DE,0,29,0,0
F04-BucheRastrigin,DE,0,30,0,0
F04-BucheRastrigin,DE,0,31,1549.43,1
F04-BucheRastrigin,DE,0,32,0,0
F04-BucheRastrigin,DE,0,33,1254.92,1
F04-BucheRastrigin,DE,0,34,0,0
F04-BucheRastrigin,DE,0,35,1570.89,1
F04-BucheRastrigin,DE,0,36,1675.36,1
F04-BucheRastrigin,DE,0,37,1455.39,1
F04-BucheRastrigin,DE,0,38,1511.22,1
F04-BucheRastrigin,DE,0,39,0,0
F04-BucheRastrigin,DE,0,40,0,0
F04-BucheRastrigin,DE,0,41,0,0
F04-BucheRastrigin,DE,0,42,1210.35,1
F04-BucheRastrigin,DE,0,43,1359.26,1
F04-BucheRastrigin,DE,0,44,1206.49,1
F04-BucheRastrigin,PSO,0,15,6.53699e-12,0
F04-BucheRastrigin,PSO,0,16,1137.02,1
F04-BucheRastrigin,PSO,0,17,1424.46,1
F04-BucheRastrigin,PSO,0,18,1209.62,1
F04-BucheRastrigin,PSO,0,19,1755.78,1
F04-BucheRastrigin,PSO,0,20,6.53699e-12,0
F04-BucheRastrigin,PSO,0,21,1484.19,1
F04-BucheRastrigin,PSO,0,22,1448.68,1
F04-BucheRastrigin,PSO,0,23,1423.52,1
F04-BucheRastrigin,PSO,0,24,6.53699e-12,0
F04-BucheRastrigin,PSO,0,25,6.53699e-12,0
F04-BucheRastrigin,PSO,0,26,6.53699e-12,0
F04-BucheRastrigin,PSO,0,27,6.53699e-12,0
F04-BucheRastrigin,PSO,0,28,6.53699e-12,0
F04-BucheRastrigin,PSO,0,29,6.53699e-12,0
F04-BucheRastrigin,PSO,0,30,6.53699e-12,0
F04-BucheRastrigin,PSO,0,31,1549.43,1
F04-BucheRastrigin,PSO,0,32,6.53699e-12,0
F04-BucheRastrigin,PSO,0,33,1254.92,1
F04-BucheRastrigin,PSO,0,34,6.53699e-12,0
F04-BucheRastrigin,PSO,0,35,1570.89,1
F04-BucheRastrigin,PSO,0,36,1675.36,1
F04-BucheRastrigin,PSO,0,37,1455.39,1
F04-BucheRastrigin,PSO,0,38,1511.22,1
F04-BucheRastrigin,PSO,0,39,6.53699e-12,0
F04-BucheRastrigin,PSO,0,40,6.53699e-12,0
F04-BucheRastrigin,PSO,0,41,6.53699e-12,0
F04-BucheRastrigin,PSO,0,42,1210.35,1
F04-BucheRastrigin,PSO,0,43,1359.26,1
F04-BucheRastrigin,PSO,0,44,1206.49,1
F04-BucheRastrigin,Crowding-DE,0,15,0.0647188,0
F04-BucheRastrigin,Crowding-DE,0,16,1120.79,1
F04-BucheRastrigin,Crowding-DE,0,17,1318.08,1
F04-BucheRastrigin,Crowding-DE,0,18,1132.9,1
F04-BucheRastrigin,Crowding-DE,0,19,1578.87,1
F04-BucheRastrigin,Crowding-DE,0,20,0.0647188,0
F04-BucheRastrigin,Crowding-DE,0,21,1341.6,1
F04-BucheRastrigin,Crowding-DE,0,22,1289.64,1
F04-BucheRastrigin,Crowding-DE,0,23,1273.39,1
F04-BucheRastrigin,Crowding-DE,0,24,0.0647188,0
F04-BucheRastrigin,Crowding-DE,0,25,0.0647188,0
F04-BucheRastrigin,Crowding-DE,0,26,0.0647188,0
F04-BucheRastrigin,Crowding-DE,0,27,0.0647188,0
F04-BucheRastrigin,Crowding-DE,0,28,0.0647188,0
F04-BucheRastrigin,Crowding-DE,0,29,0.0647188,0
F04-BucheRastrigin,Crowding-DE,0,30,0.0647188,0
F04-BucheRastrigin,Crowding-DE,0,31,1352.33,1
F04-BucheRastrigin,Crowding-DE,0,32,0.0647188,0
F04-BucheRastrigin,Crowding-DE,0,33,0.367215,0
F04-BucheRastrigin,Crowding-DE,0,34,0.0647188,0
F04-BucheRastrigin,Crowding-DE,0,35,1370.71,1
F04-BucheRastrigin,Crowding-DE,0,36,1446.41,1
F04-BucheRastrigin,Crowding-DE,0,37,1242.89,1
F04-BucheRastrigin,Crowding-DE,0,38,1289.22,1
F04-BucheRastrigin,Crowding-DE,0,39,0.0647188,0
F04-BucheRastrigin,Crowding-DE,0,40,0.0647188,0
F04-BucheRastrigin,Crowding-DE,0,41,0.0647188,0
F04-BucheRastrigin,Crowding-DE,0,42,0.367215,0
F04-BucheRastrigin,Crowding-DE,0,43,1301.17,1
F04-BucheRastrigin,Crowding-DE,0,44,1133.94,1
F04-BucheRastrigin,MAP-Elites,0,15,1.12296,0
F04-BucheRastrigin,MAP-Elites,0,16,1113.05,1
F04-BucheRastrigin,MAP-Elites,0,17,1351.17,1
F04-BucheRastrigin,MAP-Elites,0,18,1130.02,1
F04-BucheRastrigin,MAP-Elites,0,19,1593.19,1
F04-BucheRastrigin,MAP-Elites,0,20,1.12296,0
F04-BucheRastrigin,MAP-Elites,0,21,1353.81,1
F04-BucheRastrigin,MAP-Elites,0,22,1302.87,1
F04-BucheRastrigin,MAP-Elites,0,23,1284.64,1
F04-BucheRastrigin,MAP-Elites,0,24,1.12296,0
F04-BucheRastrigin,MAP-Elites,0,25,1.12296,0
F04-BucheRastrigin,MAP-Elites,0,26,1.12296,0
F04-BucheRastrigin,MAP-Elites,0,27,1.12296,0
F04-BucheRastrigin,MAP-Elites,0,28,1.12296,0
F04-BucheRastrigin,MAP-Elites,0,29,1.12296,0
F04-BucheRastrigin,MAP-Elites,0,30,1.12296,0
F04-BucheRastrigin,MAP-Elites,0,31,1366.9,1
F04-BucheRastrigin,MAP-Elites,0,32,1.12296,0
F04-BucheRastrigin,MAP-Elites,0,33,2.69815,0
F04-BucheRastrigin,MAP-Elites,0,34,1.12296,0
F04-BucheRastrigin,MAP-Elites,0,35,1386.42,1
F04-BucheRastrigin,MAP-Elites,0,36,1463.58,1
F04-BucheRastrigin,MAP-Elites,0,37,1259.3,1
F04-BucheRastrigin,MAP-Elites,0,38,1305.67,1
F04-BucheRastrigin,MAP-Elites,0,39,1.12296,0
F04-BucheRastrigin,MAP-Elites,0,40,1.12296,0
F04-BucheRastrigin,MAP-Elites,0,41,1.12296,0
F04-BucheRastrigin,MAP-Elites,0,42,2.69815,0
