function,method,seed,scenario,regret,wiped
F01-Sphere,MC-ESO,0,15,0,0
F01-Sphere,MC-ESO,0,16,0,0
F01-Sphere,MC-ESO,0,17,0,0
F01-Sphere,MC-ESO,0,18,0,0
F01-Sphere,MC-ESO,0,19,0.649718,0
F01-Sphere,MC-ESO,0,20,0,0
F01-Sphere,MC-ESO,0,21,0.649718,0
F01-Sphere,MC-ESO,0,22,0,0
F01-Sphere,MC-ESO,0,23,0.145911,1
F01-Sphere,MC-ESO,0,24,0,0
F01-Sphere,MC-ESO,0,25,0,0
F01-Sphere,MC-ESO,0,26,0,0
F01-Sphere,MC-ESO,0,27,0,0
F01-Sphere,MC-ESO,0,28,0.584283,0
F01-Sphere,MC-ESO,0,29,0,0
F01-Sphere,MC-ESO,0,30,0.0291858,1
F01-Sphere,MC-ESO,0,31,0.0717096,1
F01-Sphere,MC-ESO,0,32,0,1
F01-Sphere,MC-ESO,0,33,0,0
F01-Sphere,MC-ESO,0,34,9.86769,1
F01-Sphere,MC-ESO,0,35,0,0
F01-Sphere,MC-ESO,0,36,0.183894,1
F01-Sphere,MC-ESO,0,37,0,0
F01-Sphere,MC-ESO,0,38,0,0
F01-Sphere,MC-ESO,0,39,0,0
F01-Sphere,MC-ESO,0,40,0,0
F01-Sphere,MC-ESO,0,41,0.134589,1
F01-Sphere,MC-ESO,0,42,0.957334,0
F01-Sphere,MC-ESO,0,43,0,0
F01-Sphere,MC-ESO,0,44,0,0
F01-Sphere,NMMSO,0,15,0,0
F01-Sphere,NMMSO,0,16,10.0341,1
F01-Sphere,NMMSO,0,17,0,0
F01-Sphere,NMMSO,0,18,0,0
F01-Sphere,NMMSO,0,19,9.79417,1
F01-Sphere,NMMSO,0,20,0,0
F01-Sphere,NMMSO,0,21,9.81641,1
F01-Sphere,NMMSO,0,22,0,0
F01-Sphere,NMMSO,0,23,0.145911,1
F01-Sphere,NMMSO,0,24,9.73533,1
F01-Sphere,NMMSO,0,25,0,0
F01-Sphere,NMMSO,0,26,0,0
F01-Sphere,NMMSO,0,27,0,0
F01-Sphere,NMMSO,0,28,10.1421,1
F01-Sphere,NMMSO,0,29,0,0
F01-Sphere,NMMSO,0,30,0.0291858,1
F01-Sphere,NMMSO,0,31,0.0717094,1
F01-Sphere,NMMSO,0,32,0.194503,1
F01-Sphere,NMMSO,0,33,0,0
F01-Sphere,NMMSO,0,34,9.86769,1
F01-Sphere,NMMSO,0,35,0,0
F01-Sphere,NMMSO,0,36,0.183894,1
F01-Sphere,NMMSO,0,37,0,0
F01-Sphere,NMMSO,0,38,9.82282,1
F01-Sphere,NMMSO,0,39,0,0
F01-Sphere,NMMSO,0,40,0,0
F01-Sphere,NMMSO,0,41,0.134589,1
F01-Sphere,NMMSO,0,42,10.0146,1
F01-Sphere,NMMSO,0,43,0,0
F01-Sphere,NMMSO,0,44,0,0
F01-Sphere,NCDE,0,15,0,0
F01-Sphere,NCDE,0,16,0.891043,0
F01-Sphere,NCDE,0,17,0,0
F01-Sphere,NCDE,0,18,0,0
F01-Sphere,NCDE,0,19,9.79417,0
F01-Sphere,NCDE,0,20,0,0
F01-Sphere,NCDE,0,21,9.81641,0
F01-Sphere,NCDE,0,22,0,0
F01-Sphere,NCDE,0,23,0.145911,0
F01-Sphere,NCDE,0,24,0.891043,0
F01-Sphere,NCDE,0,25,0,0
F01-Sphere,NCDE,0,26,0,0
F01-Sphere,NCDE,0,27,0,0
F01-Sphere,NCDE,0,28,10.1421,0
F01-Sphere,NCDE,0,29,0,0
F01-Sphere,NCDE,0,30,0.0291858,0
F01-Sphere,NCDE,0,31,0.0717095,0
F01-Sphere,NCDE,0,32,0.194503,0
F01-Sphere,NCDE,0,33,0,0
F01-Sphere,NCDE,0,34,9.86769,0
F01-Sphere,NCDE,0,35,0,0
F01-Sphere,NCDE,0,36,0.183894,1
F01-Sphere,NCDE,0,37,0,0
F01-Sphere,NCDE,0,38,9.82282,0
F01-Sphere,NCDE,0,39,0,0
F01-Sphere,NCDE,0,40,0,0
F01-Sphere,NCDE,0,41,0.134589,0
F01-Sphere,NCDE,0,42,10.0146,0
F01-Sphere,NCDE,0,43,0,0
F01-Sphere,NCDE,0,44,0,0
F01-Sphere,r3pso,0,15,0,0
F01-Sphere,r3pso,0,16,10.0341,1
F01-Sphere,r3pso,0,17,0,0
F01-Sphere,r3pso,0,18,0,0
F01-Sphere,r3pso,0,19,9.79417,1
F01-Sphere,r3pso,0,20,0,0
F01-Sphere,r3pso,0,21,9.81641,1
F01-Sphere,r3pso,0,22,0,0
F01-Sphere,r3pso,0,23,0.145911,1
F01-Sphere,r3pso,0,24,9.73533,1
F01-Sphere,r3pso,0,25,0,0
F01-Sphere,r3pso,0,26,0,0
F01-Sphere,r3pso,0,27,0,0
F01-Sphere,r3pso,0,28,10.1421,1
F01-Sphere,r3pso,0,29,0,0
F01-Sphere,r3pso,0,30,0.0291858,1
F01-Sphere,r3pso,0,31,0.0717095,1
F01-Sphere,r3pso,0,32,0.194503,1
F01-Sphere,r3pso,0,33,0,0
F01-Sphere,r3pso,0,34,9.86769,1
F01-Sphere,r3pso,0,35,0,0
F01-Sphere,r3pso,0,36,0.183894,1
F01-Sphere,r3pso,0,37,0,0
F01-Sphere,r3pso,0,38,9.82282,1
F01-Sphere,r3pso,0,39,0,0
F01-Sphere,r3pso,0,40,0,0
F01-Sphere,r3pso,0,41,0.134589,1
F01-Sphere,r3pso,0,42,10.0146,1
F01-Sphere,r3pso,0,43,0,0
F01-Sphere,r3pso,0,44,0,0
F01-Sphere,NM-Restart,0,15,0,0
F01-Sphere,NM-Restart,0,16,10.0341,1
F01-Sphere,NM-Restart,0,17,0,0
F01-Sphere,NM-Restart,0,18,0,0
F01-Sphere,NM-Restart,0,19,9.79417,1
F01-Sphere,NM-Restart,0,20,0,0
F01-Sphere,NM-Restart,0,21,9.81641,1
F01-Sphere,NM-Restart,0,22,0,0
F01-Sphere,NM-Restart,0,23,0.145911,1
F01-Sphere,NM-Restart,0,24,9.73533,1
F01-Sphere,NM-Restart,0,25,0,0
F01-Sphere,NM-Restart,0,26,0,0
F01-Sphere,NM-Restart,0,27,0,0
F01-Sphere,NM-Restart,0,28,10.1421,1
F01-Sphere,NM-Restart,0,29,0,0
F01-Sphere,NM-Restart,0,30,0.0291857,1
F01-Sphere,NM-Restart,0,31,0.0717095,1
F01-Sphere,NM-Restart,0,32,0.194503,1
F01-Sphere,NM-Restart,0,33,0,0
F01-Sphere,NM-Restart,0,34,9.86769,1
F01-Sphere,NM-Restart,0,35,0,0
F01-Sphere,NM-Restart,0,36,0.183894,1
F01-Sphere,NM-Restart,0,37,0,0
F01-Sphere,NM-Restart,0,38,9.82282,1
F01-Sphere,NM-Restart,0,39,0,0
F01-Sphere,NM-Restart,0,40,0,0
F01-Sphere,NM-Restart,0,41,0.134589,1
F01-Sphere,NM-Restart,0,42,10.0146,1
F01-Sphere,NM-Restart,0,43,0,0
F01-Sphere,NM-Restart,0,44,0,0
F01-Sphere,IPOP-CMA-ES,0,15,0,0
F01-Sphere,IPOP-CMA-ES,0,16,10.0341,1
F01-Sphere,IPOP-CMA-ES,0,17,0,0
F01-Sphere,IPOP-CMA-ES,0,18,0,0
F01-Sphere,IPOP-CMA-ES,0,19,9.79417,1
F01-Sphere,IPOP-CMA-ES,0,20,0,0
F01-Sphere,IPOP-CMA-ES,0,21,9.81641,1
F01-Sphere,IPOP-CMA-ES,0,22,0,0
F01-Sphere,IPOP-CMA-ES,0,23,0.145911,1
F01-Sphere,IPOP-CMA-ES,0,24,9.73533,1
F01-Sphere,IPOP-CMA-ES,0,25,0,0
F01-Sphere,IPOP-CMA-ES,0,26,0,0
F01-Sphere,IPOP-CMA-ES,0,27,0,0
F01-Sphere,IPOP-CMA-ES,0,28,10.1421,1
F01-Sphere,IPOP-CMA-ES,0,29,0,0
F01-Sphere,IPOP-CMA-ES,0,30,0.0291857,1
F01-Sphere,IPOP-CMA-ES,0,31,0.0717096,1
F01-Sphere,IPOP-CMA-ES,0,32,0.194503,1
F01-Sphere,IPOP-CMA-ES,0,33,0,0
F01-Sphere,IPOP-CMA-ES,0,34,9.86769,1
F01-Sphere,IPOP-CMA-ES,0,35,0,0
F01-Sphere,IPOP-CMA-ES,0,36,0.183894,1
F01-Sphere,IPOP-CMA-ES,0,37,0,0
F01-Sphere,IPOP-CMA-ES,0,38,9.82282,1
F01-Sphere,IPOP-CMA-ES,0,39,0,0
F01-Sphere,IPOP-CMA-ES,0,40,0,0
F01-Sphere,IPOP-CMA-ES,0,41,0.134589,1
F01-Sphere,IPOP-CMA-ES,0,42,10.0146,1
F01-Sphere,IPOP-CMA-ES,0,43,0,0
F01-Sphere,IPOP-CMA-ES,0,44,0,0
F01-Sphere,DE,0,15,0,0
F01-Sphere,DE,0,16,10.0341,1
F01-Sphere,DE,0,17,0,0
F01-Sphere,DE,0,18,0,0
F01-Sphere,DE,0,19,9.79417,1
F01-Sphere,DE,0,20,0,0
F01-Sphere,DE,0,21,9.81641,1
F01-Sphere,DE,0,22,0,0
F01-Sphere,DE,0,23,0.145911,1
F01-Sphere,DE,0,24,9.73533,1
F01-Sphere,DE,0,25,0,0
F01-Sphere,DE,0,26,0,0
F01-Sphere,DE,0,27,0,0
F01-Sphere,DE,0,28,10.1421,1
F01-Sphere,DE,0,29,0,0
F01-Sphere,DE,0,30,0.0291858,1
F01-Sphere,DE,0,31,0.0717095,1
F01-Sphere,DE,0,32,0.194503,1
F01-Sphere,DE,0,33,0,0
F01-Sphere,DE,0,34,9.86769,1
F01-Sphere,DE,0,35,0,0
F01-Sphere,DE,0,36,0.183894,1
F01-Sphere,DE,0,37,0,0
F01-Sphere,DE,0,38,9.82282,1
F01-Sphere,DE,0,39,0,0
F01-Sphere,DE,0,40,0,0
F01-Sphere,DE,0,41,0.134589,1
F01-Sphere,DE,0,42,10.0146,1
F01-Sphere,DE,0,43,0,0
F01-Sphere,DE,0,44,0,0
F01-Sphere,PSO,0,15,0,0
F01-Sphere,PSO,0,16,10.0341,1
F01-Sphere,PSO,0,17,0,0
F01-Sphere,PSO,0,18,0,0
F01-Sphere,PSO,0,19,9.79417,1
F01-Sphere,PSO,0,20,0,0
F01-Sphere,PSO,0,21,9.81641,1
F01-Sphere,PSO,0,22,0,0
F01-Sphere,PSO,0,23,0.145911,1
F01-Sphere,PSO,0,24,9.73533,1
F01-Sphere,PSO,0,25,0,0
F01-Sphere,PSO,0,26,0,0
F01-Sphere,PSO,0,27,0,0
F01-Sphere,PSO,0,28,10.1421,1
F01-Sphere,PSO,0,29,0,0
F01-Sphere,PSO,0,30,0.0291857,1
F01-Sphere,PSO,0,31,0.0717096,1
F01-Sphere,PSO,0,32,0.194503,1
F01-Sphere,PSO,0,33,0,0
F01-Sphere,PSO,0,34,9.86769,1
F01-Sphere,PSO,0,35,0,0
F01-Sphere,PSO,0,36,0.183894,1
F01-Sphere,PSO,0,37,0,0
F01-Sphere,PSO,0,38,9.82282,1
F01-Sphere,PSO,0,39,0,0
F01-Sphere,PSO,0,40,0,0
F01-Sphere,PSO,0,41,0.134589,1
F01-Sphere,PSO,0,42,10.0146,1
F01-Sphere,PSO,0,43,0,0
F01-Sphere,PSO,0,44,0,0
F01-Sphere,Crowding-DE,0,15,4.23952e-09,0
F01-Sphere,Crowding-DE,0,16,10.034,1
F01-Sphere,Crowding-DE,0,17,4.23952e-09,0
F01-Sphere,Crowding-DE,0,18,4.23952e-09,0
F01-Sphere,Crowding-DE,0,19,9.7942,1
F01-Sphere,Crowding-DE,0,20,4.23952e-09,0
F01-Sphere,Crowding-DE,0,21,9.81642,1
F01-Sphere,Crowding-DE,0,22,4.23952e-09,0
F01-Sphere,Crowding-DE,0,23,0.145972,1
F01-Sphere,Crowding-DE,0,24,9.73527,1
F01-Sphere,Crowding-DE,0,25,4.23952e-09,0
F01-Sphere,Crowding-DE,0,26,4.23952e-09,0
F01-Sphere,Crowding-DE,0,27,4.23952e-09,0
F01-Sphere,Crowding-DE,0,28,10.1421,1
F01-Sphere,Crowding-DE,0,29,4.23952e-09,0
F01-Sphere,Crowding-DE,0,30,0.0291885,1
F01-Sphere,Crowding-DE,0,31,0.0717746,1
F01-Sphere,Crowding-DE,0,32,0.194463,1
F01-Sphere,Crowding-DE,0,33,4.23952e-09,0
F01-Sphere,Crowding-DE,0,34,9.86772,1
F01-Sphere,Crowding-DE,0,35,4.23952e-09,0
F01-Sphere,Crowding-DE,0,36,0.18395,1
F01-Sphere,Crowding-DE,0,37,4.23952e-09,0
F01-Sphere,Crowding-DE,0,38,9.82288,1
F01-Sphere,Crowding-DE,0,39,4.23952e-09,0
F01-Sphere,Crowding-DE,0,40,4.23952e-09,0
F01-Sphere,Crowding-DE,0,41,0.134608,1
F01-Sphere,Crowding-DE,0,42,10.0147,1
F01-Sphere,Crowding-DE,0,43,4.23952e-09,0
F01-Sphere,Crowding-DE,0,44,4.23952e-09,0
F01-Sphere,MAP-Elites,0,15,0.48088,0
F01-Sphere,MAP-Elites,0,16,0.106776,0
F01-Sphere,MAP-Elites,0,17,0.00559771,0
F01-Sphere,MAP-Elites,0,18,0.00559771,0
F01-Sphere,MAP-Elites,0,19,0,0
F01-Sphere,MAP-Elites,0,20,0.00559771,0
F01-Sphere,MAP-Elites,0,21,0,0
F01-Sphere,MAP-Elites,0,22,0.00559771,0
F01-Sphere,MAP-Elites,0,23,0,1
F01-Sphere,MAP-Elites,0,24,0.106776,0
F01-Sphere,MAP-Elites,0,25,0.00559771,0
F01-Sphere,MAP-Elites,0,26,0.00559771,0
F01-Sphere,MAP-Elites,0,27,0.00559771,0
F01-Sphere,MAP-Elites,0,28,0,0
F01-Sphere,MAP-Elites,0,29,0.00559771,0
F01-Sphere,MAP-Elites,0,30,0,1
F01-Sphere,MAP-Elites,0,31,0,1
F01-Sphere,MAP-Elites,0,32,0.270067,1
F01-Sphere,MAP-Elites,0,33,0.00559771,0
F01-Sphere,MAP-Elites,0,34,9.6729,1
F01-Sphere,MAP-Elites,0,35,0.00559771,0
F01-Sphere,MAP-Elites,0,36,0,1
F01-Sphere,MAP-Elites,0,37,0.00559771,0
F01-Sphere,MAP-Elites,0,38,9.6661,1
F01-Sphere,MAP-Elites,0,39,0.00559771,0
F01-Sphere,MAP-Elites,0,40,0.395026,0
F01-Sphere,MAP-Elites,0,41,0,1
F01-Sphere,MAP-Elites,0,42,0,0
F01-Sphere,MAP-Elites,0,43,0.00559771,0
F01-Sphere,MAP-Elites,0,44,0.00559771,0
F01-Sphere,MC-ESO-crowd,0,15,1.77483e-06,0
F01-Sphere,MC-ESO-crowd,0,16,0.130299,0
F01-Sphere,MC-ESO-crowd,0,17,1.77483e-06,0
F01-Sphere,MC-ESO-crowd,0,18,1.77483e-06,0
F01-Sphere,MC-ESO-crowd,0,19,0.509213,0
F01-Sphere,MC-ESO-crowd,0,20,1.77483e-06,0
F01-Sphere,MC-ESO-crowd,0,21,0.509213,0
F01-Sphere,MC-ESO-crowd,0,22,1.77483e-06,0
F01-Sphere,MC-ESO-crowd,0,23,0.145142,1
F01-Sphere,MC-ESO-crowd,0,24,0.130299,0
F01-Sphere,MC-ESO-crowd,0,25,1.77483e-06,0
F01-Sphere,MC-ESO-crowd,0,26,1.77483e-06,0
F01-Sphere,MC-ESO-crowd,0,27,1.77483e-06,0
F01-Sphere,MC-ESO-crowd,0,28,0.552836,0
F01-Sphere,MC-ESO-crowd,0,29,1.77483e-06,0
F01-Sphere,MC-ESO-crowd,0,30,0.0299063,1
F01-Sphere,MC-ESO-crowd,0,31,0.0706397,1
F01-Sphere,MC-ESO-crowd,0,32,0.195774,1
F01-Sphere,MC-ESO-crowd,0,33,1.77483e-06,0
F01-Sphere,MC-ESO-crowd,0,34,0,0
F01-Sphere,MC-ESO-crowd,0,35,1.77483e-06,0
F01-Sphere,MC-ESO-crowd,0,36,0.182567,1
F01-Sphere,MC-ESO-crowd,0,37,1.77483e-06,0
F01-Sphere,MC-ESO-crowd,0,38,9.82157,1
F01-Sphere,MC-ESO-crowd,0,39,1.77483e-06,0
F01-Sphere,MC-ESO-crowd,0,40,1.77483e-06,0
F01-Sphere,MC-ESO-crowd,0,41,0.13499,1
F01-Sphere,MC-ESO-crowd,0,42,10.0134,1
F01-Sphere,MC-ESO-crowd,0,43,1.77483e-06,0
F01-Sphere,MC-ESO-crowd,0,44,1.77483e-06,0
F01-Sphere,quality,0,15,2.84217e-14,0
F01-Sphere,quality,0,16,10.0341,1
F01-Sphere,quality,0,17,2.84217e-14,0
F01-Sphere,quality,0,18,2.84217e-14,0
F01-Sphere,quality,0,19,9.79417,1
F01-Sphere,quality,0,20,2.84217e-14,0
F01-Sphere,quality,0,21,9.81641,1
F01-Sphere,quality,0,22,2.84217e-14,0
F01-Sphere,quality,0,23,0.145911,1
F01-Sphere,quality,0,24,9.73533,1
F01-Sphere,quality,0,25,2.84217e-14,0
F01-Sphere,quality,0,26,2.84217e-14,0
F01-Sphere,quality,0,27,2.84217e-14,0
F01-Sphere,quality,0,28,10.1421,1
F01-Sphere,quality,0,29,2.84217e-14,0
F01-Sphere,quality,0,30,0.0291857,1
F01-Sphere,quality,0,31,0.0717096,1
F01-Sphere,quality,0,32,0.194503,1
F01-Sphere,quality,0,33,2.84217e-14,0
F01-Sphere,quality,0,34,9.86769,1
F01-Sphere,quality,0,35,2.84217e-14,0
F01-Sphere,quality,0,36,0.183894,1
F01-Sphere,quality,0,37,2.84217e-14,0
F01-Sphere,quality,0,38,9.82282,1
F01-Sphere,quality,0,39,2.84217e-14,0
F01-Sphere,quality,0,40,2.84217e-14,0
F01-Sphere,quality,0,41,0.134589,1
F01-Sphere,quality,0,42,10.0146,1
F01-Sphere,quality,0,43,2.84217e-14,0
F01-Sphere,quality,0,44,2.84217e-14,0
F01-Sphere,complement,0,15,2.84217e-14,0
F01-Sphere,complement,0,16,10.0341,1
F01-Sphere,complement,0,17,2.84217e-14,0
F01-Sphere,complement,0,18,2.84217e-14,0
F01-Sphere,complement,0,19,9.79417,1
F01-Sphere,complement,0,20,2.84217e-14,0
F01-Sphere,complement,0,21,9.81641,1
F01-Sphere,complement,0,22,2.84217e-14,0
F01-Sphere,complement,0,23,0.145911,1
F01-Sphere,complement,0,24,9.73533,1
F01-Sphere,complement,0,25,2.84217e-14,0
F01-Sphere,complement,0,26,2.84217e-14,0
F01-Sphere,complement,0,27,2.84217e-14,0
F01-Sphere,complement,0,28,10.1421,1
F01-Sphere,complement,0,29,2.84217e-14,0
F01-Sphere,complement,0,30,0.0291857,1
F01-Sphere,complement,0,31,0.0717096,1
F01-Sphere,complement,0,32,0.194503,1
F01-Sphere,complement,0,33,2.84217e-14,0
F01-Sphere,complement,0,34,9.86769,1
F01-Sphere,complement,0,35,2.84217e-14,0
F01-Sphere,complement,0,36,0.183894,1
F01-Sphere,complement,0,37,2.84217e-14,0
F01-Sphere,complement,0,38,9.82282,1
F01-Sphere,complement,0,39,2.84217e-14,0
F01-Sphere,complement,0,40,2.84217e-14,0
F01-Sphere,complement,0,41,0.134589,1
F01-Sphere,complement,0,42,10.0146,1
F01-Sphere,complement,0,43,2.84217e-14,0
F01-Sphere,complement,0,44,2.84217e-14,0
F01-Sphere,MC-ESO,1,15,0,0
F01-Sphere,MC-ESO,1,16,0.0393202,1
F01-Sphere,MC-ESO,1,17,0,1
F01-Sphere,MC-ESO,1,18,0,0
F01-Sphere,MC-ESO,1,19,0,0
F01-Sphere,MC-ESO,1,20,0.810855,0
F01-Sphere,MC-ESO,1,21,0.17976,0
F01-Sphere,MC-ESO,1,22,0,0
F01-Sphere,MC-ESO,1,23,2.66519,1
F01-Sphere,MC-ESO,1,24,0.17976,0
F01-Sphere,MC-ESO,1,25,0,0
F01-Sphere,MC-ESO,1,26,2.14832,1
F01-Sphere,MC-ESO,1,27,2.31436,1
F01-Sphere,MC-ESO,1,28,0,0
F01-Sphere,MC-ESO,1,29,0.175898,1
F01-Sphere,MC-ESO,1,30,0,0
F01-Sphere,MC-ESO,1,31,0.194906,1
F01-Sphere,MC-ESO,1,32,0,0
F01-Sphere,MC-ESO,1,33,0,0
F01-Sphere,MC-ESO,1,34,0.213982,1
F01-Sphere,MC-ESO,1,35,2.66902,1
F01-Sphere,MC-ESO,1,36,0,1
F01-Sphere,MC-ESO,1,37,0.182334,1
F01-Sphere,MC-ESO,1,38,0,0
F01-Sphere,MC-ESO,1,39,0,0
F01-Sphere,MC-ESO,1,40,0,0
F01-Sphere,MC-ESO,1,41,0.810855,0
F01-Sphere,MC-ESO,1,42,0,0
F01-Sphere,MC-ESO,1,43,9.78365,1
F01-Sphere,MC-ESO,1,44,0.660988,0
F01-Sphere,NMMSO,1,15,0,0
F01-Sphere,NMMSO,1,16,0.132441,1
F01-Sphere,NMMSO,1,17,0.124646,1
F01-Sphere,NMMSO,1,18,0,0
F01-Sphere,NMMSO,1,19,0,0
F01-Sphere,NMMSO,1,20,9.75961,1
F01-Sphere,NMMSO,1,21,9.96867,1
F01-Sphere,NMMSO,1,22,0,0
F01-Sphere,NMMSO,1,23,2.66519,1
F01-Sphere,NMMSO,1,24,9.92919,1
F01-Sphere,NMMSO,1,25,0,0
F01-Sphere,NMMSO,1,26,2.14832,1
F01-Sphere,NMMSO,1,27,2.31436,1
F01-Sphere,NMMSO,1,28,0,0
F01-Sphere,NMMSO,1,29,0.175898,1
F01-Sphere,NMMSO,1,30,0,0
F01-Sphere,NMMSO,1,31,0.194906,1
F01-Sphere,NMMSO,1,32,0,0
F01-Sphere,NMMSO,1,33,0,0
F01-Sphere,NMMSO,1,34,0.213982,1
F01-Sphere,NMMSO,1,35,2.66902,1
F01-Sphere,NMMSO,1,36,0.200961,1
F01-Sphere,NMMSO,1,37,0.182334,1
F01-Sphere,NMMSO,1,38,9.66392,1
F01-Sphere,NMMSO,1,39,0,0
F01-Sphere,NMMSO,1,40,0,0
F01-Sphere,NMMSO,1,41,9.95681,1
F01-Sphere,NMMSO,1,42,0,0
F01-Sphere,NMMSO,1,43,9.78365,1
F01-Sphere,NMMSO,1,44,10.0114,1
F01-Sphere,NCDE,1,15,0,0
F01-Sphere,NCDE,1,16,0.132441,0
F01-Sphere,NCDE,1,17,0.124646,0
F01-Sphere,NCDE,1,18,0,0
F01-Sphere,NCDE,1,19,0,0
F01-Sphere,NCDE,1,20,8.27905,0
F01-Sphere,NCDE,1,21,9.96867,0
F01-Sphere,NCDE,1,22,0,0
F01-Sphere,NCDE,1,23,0,0
F01-Sphere,NCDE,1,24,1.42764,0
F01-Sphere,NCDE,1,25,0,0
F01-Sphere,NCDE,1,26,0,0
F01-Sphere,NCDE,1,27,0,0
F01-Sphere,NCDE,1,28,0,0
F01-Sphere,NCDE,1,29,0.175898,0
F01-Sphere,NCDE,1,30,0,0
F01-Sphere,NCDE,1,31,0.194906,0
F01-Sphere,NCDE,1,32,0,0
F01-Sphere,NCDE,1,33,0,0
F01-Sphere,NCDE,1,34,0.213982,0
F01-Sphere,NCDE,1,35,0,0
F01-Sphere,NCDE,1,36,0.200961,0
F01-Sphere,NCDE,1,37,0.182334,0
F01-Sphere,NCDE,1,38,9.66392,0
F01-Sphere,NCDE,1,39,0,0
F01-Sphere,NCDE,1,40,0,0
F01-Sphere,NCDE,1,41,9.95681,0
F01-Sphere,NCDE,1,42,0,0
F01-Sphere,NCDE,1,43,8.27905,0
F01-Sphere,NCDE,1,44,10.0114,0
F01-Sphere,r3pso,1,15,0,0
F01-Sphere,r3pso,1,16,0.132441,1
F01-Sphere,r3pso,1,17,0.124646,1
F01-Sphere,r3pso,1,18,0,0
F01-Sphere,r3pso,1,19,0,0
F01-Sphere,r3pso,1,20,9.75961,1
F01-Sphere,r3pso,1,21,9.96867,1
F01-Sphere,r3pso,1,22,0,0
F01-Sphere,r3pso,1,23,2.66519,1
F01-Sphere,r3pso,1,24,9.92919,1
F01-Sphere,r3pso,1,25,0,0
F01-Sphere,r3pso,1,26,2.14832,1
F01-Sphere,r3pso,1,27,2.31436,1
F01-Sphere,r3pso,1,28,0,0
F01-Sphere,r3pso,1,29,0.175898,1
F01-Sphere,r3pso,1,30,0,0
F01-Sphere,r3pso,1,31,0.194906,1
F01-Sphere,r3pso,1,32,0,0
F01-Sphere,r3pso,1,33,0,0
F01-Sphere,r3pso,1,34,0.213982,1
F01-Sphere,r3pso,1,35,2.66902,1
F01-Sphere,r3pso,1,36,0.200961,1
F01-Sphere,r3pso,1,37,0.182334,1
F01-Sphere,r3pso,1,38,9.66392,1
F01-Sphere,r3pso,1,39,0,0
F01-Sphere,r3pso,1,40,0,0
F01-Sphere,r3pso,1,41,9.95681,1
F01-Sphere,r3pso,1,42,0,0
F01-Sphere,r3pso,1,43,9.78365,1
F01-Sphere,r3pso,1,44,10.0114,1
F01-Sphere,NM-Restart,1,15,0,0
F01-Sphere,NM-Restart,1,16,0.132441,1
F01-Sphere,NM-Restart,1,17,0.124646,1
F01-Sphere,NM-Restart,1,18,0,0
F01-Sphere,NM-Restart,1,19,0,0
F01-Sphere,NM-Restart,1,20,9.75961,1
F01-Sphere,NM-Restart,1,21,9.96867,1
F01-Sphere,NM-Restart,1,22,0,0
F01-Sphere,NM-Restart,1,23,2.66519,1
F01-Sphere,NM-Restart,1,24,9.92919,1
F01-Sphere,NM-Restart,1,25,0,0
F01-Sphere,NM-Restart,1,26,2.14832,1
F01-Sphere,NM-Restart,1,27,2.31436,1
F01-Sphere,NM-Restart,1,28,0,0
F01-Sphere,NM-Restart,1,29,0.175898,1
F01-Sphere,NM-Restart,1,30,0,0
F01-Sphere,NM-Restart,1,31,0.194906,1
F01-Sphere,NM-Restart,1,32,0,0
F01-Sphere,NM-Restart,1,33,0,0
F01-Sphere,NM-Restart,1,34,0.213982,1
F01-Sphere,NM-Restart,1,35,2.66902,1
F01-Sphere,NM-Restart,1,36,0.200961,1
F01-Sphere,NM-Restart,1,37,0.182334,1
F01-Sphere,NM-Restart,1,38,9.66392,1
F01-Sphere,NM-Restart,1,39,0,0
F01-Sphere,NM-Restart,1,40,0,0
F01-Sphere,NM-Restart,1,41,9.95681,1
F01-Sphere,NM-Restart,1,42,0,0
F01-Sphere,NM-Restart,1,43,9.78365,1
F01-Sphere,NM-Restart,1,44,10.0114,1
F01-Sphere,IPOP-CMA-ES,1,15,0,0
F01-Sphere,IPOP-CMA-ES,1,16,0.132441,1
F01-Sphere,IPOP-CMA-ES,1,17,0.124646,1
F01-Sphere,IPOP-CMA-ES,1,18,0,0
F01-Sphere,IPOP-CMA-ES,1,19,0,0
F01-Sphere,IPOP-CMA-ES,1,20,9.75961,1
F01-Sphere,IPOP-CMA-ES,1,21,9.96867,1
F01-Sphere,IPOP-CMA-ES,1,22,0,0
F01-Sphere,IPOP-CMA-ES,1,23,2.66519,1
F01-Sphere,IPOP-CMA-ES,1,24,9.92919,1
F01-Sphere,IPOP-CMA-ES,1,25,0,0
F01-Sphere,IPOP-CMA-ES,1,26,2.14832,1
F01-Sphere,IPOP-CMA-ES,1,27,2.31436,1
F01-Sphere,IPOP-CMA-ES,1,28,0,0
F01-Sphere,IPOP-CMA-ES,1,29,0.175898,1
F01-Sphere,IPOP-CMA-ES,1,30,0,0
F01-Sphere,IPOP-CMA-ES,1,31,0.194906,1
F01-Sphere,IPOP-CMA-ES,1,32,0,0
F01-Sphere,IPOP-CMA-ES,1,33,0,0
F01-Sphere,IPOP-CMA-ES,1,34,0.213982,1
F01-Sphere,IPOP-CMA-ES,1,35,2.66902,1
F01-Sphere,IPOP-CMA-ES,1,36,0.200961,1
F01-Sphere,IPOP-CMA-ES,1,37,0.182334,1
F01-Sphere,IPOP-CMA-ES,1,38,9.66392,1
F01-Sphere,IPOP-CMA-ES,1,39,0,0
F01-Sphere,IPOP-CMA-ES,1,40,0,0
F01-Sphere,IPOP-CMA-ES,1,41,9.95681,1
F01-Sphere,IPOP-CMA-ES,1,42,0,0
F01-Sphere,IPOP-CMA-ES,1,43,9.78365,1
F01-Sphere,IPOP-CMA-ES,1,44,10.0114,1
F01-Sphere,DE,1,15,0,0
F01-Sphere,DE,1,16,0.132441,1
F01-Sphere,DE,1,17,0.124646,1
F01-Sphere,DE,1,18,0,0
F01-Sphere,DE,1,19,0,0
F01-Sphere,DE,1,20,9.75961,1
F01-Sphere,DE,1,21,9.96867,1
F01-Sphere,DE,1,22,0,0
F01-Sphere,DE,1,23,2.66519,1
F01-Sphere,DE,1,24,9.92919,1
F01-Sphere,DE,1,25,0,0
F01-Sphere,DE,1,26,2.14832,1
F01-Sphere,DE,1,27,2.31436,1
F01-Sphere,DE,1,28,0,0
F01-Sphere,DE,1,29,0.175898,1
F01-Sphere,DE,1,30,0,0
F01-Sphere,DE,1,31,0.194906,1
F01-Sphere,DE,1,32,0,0
F01-Sphere,DE,1,33,0,0
F01-Sphere,DE,1,34,0.213982,1
F01-Sphere,DE,1,35,2.66902,1
F01-Sphere,DE,1,36,0.200961,1
F01-Sphere,DE,1,37,0.182334,1
F01-Sphere,DE,1,38,9.66392,1
F01-Sphere,DE,1,39,0,0
F01-Sphere,DE,1,40,0,0
F01-Sphere,DE,1,41,9.95681,1
F01-Sphere,DE,1,42,0,0
F01-Sphere,DE,1,43,9.78365,1
F01-Sphere,DE,1,44,10.0114,1
F01-Sphere,PSO,1,15,0,0
F01-Sphere,PSO,1,16,0.132441,1
F01-Sphere,PSO,1,17,0.124646,1
F01-Sphere,PSO,1,18,0,0
F01-Sphere,PSO,1,19,0,0
F01-Sphere,PSO,1,20,9.75961,1
F01-Sphere,PSO,1,21,9.96867,1
F01-Sphere,PSO,1,22,0,0
F01-Sphere,PSO,1,23,2.66519,1
F01-Sphere,PSO,1,24,9.92919,1
F01-Sphere,PSO,1,25,0,0
F01-Sphere,PSO,1,26,2.14832,1
F01-Sphere,PSO,1,27,2.31436,1
F01-Sphere,PSO,1,28,0,0
F01-Sphere,PSO,1,29,0.175898,1
F01-Sphere,PSO,1,30,0,0
F01-Sphere,PSO,1,31,0.194906,1
F01-Sphere,PSO,1,32,0,0
F01-Sphere,PSO,1,33,0,0
F01-Sphere,PSO,1,34,0.213982,1
F01-Sphere,PSO,1,35,2.66902,1
F01-Sphere,PSO,1,36,0.200961,1
F01-Sphere,PSO,1,37,0.182334,1
F01-Sphere,PSO,1,38,9.66392,1
F01-Sphere,PSO,1,39,0,0
F01-Sphere,PSO,1,40,0,0
F01-Sphere,PSO,1,41,9.95681,1
F01-Sphere,PSO,1,42,0,0
F01-Sphere,PSO,1,43,9.78365,1
F01-Sphere,PSO,1,44,10.0114,1
F01-Sphere,Crowding-DE,1,15,3.00788e-09,0
F01-Sphere,Crowding-DE,1,16,0.132479,1
F01-Sphere,Crowding-DE,1,17,0.124687,1
F01-Sphere,Crowding-DE,1,18,3.00788e-09,0
F01-Sphere,Crowding-DE,1,19,3.00788e-09,0
F01-Sphere,Crowding-DE,1,20,9.75956,1
F01-Sphere,Crowding-DE,1,21,9.96872,1
F01-Sphere,Crowding-DE,1,22,3.00788e-09,0
F01-Sphere,Crowding-DE,1,23,2.66514,1
F01-Sphere,Crowding-DE,1,24,9.92924,1
F01-Sphere,Crowding-DE,1,25,3.00788e-09,0
F01-Sphere,Crowding-DE,1,26,2.14829,1
F01-Sphere,Crowding-DE,1,27,2.31431,1
F01-Sphere,Crowding-DE,1,28,3.00788e-09,0
F01-Sphere,Crowding-DE,1,29,0.175893,1
F01-Sphere,Crowding-DE,1,30,3.00788e-09,0
F01-Sphere,Crowding-DE,1,31,0.194879,1
F01-Sphere,Crowding-DE,1,32,3.00788e-09,0
F01-Sphere,Crowding-DE,1,33,3.00788e-09,0
F01-Sphere,Crowding-DE,1,34,0.213991,1
F01-Sphere,Crowding-DE,1,35,2.66897,1
F01-Sphere,Crowding-DE,1,36,0.201011,1
F01-Sphere,Crowding-DE,1,37,0.182331,1
F01-Sphere,Crowding-DE,1,38,9.66396,1
F01-Sphere,Crowding-DE,1,39,3.00788e-09,0
F01-Sphere,Crowding-DE,1,40,3.00788e-09,0
F01-Sphere,Crowding-DE,1,41,9.95681,1
F01-Sphere,Crowding-DE,1,42,3.00788e-09,0
F01-Sphere,Crowding-DE,1,43,9.7836,1
F01-Sphere,Crowding-DE,1,44,10.0114,1
F01-Sphere,MAP-Elites,1,15,0.00165684,0
F01-Sphere,MAP-Elites,1,16,0.174802,1
F01-Sphere,MAP-Elites,1,17,0.166864,1
F01-Sphere,MAP-Elites,1,18,0.00165684,0
F01-Sphere,MAP-Elites,1,19,0.00165684,0
F01-Sphere,MAP-Elites,1,20,0.213844,0
F01-Sphere,MAP-Elites,1,21,0.0939401,0
F01-Sphere,MAP-Elites,1,22,0.00165684,0
F01-Sphere,MAP-Elites,1,23,2.53795,1
F01-Sphere,MAP-Elites,1,24,0.0939401,0
F01-Sphere,MAP-Elites,1,25,0.00165684,0
F01-Sphere,MAP-Elites,1,26,1.95243,1
F01-Sphere,MAP-Elites,1,27,2.16798,1
F01-Sphere,MAP-Elites,1,28,0.36166,0
F01-Sphere,MAP-Elites,1,29,0.0742593,1
F01-Sphere,MAP-Elites,1,30,0.00165684,0
F01-Sphere,MAP-Elites,1,31,0,1
F01-Sphere,MAP-Elites,1,32,0.00165684,0
F01-Sphere,MAP-Elites,1,33,0.00165684,0
F01-Sphere,MAP-Elites,1,34,0.22893,1
F01-Sphere,MAP-Elites,1,35,2.54819,1
F01-Sphere,MAP-Elites,1,36,0.207194,1
F01-Sphere,MAP-Elites,1,37,0.0914422,1
F01-Sphere,MAP-Elites,1,38,9.70625,1
F01-Sphere,MAP-Elites,1,39,0.00165684,0
F01-Sphere,MAP-Elites,1,40,0.00165684,0
F01-Sphere,MAP-Elites,1,41,0.213844,0
F01-Sphere,MAP-Elites,1,42,0.00165684,0
F01-Sphere,MAP-Elites,1,43,0.213844,0
F01-Sphere,MAP-Elites,1,44,0.0639765,0
F01-Sphere,MC-ESO-crowd,1,15,4.63011e-07,0
F01-Sphere,MC-ESO-crowd,1,16,0,1
F01-Sphere,MC-ESO-crowd,1,17,0.0222418,1
F01-Sphere,MC-ESO-crowd,1,18,4.63011e-07,0
F01-Sphere,MC-ESO-crowd,1,19,4.63011e-07,0
F01-Sphere,MC-ESO-crowd,1,20,0,0
F01-Sphere,MC-ESO-crowd,1,21,0,0
F01-Sphere,MC-ESO-crowd,1,22,4.63011e-07,0
F01-Sphere,MC-ESO-crowd,1,23,2.43361,1
F01-Sphere,MC-ESO-crowd,1,24,0,0
F01-Sphere,MC-ESO-crowd,1,25,4.63011e-07,0
F01-Sphere,MC-ESO-crowd,1,26,1.93418,1
F01-Sphere,MC-ESO-crowd,1,27,2.09606,1
F01-Sphere,MC-ESO-crowd,1,28,4.63011e-07,0
F01-Sphere,MC-ESO-crowd,1,29,0,1
F01-Sphere,MC-ESO-crowd,1,30,4.63011e-07,0
F01-Sphere,MC-ESO-crowd,1,31,0.0146537,1
F01-Sphere,MC-ESO-crowd,1,32,4.63011e-07,0
F01-Sphere,MC-ESO-crowd,1,33,4.63011e-07,0
F01-Sphere,MC-ESO-crowd,1,34,0,1
F01-Sphere,MC-ESO-crowd,1,35,2.43448,1
F01-Sphere,MC-ESO-crowd,1,36,0.0626926,1
F01-Sphere,MC-ESO-crowd,1,37,0,1
F01-Sphere,MC-ESO-crowd,1,38,9.54691,1
F01-Sphere,MC-ESO-crowd,1,39,4.63011e-07,0
F01-Sphere,MC-ESO-crowd,1,40,4.63011e-07,0
F01-Sphere,MC-ESO-crowd,1,41,0,0
F01-Sphere,MC-ESO-crowd,1,42,4.63011e-07,0
F01-Sphere,MC-ESO-crowd,1,43,0,0
F01-Sphere,MC-ESO-crowd,1,44,0,0
F01-Sphere,quality,1,15,9.9476e-14,0
F01-Sphere,quality,1,16,0.132441,1
F01-Sphere,quality,1,17,0.124646,1
F01-Sphere,quality,1,18,9.9476e-14,0
F01-Sphere,quality,1,19,9.9476e-14,0
F01-Sphere,quality,1,20,9.75961,1
F01-Sphere,quality,1,21,9.96867,1
F01-Sphere,quality,1,22,9.9476e-14,0
F01-Sphere,quality,1,23,2.66519,1
F01-Sphere,quality,1,24,9.92919,1
F01-Sphere,quality,1,25,9.9476e-14,0
F01-Sphere,quality,1,26,2.14832,1
F01-Sphere,quality,1,27,2.31436,1
F01-Sphere,quality,1,28,9.9476e-14,0
F01-Sphere,quality,1,29,0.175898,1
F01-Sphere,quality,1,30,9.9476e-14,0
F01-Sphere,quality,1,31,0.194906,1
F01-Sphere,quality,1,32,9.9476e-14,0
F01-Sphere,quality,1,33,9.9476e-14,0
F01-Sphere,quality,1,34,0.213982,1
F01-Sphere,quality,1,35,2.66902,1
F01-Sphere,quality,1,36,0.200961,1
F01-Sphere,quality,1,37,0.182334,1
F01-Sphere,quality,1,38,9.66392,1
F01-Sphere,quality,1,39,9.9476e-14,0
F01-Sphere,quality,1,40,9.9476e-14,0
F01-Sphere,quality,1,41,9.95681,1
F01-Sphere,quality,1,42,9.9476e-14,0
F01-Sphere,quality,1,43,9.78365,1
F01-Sphere,quality,1,44,10.0114,1
F01-Sphere,complement,1,15,9.9476e-14,0
F01-Sphere,complement,1,16,0.132441,1
F01-Sphere,complement,1,17,0.124646,1
F01-Sphere,complement,1,18,9.9476e-14,0
F01-Sphere,complement,1,19,9.9476e-14,0
F01-Sphere,complement,1,20,9.75961,1
F01-Sphere,complement,1,21,9.96867,1
F01-Sphere,complement,1,22,9.9476e-14,0
F01-Sphere,complement,1,23,2.66519,1
F01-Sphere,complement,1,24,9.92919,1
F01-Sphere,complement,1,25,9.9476e-14,0
F01-Sphere,complement,1,26,2.14832,1
F01-Sphere,complement,1,27,2.31436,1
F01-Sphere,complement,1,28,9.9476e-14,0
F01-Sphere,complement,1,29,0.175898,1
F01-Sphere,complement,1,30,9.9476e-14,0
F01-Sphere,complement,1,31,0.194906,1
F01-Sphere,complement,1,32,9.9476e-14,0
F01-Sphere,complement,1,33,9.9476e-14,0
F01-Sphere,complement,1,34,0.213982,1
F01-Sphere,complement,1,35,2.66902,1
F01-Sphere,complement,1,36,0.200961,1
F01-Sphere,complement,1,37,0.182334,1
F01-Sphere,complement,1,38,9.66392,1
F01-Sphere,complement,1,39,9.9476e-14,0
F01-Sphere,complement,1,40,9.9476e-14,0
F01-Sphere,complement,1,41,9.95681,1
F01-Sphere,complement,1,42,9.9476e-14,0
F01-Sphere,complement,1,43,9.78365,1
F01-Sphere,complement,1,44,10.0114,1
F01-Sphere,MC-ESO,2,15,0,0
F01-Sphere,MC-ESO,2,16,0,0
F01-Sphere,MC-ESO,2,17,0.150687,1
F01-Sphere,MC-ESO,2,18,0,0
F01-Sphere,MC-ESO,2,19,10.0306,1
F01-Sphere,MC-ESO,2,20,0.158981,1
F01-Sphere,MC-ESO,2,21,0,0
F01-Sphere,MC-ESO,2,22,0,0
F01-Sphere,MC-ESO,2,23,9.9721,1
F01-Sphere,MC-ESO,2,24,0,0
F01-Sphere,MC-ESO,2,25,0,0
F01-Sphere,MC-ESO,2,26,9.75775,1
F01-Sphere,MC-ESO,2,27,9.25178,1
F01-Sphere,MC-ESO,2,28,0.229919,1
F01-Sphere,MC-ESO,2,29,0,0
F01-Sphere,MC-ESO,2,30,0,0
F01-Sphere,MC-ESO,2,31,0,0
F01-Sphere,MC-ESO,2,32,9.74764,1
F01-Sphere,MC-ESO,2,33,0.153489,1
F01-Sphere,MC-ESO,2,34,0,0
F01-Sphere,MC-ESO,2,35,9.77112,1
F01-Sphere,MC-ESO,2,36,0,0
F01-Sphere,MC-ESO,2,37,0.190066,1
F01-Sphere,MC-ESO,2,38,10.1498,1
F01-Sphere,MC-ESO,2,39,0,0
F01-Sphere,MC-ESO,2,40,0,0
F01-Sphere,MC-ESO,2,41,0.112664,1
F01-Sphere,MC-ESO,2,42,9.76704,1
F01-Sphere,MC-ESO,2,43,0,0
F01-Sphere,MC-ESO,2,44,10.1041,1
F01-Sphere,NMMSO,2,15,0,0
F01-Sphere,NMMSO,2,16,0,0
F01-Sphere,NMMSO,2,17,0.150687,0
F01-Sphere,NMMSO,2,18,0,0
F01-Sphere,NMMSO,2,19,10.0306,0
F01-Sphere,NMMSO,2,20,0.158981,0
F01-Sphere,NMMSO,2,21,0,0
F01-Sphere,NMMSO,2,22,0,0
F01-Sphere,NMMSO,2,23,9.9721,1
F01-Sphere,NMMSO,2,24,0,0
F01-Sphere,NMMSO,2,25,0,0
F01-Sphere,NMMSO,2,26,9.75775,1
F01-Sphere,NMMSO,2,27,9.25178,1
F01-Sphere,NMMSO,2,28,0.229919,0
F01-Sphere,NMMSO,2,29,0,0
F01-Sphere,NMMSO,2,30,0,0
F01-Sphere,NMMSO,2,31,0,0
F01-Sphere,NMMSO,2,32,9.74764,0
F01-Sphere,NMMSO,2,33,0.153489,0
F01-Sphere,NMMSO,2,34,0,0
F01-Sphere,NMMSO,2,35,9.77112,0
F01-Sphere,NMMSO,2,36,0,0
F01-Sphere,NMMSO,2,37,0.190066,0
F01-Sphere,NMMSO,2,38,10.1498,1
F01-Sphere,NMMSO,2,39,0,0
F01-Sphere,NMMSO,2,40,0,0
F01-Sphere,NMMSO,2,41,0.112664,0
F01-Sphere,NMMSO,2,42,9.76704,1
F01-Sphere,NMMSO,2,43,0,0
F01-Sphere,NMMSO,2,44,10.1041,0
F01-Sphere,NCDE,2,15,0,0
F01-Sphere,NCDE,2,16,0,0
F01-Sphere,NCDE,2,17,0.0718866,1
F01-Sphere,NCDE,2,18,0,0
F01-Sphere,NCDE,2,19,0,0
F01-Sphere,NCDE,2,20,0.0800006,1
F01-Sphere,NCDE,2,21,0,0
F01-Sphere,NCDE,2,22,0,0
F01-Sphere,NCDE,2,23,1.45532,0
F01-Sphere,NCDE,2,24,0,0
F01-Sphere,NCDE,2,25,0,0
F01-Sphere,NCDE,2,26,1.45532,0
F01-Sphere,NCDE,2,27,0,0
F01-Sphere,NCDE,2,28,0.0423639,1
F01-Sphere,NCDE,2,29,0,0
F01-Sphere,NCDE,2,30,0,0
F01-Sphere,NCDE,2,31,0,0
F01-Sphere,NCDE,2,32,0.127535,0
F01-Sphere,NCDE,2,33,0,1
F01-Sphere,NCDE,2,34,0,0
F01-Sphere,NCDE,2,35,0.32497,0
F01-Sphere,NCDE,2,36,0,0
F01-Sphere,NCDE,2,37,0.0680288,1
F01-Sphere,NCDE,2,38,0.32497,0
F01-Sphere,NCDE,2,39,0,0
F01-Sphere,NCDE,2,40,0,0
F01-Sphere,NCDE,2,41,0.0947918,1
F01-Sphere,NCDE,2,42,1.01525,0
F01-Sphere,NCDE,2,43,0,0
F01-Sphere,NCDE,2,44,0,0
F01-Sphere,r3pso,2,15,0,0
F01-Sphere,r3pso,2,16,0,0
F01-Sphere,r3pso,2,17,0.150687,1
F01-Sphere,r3pso,2,18,0,0
F01-Sphere,r3pso,2,19,10.0306,1
F01-Sphere,r3pso,2,20,0.158981,1
F01-Sphere,r3pso,2,21,0,0
F01-Sphere,r3pso,2,22,0,0
F01-Sphere,r3pso,2,23,9.9721,1
F01-Sphere,r3pso,2,24,0,0
F01-Sphere,r3pso,2,25,0,0
F01-Sphere,r3pso,2,26,9.75775,1
F01-Sphere,r3pso,2,27,9.25178,1
F01-Sphere,r3pso,2,28,0.229919,1
F01-Sphere,r3pso,2,29,0,0
F01-Sphere,r3pso,2,30,0,0
F01-Sphere,r3pso,2,31,0,0
F01-Sphere,r3pso,2,32,9.74764,1
F01-Sphere,r3pso,2,33,0.153489,1
F01-Sphere,r3pso,2,34,0,0
F01-Sphere,r3pso,2,35,9.77112,1
F01-Sphere,r3pso,2,36,0,0
F01-Sphere,r3pso,2,37,0.190066,1
F01-Sphere,r3pso,2,38,10.1498,1
F01-Sphere,r3pso,2,39,0,0
F01-Sphere,r3pso,2,40,0,0
F01-Sphere,r3pso,2,41,0.112664,1
F01-Sphere,r3pso,2,42,9.76704,1
F01-Sphere,r3pso,2,43,0,0
F01-Sphere,r3pso,2,44,10.1041,1
F01-Sphere,NM-Restart,2,15,0,0
F01-Sphere,NM-Restart,2,16,0,0
F01-Sphere,NM-Restart,2,17,0.150687,1
F01-Sphere,NM-Restart,2,18,0,0
F01-Sphere,NM-Restart,2,19,10.0306,1
F01-Sphere,NM-Restart,2,20,0.158981,1
F01-Sphere,NM-Restart,2,21,0,0
F01-Sphere,NM-Restart,2,22,0,0
F01-Sphere,NM-Restart,2,23,9.9721,1
F01-Sphere,NM-Restart,2,24,0,0
F01-Sphere,NM-Restart,2,25,0,0
F01-Sphere,NM-Restart,2,26,9.75775,1
F01-Sphere,NM-Restart,2,27,9.25178,1
F01-Sphere,NM-Restart,2,28,0.229919,1
F01-Sphere,NM-Restart,2,29,0,0
F01-Sphere,NM-Restart,2,30,0,0
F01-Sphere,NM-Restart,2,31,0,0
F01-Sphere,NM-Restart,2,32,9.74764,1
F01-Sphere,NM-Restart,2,33,0.153489,1
F01-Sphere,NM-Restart,2,34,0,0
F01-Sphere,NM-Restart,2,35,9.77112,1
F01-Sphere,NM-Restart,2,36,0,0
F01-Sphere,NM-Restart,2,37,0.190066,1
F01-Sphere,NM-Restart,2,38,10.1498,1
F01-Sphere,NM-Restart,2,39,0,0
F01-Sphere,NM-Restart,2,40,0,0
F01-Sphere,NM-Restart,2,41,0.112664,1
F01-Sphere,NM-Restart,2,42,9.76704,1
F01-Sphere,NM-Restart,2,43,0,0
F01-Sphere,NM-Restart,2,44,10.1041,1
F01-Sphere,IPOP-CMA-ES,2,15,0,0
F01-Sphere,IPOP-CMA-ES,2,16,0,0
F01-Sphere,IPOP-CMA-ES,2,17,0.150687,1
F01-Sphere,IPOP-CMA-ES,2,18,0,0
F01-Sphere,IPOP-CMA-ES,2,19,10.0306,1
F01-Sphere,IPOP-CMA-ES,2,20,0.158981,1
F01-Sphere,IPOP-CMA-ES,2,21,0,0
F01-Sphere,IPOP-CMA-ES,2,22,0,0
F01-Sphere,IPOP-CMA-ES,2,23,9.9721,1
F01-Sphere,IPOP-CMA-ES,2,24,0,0
F01-Sphere,IPOP-CMA-ES,2,25,0,0
F01-Sphere,IPOP-CMA-ES,2,26,9.75775,1
F01-Sphere,IPOP-CMA-ES,2,27,9.25178,1
F01-Sphere,IPOP-CMA-ES,2,28,0.229919,1
F01-Sphere,IPOP-CMA-ES,2,29,0,0
F01-Sphere,IPOP-CMA-ES,2,30,0,0
F01-Sphere,IPOP-CMA-ES,2,31,0,0
F01-Sphere,IPOP-CMA-ES,2,32,9.74764,1
F01-Sphere,IPOP-CMA-ES,2,33,0.153489,1
F01-Sphere,IPOP-CMA-ES,2,34,0,0
F01-Sphere,IPOP-CMA-ES,2,35,9.77112,1
F01-Sphere,IPOP-CMA-ES,2,36,0,0
F01-Sphere,IPOP-CMA-ES,2,37,0.190066,1
F01-Sphere,IPOP-CMA-ES,2,38,10.1498,1
F01-Sphere,IPOP-CMA-ES,2,39,0,0
F01-Sphere,IPOP-CMA-ES,2,40,0,0
F01-Sphere,IPOP-CMA-ES,2,41,0.112664,1
F01-Sphere,IPOP-CMA-ES,2,42,9.76704,1
F01-Sphere,IPOP-CMA-ES,2,43,0,0
F01-Sphere,IPOP-CMA-ES,2,44,10.1041,1
F01-Sphere,DE,2,15,0,0
F01-Sphere,DE,2,16,0,0
F01-Sphere,DE,2,17,0.150687,1
F01-Sphere,DE,2,18,0,0
F01-Sphere,DE,2,19,10.0306,1
F01-Sphere,DE,2,20,0.158981,1
F01-Sphere,DE,2,21,0,0
F01-Sphere,DE,2,22,0,0
F01-Sphere,DE,2,23,9.9721,1
F01-Sphere,DE,2,24,0,0
F01-Sphere,DE,2,25,0,0
F01-Sphere,DE,2,26,9.75775,1
F01-Sphere,DE,2,27,9.25178,1
F01-Sphere,DE,2,28,0.229919,1
F01-Sphere,DE,2,29,0,0
F01-Sphere,DE,2,30,0,0
F01-Sphere,DE,2,31,0,0
F01-Sphere,DE,2,32,9.74764,1
F01-Sphere,DE,2,33,0.153489,1
F01-Sphere,DE,2,34,0,0
F01-Sphere,DE,2,35,9.77112,1
F01-Sphere,DE,2,36,0,0
F01-Sphere,DE,2,37,0.190066,1
F01-Sphere,DE,2,38,10.1498,1
F01-Sphere,DE,2,39,0,0
F01-Sphere,DE,2,40,0,0
F01-Sphere,DE,2,41,0.112664,1
F01-Sphere,DE,2,42,9.76704,1
F01-Sphere,DE,2,43,0,0
F01-Sphere,DE,2,44,10.1041,1
F01-Sphere,PSO,2,15,0,0
F01-Sphere,PSO,2,16,0,0
F01-Sphere,PSO,2,17,0.150687,1
F01-Sphere,PSO,2,18,0,0
F01-Sphere,PSO,2,19,10.0306,1
F01-Sphere,PSO,2,20,0.158981,1
F01-Sphere,PSO,2,21,0,0
F01-Sphere,PSO,2,22,0,0
F01-Sphere,PSO,2,23,9.9721,1
F01-Sphere,PSO,2,24,0,0
F01-Sphere,PSO,2,25,0,0
F01-Sphere,PSO,2,26,9.75775,1
F01-Sphere,PSO,2,27,9.25178,1
F01-Sphere,PSO,2,28,0.229919,1
F01-Sphere,PSO,2,29,0,0
F01-Sphere,PSO,2,30,0,0
F01-Sphere,PSO,2,31,0,0
F01-Sphere,PSO,2,32,9.74764,1
F01-Sphere,PSO,2,33,0.153489,1
F01-Sphere,PSO,2,34,0,0
F01-Sphere,PSO,2,35,9.77112,1
F01-Sphere,PSO,2,36,0,0
F01-Sphere,PSO,2,37,0.190066,1
F01-Sphere,PSO,2,38,10.1498,1
F01-Sphere,PSO,2,39,0,0
F01-Sphere,PSO,2,40,0,0
F01-Sphere,PSO,2,41,0.112664,1
F01-Sphere,PSO,2,42,9.76704,1
F01-Sphere,PSO,2,43,0,0
F01-Sphere,PSO,2,44,10.1041,1
F01-Sphere,Crowding-DE,2,15,1.06431e-08,0
F01-Sphere,Crowding-DE,2,16,1.06431e-08,0
F01-Sphere,Crowding-DE,2,17,0.150768,1
F01-Sphere,Crowding-DE,2,18,1.06431e-08,0
F01-Sphere,Crowding-DE,2,19,10.0306,1
F01-Sphere,Crowding-DE,2,20,0.159083,1
F01-Sphere,Crowding-DE,2,21,1.06431e-08,0
F01-Sphere,Crowding-DE,2,22,1.06431e-08,0
F01-Sphere,Crowding-DE,2,23,9.97203,1
F01-Sphere,Crowding-DE,2,24,1.06431e-08,0
F01-Sphere,Crowding-DE,2,25,1.06431e-08,0
F01-Sphere,Crowding-DE,2,26,9.75769,1
F01-Sphere,Crowding-DE,2,27,9.2518,1
F01-Sphere,Crowding-DE,2,28,0.230019,1
F01-Sphere,Crowding-DE,2,29,1.06431e-08,0
F01-Sphere,Crowding-DE,2,30,1.06431e-08,0
F01-Sphere,Crowding-DE,2,31,1.06431e-08,0
F01-Sphere,Crowding-DE,2,32,9.74774,1
F01-Sphere,Crowding-DE,2,33,0.153552,1
F01-Sphere,Crowding-DE,2,34,1.06431e-08,0
F01-Sphere,Crowding-DE,2,35,9.77112,1
F01-Sphere,Crowding-DE,2,36,1.06431e-08,0
F01-Sphere,Crowding-DE,2,37,0.190169,1
F01-Sphere,Crowding-DE,2,38,10.1497,1
F01-Sphere,Crowding-DE,2,39,1.06431e-08,0
F01-Sphere,Crowding-DE,2,40,1.06431e-08,0
F01-Sphere,Crowding-DE,2,41,0.112763,1
F01-Sphere,Crowding-DE,2,42,9.76699,1
F01-Sphere,Crowding-DE,2,43,1.06431e-08,0
F01-Sphere,Crowding-DE,2,44,10.1041,1
F01-Sphere,MAP-Elites,2,15,0.00763402,0
F01-Sphere,MAP-Elites,2,16,0.00763402,0
F01-Sphere,MAP-Elites,2,17,0.104805,1
F01-Sphere,MAP-Elites,2,18,0.00763402,0
F01-Sphere,MAP-Elites,2,19,0.0838212,0
F01-Sphere,MAP-Elites,2,20,0.0865139,1
F01-Sphere,MAP-Elites,2,21,0.00763402,0
F01-Sphere,MAP-Elites,2,22,0.00763402,0
F01-Sphere,MAP-Elites,2,23,0,0
F01-Sphere,MAP-Elites,2,24,0.00763402,0
F01-Sphere,MAP-Elites,2,25,0.00763402,0
F01-Sphere,MAP-Elites,2,26,0,0
F01-Sphere,MAP-Elites,2,27,9.18834,1
F01-Sphere,MAP-Elites,2,28,0.0361772,1
F01-Sphere,MAP-Elites,2,29,0.00763402,0
F01-Sphere,MAP-Elites,2,30,0.00763402,0
F01-Sphere,MAP-Elites,2,31,0.00763402,0
F01-Sphere,MAP-Elites,2,32,0.0773988,0
F01-Sphere,MAP-Elites,2,33,0.029525,1
F01-Sphere,MAP-Elites,2,34,0.00763402,0
F01-Sphere,MAP-Elites,2,35,0,0
F01-Sphere,MAP-Elites,2,36,0.00763402,0
F01-Sphere,MAP-Elites,2,37,0.0718071,1
F01-Sphere,MAP-Elites,2,38,0,0
F01-Sphere,MAP-Elites,2,39,0.00763402,0
F01-Sphere,MAP-Elites,2,40,0.00763402,0
F01-Sphere,MAP-Elites,2,41,0.079112,1
F01-Sphere,MAP-Elites,2,42,9.63835,1
F01-Sphere,MAP-Elites,2,43,0.00763402,0
F01-Sphere,MAP-Elites,2,44,0.0838212,0
F01-Sphere,MC-ESO-crowd,2,15,4.37085e-06,0
F01-Sphere,MC-ESO-crowd,2,16,4.37085e-06,0
F01-Sphere,MC-ESO-crowd,2,17,0,1
F01-Sphere,MC-ESO-crowd,2,18,4.37085e-06,0
F01-Sphere,MC-ESO-crowd,2,19,0.105724,0
F01-Sphere,MC-ESO-crowd,2,20,0,1
F01-Sphere,MC-ESO-crowd,2,21,4.37085e-06,0
F01-Sphere,MC-ESO-crowd,2,22,4.37085e-06,0
F01-Sphere,MC-ESO-crowd,2,23,0.440073,0
F01-Sphere,MC-ESO-crowd,2,24,4.37085e-06,0
F01-Sphere,MC-ESO-crowd,2,25,4.37085e-06,0
F01-Sphere,MC-ESO-crowd,2,26,0.440073,0
F01-Sphere,MC-ESO-crowd,2,27,9.25158,1
F01-Sphere,MC-ESO-crowd,2,28,0,1
F01-Sphere,MC-ESO-crowd,2,29,4.37085e-06,0
F01-Sphere,MC-ESO-crowd,2,30,4.37085e-06,0
F01-Sphere,MC-ESO-crowd,2,31,4.37085e-06,0
F01-Sphere,MC-ESO-crowd,2,32,0,0
F01-Sphere,MC-ESO-crowd,2,33,0.0260649,1
F01-Sphere,MC-ESO-crowd,2,34,4.37085e-06,0
F01-Sphere,MC-ESO-crowd,2,35,0.152001,0
F01-Sphere,MC-ESO-crowd,2,36,4.37085e-06,0
F01-Sphere,MC-ESO-crowd,2,37,0,1
F01-Sphere,MC-ESO-crowd,2,38,0.152001,0
F01-Sphere,MC-ESO-crowd,2,39,4.37085e-06,0
F01-Sphere,MC-ESO-crowd,2,40,4.37085e-06,0
F01-Sphere,MC-ESO-crowd,2,41,0,1
F01-Sphere,MC-ESO-crowd,2,42,0,0
F01-Sphere,MC-ESO-crowd,2,43,4.37085e-06,0
F01-Sphere,MC-ESO-crowd,2,44,0.105724,0
F01-Sphere,quality,2,15,1.42109e-14,0
F01-Sphere,quality,2,16,1.42109e-14,0
F01-Sphere,quality,2,17,0.150686,1
F01-Sphere,quality,2,18,1.42109e-14,0
F01-Sphere,quality,2,19,10.0306,1
F01-Sphere,quality,2,20,0.158981,1
F01-Sphere,quality,2,21,1.42109e-14,0
F01-Sphere,quality,2,22,1.42109e-14,0
F01-Sphere,quality,2,23,9.9721,1
F01-Sphere,quality,2,24,1.42109e-14,0
F01-Sphere,quality,2,25,1.42109e-14,0
F01-Sphere,quality,2,26,9.75775,1
F01-Sphere,quality,2,27,9.25178,1
F01-Sphere,quality,2,28,0.229919,1
F01-Sphere,quality,2,29,1.42109e-14,0
F01-Sphere,quality,2,30,1.42109e-14,0
F01-Sphere,quality,2,31,1.42109e-14,0
F01-Sphere,quality,2,32,9.74764,1
F01-Sphere,quality,2,33,0.153489,1
F01-Sphere,quality,2,34,1.42109e-14,0
F01-Sphere,quality,2,35,9.77112,1
F01-Sphere,quality,2,36,1.42109e-14,0
F01-Sphere,quality,2,37,0.190066,1
F01-Sphere,quality,2,38,10.1498,1
F01-Sphere,quality,2,39,1.42109e-14,0
F01-Sphere,quality,2,40,1.42109e-14,0
F01-Sphere,quality,2,41,0.112664,1
F01-Sphere,quality,2,42,9.76704,1
F01-Sphere,quality,2,43,1.42109e-14,0
F01-Sphere,quality,2,44,10.1041,1
F01-Sphere,complement,2,15,1.42109e-14,0
F01-Sphere,complement,2,16,1.42109e-14,0
F01-Sphere,complement,2,17,0.150686,1
F01-Sphere,complement,2,18,1.42109e-14,0
F01-Sphere,complement,2,19,10.0306,1
F01-Sphere,complement,2,20,0.158981,1
F01-Sphere,complement,2,21,1.42109e-14,0
F01-Sphere,complement,2,22,1.42109e-14,0
F01-Sphere,complement,2,23,9.9721,1
F01-Sphere,complement,2,24,1.42109e-14,0
F01-Sphere,complement,2,25,1.42109e-14,0
F01-Sphere,complement,2,26,9.75775,1
F01-Sphere,complement,2,27,9.25178,1
F01-Sphere,complement,2,28,0.229919,1
F01-Sphere,complement,2,29,1.42109e-14,0
F01-Sphere,complement,2,30,1.42109e-14,0
F01-Sphere,complement,2,31,1.42109e-14,0
F01-Sphere,complement,2,32,9.74764,1
F01-Sphere,complement,2,33,0.153489,1
F01-Sphere,complement,2,34,1.42109e-14,0
F01-Sphere,complement,2,35,9.77112,1
F01-Sphere,complement,2,36,1.42109e-14,0
F01-Sphere,complement,2,37,0.190066,1
F01-Sphere,complement,2,38,10.1498,1
F01-Sphere,complement,2,39,1.42109e-14,0
F01-Sphere,complement,2,40,1.42109e-14,0
F01-Sphere,complement,2,41,0.112664,1
F01-Sphere,complement,2,42,9.76704,1
F01-Sphere,complement,2,43,1.42109e-14,0
F01-Sphere,complement,2,44,10.1041,1
F01-Sphere,MC-ESO,3,15,0,0
F01-Sphere,MC-ESO,3,16,0,0
F01-Sphere,MC-ESO,3,17,0,0
F01-Sphere,MC-ESO,3,18,0,0
F01-Sphere,MC-ESO,3,19,0.192089,1
F01-Sphere,MC-ESO,3,20,0,0
F01-Sphere,MC-ESO,3,21,0.0929321,0
F01-Sphere,MC-ESO,3,22,0,0
F01-Sphere,MC-ESO,3,23,0.0419985,1
F01-Sphere,MC-ESO,3,24,0,1
F01-Sphere,MC-ESO,3,25,0,0
F01-Sphere,MC-ESO,3,26,0,0
F01-Sphere,MC-ESO,3,27,0,0
F01-Sphere,MC-ESO,3,28,0,0
F01-Sphere,MC-ESO,3,29,0.0420372,1
F01-Sphere,MC-ESO,3,30,0.00794452,1
F01-Sphere,MC-ESO,3,31,0,0
F01-Sphere,MC-ESO,3,32,0,0
F01-Sphere,MC-ESO,3,33,0,0
F01-Sphere,MC-ESO,3,34,0.117869,1
F01-Sphere,MC-ESO,3,35,0.240097,0
F01-Sphere,MC-ESO,3,36,0,0
F01-Sphere,MC-ESO,3,37,0,0
F01-Sphere,MC-ESO,3,38,0,0
F01-Sphere,MC-ESO,3,39,0,0
F01-Sphere,MC-ESO,3,40,0.240097,0
F01-Sphere,MC-ESO,3,41,0.519926,0
F01-Sphere,MC-ESO,3,42,0.519926,0
F01-Sphere,MC-ESO,3,43,0,0
F01-Sphere,MC-ESO,3,44,10.1044,1
F01-Sphere,NMMSO,3,15,0,0
F01-Sphere,NMMSO,3,16,0,0
F01-Sphere,NMMSO,3,17,9.70357,1
F01-Sphere,NMMSO,3,18,0,0
F01-Sphere,NMMSO,3,19,0.192089,1
F01-Sphere,NMMSO,3,20,0,0
F01-Sphere,NMMSO,3,21,9.57436,1
F01-Sphere,NMMSO,3,22,0,0
F01-Sphere,NMMSO,3,23,0.118555,1
F01-Sphere,NMMSO,3,24,0.136148,1
F01-Sphere,NMMSO,3,25,0,0
F01-Sphere,NMMSO,3,26,0,0
F01-Sphere,NMMSO,3,27,0,0
F01-Sphere,NMMSO,3,28,9.78846,1
F01-Sphere,NMMSO,3,29,0.22216,1
F01-Sphere,NMMSO,3,30,0.0759759,1
F01-Sphere,NMMSO,3,31,0,0
F01-Sphere,NMMSO,3,32,0,0
F01-Sphere,NMMSO,3,33,0,0
F01-Sphere,NMMSO,3,34,0.177439,1
F01-Sphere,NMMSO,3,35,9.82281,1
F01-Sphere,NMMSO,3,36,0,0
F01-Sphere,NMMSO,3,37,0,0
F01-Sphere,NMMSO,3,38,0,0
F01-Sphere,NMMSO,3,39,10.1917,1
F01-Sphere,NMMSO,3,40,9.74839,1
F01-Sphere,NMMSO,3,41,9.9678,1
F01-Sphere,NMMSO,3,42,9.83839,1
F01-Sphere,NMMSO,3,43,0,0
F01-Sphere,NMMSO,3,44,10.1044,1
F01-Sphere,NCDE,3,15,0,0
F01-Sphere,NCDE,3,16,0,0
F01-Sphere,NCDE,3,17,9.70357,0
F01-Sphere,NCDE,3,18,0,0
F01-Sphere,NCDE,3,19,0,0
F01-Sphere,NCDE,3,20,0,0
F01-Sphere,NCDE,3,21,9.57436,0
F01-Sphere,NCDE,3,22,0,0
F01-Sphere,NCDE,3,23,0.118555,0
F01-Sphere,NCDE,3,24,0.136148,0
F01-Sphere,NCDE,3,25,0,0
F01-Sphere,NCDE,3,26,0,0
F01-Sphere,NCDE,3,27,0,0
F01-Sphere,NCDE,3,28,9.78846,0
F01-Sphere,NCDE,3,29,0.22216,1
F01-Sphere,NCDE,3,30,0.0759759,0
F01-Sphere,NCDE,3,31,0,0
F01-Sphere,NCDE,3,32,0,0
F01-Sphere,NCDE,3,33,0,0
F01-Sphere,NCDE,3,34,0.144419,0
F01-Sphere,NCDE,3,35,0,0
F01-Sphere,NCDE,3,36,0,0
F01-Sphere,NCDE,3,37,0,0
F01-Sphere,NCDE,3,38,0,0
F01-Sphere,NCDE,3,39,10.1917,0
F01-Sphere,NCDE,3,40,0,0
F01-Sphere,NCDE,3,41,0,0
F01-Sphere,NCDE,3,42,0,0
F01-Sphere,NCDE,3,43,0,0
F01-Sphere,NCDE,3,44,9.98424,0
F01-Sphere,r3pso,3,15,0,0
F01-Sphere,r3pso,3,16,0,0
F01-Sphere,r3pso,3,17,9.70357,1
F01-Sphere,r3pso,3,18,0,0
F01-Sphere,r3pso,3,19,0.192089,1
F01-Sphere,r3pso,3,20,0,0
F01-Sphere,r3pso,3,21,9.57436,1
F01-Sphere,r3pso,3,22,0,0
F01-Sphere,r3pso,3,23,0.118555,1
F01-Sphere,r3pso,3,24,0.136148,1
F01-Sphere,r3pso,3,25,0,0
F01-Sphere,r3pso,3,26,0,0
F01-Sphere,r3pso,3,27,0,0
F01-Sphere,r3pso,3,28,9.78846,1
F01-Sphere,r3pso,3,29,0.22216,1
F01-Sphere,r3pso,3,30,0.075976,1
F01-Sphere,r3pso,3,31,0,0
F01-Sphere,r3pso,3,32,0,0
F01-Sphere,r3pso,3,33,0,0
F01-Sphere,r3pso,3,34,0.177439,1
F01-Sphere,r3pso,3,35,9.82281,1
F01-Sphere,r3pso,3,36,0,0
F01-Sphere,r3pso,3,37,0,0
F01-Sphere,r3pso,3,38,0,0
F01-Sphere,r3pso,3,39,10.1917,1
F01-Sphere,r3pso,3,40,9.74839,1
F01-Sphere,r3pso,3,41,9.9678,1
F01-Sphere,r3pso,3,42,9.83839,1
F01-Sphere,r3pso,3,43,0,0
F01-Sphere,r3pso,3,44,10.1044,1
F01-Sphere,NM-Restart,3,15,0,0
F01-Sphere,NM-Restart,3,16,0,0
F01-Sphere,NM-Restart,3,17,9.70357,1
F01-Sphere,NM-Restart,3,18,0,0
F01-Sphere,NM-Restart,3,19,0.192089,1
F01-Sphere,NM-Restart,3,20,0,0
F01-Sphere,NM-Restart,3,21,9.57436,1
F01-Sphere,NM-Restart,3,22,0,0
F01-Sphere,NM-Restart,3,23,0.118555,1
F01-Sphere,NM-Restart,3,24,0.136148,1
F01-Sphere,NM-Restart,3,25,0,0
F01-Sphere,NM-Restart,3,26,0,0
F01-Sphere,NM-Restart,3,27,0,0
F01-Sphere,NM-Restart,3,28,9.78846,1
F01-Sphere,NM-Restart,3,29,0.22216,1
F01-Sphere,NM-Restart,3,30,0.0759758,1
F01-Sphere,NM-Restart,3,31,0,0
F01-Sphere,NM-Restart,3,32,0,0
F01-Sphere,NM-Restart,3,33,0,0
F01-Sphere,NM-Restart,3,34,0.177439,1
F01-Sphere,NM-Restart,3,35,9.82281,1
F01-Sphere,NM-Restart,3,36,0,0
F01-Sphere,NM-Restart,3,37,0,0
F01-Sphere,NM-Restart,3,38,0,0
F01-Sphere,NM-Restart,3,39,10.1917,1
F01-Sphere,NM-Restart,3,40,9.74839,1
F01-Sphere,NM-Restart,3,41,9.9678,1
F01-Sphere,NM-Restart,3,42,9.83839,1
F01-Sphere,NM-Restart,3,43,0,0
F01-Sphere,NM-Restart,3,44,10.1044,1
F01-Sphere,IPOP-CMA-ES,3,15,0,0
F01-Sphere,IPOP-CMA-ES,3,16,0,0
F01-Sphere,IPOP-CMA-ES,3,17,9.70357,1
F01-Sphere,IPOP-CMA-ES,3,18,0,0
F01-Sphere,IPOP-CMA-ES,3,19,0.192089,1
F01-Sphere,IPOP-CMA-ES,3,20,0,0
F01-Sphere,IPOP-CMA-ES,3,21,9.57436,1
F01-Sphere,IPOP-CMA-ES,3,22,0,0
F01-Sphere,IPOP-CMA-ES,3,23,0.118555,1
F01-Sphere,IPOP-CMA-ES,3,24,0.136148,1
F01-Sphere,IPOP-CMA-ES,3,25,0,0
F01-Sphere,IPOP-CMA-ES,3,26,0,0
F01-Sphere,IPOP-CMA-ES,3,27,0,0
F01-Sphere,IPOP-CMA-ES,3,28,9.78846,1
F01-Sphere,IPOP-CMA-ES,3,29,0.22216,1
F01-Sphere,IPOP-CMA-ES,3,30,0.0759758,1
F01-Sphere,IPOP-CMA-ES,3,31,0,0
F01-Sphere,IPOP-CMA-ES,3,32,0,0
F01-Sphere,IPOP-CMA-ES,3,33,0,0
F01-Sphere,IPOP-CMA-ES,3,34,0.177439,1
F01-Sphere,IPOP-CMA-ES,3,35,9.82281,1
F01-Sphere,IPOP-CMA-ES,3,36,0,0
F01-Sphere,IPOP-CMA-ES,3,37,0,0
F01-Sphere,IPOP-CMA-ES,3,38,0,0
F01-Sphere,IPOP-CMA-ES,3,39,10.1917,1
F01-Sphere,IPOP-CMA-ES,3,40,9.74839,1
F01-Sphere,IPOP-CMA-ES,3,41,9.9678,1
F01-Sphere,IPOP-CMA-ES,3,42,9.83839,1
F01-Sphere,IPOP-CMA-ES,3,43,0,0
F01-Sphere,IPOP-CMA-ES,3,44,10.1044,1
F01-Sphere,DE,3,15,0,0
F01-Sphere,DE,3,16,0,0
F01-Sphere,DE,3,17,9.70357,1
F01-Sphere,DE,3,18,0,0
F01-Sphere,DE,3,19,0.192089,1
F01-Sphere,DE,3,20,0,0
F01-Sphere,DE,3,21,9.57436,1
F01-Sphere,DE,3,22,0,0
F01-Sphere,DE,3,23,0.118555,1
F01-Sphere,DE,3,24,0.136148,1
F01-Sphere,DE,3,25,0,0
F01-Sphere,DE,3,26,0,0
F01-Sphere,DE,3,27,0,0
F01-Sphere,DE,3,28,9.78846,1
F01-Sphere,DE,3,29,0.22216,1
F01-Sphere,DE,3,30,0.0759759,1
F01-Sphere,DE,3,31,0,0
F01-Sphere,DE,3,32,0,0
F01-Sphere,DE,3,33,0,0
F01-Sphere,DE,3,34,0.177439,1
F01-Sphere,DE,3,35,9.82281,1
F01-Sphere,DE,3,36,0,0
F01-Sphere,DE,3,37,0,0
F01-Sphere,DE,3,38,0,0
F01-Sphere,DE,3,39,10.1917,1
F01-Sphere,DE,3,40,9.74839,1
F01-Sphere,DE,3,41,9.9678,1
F01-Sphere,DE,3,42,9.83839,1
F01-Sphere,DE,3,43,0,0
F01-Sphere,DE,3,44,10.1044,1
F01-Sphere,PSO,3,15,0,0
F01-Sphere,PSO,3,16,0,0
F01-Sphere,PSO,3,17,9.70357,1
F01-Sphere,PSO,3,18,0,0
F01-Sphere,PSO,3,19,0.192089,1
F01-Sphere,PSO,3,20,0,0
F01-Sphere,PSO,3,21,9.57436,1
F01-Sphere,PSO,3,22,0,0
F01-Sphere,PSO,3,23,0.118555,1
F01-Sphere,PSO,3,24,0.136148,1
F01-Sphere,PSO,3,25,0,0
F01-Sphere,PSO,3,26,0,0
F01-Sphere,PSO,3,27,0,0
F01-Sphere,PSO,3,28,9.78846,1
F01-Sphere,PSO,3,29,0.22216,1
F01-Sphere,PSO,3,30,0.0759758,1
F01-Sphere,PSO,3,31,0,0
F01-Sphere,PSO,3,32,0,0
F01-Sphere,PSO,3,33,0,0
F01-Sphere,PSO,3,34,0.177439,1
F01-Sphere,PSO,3,35,9.82281,1
F01-Sphere,PSO,3,36,0,0
F01-Sphere,PSO,3,37,0,0
F01-Sphere,PSO,3,38,0,0
F01-Sphere,PSO,3,39,10.1917,1
F01-Sphere,PSO,3,40,9.74839,1
F01-Sphere,PSO,3,41,9.9678,1
F01-Sphere,PSO,3,42,9.83839,1
F01-Sphere,PSO,3,43,0,0
F01-Sphere,PSO,3,44,10.1044,1
F01-Sphere,Crowding-DE,3,15,3.26591e-09,0
F01-Sphere,Crowding-DE,3,16,3.26591e-09,0
F01-Sphere,Crowding-DE,3,17,9.70357,1
F01-Sphere,Crowding-DE,3,18,3.26591e-09,0
F01-Sphere,Crowding-DE,3,19,0.192052,1
F01-Sphere,Crowding-DE,3,20,3.26591e-09,0
F01-Sphere,Crowding-DE,3,21,9.57432,1
F01-Sphere,Crowding-DE,3,22,3.26591e-09,0
F01-Sphere,Crowding-DE,3,23,0.118511,1
F01-Sphere,Crowding-DE,3,24,0.136116,1
F01-Sphere,Crowding-DE,3,25,3.26591e-09,0
F01-Sphere,Crowding-DE,3,26,3.26591e-09,0
F01-Sphere,Crowding-DE,3,27,3.26591e-09,0
F01-Sphere,Crowding-DE,3,28,9.78846,1
F01-Sphere,Crowding-DE,3,29,0.222103,1
F01-Sphere,Crowding-DE,3,30,0.0759355,1
F01-Sphere,Crowding-DE,3,31,3.26591e-09,0
F01-Sphere,Crowding-DE,3,32,3.26591e-09,0
F01-Sphere,Crowding-DE,3,33,3.26591e-09,0
F01-Sphere,Crowding-DE,3,34,0.177387,1
F01-Sphere,Crowding-DE,3,35,9.82277,1
F01-Sphere,Crowding-DE,3,36,3.26591e-09,0
F01-Sphere,Crowding-DE,3,37,3.26591e-09,0
F01-Sphere,Crowding-DE,3,38,3.26591e-09,0
F01-Sphere,Crowding-DE,3,39,10.1917,1
F01-Sphere,Crowding-DE,3,40,9.74834,1
F01-Sphere,Crowding-DE,3,41,9.96781,1
F01-Sphere,Crowding-DE,3,42,9.83837,1
F01-Sphere,Crowding-DE,3,43,3.26591e-09,0
F01-Sphere,Crowding-DE,3,44,10.1043,1
F01-Sphere,MAP-Elites,3,15,0.00145367,0
F01-Sphere,MAP-Elites,3,16,0.00145367,0
F01-Sphere,MAP-Elites,3,17,0.0379407,0
F01-Sphere,MAP-Elites,3,18,0.00145367,0
F01-Sphere,MAP-Elites,3,19,0.0894893,1
F01-Sphere,MAP-Elites,3,20,0.00145367,0
F01-Sphere,MAP-Elites,3,21,0,0
F01-Sphere,MAP-Elites,3,22,0.00145367,0
F01-Sphere,MAP-Elites,3,23,0,1
F01-Sphere,MAP-Elites,3,24,0.126806,1
F01-Sphere,MAP-Elites,3,25,0.00145367,0
F01-Sphere,MAP-Elites,3,26,0.00145367,0
F01-Sphere,MAP-Elites,3,27,0.00145367,0
F01-Sphere,MAP-Elites,3,28,0.0379407,0
F01-Sphere,MAP-Elites,3,29,0,1
F01-Sphere,MAP-Elites,3,30,0,1
F01-Sphere,MAP-Elites,3,31,0.00145367,0
F01-Sphere,MAP-Elites,3,32,0.00145367,0
F01-Sphere,MAP-Elites,3,33,0.00145367,0
F01-Sphere,MAP-Elites,3,34,0.0478382,1
F01-Sphere,MAP-Elites,3,35,0.101534,0
F01-Sphere,MAP-Elites,3,36,0.00145367,0
F01-Sphere,MAP-Elites,3,37,0.00145367,0
F01-Sphere,MAP-Elites,3,38,0.00145367,0
F01-Sphere,MAP-Elites,3,39,10.043,1
F01-Sphere,MAP-Elites,3,40,0.101534,0
F01-Sphere,MAP-Elites,3,41,0.293415,0
F01-Sphere,MAP-Elites,3,42,0.293415,0
F01-Sphere,MAP-Elites,3,43,0.00145367,0
F01-Sphere,MAP-Elites,3,44,10.0602,1
F01-Sphere,MC-ESO-crowd,3,15,4.84902e-08,0
F01-Sphere,MC-ESO-crowd,3,16,4.84902e-08,0
F01-Sphere,MC-ESO-crowd,3,17,0.0547088,0
F01-Sphere,MC-ESO-crowd,3,18,4.84902e-08,0
F01-Sphere,MC-ESO-crowd,3,19,0.121758,1
F01-Sphere,MC-ESO-crowd,3,20,4.84902e-08,0
F01-Sphere,MC-ESO-crowd,3,21,0.138678,0
F01-Sphere,MC-ESO-crowd,3,22,4.84902e-08,0
F01-Sphere,MC-ESO-crowd,3,23,0.118614,1
F01-Sphere,MC-ESO-crowd,3,24,0.0343087,1
F01-Sphere,MC-ESO-crowd,3,25,4.84902e-08,0
F01-Sphere,MC-ESO-crowd,3,26,4.84902e-08,0
F01-Sphere,MC-ESO-crowd,3,27,4.84902e-08,0
F01-Sphere,MC-ESO-crowd,3,28,0.0547088,0
F01-Sphere,MC-ESO-crowd,3,29,0.118199,1
F01-Sphere,MC-ESO-crowd,3,30,0.0509164,1
F01-Sphere,MC-ESO-crowd,3,31,4.84902e-08,0
F01-Sphere,MC-ESO-crowd,3,32,4.84902e-08,0
F01-Sphere,MC-ESO-crowd,3,33,4.84902e-08,0
F01-Sphere,MC-ESO-crowd,3,34,0,1
F01-Sphere,MC-ESO-crowd,3,35,0.240211,0
F01-Sphere,MC-ESO-crowd,3,36,4.84902e-08,0
F01-Sphere,MC-ESO-crowd,3,37,4.84902e-08,0
F01-Sphere,MC-ESO-crowd,3,38,4.84902e-08,0
F01-Sphere,MC-ESO-crowd,3,39,0.0547088,0
F01-Sphere,MC-ESO-crowd,3,40,0.240211,0
F01-Sphere,MC-ESO-crowd,3,41,0.634321,0
F01-Sphere,MC-ESO-crowd,3,42,0.240211,0
F01-Sphere,MC-ESO-crowd,3,43,4.84902e-08,0
F01-Sphere,MC-ESO-crowd,3,44,0,0
F01-Sphere,quality,3,15,8.52651e-14,0
F01-Sphere,quality,3,16,8.52651e-14,0
F01-Sphere,quality,3,17,9.70357,1
F01-Sphere,quality,3,18,8.52651e-14,0
F01-Sphere,quality,3,19,0.192089,1
F01-Sphere,quality,3,20,8.52651e-14,0
F01-Sphere,quality,3,21,9.57436,1
F01-Sphere,quality,3,22,8.52651e-14,0
F01-Sphere,quality,3,23,0.118555,1
F01-Sphere,quality,3,24,0.136148,1
F01-Sphere,quality,3,25,8.52651e-14,0
F01-Sphere,quality,3,26,8.52651e-14,0
F01-Sphere,quality,3,27,8.52651e-14,0
F01-Sphere,quality,3,28,9.78846,1
F01-Sphere,quality,3,29,0.22216,1
F01-Sphere,quality,3,30,0.0759757,1
F01-Sphere,quality,3,31,8.52651e-14,0
F01-Sphere,quality,3,32,8.52651e-14,0
F01-Sphere,quality,3,33,8.52651e-14,0
F01-Sphere,quality,3,34,0.177439,1
F01-Sphere,quality,3,35,9.82281,1
F01-Sphere,quality,3,36,8.52651e-14,0
F01-Sphere,quality,3,37,8.52651e-14,0
F01-Sphere,quality,3,38,8.52651e-14,0
F01-Sphere,quality,3,39,10.1917,1
F01-Sphere,quality,3,40,9.74839,1
F01-Sphere,quality,3,41,9.9678,1
F01-Sphere,quality,3,42,9.83839,1
F01-Sphere,quality,3,43,8.52651e-14,0
F01-Sphere,quality,3,44,10.1044,1
F01-Sphere,complement,3,15,8.52651e-14,0
F01-Sphere,complement,3,16,8.52651e-14,0
F01-Sphere,complement,3,17,9.70357,1
F01-Sphere,complement,3,18,8.52651e-14,0
F01-Sphere,complement,3,19,0.192089,1
F01-Sphere,complement,3,20,8.52651e-14,0
F01-Sphere,complement,3,21,9.57436,1
F01-Sphere,complement,3,22,8.52651e-14,0
F01-Sphere,complement,3,23,0.118555,1
F01-Sphere,complement,3,24,0.136148,1
F01-Sphere,complement,3,25,8.52651e-14,0
F01-Sphere,complement,3,26,8.52651e-14,0
F01-Sphere,complement,3,27,8.52651e-14,0
F01-Sphere,complement,3,28,9.78846,1
F01-Sphere,complement,3,29,0.22216,1
F01-Sphere,complement,3,30,0.0759757,1
F01-Sphere,complement,3,31,8.52651e-14,0
F01-Sphere,complement,3,32,8.52651e-14,0
F01-Sphere,complement,3,33,8.52651e-14,0
F01-Sphere,complement,3,34,0.177439,1
F01-Sphere,complement,3,35,9.82281,1
F01-Sphere,complement,3,36,8.52651e-14,0
F01-Sphere,complement,3,37,8.52651e-14,0
F01-Sphere,complement,3,38,8.52651e-14,0
F01-Sphere,complement,3,39,10.1917,1
F01-Sphere,complement,3,40,9.74839,1
F01-Sphere,complement,3,41,9.9678,1
F01-Sphere,complement,3,42,9.83839,1
F01-Sphere,complement,3,43,8.52651e-14,0
F01-Sphere,complement,3,44,10.1044,1
F01-Sphere,MC-ESO,4,15,0,0
F01-Sphere,MC-ESO,4,16,0,0
F01-Sphere,MC-ESO,4,17,0,0
F01-Sphere,MC-ESO,4,18,0,0
F01-Sphere,MC-ESO,4,19,9.6796,1
F01-Sphere,MC-ESO,4,20,0,0
F01-Sphere,MC-ESO,4,21,9.92391,1
F01-Sphere,MC-ESO,4,22,10.0118,1
F01-Sphere,MC-ESO,4,23,10.0143,1
F01-Sphere,MC-ESO,4,24,0,0
F01-Sphere,MC-ESO,4,25,3.40751,1
F01-Sphere,MC-ESO,4,26,0,0
F01-Sphere,MC-ESO,4,27,0,0
F01-Sphere,MC-ESO,4,28,0,0
F01-Sphere,MC-ESO,4,29,0,0
F01-Sphere,MC-ESO,4,30,10.0021,1
F01-Sphere,MC-ESO,4,31,0,0
F01-Sphere,MC-ESO,4,32,10.0444,1
F01-Sphere,MC-ESO,4,33,0,0
F01-Sphere,MC-ESO,4,34,0,0
F01-Sphere,MC-ESO,4,35,9.90641,1
F01-Sphere,MC-ESO,4,36,0,0
F01-Sphere,MC-ESO,4,37,3.04519,1
F01-Sphere,MC-ESO,4,38,0,0
F01-Sphere,MC-ESO,4,39,0,0
F01-Sphere,MC-ESO,4,40,0,0
F01-Sphere,MC-ESO,4,41,3.11146,1
F01-Sphere,MC-ESO,4,42,9.90725,1
F01-Sphere,MC-ESO,4,43,0,0
F01-Sphere,MC-ESO,4,44,2.41846,1
F01-Sphere,NMMSO,4,15,0,0
F01-Sphere,NMMSO,4,16,0,0
F01-Sphere,NMMSO,4,17,0,0
F01-Sphere,NMMSO,4,18,0,0
F01-Sphere,NMMSO,4,19,8.5719,0
F01-Sphere,NMMSO,4,20,0,0
F01-Sphere,NMMSO,4,21,9.92391,1
F01-Sphere,NMMSO,4,22,8.87183,0
F01-Sphere,NMMSO,4,23,9.14414,0
F01-Sphere,NMMSO,4,24,0,0
F01-Sphere,NMMSO,4,25,3.40751,1
F01-Sphere,NMMSO,4,26,0,0
F01-Sphere,NMMSO,4,27,0,0
F01-Sphere,NMMSO,4,28,0,0
F01-Sphere,NMMSO,4,29,0,0
F01-Sphere,NMMSO,4,30,8.5719,0
F01-Sphere,NMMSO,4,31,0,0
F01-Sphere,NMMSO,4,32,10.0444,1
F01-Sphere,NMMSO,4,33,0,0
F01-Sphere,NMMSO,4,34,0,0
F01-Sphere,NMMSO,4,35,9.90641,1
F01-Sphere,NMMSO,4,36,0,0
F01-Sphere,NMMSO,4,37,3.04519,1
F01-Sphere,NMMSO,4,38,0,0
F01-Sphere,NMMSO,4,39,0,0
F01-Sphere,NMMSO,4,40,0,0
F01-Sphere,NMMSO,4,41,3.11146,1
F01-Sphere,NMMSO,4,42,8.5719,0
F01-Sphere,NMMSO,4,43,0,0
F01-Sphere,NMMSO,4,44,2.41846,1
F01-Sphere,NCDE,4,15,0,0
F01-Sphere,NCDE,4,16,0,0
F01-Sphere,NCDE,4,17,0,0
F01-Sphere,NCDE,4,18,0,0
F01-Sphere,NCDE,4,19,4.97782,0
F01-Sphere,NCDE,4,20,0,0
F01-Sphere,NCDE,4,21,8.13658,0
F01-Sphere,NCDE,4,22,8.2114,0
F01-Sphere,NCDE,4,23,5.55006,0
F01-Sphere,NCDE,4,24,0,0
F01-Sphere,NCDE,4,25,0,0
F01-Sphere,NCDE,4,26,0,0
F01-Sphere,NCDE,4,27,0,0
F01-Sphere,NCDE,4,28,0,0
F01-Sphere,NCDE,4,29,0,0
F01-Sphere,NCDE,4,30,10.0021,0
F01-Sphere,NCDE,4,31,0,0
F01-Sphere,NCDE,4,32,7.8359,0
F01-Sphere,NCDE,4,33,0,0
F01-Sphere,NCDE,4,34,0,0
F01-Sphere,NCDE,4,35,8.2114,0
F01-Sphere,NCDE,4,36,0,0
F01-Sphere,NCDE,4,37,0,0
F01-Sphere,NCDE,4,38,0,0
F01-Sphere,NCDE,4,39,0,0
F01-Sphere,NCDE,4,40,0,0
F01-Sphere,NCDE,4,41,0,0
F01-Sphere,NCDE,4,42,4.97782,0
F01-Sphere,NCDE,4,43,0,0
F01-Sphere,NCDE,4,44,0,0
F01-Sphere,r3pso,4,15,0,0
F01-Sphere,r3pso,4,16,0,0
F01-Sphere,r3pso,4,17,0,0
F01-Sphere,r3pso,4,18,0,0
F01-Sphere,r3pso,4,19,9.6796,1
F01-Sphere,r3pso,4,20,0,0
F01-Sphere,r3pso,4,21,9.92391,1
F01-Sphere,r3pso,4,22,10.0118,1
F01-Sphere,r3pso,4,23,10.0143,1
F01-Sphere,r3pso,4,24,0,0
F01-Sphere,r3pso,4,25,3.40751,1
F01-Sphere,r3pso,4,26,0,0
F01-Sphere,r3pso,4,27,0,0
F01-Sphere,r3pso,4,28,0,0
F01-Sphere,r3pso,4,29,0,0
F01-Sphere,r3pso,4,30,10.0021,1
F01-Sphere,r3pso,4,31,0,0
F01-Sphere,r3pso,4,32,10.0444,1
F01-Sphere,r3pso,4,33,0,0
F01-Sphere,r3pso,4,34,0,0
F01-Sphere,r3pso,4,35,9.90641,1
F01-Sphere,r3pso,4,36,0,0
F01-Sphere,r3pso,4,37,3.04519,1
F01-Sphere,r3pso,4,38,0,0
F01-Sphere,r3pso,4,39,0,0
F01-Sphere,r3pso,4,40,0,0
F01-Sphere,r3pso,4,41,3.11146,1
F01-Sphere,r3pso,4,42,9.90725,1
F01-Sphere,r3pso,4,43,0,0
F01-Sphere,r3pso,4,44,2.41846,1
F01-Sphere,NM-Restart,4,15,0,0
F01-Sphere,NM-Restart,4,16,0,0
F01-Sphere,NM-Restart,4,17,0,0
F01-Sphere,NM-Restart,4,18,0,0
F01-Sphere,NM-Restart,4,19,9.6796,1
F01-Sphere,NM-Restart,4,20,0,0
F01-Sphere,NM-Restart,4,21,9.92391,0
F01-Sphere,NM-Restart,4,22,10.0118,1
F01-Sphere,NM-Restart,4,23,10.0143,1
F01-Sphere,NM-Restart,4,24,0,0
F01-Sphere,NM-Restart,4,25,3.40751,1
F01-Sphere,NM-Restart,4,26,0,0
F01-Sphere,NM-Restart,4,27,0,0
F01-Sphere,NM-Restart,4,28,0,0
F01-Sphere,NM-Restart,4,29,0,0
F01-Sphere,NM-Restart,4,30,10.0021,1
F01-Sphere,NM-Restart,4,31,0,0
F01-Sphere,NM-Restart,4,32,10.0444,0
F01-Sphere,NM-Restart,4,33,0,0
F01-Sphere,NM-Restart,4,34,0,0
F01-Sphere,NM-Restart,4,35,9.90641,0
F01-Sphere,NM-Restart,4,36,0,0
F01-Sphere,NM-Restart,4,37,3.04519,1
F01-Sphere,NM-Restart,4,38,0,0
F01-Sphere,NM-Restart,4,39,0,0
F01-Sphere,NM-Restart,4,40,0,0
F01-Sphere,NM-Restart,4,41,3.11146,1
F01-Sphere,NM-Restart,4,42,9.90725,1
F01-Sphere,NM-Restart,4,43,0,0
F01-Sphere,NM-Restart,4,44,2.41846,1
F01-Sphere,IPOP-CMA-ES,4,15,0,0
F01-Sphere,IPOP-CMA-ES,4,16,0,0
F01-Sphere,IPOP-CMA-ES,4,17,0,0
F01-Sphere,IPOP-CMA-ES,4,18,0,0
F01-Sphere,IPOP-CMA-ES,4,19,9.6796,1
F01-Sphere,IPOP-CMA-ES,4,20,0,0
F01-Sphere,IPOP-CMA-ES,4,21,9.92391,1
F01-Sphere,IPOP-CMA-ES,4,22,10.0118,1
F01-Sphere,IPOP-CMA-ES,4,23,10.0143,1
F01-Sphere,IPOP-CMA-ES,4,24,0,0
F01-Sphere,IPOP-CMA-ES,4,25,3.40751,1
F01-Sphere,IPOP-CMA-ES,4,26,0,0
F01-Sphere,IPOP-CMA-ES,4,27,0,0
F01-Sphere,IPOP-CMA-ES,4,28,0,0
F01-Sphere,IPOP-CMA-ES,4,29,0,0
F01-Sphere,IPOP-CMA-ES,4,30,10.0021,1
F01-Sphere,IPOP-CMA-ES,4,31,0,0
F01-Sphere,IPOP-CMA-ES,4,32,10.0444,1
F01-Sphere,IPOP-CMA-ES,4,33,0,0
F01-Sphere,IPOP-CMA-ES,4,34,0,0
F01-Sphere,IPOP-CMA-ES,4,35,9.90641,1
F01-Sphere,IPOP-CMA-ES,4,36,0,0
F01-Sphere,IPOP-CMA-ES,4,37,3.04519,1
F01-Sphere,IPOP-CMA-ES,4,38,0,0
F01-Sphere,IPOP-CMA-ES,4,39,0,0
F01-Sphere,IPOP-CMA-ES,4,40,0,0
F01-Sphere,IPOP-CMA-ES,4,41,3.11146,1
F01-Sphere,IPOP-CMA-ES,4,42,9.90725,1
F01-Sphere,IPOP-CMA-ES,4,43,0,0
F01-Sphere,IPOP-CMA-ES,4,44,2.41846,1
F01-Sphere,DE,4,15,0,0
F01-Sphere,DE,4,16,0,0
F01-Sphere,DE,4,17,0,0
F01-Sphere,DE,4,18,0,0
F01-Sphere,DE,4,19,9.6796,1
F01-Sphere,DE,4,20,0,0
F01-Sphere,DE,4,21,9.92391,1
F01-Sphere,DE,4,22,10.0118,1
F01-Sphere,DE,4,23,10.0143,1
F01-Sphere,DE,4,24,0,0
F01-Sphere,DE,4,25,3.40751,1
F01-Sphere,DE,4,26,0,0
F01-Sphere,DE,4,27,0,0
F01-Sphere,DE,4,28,0,0
F01-Sphere,DE,4,29,0,0
F01-Sphere,DE,4,30,10.0021,1
F01-Sphere,DE,4,31,0,0
F01-Sphere,DE,4,32,10.0444,1
F01-Sphere,DE,4,33,0,0
F01-Sphere,DE,4,34,0,0
F01-Sphere,DE,4,35,9.90641,1
F01-Sphere,DE,4,36,0,0
F01-Sphere,DE,4,37,3.04519,1
F01-Sphere,DE,4,38,0,0
F01-Sphere,DE,4,39,0,0
F01-Sphere,DE,4,40,0,0
F01-Sphere,DE,4,41,3.11146,1
F01-Sphere,DE,4,42,9.90725,1
F01-Sphere,DE,4,43,0,0
F01-Sphere,DE,4,44,2.41846,1
F01-Sphere,PSO,4,15,0,0
F01-Sphere,PSO,4,16,0,0
F01-Sphere,PSO,4,17,0,0
F01-Sphere,PSO,4,18,0,0
F01-Sphere,PSO,4,19,9.6796,1
F01-Sphere,PSO,4,20,0,0
F01-Sphere,PSO,4,21,9.92391,1
F01-Sphere,PSO,4,22,10.0118,1
F01-Sphere,PSO,4,23,10.0143,1
F01-Sphere,PSO,4,24,0,0
F01-Sphere,PSO,4,25,3.40751,1
F01-Sphere,PSO,4,26,0,0
F01-Sphere,PSO,4,27,0,0
F01-Sphere,PSO,4,28,0,0
F01-Sphere,PSO,4,29,0,0
F01-Sphere,PSO,4,30,10.0021,1
F01-Sphere,PSO,4,31,0,0
F01-Sphere,PSO,4,32,10.0444,1
F01-Sphere,PSO,4,33,0,0
F01-Sphere,PSO,4,34,0,0
F01-Sphere,PSO,4,35,9.90641,1
F01-Sphere,PSO,4,36,0,0
F01-Sphere,PSO,4,37,3.04519,1
F01-Sphere,PSO,4,38,0,0
F01-Sphere,PSO,4,39,0,0
F01-Sphere,PSO,4,40,0,0
F01-Sphere,PSO,4,41,3.11146,1
F01-Sphere,PSO,4,42,9.90725,1
F01-Sphere,PSO,4,43,0,0
F01-Sphere,PSO,4,44,2.41846,1
F01-Sphere,Crowding-DE,4,15,5.90234e-10,0
F01-Sphere,Crowding-DE,4,16,5.90234e-10,0
F01-Sphere,Crowding-DE,4,17,5.90234e-10,0
F01-Sphere,Crowding-DE,4,18,5.90234e-10,0
F01-Sphere,Crowding-DE,4,19,9.67959,1
F01-Sphere,Crowding-DE,4,20,5.90234e-10,0
F01-Sphere,Crowding-DE,4,21,9.92393,1
F01-Sphere,Crowding-DE,4,22,10.0118,1
F01-Sphere,Crowding-DE,4,23,10.0143,1
F01-Sphere,Crowding-DE,4,24,5.90234e-10,0
F01-Sphere,Crowding-DE,4,25,3.4075,1
F01-Sphere,Crowding-DE,4,26,5.90234e-10,0
F01-Sphere,Crowding-DE,4,27,5.90234e-10,0
F01-Sphere,Crowding-DE,4,28,5.90234e-10,0
F01-Sphere,Crowding-DE,4,29,5.90234e-10,0
F01-Sphere,Crowding-DE,4,30,10.0021,1
F01-Sphere,Crowding-DE,4,31,5.90234e-10,0
F01-Sphere,Crowding-DE,4,32,10.0444,1
F01-Sphere,Crowding-DE,4,33,5.90234e-10,0
F01-Sphere,Crowding-DE,4,34,5.90234e-10,0
F01-Sphere,Crowding-DE,4,35,9.9064,1
F01-Sphere,Crowding-DE,4,36,5.90234e-10,0
F01-Sphere,Crowding-DE,4,37,3.04519,1
F01-Sphere,Crowding-DE,4,38,5.90234e-10,0
F01-Sphere,Crowding-DE,4,39,5.90234e-10,0
F01-Sphere,Crowding-DE,4,40,5.90234e-10,0
F01-Sphere,Crowding-DE,4,41,3.11145,1
F01-Sphere,Crowding-DE,4,42,9.90723,1
F01-Sphere,Crowding-DE,4,43,5.90234e-10,0
F01-Sphere,Crowding-DE,4,44,2.41845,1
F01-Sphere,MAP-Elites,4,15,0.00602165,0
F01-Sphere,MAP-Elites,4,16,0.00602165,0
F01-Sphere,MAP-Elites,4,17,0.00602165,0
F01-Sphere,MAP-Elites,4,18,0.00602165,0
F01-Sphere,MAP-Elites,4,19,0,0
F01-Sphere,MAP-Elites,4,20,0.00602165,0
F01-Sphere,MAP-Elites,4,21,0,0
F01-Sphere,MAP-Elites,4,22,0.260662,0
F01-Sphere,MAP-Elites,4,23,0,0
F01-Sphere,MAP-Elites,4,24,0.353159,0
F01-Sphere,MAP-Elites,4,25,3.21711,1
F01-Sphere,MAP-Elites,4,26,0.00602165,0
F01-Sphere,MAP-Elites,4,27,0.00602165,0
F01-Sphere,MAP-Elites,4,28,0.00602165,0
F01-Sphere,MAP-Elites,4,29,0.00602165,0
F01-Sphere,MAP-Elites,4,30,0,0
F01-Sphere,MAP-Elites,4,31,0.00602165,0
F01-Sphere,MAP-Elites,4,32,0,0
F01-Sphere,MAP-Elites,4,33,0.00602165,0
F01-Sphere,MAP-Elites,4,34,0.00602165,0
F01-Sphere,MAP-Elites,4,35,0.260662,0
F01-Sphere,MAP-Elites,4,36,0.00602165,0
F01-Sphere,MAP-Elites,4,37,2.85042,1
F01-Sphere,MAP-Elites,4,38,0.00602165,0
F01-Sphere,MAP-Elites,4,39,0.00602165,0
F01-Sphere,MAP-Elites,4,40,0.00602165,0
F01-Sphere,MAP-Elites,4,41,3.04744,1
F01-Sphere,MAP-Elites,4,42,0,0
F01-Sphere,MAP-Elites,4,43,0.00602165,0
F01-Sphere,MAP-Elites,4,44,2.22358,1
F01-Sphere,MC-ESO-crowd,4,15,1.29824e-07,0
F01-Sphere,MC-ESO-crowd,4,16,1.29824e-07,0
F01-Sphere,MC-ESO-crowd,4,17,1.29824e-07,0
F01-Sphere,MC-ESO-crowd,4,18,1.29824e-07,0
F01-Sphere,MC-ESO-crowd,4,19,9.67994,1
F01-Sphere,MC-ESO-crowd,4,20,1.29824e-07,0
F01-Sphere,MC-ESO-crowd,4,21,0.399854,0
F01-Sphere,MC-ESO-crowd,4,22,0,0
F01-Sphere,MC-ESO-crowd,4,23,0.485927,0
F01-Sphere,MC-ESO-crowd,4,24,1.29824e-07,0
F01-Sphere,MC-ESO-crowd,4,25,3.16198,1
F01-Sphere,MC-ESO-crowd,4,26,1.29824e-07,0
F01-Sphere,MC-ESO-crowd,4,27,1.29824e-07,0
F01-Sphere,MC-ESO-crowd,4,28,1.29824e-07,0
F01-Sphere,MC-ESO-crowd,4,29,1.29824e-07,0
F01-Sphere,MC-ESO-crowd,4,30,0.408387,0
F01-Sphere,MC-ESO-crowd,4,31,1.29824e-07,0
F01-Sphere,MC-ESO-crowd,4,32,0.0991799,0
F01-Sphere,MC-ESO-crowd,4,33,1.29824e-07,0
F01-Sphere,MC-ESO-crowd,4,34,1.29824e-07,0
F01-Sphere,MC-ESO-crowd,4,35,0,0
F01-Sphere,MC-ESO-crowd,4,36,1.29824e-07,0
F01-Sphere,MC-ESO-crowd,4,37,2.80649,1
F01-Sphere,MC-ESO-crowd,4,38,1.29824e-07,0
F01-Sphere,MC-ESO-crowd,4,39,1.29824e-07,0
F01-Sphere,MC-ESO-crowd,4,40,1.29824e-07,0
F01-Sphere,MC-ESO-crowd,4,41,2.89871,1
F01-Sphere,MC-ESO-crowd,4,42,9.9075,1
F01-Sphere,MC-ESO-crowd,4,43,1.29824e-07,0
F01-Sphere,MC-ESO-crowd,4,44,2.18026,1
F01-Sphere,quality,4,15,1.7053e-13,0
F01-Sphere,quality,4,16,1.7053e-13,0
F01-Sphere,quality,4,17,1.7053e-13,0
F01-Sphere,quality,4,18,1.7053e-13,0
F01-Sphere,quality,4,19,9.6796,1
F01-Sphere,quality,4,20,1.7053e-13,0
F01-Sphere,quality,4,21,9.92391,1
F01-Sphere,quality,4,22,10.0118,1
F01-Sphere,quality,4,23,10.0143,1
F01-Sphere,quality,4,24,1.7053e-13,0
F01-Sphere,quality,4,25,3.40751,1
F01-Sphere,quality,4,26,1.7053e-13,0
F01-Sphere,quality,4,27,1.7053e-13,0
F01-Sphere,quality,4,28,1.7053e-13,0
F01-Sphere,quality,4,29,1.7053e-13,0
F01-Sphere,quality,4,30,10.0021,1
F01-Sphere,quality,4,31,1.7053e-13,0
F01-Sphere,quality,4,32,10.0444,1
F01-Sphere,quality,4,33,1.7053e-13,0
F01-Sphere,quality,4,34,1.7053e-13,0
F01-Sphere,quality,4,35,9.90641,1
F01-Sphere,quality,4,36,1.7053e-13,0
F01-Sphere,quality,4,37,3.04519,1
F01-Sphere,quality,4,38,1.7053e-13,0
F01-Sphere,quality,4,39,1.7053e-13,0
F01-Sphere,quality,4,40,1.7053e-13,0
F01-Sphere,quality,4,41,3.11146,1
F01-Sphere,quality,4,42,9.90725,1
F01-Sphere,quality,4,43,1.7053e-13,0
F01-Sphere,quality,4,44,2.41846,1
F01-Sphere,complement,4,15,1.7053e-13,0
F01-Sphere,complement,4,16,1.7053e-13,0
F01-Sphere,complement,4,17,1.7053e-13,0
F01-Sphere,complement,4,18,1.7053e-13,0
F01-Sphere,complement,4,19,9.6796,1
F01-Sphere,complement,4,20,1.7053e-13,0
F01-Sphere,complement,4,21,9.92391,1
F01-Sphere,complement,4,22,10.0118,1
F01-Sphere,complement,4,23,10.0143,1
F01-Sphere,complement,4,24,1.7053e-13,0
F01-Sphere,complement,4,25,3.40751,1
F01-Sphere,complement,4,26,1.7053e-13,0
F01-Sphere,complement,4,27,1.7053e-13,0
F01-Sphere,complement,4,28,1.7053e-13,0
F01-Sphere,complement,4,29,1.7053e-13,0
F01-Sphere,complement,4,30,10.0021,1
F01-Sphere,complement,4,31,1.7053e-13,0
F01-Sphere,complement,4,32,10.0444,1
F01-Sphere,complement,4,33,1.7053e-13,0
F01-Sphere,complement,4,34,1.7053e-13,0
F01-Sphere,complement,4,35,9.90641,1
F01-Sphere,complement,4,36,1.7053e-13,0
F01-Sphere,complement,4,37,3.04519,1
F01-Sphere,complement,4,38,1.7053e-13,0
F01-Sphere,complement,4,39,1.7053e-13,0
F01-Sphere,complement,4,40,1.7053e-13,0
F01-Sphere,complement,4,41,3.11146,1
F01-Sphere,complement,4,42,9.90725,1
F01-Sphere,complement,4,43,1.7053e-13,0
F01-Sphere,complement,4,44,2.41846,1
F02-EllipsoidalSep,MC-ESO,0,15,0,0
F02-EllipsoidalSep,MC-ESO,0,16,0,0
F02-EllipsoidalSep,MC-ESO,0,17,0.0126159,1
F02-EllipsoidalSep,MC-ESO,0,18,0,0
F02-EllipsoidalSep,MC-ESO,0,19,6.29796,1
F02-EllipsoidalSep,MC-ESO,0,20,0,0
F02-EllipsoidalSep,MC-ESO,0,21,0.0348729,1
F02-EllipsoidalSep,MC-ESO,0,22,8.54876,1
F02-EllipsoidalSep,MC-ESO,0,23,5.72726,1
F02-EllipsoidalSep,MC-ESO,0,24,0,0
F02-EllipsoidalSep,MC-ESO,0,25,0,0
F02-EllipsoidalSep,MC-ESO,0,26,0,0
F02-EllipsoidalSep,MC-ESO,0,27,0,0
F02-EllipsoidalSep,MC-ESO,0,28,0,0
F02-EllipsoidalSep,MC-ESO,0,29,7.99722,1
F02-EllipsoidalSep,MC-ESO,0,30,0,0
F02-EllipsoidalSep,MC-ESO,0,31,6.10726,1
F02-EllipsoidalSep,MC-ESO,0,32,0,0
F02-EllipsoidalSep,MC-ESO,0,33,8.29522,1
F02-EllipsoidalSep,MC-ESO,0,34,0,0
F02-EllipsoidalSep,MC-ESO,0,35,5.71441,1
F02-EllipsoidalSep,MC-ESO,0,36,6.33382,1
F02-EllipsoidalSep,MC-ESO,0,37,8.77809,1
F02-EllipsoidalSep,MC-ESO,0,38,5.86261,1
F02-EllipsoidalSep,MC-ESO,0,39,0,0
F02-EllipsoidalSep,MC-ESO,0,40,0,0
F02-EllipsoidalSep,MC-ESO,0,41,0,0
F02-EllipsoidalSep,MC-ESO,0,42,8.26749,1
F02-EllipsoidalSep,MC-ESO,0,43,9.64941,1
F02-EllipsoidalSep,MC-ESO,0,44,0,0
F02-EllipsoidalSep,NMMSO,0,15,0,0
F02-EllipsoidalSep,NMMSO,0,16,0,0
F02-EllipsoidalSep,NMMSO,0,17,0.0126159,1
F02-EllipsoidalSep,NMMSO,0,18,0,0
F02-EllipsoidalSep,NMMSO,0,19,6.29796,1
F02-EllipsoidalSep,NMMSO,0,20,0,0
F02-EllipsoidalSep,NMMSO,0,21,0.0348729,1
F02-EllipsoidalSep,NMMSO,0,22,8.54876,1
F02-EllipsoidalSep,NMMSO,0,23,5.72726,1
F02-EllipsoidalSep,NMMSO,0,24,0,0
F02-EllipsoidalSep,NMMSO,0,25,0,0
F02-EllipsoidalSep,NMMSO,0,26,0,0
F02-EllipsoidalSep,NMMSO,0,27,0,0
F02-EllipsoidalSep,NMMSO,0,28,0,0
F02-EllipsoidalSep,NMMSO,0,29,7.99722,1
F02-EllipsoidalSep,NMMSO,0,30,0,0
F02-EllipsoidalSep,NMMSO,0,31,6.10726,1
F02-EllipsoidalSep,NMMSO,0,32,0,0
F02-EllipsoidalSep,NMMSO,0,33,8.29522,1
F02-EllipsoidalSep,NMMSO,0,34,0,0
F02-EllipsoidalSep,NMMSO,0,35,5.71441,1
F02-EllipsoidalSep,NMMSO,0,36,6.33382,1
F02-EllipsoidalSep,NMMSO,0,37,8.77809,1
F02-EllipsoidalSep,NMMSO,0,38,5.86261,1
F02-EllipsoidalSep,NMMSO,0,39,0,0
F02-EllipsoidalSep,NMMSO,0,40,0,0
F02-EllipsoidalSep,NMMSO,0,41,0,0
F02-EllipsoidalSep,NMMSO,0,42,8.26749,1
F02-EllipsoidalSep,NMMSO,0,43,9.67933,1
F02-EllipsoidalSep,NMMSO,0,44,0,0
F02-EllipsoidalSep,NCDE,0,15,5.68434e-14,0
F02-EllipsoidalSep,NCDE,0,16,5.68434e-14,0
F02-EllipsoidalSep,NCDE,0,17,0.0126159,0
F02-EllipsoidalSep,NCDE,0,18,5.68434e-14,0
F02-EllipsoidalSep,NCDE,0,19,0.48974,0
F02-EllipsoidalSep,NCDE,0,20,5.68434e-14,0
F02-EllipsoidalSep,NCDE,0,21,0.0348731,0
F02-EllipsoidalSep,NCDE,0,22,3.89329,0
F02-EllipsoidalSep,NCDE,0,23,0.48974,0
F02-EllipsoidalSep,NCDE,0,24,5.68434e-14,0
F02-EllipsoidalSep,NCDE,0,25,5.68434e-14,0
F02-EllipsoidalSep,NCDE,0,26,5.68434e-14,0
F02-EllipsoidalSep,NCDE,0,27,5.68434e-14,0
F02-EllipsoidalSep,NCDE,0,28,5.68434e-14,0
F02-EllipsoidalSep,NCDE,0,29,3.89329,0
F02-EllipsoidalSep,NCDE,0,30,5.68434e-14,0
F02-EllipsoidalSep,NCDE,0,31,0.48974,0
F02-EllipsoidalSep,NCDE,0,32,5.68434e-14,0
F02-EllipsoidalSep,NCDE,0,33,3.89329,0
F02-EllipsoidalSep,NCDE,0,34,5.68434e-14,0
F02-EllipsoidalSep,NCDE,0,35,0.48974,0
F02-EllipsoidalSep,NCDE,0,36,0.48974,0
F02-EllipsoidalSep,NCDE,0,37,3.89329,0
F02-EllipsoidalSep,NCDE,0,38,0.48974,0
F02-EllipsoidalSep,NCDE,0,39,5.68434e-14,0
F02-EllipsoidalSep,NCDE,0,40,5.68434e-14,0
F02-EllipsoidalSep,NCDE,0,41,5.68434e-14,0
F02-EllipsoidalSep,NCDE,0,42,3.89329,0
F02-EllipsoidalSep,NCDE,0,43,9.67933,0
F02-EllipsoidalSep,NCDE,0,44,5.68434e-14,0
F02-EllipsoidalSep,r3pso,0,15,4.26326e-13,0
F02-EllipsoidalSep,r3pso,0,16,4.26326e-13,0
F02-EllipsoidalSep,r3pso,0,17,0.0126158,1
F02-EllipsoidalSep,r3pso,0,18,4.26326e-13,0
F02-EllipsoidalSep,r3pso,0,19,6.29796,1
F02-EllipsoidalSep,r3pso,0,20,4.26326e-13,0
F02-EllipsoidalSep,r3pso,0,21,0.0348729,1
F02-EllipsoidalSep,r3pso,0,22,8.54876,1
F02-EllipsoidalSep,r3pso,0,23,5.72726,1
F02-EllipsoidalSep,r3pso,0,24,4.26326e-13,0
F02-EllipsoidalSep,r3pso,0,25,4.26326e-13,0
F02-EllipsoidalSep,r3pso,0,26,4.26326e-13,0
F02-EllipsoidalSep,r3pso,0,27,4.26326e-13,0
F02-EllipsoidalSep,r3pso,0,28,4.26326e-13,0
F02-EllipsoidalSep,r3pso,0,29,7.99721,1
F02-EllipsoidalSep,r3pso,0,30,4.26326e-13,0
F02-EllipsoidalSep,r3pso,0,31,6.10726,1
F02-EllipsoidalSep,r3pso,0,32,4.26326e-13,0
F02-EllipsoidalSep,r3pso,0,33,8.29522,1
F02-EllipsoidalSep,r3pso,0,34,4.26326e-13,0
F02-EllipsoidalSep,r3pso,0,35,5.71441,1
F02-EllipsoidalSep,r3pso,0,36,6.33382,1
F02-EllipsoidalSep,r3pso,0,37,8.77809,1
F02-EllipsoidalSep,r3pso,0,38,5.86261,1
F02-EllipsoidalSep,r3pso,0,39,4.26326e-13,0
F02-EllipsoidalSep,r3pso,0,40,4.26326e-13,0
F02-EllipsoidalSep,r3pso,0,41,4.26326e-13,0
F02-EllipsoidalSep,r3pso,0,42,8.26749,1
F02-EllipsoidalSep,r3pso,0,43,9.67933,1
F02-EllipsoidalSep,r3pso,0,44,4.26326e-13,0
F02-EllipsoidalSep,NM-Restart,0,15,0,0
F02-EllipsoidalSep,NM-Restart,0,16,0,0
F02-EllipsoidalSep,NM-Restart,0,17,0.0126159,1
F02-EllipsoidalSep,NM-Restart,0,18,0,0
F02-EllipsoidalSep,NM-Restart,0,19,6.29796,1
F02-EllipsoidalSep,NM-Restart,0,20,0,0
F02-EllipsoidalSep,NM-Restart,0,21,0.034873,1
F02-EllipsoidalSep,NM-Restart,0,22,8.54876,1
F02-EllipsoidalSep,NM-Restart,0,23,5.72726,1
F02-EllipsoidalSep,NM-Restart,0,24,0,0
F02-EllipsoidalSep,NM-Restart,0,25,0,0
F02-EllipsoidalSep,NM-Restart,0,26,0,0
F02-EllipsoidalSep,NM-Restart,0,27,0,0
F02-EllipsoidalSep,NM-Restart,0,28,0,0
F02-EllipsoidalSep,NM-Restart,0,29,7.99722,1
F02-EllipsoidalSep,NM-Restart,0,30,0,0
F02-EllipsoidalSep,NM-Restart,0,31,6.10726,1
F02-EllipsoidalSep,NM-Restart,0,32,0,0
F02-EllipsoidalSep,NM-Restart,0,33,8.29522,1
F02-EllipsoidalSep,NM-Restart,0,34,0,0
F02-EllipsoidalSep,NM-Restart,0,35,5.71441,1
F02-EllipsoidalSep,NM-Restart,0,36,6.33382,1
F02-EllipsoidalSep,NM-Restart,0,37,8.77809,1
F02-EllipsoidalSep,NM-Restart,0,38,5.86261,1
F02-EllipsoidalSep,NM-Restart,0,39,0,0
F02-EllipsoidalSep,NM-Restart,0,40,0,0
F02-EllipsoidalSep,NM-Restart,0,41,0,0
F02-EllipsoidalSep,NM-Restart,0,42,8.26749,1
F02-EllipsoidalSep,NM-Restart,0,43,9.67933,0
F02-EllipsoidalSep,NM-Restart,0,44,0,0
F02-EllipsoidalSep,IPOP-CMA-ES,0,15,0,0
F02-EllipsoidalSep,IPOP-CMA-ES,0,16,0,0
F02-EllipsoidalSep,IPOP-CMA-ES,0,17,0.0126159,1
F02-EllipsoidalSep,IPOP-CMA-ES,0,18,0,0
F02-EllipsoidalSep,IPOP-CMA-ES,0,19,6.29796,1
F02-EllipsoidalSep,IPOP-CMA-ES,0,20,0,0
F02-EllipsoidalSep,IPOP-CMA-ES,0,21,0.0348729,1
F02-EllipsoidalSep,IPOP-CMA-ES,0,22,8.54876,0
F02-EllipsoidalSep,IPOP-CMA-ES,0,23,5.72726,1
F02-EllipsoidalSep,IPOP-CMA-ES,0,24,0,0
F02-EllipsoidalSep,IPOP-CMA-ES,0,25,0,0
F02-EllipsoidalSep,IPOP-CMA-ES,0,26,0,0
F02-EllipsoidalSep,IPOP-CMA-ES,0,27,0,0
F02-EllipsoidalSep,IPOP-CMA-ES,0,28,0,0
F02-EllipsoidalSep,IPOP-CMA-ES,0,29,7.99722,0
F02-EllipsoidalSep,IPOP-CMA-ES,0,30,0,0
F02-EllipsoidalSep,IPOP-CMA-ES,0,31,6.10726,1
F02-EllipsoidalSep,IPOP-CMA-ES,0,32,0,0
F02-EllipsoidalSep,IPOP-CMA-ES,0,33,8.29522,0
F02-EllipsoidalSep,IPOP-CMA-ES,0,34,0,0
F02-EllipsoidalSep,IPOP-CMA-ES,0,35,5.71441,0
F02-EllipsoidalSep,IPOP-CMA-ES,0,36,6.33382,1
F02-EllipsoidalSep,IPOP-CMA-ES,0,37,8.77809,0
F02-EllipsoidalSep,IPOP-CMA-ES,0,38,5.86261,0
F02-EllipsoidalSep,IPOP-CMA-ES,0,39,0,0
F02-EllipsoidalSep,IPOP-CMA-ES,0,40,0,0
F02-EllipsoidalSep,IPOP-CMA-ES,0,41,0,0
F02-EllipsoidalSep,IPOP-CMA-ES,0,42,8.26749,0
F02-EllipsoidalSep,IPOP-CMA-ES,0,43,9.67933,0
F02-EllipsoidalSep,IPOP-CMA-ES,0,44,0,0
F02-EllipsoidalSep,DE,0,15,0,0
F02-EllipsoidalSep,DE,0,16,0,0
F02-EllipsoidalSep,DE,0,17,0.0126159,1
F02-EllipsoidalSep,DE,0,18,0,0
F02-EllipsoidalSep,DE,0,19,6.29796,1
F02-EllipsoidalSep,DE,0,20,0,0
F02-EllipsoidalSep,DE,0,21,0.034873,1
F02-EllipsoidalSep,DE,0,22,8.54876,1
F02-EllipsoidalSep,DE,0,23,5.72726,1
F02-EllipsoidalSep,DE,0,24,0,0
F02-EllipsoidalSep,DE,0,25,0,0
F02-EllipsoidalSep,DE,0,26,0,0
F02-EllipsoidalSep,DE,0,27,0,0
F02-EllipsoidalSep,DE,0,28,0,0
F02-EllipsoidalSep,DE,0,29,7.99722,1
F02-EllipsoidalSep,DE,0,30,0,0
F02-EllipsoidalSep,DE,0,31,6.10726,1
F02-EllipsoidalSep,DE,0,32,0,0
F02-EllipsoidalSep,DE,0,33,8.29522,1
F02-EllipsoidalSep,DE,0,34,0,0
F02-EllipsoidalSep,DE,0,35,5.71441,1
F02-EllipsoidalSep,DE,0,36,6.33382,1
F02-EllipsoidalSep,DE,0,37,8.77809,1
F02-EllipsoidalSep,DE,0,38,5.86261,1
F02-EllipsoidalSep,DE,0,39,0,0
F02-EllipsoidalSep,DE,0,40,0,0
F02-EllipsoidalSep,DE,0,41,0,0
F02-EllipsoidalSep,DE,0,42,8.26749,1
F02-EllipsoidalSep,DE,0,43,9.67933,1
F02-EllipsoidalSep,DE,0,44,0,0
F02-EllipsoidalSep,PSO,0,15,1.33582e-12,0
F02-EllipsoidalSep,PSO,0,16,1.33582e-12,0
F02-EllipsoidalSep,PSO,0,17,0.012616,1
F02-EllipsoidalSep,PSO,0,18,1.33582e-12,0
F02-EllipsoidalSep,PSO,0,19,6.29796,1
F02-EllipsoidalSep,PSO,0,20,1.33582e-12,0
F02-EllipsoidalSep,PSO,0,21,0.0348732,1
F02-EllipsoidalSep,PSO,0,22,8.54876,1
F02-EllipsoidalSep,PSO,0,23,5.72726,1
F02-EllipsoidalSep,PSO,0,24,1.33582e-12,0
F02-EllipsoidalSep,PSO,0,25,1.33582e-12,0
F02-EllipsoidalSep,PSO,0,26,1.33582e-12,0
F02-EllipsoidalSep,PSO,0,27,1.33582e-12,0
F02-EllipsoidalSep,PSO,0,28,1.33582e-12,0
F02-EllipsoidalSep,PSO,0,29,7.99722,1
F02-EllipsoidalSep,PSO,0,30,1.33582e-12,0
F02-EllipsoidalSep,PSO,0,31,6.10726,1
F02-EllipsoidalSep,PSO,0,32,1.33582e-12,0
F02-EllipsoidalSep,PSO,0,33,8.29522,1
F02-EllipsoidalSep,PSO,0,34,1.33582e-12,0
F02-EllipsoidalSep,PSO,0,35,5.71441,1
F02-EllipsoidalSep,PSO,0,36,6.33382,1
F02-EllipsoidalSep,PSO,0,37,8.77809,1
F02-EllipsoidalSep,PSO,0,38,5.86261,1
F02-EllipsoidalSep,PSO,0,39,1.33582e-12,0
F02-EllipsoidalSep,PSO,0,40,1.33582e-12,0
F02-EllipsoidalSep,PSO,0,41,1.33582e-12,0
F02-EllipsoidalSep,PSO,0,42,8.26749,1
F02-EllipsoidalSep,PSO,0,43,9.67933,1
F02-EllipsoidalSep,PSO,0,44,1.33582e-12,0
F02-EllipsoidalSep,Crowding-DE,0,15,2.71965e-06,0
F02-EllipsoidalSep,Crowding-DE,0,16,2.71965e-06,0
F02-EllipsoidalSep,Crowding-DE,0,17,0.0121836,1
F02-EllipsoidalSep,Crowding-DE,0,18,2.71965e-06,0
F02-EllipsoidalSep,Crowding-DE,0,19,6.29667,1
F02-EllipsoidalSep,Crowding-DE,0,20,2.71965e-06,0
F02-EllipsoidalSep,Crowding-DE,0,21,0.0338365,1
F02-EllipsoidalSep,Crowding-DE,0,22,8.5476,1
F02-EllipsoidalSep,Crowding-DE,0,23,5.72616,1
F02-EllipsoidalSep,Crowding-DE,0,24,2.71965e-06,0
F02-EllipsoidalSep,Crowding-DE,0,25,2.71965e-06,0
F02-EllipsoidalSep,Crowding-DE,0,26,2.71965e-06,0
F02-EllipsoidalSep,Crowding-DE,0,27,2.71965e-06,0
F02-EllipsoidalSep,Crowding-DE,0,28,2.71965e-06,0
F02-EllipsoidalSep,Crowding-DE,0,29,7.99565,1
F02-EllipsoidalSep,Crowding-DE,0,30,2.71965e-06,0
F02-EllipsoidalSep,Crowding-DE,0,31,6.10582,1
F02-EllipsoidalSep,Crowding-DE,0,32,2.71965e-06,0
F02-EllipsoidalSep,Crowding-DE,0,33,8.29356,1
F02-EllipsoidalSep,Crowding-DE,0,34,2.71965e-06,0
F02-EllipsoidalSep,Crowding-DE,0,35,5.71296,1
F02-EllipsoidalSep,Crowding-DE,0,36,6.33216,1
F02-EllipsoidalSep,Crowding-DE,0,37,8.77656,1
F02-EllipsoidalSep,Crowding-DE,0,38,5.861,1
F02-EllipsoidalSep,Crowding-DE,0,39,2.71965e-06,0
F02-EllipsoidalSep,Crowding-DE,0,40,2.71965e-06,0
F02-EllipsoidalSep,Crowding-DE,0,41,2.71965e-06,0
F02-EllipsoidalSep,Crowding-DE,0,42,8.26592,1
F02-EllipsoidalSep,Crowding-DE,0,43,9.63759,1
F02-EllipsoidalSep,Crowding-DE,0,44,2.71965e-06,0
F02-EllipsoidalSep,MAP-Elites,0,15,3.50928,0
F02-EllipsoidalSep,MAP-Elites,0,16,3.50928,0
F02-EllipsoidalSep,MAP-Elites,0,17,3.91741,1
F02-EllipsoidalSep,MAP-Elites,0,18,3.50928,0
F02-EllipsoidalSep,MAP-Elites,0,19,10.973,1
F02-EllipsoidalSep,MAP-Elites,0,20,3.50928,0
F02-EllipsoidalSep,MAP-Elites,0,21,4.48736,1
F02-EllipsoidalSep,MAP-Elites,0,22,13.1079,0
F02-EllipsoidalSep,MAP-Elites,0,23,10.2374,0
F02-EllipsoidalSep,MAP-Elites,0,24,3.50928,0
F02-EllipsoidalSep,MAP-Elites,0,25,3.50928,0
F02-EllipsoidalSep,MAP-Elites,0,26,3.50928,0
F02-EllipsoidalSep,MAP-Elites,0,27,3.50928,0
F02-EllipsoidalSep,MAP-Elites,0,28,3.50928,0
F02-EllipsoidalSep,MAP-Elites,0,29,11.3758,0
F02-EllipsoidalSep,MAP-Elites,0,30,3.50928,0
F02-EllipsoidalSep,MAP-Elites,0,31,10.9194,0
F02-EllipsoidalSep,MAP-Elites,0,32,3.50928,0
F02-EllipsoidalSep,MAP-Elites,0,33,11.3758,0
F02-EllipsoidalSep,MAP-Elites,0,34,3.50928,0
F02-EllipsoidalSep,MAP-Elites,0,35,10.5407,0
F02-EllipsoidalSep,MAP-Elites,0,36,11.3485,0
F02-EllipsoidalSep,MAP-Elites,0,37,13.6846,0
F02-EllipsoidalSep,MAP-Elites,0,38,10.8341,0
F02-EllipsoidalSep,MAP-Elites,0,39,3.50928,0
F02-EllipsoidalSep,MAP-Elites,0,40,3.50928,0
F02-EllipsoidalSep,MAP-Elites,0,41,3.50928,0
F02-EllipsoidalSep,MAP-Elites,0,42,11.3758,0
F02-EllipsoidalSep,MAP-Elites,0,43,2.8078,0
F02-EllipsoidalSep,MAP-Elites,0,44,3.50928,0
F02-EllipsoidalSep,MC-ESO-crowd,0,15,0.00341197,0
F02-EllipsoidalSep,MC-ESO-crowd,0,16,0.00341197,0
F02-EllipsoidalSep,MC-ESO-crowd,0,17,0,0
F02-EllipsoidalSep,MC-ESO-crowd,0,18,0.00341197,0
F02-EllipsoidalSep,MC-ESO-crowd,0,19,0,0
F02-EllipsoidalSep,MC-ESO-crowd,0,20,0.00341197,0
F02-EllipsoidalSep,MC-ESO-crowd,0,21,0,0
F02-EllipsoidalSep,MC-ESO-crowd,0,22,0,0
F02-EllipsoidalSep,MC-ESO-crowd,0,23,0,0
F02-EllipsoidalSep,MC-ESO-crowd,0,24,0.00341197,0
F02-EllipsoidalSep,MC-ESO-crowd,0,25,0.00341197,0
F02-EllipsoidalSep,MC-ESO-crowd,0,26,0.00341197,0
F02-EllipsoidalSep,MC-ESO-crowd,0,27,0.00341197,0
F02-EllipsoidalSep,MC-ESO-crowd,0,28,0.00341197,0
F02-EllipsoidalSep,MC-ESO-crowd,0,29,0,0
F02-EllipsoidalSep,MC-ESO-crowd,0,30,0.00341197,0
F02-EllipsoidalSep,MC-ESO-crowd,0,31,0,0
F02-EllipsoidalSep,MC-ESO-crowd,0,32,0.00341197,0
F02-EllipsoidalSep,MC-ESO-crowd,0,33,0,0
F02-EllipsoidalSep,MC-ESO-crowd,0,34,0.00341197,0
F02-EllipsoidalSep,MC-ESO-crowd,0,35,0,0
F02-EllipsoidalSep,MC-ESO-crowd,0,36,0,0
F02-EllipsoidalSep,MC-ESO-crowd,0,37,0,0
F02-EllipsoidalSep,MC-ESO-crowd,0,38,0,0
F02-EllipsoidalSep,MC-ESO-crowd,0,39,0.00341197,0
F02-EllipsoidalSep,MC-ESO-crowd,0,40,0.00341197,0
F02-EllipsoidalSep,MC-ESO-crowd,0,41,0.00341197,0
F02-EllipsoidalSep,MC-ESO-crowd,0,42,0,0
F02-EllipsoidalSep,MC-ESO-crowd,0,43,0,0
F02-EllipsoidalSep,MC-ESO-crowd,0,44,0.00341197,0
F02-EllipsoidalSep,quality,0,15,1.13602e-10,0
F02-EllipsoidalSep,quality,0,16,1.13602e-10,0
F02-EllipsoidalSep,quality,0,17,0.0126171,1
F02-EllipsoidalSep,quality,0,18,1.13602e-10,0
F02-EllipsoidalSep,quality,0,19,6.29796,1
F02-EllipsoidalSep,quality,0,20,1.13602e-10,0
F02-EllipsoidalSep,quality,0,21,0.0348757,1
F02-EllipsoidalSep,quality,0,22,8.54876,1
F02-EllipsoidalSep,quality,0,23,5.72727,1
F02-EllipsoidalSep,quality,0,24,1.13602e-10,0
F02-EllipsoidalSep,quality,0,25,1.13602e-10,0
F02-EllipsoidalSep,quality,0,26,1.13602e-10,0
F02-EllipsoidalSep,quality,0,27,1.13602e-10,0
F02-EllipsoidalSep,quality,0,28,1.13602e-10,0
F02-EllipsoidalSep,quality,0,29,7.99722,1
F02-EllipsoidalSep,quality,0,30,1.13602e-10,0
F02-EllipsoidalSep,quality,0,31,6.10726,1
F02-EllipsoidalSep,quality,0,32,1.13602e-10,0
F02-EllipsoidalSep,quality,0,33,8.29523,1
F02-EllipsoidalSep,quality,0,34,1.13602e-10,0
F02-EllipsoidalSep,quality,0,35,5.71441,1
F02-EllipsoidalSep,quality,0,36,6.33382,1
F02-EllipsoidalSep,quality,0,37,8.7781,1
F02-EllipsoidalSep,quality,0,38,5.86261,1
F02-EllipsoidalSep,quality,0,39,1.13602e-10,0
F02-EllipsoidalSep,quality,0,40,1.13602e-10,0
F02-EllipsoidalSep,quality,0,41,1.13602e-10,0
F02-EllipsoidalSep,quality,0,42,8.2675,1
F02-EllipsoidalSep,quality,0,43,9.67933,1
F02-EllipsoidalSep,quality,0,44,1.13602e-10,0
F02-EllipsoidalSep,complement,0,15,1.13602e-10,0
F02-EllipsoidalSep,complement,0,16,1.13602e-10,0
F02-EllipsoidalSep,complement,0,17,0.0126171,1
F02-EllipsoidalSep,complement,0,18,1.13602e-10,0
F02-EllipsoidalSep,complement,0,19,6.29796,1
F02-EllipsoidalSep,complement,0,20,1.13602e-10,0
F02-EllipsoidalSep,complement,0,21,0.0348757,1
F02-EllipsoidalSep,complement,0,22,8.54876,1
F02-EllipsoidalSep,complement,0,23,5.72727,1
F02-EllipsoidalSep,complement,0,24,1.13602e-10,0
F02-EllipsoidalSep,complement,0,25,1.13602e-10,0
F02-EllipsoidalSep,complement,0,26,1.13602e-10,0
F02-EllipsoidalSep,complement,0,27,1.13602e-10,0
F02-EllipsoidalSep,complement,0,28,1.13602e-10,0
F02-EllipsoidalSep,complement,0,29,7.99722,1
F02-EllipsoidalSep,complement,0,30,1.13602e-10,0
F02-EllipsoidalSep,complement,0,31,6.10726,1
F02-EllipsoidalSep,complement,0,32,1.13602e-10,0
F02-EllipsoidalSep,complement,0,33,8.29523,1
F02-EllipsoidalSep,complement,0,34,1.13602e-10,0
F02-EllipsoidalSep,complement,0,35,5.71441,1
F02-EllipsoidalSep,complement,0,36,6.33382,1
F02-EllipsoidalSep,complement,0,37,8.7781,1
F02-EllipsoidalSep,complement,0,38,5.86261,1
F02-EllipsoidalSep,complement,0,39,1.13602e-10,0
F02-EllipsoidalSep,complement,0,40,1.13602e-10,0
F02-EllipsoidalSep,complement,0,41,1.13602e-10,0
F02-EllipsoidalSep,complement,0,42,8.2675,1
F02-EllipsoidalSep,complement,0,43,9.67933,1
F02-EllipsoidalSep,complement,0,44,1.13602e-10,0
F02-EllipsoidalSep,MC-ESO,1,15,0,0
F02-EllipsoidalSep,MC-ESO,1,16,5.00822,1
F02-EllipsoidalSep,MC-ESO,1,17,5.42364,1
F02-EllipsoidalSep,MC-ESO,1,18,0,0
F02-EllipsoidalSep,MC-ESO,1,19,0,0
F02-EllipsoidalSep,MC-ESO,1,20,0,0
F02-EllipsoidalSep,MC-ESO,1,21,9.48287,1
F02-EllipsoidalSep,MC-ESO,1,22,8.1564,1
F02-EllipsoidalSep,MC-ESO,1,23,0,0
F02-EllipsoidalSep,MC-ESO,1,24,4.65049,1
F02-EllipsoidalSep,MC-ESO,1,25,0,0
F02-EllipsoidalSep,MC-ESO,1,26,0,0
F02-EllipsoidalSep,MC-ESO,1,27,0,0
F02-EllipsoidalSep,MC-ESO,1,28,0,0
F02-EllipsoidalSep,MC-ESO,1,29,7.76118e-08,1
F02-EllipsoidalSep,MC-ESO,1,30,2.5654e-09,1
F02-EllipsoidalSep,MC-ESO,1,31,0,0
F02-EllipsoidalSep,MC-ESO,1,32,8.12296,1
F02-EllipsoidalSep,MC-ESO,1,33,3.30998e-07,1
F02-EllipsoidalSep,MC-ESO,1,34,4.64677,1
F02-EllipsoidalSep,MC-ESO,1,35,0,0
F02-EllipsoidalSep,MC-ESO,1,36,5.42433,1
F02-EllipsoidalSep,MC-ESO,1,37,1.07606e-07,1
F02-EllipsoidalSep,MC-ESO,1,38,0,0
F02-EllipsoidalSep,MC-ESO,1,39,0,0
F02-EllipsoidalSep,MC-ESO,1,40,0,0
F02-EllipsoidalSep,MC-ESO,1,41,0,0
F02-EllipsoidalSep,MC-ESO,1,42,0,0
F02-EllipsoidalSep,MC-ESO,1,43,0,0
F02-EllipsoidalSep,MC-ESO,1,44,0,0
F02-EllipsoidalSep,NMMSO,1,15,0,0
F02-EllipsoidalSep,NMMSO,1,16,5.12181,1
F02-EllipsoidalSep,NMMSO,1,17,5.56388,1
F02-EllipsoidalSep,NMMSO,1,18,0,0
F02-EllipsoidalSep,NMMSO,1,19,0,0
F02-EllipsoidalSep,NMMSO,1,20,0,0
F02-EllipsoidalSep,NMMSO,1,21,9.70827,1
F02-EllipsoidalSep,NMMSO,1,22,8.1564,1
F02-EllipsoidalSep,NMMSO,1,23,0,0
F02-EllipsoidalSep,NMMSO,1,24,4.78489,1
F02-EllipsoidalSep,NMMSO,1,25,0,0
F02-EllipsoidalSep,NMMSO,1,26,0,0
F02-EllipsoidalSep,NMMSO,1,27,0,0
F02-EllipsoidalSep,NMMSO,1,28,0,0
F02-EllipsoidalSep,NMMSO,1,29,8.64082e-08,1
F02-EllipsoidalSep,NMMSO,1,30,2.33347e-09,1
F02-EllipsoidalSep,NMMSO,1,31,0,0
F02-EllipsoidalSep,NMMSO,1,32,8.12296,1
F02-EllipsoidalSep,NMMSO,1,33,3.68423e-07,1
F02-EllipsoidalSep,NMMSO,1,34,4.64677,1
F02-EllipsoidalSep,NMMSO,1,35,0,0
F02-EllipsoidalSep,NMMSO,1,36,5.63029,1
F02-EllipsoidalSep,NMMSO,1,37,1.19795e-07,1
F02-EllipsoidalSep,NMMSO,1,38,9.51649,1
F02-EllipsoidalSep,NMMSO,1,39,0,0
F02-EllipsoidalSep,NMMSO,1,40,10.051,1
F02-EllipsoidalSep,NMMSO,1,41,0,0
F02-EllipsoidalSep,NMMSO,1,42,9.54562,1
F02-EllipsoidalSep,NMMSO,1,43,0,0
F02-EllipsoidalSep,NMMSO,1,44,0,0
F02-EllipsoidalSep,NCDE,1,15,0,0
F02-EllipsoidalSep,NCDE,1,16,5.12181,0
F02-EllipsoidalSep,NCDE,1,17,5.56388,0
F02-EllipsoidalSep,NCDE,1,18,0,0
F02-EllipsoidalSep,NCDE,1,19,0,0
F02-EllipsoidalSep,NCDE,1,20,0,0
F02-EllipsoidalSep,NCDE,1,21,0.823297,0
F02-EllipsoidalSep,NCDE,1,22,8.1564,0
F02-EllipsoidalSep,NCDE,1,23,0,0
F02-EllipsoidalSep,NCDE,1,24,4.78489,0
F02-EllipsoidalSep,NCDE,1,25,0,0
F02-EllipsoidalSep,NCDE,1,26,0,0
F02-EllipsoidalSep,NCDE,1,27,0,0
F02-EllipsoidalSep,NCDE,1,28,0,0
F02-EllipsoidalSep,NCDE,1,29,7.62284e-08,0
F02-EllipsoidalSep,NCDE,1,30,2.53979e-09,1
F02-EllipsoidalSep,NCDE,1,31,0,0
F02-EllipsoidalSep,NCDE,1,32,0,0
F02-EllipsoidalSep,NCDE,1,33,3.24781e-07,0
F02-EllipsoidalSep,NCDE,1,34,4.64677,0
F02-EllipsoidalSep,NCDE,1,35,0,0
F02-EllipsoidalSep,NCDE,1,36,5.63029,0
F02-EllipsoidalSep,NCDE,1,37,1.05664e-07,0
F02-EllipsoidalSep,NCDE,1,38,1.09986,0
F02-EllipsoidalSep,NCDE,1,39,0,0
F02-EllipsoidalSep,NCDE,1,40,1.92461,0
F02-EllipsoidalSep,NCDE,1,41,0,0
F02-EllipsoidalSep,NCDE,1,42,1.09986,0
F02-EllipsoidalSep,NCDE,1,43,0,0
F02-EllipsoidalSep,NCDE,1,44,0,0
F02-EllipsoidalSep,r3pso,1,15,1.39266e-12,0
F02-EllipsoidalSep,r3pso,1,16,5.12181,1
F02-EllipsoidalSep,r3pso,1,17,5.56388,1
F02-EllipsoidalSep,r3pso,1,18,1.39266e-12,0
F02-EllipsoidalSep,r3pso,1,19,1.39266e-12,0
F02-EllipsoidalSep,r3pso,1,20,1.39266e-12,0
F02-EllipsoidalSep,r3pso,1,21,9.70827,1
F02-EllipsoidalSep,r3pso,1,22,8.1564,1
F02-EllipsoidalSep,r3pso,1,23,1.39266e-12,0
F02-EllipsoidalSep,r3pso,1,24,4.78489,1
F02-EllipsoidalSep,r3pso,1,25,1.39266e-12,0
F02-EllipsoidalSep,r3pso,1,26,1.39266e-12,0
F02-EllipsoidalSep,r3pso,1,27,1.39266e-12,0
F02-EllipsoidalSep,r3pso,1,28,1.39266e-12,0
F02-EllipsoidalSep,r3pso,1,29,0,1
F02-EllipsoidalSep,r3pso,1,30,4.4651e-09,1
F02-EllipsoidalSep,r3pso,1,31,1.39266e-12,0
F02-EllipsoidalSep,r3pso,1,32,8.12296,1
F02-EllipsoidalSep,r3pso,1,33,0,1
F02-EllipsoidalSep,r3pso,1,34,4.64677,1
F02-EllipsoidalSep,r3pso,1,35,1.39266e-12,0
F02-EllipsoidalSep,r3pso,1,36,5.63029,1
F02-EllipsoidalSep,r3pso,1,37,0,1
F02-EllipsoidalSep,r3pso,1,38,9.51649,1
F02-EllipsoidalSep,r3pso,1,39,1.39266e-12,0
F02-EllipsoidalSep,r3pso,1,40,10.051,1
F02-EllipsoidalSep,r3pso,1,41,1.39266e-12,0
F02-EllipsoidalSep,r3pso,1,42,9.54562,1
F02-EllipsoidalSep,r3pso,1,43,1.39266e-12,0
F02-EllipsoidalSep,r3pso,1,44,1.39266e-12,0
F02-EllipsoidalSep,NM-Restart,1,15,0,0
F02-EllipsoidalSep,NM-Restart,1,16,5.12181,1
F02-EllipsoidalSep,NM-Restart,1,17,5.56388,1
F02-EllipsoidalSep,NM-Restart,1,18,0,0
F02-EllipsoidalSep,NM-Restart,1,19,0,0
F02-EllipsoidalSep,NM-Restart,1,20,0,0
F02-EllipsoidalSep,NM-Restart,1,21,9.70827,1
F02-EllipsoidalSep,NM-Restart,1,22,8.1564,1
F02-EllipsoidalSep,NM-Restart,1,23,0,0
F02-EllipsoidalSep,NM-Restart,1,24,4.78489,1
F02-EllipsoidalSep,NM-Restart,1,25,0,0
F02-EllipsoidalSep,NM-Restart,1,26,0,0
F02-EllipsoidalSep,NM-Restart,1,27,0,0
F02-EllipsoidalSep,NM-Restart,1,28,0,0
F02-EllipsoidalSep,NM-Restart,1,29,7.92212e-08,1
F02-EllipsoidalSep,NM-Restart,1,30,2.57887e-09,1
F02-EllipsoidalSep,NM-Restart,1,31,0,0
F02-EllipsoidalSep,NM-Restart,1,32,8.12296,1
F02-EllipsoidalSep,NM-Restart,1,33,3.38144e-07,1
F02-EllipsoidalSep,NM-Restart,1,34,4.64677,1
F02-EllipsoidalSep,NM-Restart,1,35,0,0
F02-EllipsoidalSep,NM-Restart,1,36,5.63029,1
F02-EllipsoidalSep,NM-Restart,1,37,1.09858e-07,1
F02-EllipsoidalSep,NM-Restart,1,38,0.235189,0
F02-EllipsoidalSep,NM-Restart,1,39,0,0
F02-EllipsoidalSep,NM-Restart,1,40,1.05994,0
F02-EllipsoidalSep,NM-Restart,1,41,0,0
F02-EllipsoidalSep,NM-Restart,1,42,0.235189,0
F02-EllipsoidalSep,NM-Restart,1,43,0,0
F02-EllipsoidalSep,NM-Restart,1,44,0,0
F02-EllipsoidalSep,IPOP-CMA-ES,1,15,0,0
F02-EllipsoidalSep,IPOP-CMA-ES,1,16,5.12181,1
F02-EllipsoidalSep,IPOP-CMA-ES,1,17,5.56388,1
F02-EllipsoidalSep,IPOP-CMA-ES,1,18,0,0
F02-EllipsoidalSep,IPOP-CMA-ES,1,19,0,0
F02-EllipsoidalSep,IPOP-CMA-ES,1,20,0,0
F02-EllipsoidalSep,IPOP-CMA-ES,1,21,9.70827,1
F02-EllipsoidalSep,IPOP-CMA-ES,1,22,8.1564,0
F02-EllipsoidalSep,IPOP-CMA-ES,1,23,0,0
F02-EllipsoidalSep,IPOP-CMA-ES,1,24,4.78489,1
F02-EllipsoidalSep,IPOP-CMA-ES,1,25,0,0
F02-EllipsoidalSep,IPOP-CMA-ES,1,26,0,0
F02-EllipsoidalSep,IPOP-CMA-ES,1,27,0,0
F02-EllipsoidalSep,IPOP-CMA-ES,1,28,0,0
F02-EllipsoidalSep,IPOP-CMA-ES,1,29,9.22582e-08,1
F02-EllipsoidalSep,IPOP-CMA-ES,1,30,2.17601e-09,1
F02-EllipsoidalSep,IPOP-CMA-ES,1,31,0,0
F02-EllipsoidalSep,IPOP-CMA-ES,1,32,8.12296,1
F02-EllipsoidalSep,IPOP-CMA-ES,1,33,3.93295e-07,1
F02-EllipsoidalSep,IPOP-CMA-ES,1,34,4.64677,1
F02-EllipsoidalSep,IPOP-CMA-ES,1,35,0,0
F02-EllipsoidalSep,IPOP-CMA-ES,1,36,5.63029,1
F02-EllipsoidalSep,IPOP-CMA-ES,1,37,1.279e-07,1
F02-EllipsoidalSep,IPOP-CMA-ES,1,38,9.51649,1
F02-EllipsoidalSep,IPOP-CMA-ES,1,39,0,0
F02-EllipsoidalSep,IPOP-CMA-ES,1,40,10.051,1
F02-EllipsoidalSep,IPOP-CMA-ES,1,41,0,0
F02-EllipsoidalSep,IPOP-CMA-ES,1,42,9.54562,1
F02-EllipsoidalSep,IPOP-CMA-ES,1,43,0,0
F02-EllipsoidalSep,IPOP-CMA-ES,1,44,0,0
F02-EllipsoidalSep,DE,1,15,0,0
F02-EllipsoidalSep,DE,1,16,5.12181,1
F02-EllipsoidalSep,DE,1,17,5.56388,1
F02-EllipsoidalSep,DE,1,18,0,0
F02-EllipsoidalSep,DE,1,19,0,0
F02-EllipsoidalSep,DE,1,20,0,0
F02-EllipsoidalSep,DE,1,21,9.70827,1
F02-EllipsoidalSep,DE,1,22,8.1564,1
F02-EllipsoidalSep,DE,1,23,0,0
F02-EllipsoidalSep,DE,1,24,4.78489,1
F02-EllipsoidalSep,DE,1,25,0,0
F02-EllipsoidalSep,DE,1,26,0,0
F02-EllipsoidalSep,DE,1,27,0,0
F02-EllipsoidalSep,DE,1,28,0,0
F02-EllipsoidalSep,DE,1,29,8.50756e-08,1
F02-EllipsoidalSep,DE,1,30,2.32775e-09,1
F02-EllipsoidalSep,DE,1,31,0,0
F02-EllipsoidalSep,DE,1,32,8.12296,1
F02-EllipsoidalSep,DE,1,33,3.62536e-07,1
F02-EllipsoidalSep,DE,1,34,4.64677,1
F02-EllipsoidalSep,DE,1,35,0,0
F02-EllipsoidalSep,DE,1,36,5.63029,1
F02-EllipsoidalSep,DE,1,37,1.17932e-07,1
F02-EllipsoidalSep,DE,1,38,9.51649,1
F02-EllipsoidalSep,DE,1,39,0,0
F02-EllipsoidalSep,DE,1,40,10.051,1
F02-EllipsoidalSep,DE,1,41,0,0
F02-EllipsoidalSep,DE,1,42,9.54562,1
F02-EllipsoidalSep,DE,1,43,0,0
F02-EllipsoidalSep,DE,1,44,0,0
F02-EllipsoidalSep,PSO,1,15,0,0
F02-EllipsoidalSep,PSO,1,16,5.12181,1
F02-EllipsoidalSep,PSO,1,17,5.56388,1
F02-EllipsoidalSep,PSO,1,18,0,0
F02-EllipsoidalSep,PSO,1,19,0,0
F02-EllipsoidalSep,PSO,1,20,0,0
F02-EllipsoidalSep,PSO,1,21,9.70827,1
F02-EllipsoidalSep,PSO,1,22,8.1564,1
F02-EllipsoidalSep,PSO,1,23,0,0
F02-EllipsoidalSep,PSO,1,24,4.78489,1
F02-EllipsoidalSep,PSO,1,25,0,0
F02-EllipsoidalSep,PSO,1,26,0,0
F02-EllipsoidalSep,PSO,1,27,0,0
F02-EllipsoidalSep,PSO,1,28,0,0
F02-EllipsoidalSep,PSO,1,29,8.41495e-08,1
F02-EllipsoidalSep,PSO,1,30,2.30917e-09,1
F02-EllipsoidalSep,PSO,1,31,0,0
F02-EllipsoidalSep,PSO,1,32,8.12296,1
F02-EllipsoidalSep,PSO,1,33,3.58367e-07,1
F02-EllipsoidalSep,PSO,1,34,4.64677,1
F02-EllipsoidalSep,PSO,1,35,0,0
F02-EllipsoidalSep,PSO,1,36,5.63029,1
F02-EllipsoidalSep,PSO,1,37,1.16632e-07,1
F02-EllipsoidalSep,PSO,1,38,9.51649,1
F02-EllipsoidalSep,PSO,1,39,0,0
F02-EllipsoidalSep,PSO,1,40,10.051,1
F02-EllipsoidalSep,PSO,1,41,0,0
F02-EllipsoidalSep,PSO,1,42,9.54562,1
F02-EllipsoidalSep,PSO,1,43,0,0
F02-EllipsoidalSep,PSO,1,44,0,0
F02-EllipsoidalSep,Crowding-DE,1,15,6.89544e-06,0
F02-EllipsoidalSep,Crowding-DE,1,16,5.12298,1
F02-EllipsoidalSep,Crowding-DE,1,17,5.56512,1
F02-EllipsoidalSep,Crowding-DE,1,18,6.89544e-06,0
F02-EllipsoidalSep,Crowding-DE,1,19,6.89544e-06,0
F02-EllipsoidalSep,Crowding-DE,1,20,6.89544e-06,0
F02-EllipsoidalSep,Crowding-DE,1,21,9.70974,1
F02-EllipsoidalSep,Crowding-DE,1,22,8.15625,1
F02-EllipsoidalSep,Crowding-DE,1,23,6.89544e-06,0
F02-EllipsoidalSep,Crowding-DE,1,24,4.78612,1
F02-EllipsoidalSep,Crowding-DE,1,25,6.89544e-06,0
F02-EllipsoidalSep,Crowding-DE,1,26,6.89544e-06,0
F02-EllipsoidalSep,Crowding-DE,1,27,6.89544e-06,0
F02-EllipsoidalSep,Crowding-DE,1,28,6.89544e-06,0
F02-EllipsoidalSep,Crowding-DE,1,29,0.000114007,1
F02-EllipsoidalSep,Crowding-DE,1,30,6.57616e-06,1
F02-EllipsoidalSep,Crowding-DE,1,31,6.89544e-06,0
F02-EllipsoidalSep,Crowding-DE,1,32,8.12343,1
F02-EllipsoidalSep,Crowding-DE,1,33,0.000475938,1
F02-EllipsoidalSep,Crowding-DE,1,34,4.64727,1
F02-EllipsoidalSep,Crowding-DE,1,35,6.89544e-06,0
F02-EllipsoidalSep,Crowding-DE,1,36,5.6317,1
F02-EllipsoidalSep,Crowding-DE,1,37,0.000156314,1
F02-EllipsoidalSep,Crowding-DE,1,38,9.5177,1
F02-EllipsoidalSep,Crowding-DE,1,39,6.89544e-06,0
F02-EllipsoidalSep,Crowding-DE,1,40,10.0524,1
F02-EllipsoidalSep,Crowding-DE,1,41,6.89544e-06,0
F02-EllipsoidalSep,Crowding-DE,1,42,9.54703,1
F02-EllipsoidalSep,Crowding-DE,1,43,6.89544e-06,0
F02-EllipsoidalSep,Crowding-DE,1,44,6.89544e-06,0
F02-EllipsoidalSep,MAP-Elites,1,15,4.22092,0
F02-EllipsoidalSep,MAP-Elites,1,16,7.36732,0
F02-EllipsoidalSep,MAP-Elites,1,17,7.36732,0
F02-EllipsoidalSep,MAP-Elites,1,18,4.22092,0
F02-EllipsoidalSep,MAP-Elites,1,19,4.22092,0
F02-EllipsoidalSep,MAP-Elites,1,20,4.22092,0
F02-EllipsoidalSep,MAP-Elites,1,21,12.0084,0
F02-EllipsoidalSep,MAP-Elites,1,22,2.28145,0
F02-EllipsoidalSep,MAP-Elites,1,23,4.22092,0
F02-EllipsoidalSep,MAP-Elites,1,24,6.33679,0
F02-EllipsoidalSep,MAP-Elites,1,25,4.22092,0
F02-EllipsoidalSep,MAP-Elites,1,26,4.22092,0
F02-EllipsoidalSep,MAP-Elites,1,27,4.22092,0
F02-EllipsoidalSep,MAP-Elites,1,28,13.4318,0
F02-EllipsoidalSep,MAP-Elites,1,29,4.29712,1
F02-EllipsoidalSep,MAP-Elites,1,30,4.21734,1
F02-EllipsoidalSep,MAP-Elites,1,31,4.22092,0
F02-EllipsoidalSep,MAP-Elites,1,32,11.1851,0
F02-EllipsoidalSep,MAP-Elites,1,33,4.5367,0
F02-EllipsoidalSep,MAP-Elites,1,34,7.36732,0
F02-EllipsoidalSep,MAP-Elites,1,35,4.22092,0
F02-EllipsoidalSep,MAP-Elites,1,36,7.36732,0
F02-EllipsoidalSep,MAP-Elites,1,37,3.16878,0
F02-EllipsoidalSep,MAP-Elites,1,38,12.285,0
F02-EllipsoidalSep,MAP-Elites,1,39,4.22092,0
F02-EllipsoidalSep,MAP-Elites,1,40,13.1097,0
F02-EllipsoidalSep,MAP-Elites,1,41,4.22092,0
F02-EllipsoidalSep,MAP-Elites,1,42,12.285,0
F02-EllipsoidalSep,MAP-Elites,1,43,4.22092,0
F02-EllipsoidalSep,MAP-Elites,1,44,4.22092,0
F02-EllipsoidalSep,MC-ESO-crowd,1,15,0.0119057,0
F02-EllipsoidalSep,MC-ESO-crowd,1,16,0,0
F02-EllipsoidalSep,MC-ESO-crowd,1,17,0,0
F02-EllipsoidalSep,MC-ESO-crowd,1,18,0.0119057,0
F02-EllipsoidalSep,MC-ESO-crowd,1,19,0.0119057,0
F02-EllipsoidalSep,MC-ESO-crowd,1,20,0.0119057,0
F02-EllipsoidalSep,MC-ESO-crowd,1,21,0,0
F02-EllipsoidalSep,MC-ESO-crowd,1,22,0,0
F02-EllipsoidalSep,MC-ESO-crowd,1,23,0.0119057,0
F02-EllipsoidalSep,MC-ESO-crowd,1,24,0,0
F02-EllipsoidalSep,MC-ESO-crowd,1,25,0.0119057,0
F02-EllipsoidalSep,MC-ESO-crowd,1,26,0.0119057,0
F02-EllipsoidalSep,MC-ESO-crowd,1,27,0.0119057,0
F02-EllipsoidalSep,MC-ESO-crowd,1,28,0.0119057,0
F02-EllipsoidalSep,MC-ESO-crowd,1,29,0.0194849,1
F02-EllipsoidalSep,MC-ESO-crowd,1,30,0.011729,1
F02-EllipsoidalSep,MC-ESO-crowd,1,31,0.0119057,0
F02-EllipsoidalSep,MC-ESO-crowd,1,32,3.8178,0
F02-EllipsoidalSep,MC-ESO-crowd,1,33,0.0442749,1
F02-EllipsoidalSep,MC-ESO-crowd,1,34,0,0
F02-EllipsoidalSep,MC-ESO-crowd,1,35,0.0119057,0
F02-EllipsoidalSep,MC-ESO-crowd,1,36,0,0
F02-EllipsoidalSep,MC-ESO-crowd,1,37,0.0224173,1
F02-EllipsoidalSep,MC-ESO-crowd,1,38,0.276559,0
F02-EllipsoidalSep,MC-ESO-crowd,1,39,0.0119057,0
F02-EllipsoidalSep,MC-ESO-crowd,1,40,1.10131,0
F02-EllipsoidalSep,MC-ESO-crowd,1,41,0.0119057,0
F02-EllipsoidalSep,MC-ESO-crowd,1,42,0.276559,0
F02-EllipsoidalSep,MC-ESO-crowd,1,43,0.0119057,0
F02-EllipsoidalSep,MC-ESO-crowd,1,44,0.0119057,0
F02-EllipsoidalSep,quality,1,15,1.70274e-10,0
F02-EllipsoidalSep,quality,1,16,5.12181,1
F02-EllipsoidalSep,quality,1,17,5.56389,1
F02-EllipsoidalSep,quality,1,18,1.70274e-10,0
F02-EllipsoidalSep,quality,1,19,1.70274e-10,0
F02-EllipsoidalSep,quality,1,20,1.70274e-10,0
F02-EllipsoidalSep,quality,1,21,9.70828,1
F02-EllipsoidalSep,quality,1,22,8.15639,1
F02-EllipsoidalSep,quality,1,23,1.70274e-10,0
F02-EllipsoidalSep,quality,1,24,4.7849,1
F02-EllipsoidalSep,quality,1,25,1.70274e-10,0
F02-EllipsoidalSep,quality,1,26,1.70274e-10,0
F02-EllipsoidalSep,quality,1,27,1.70274e-10,0
F02-EllipsoidalSep,quality,1,28,1.70274e-10,0
F02-EllipsoidalSep,quality,1,29,6.42979e-07,1
F02-EllipsoidalSep,quality,1,30,0,1
F02-EllipsoidalSep,quality,1,31,1.70274e-10,0
F02-EllipsoidalSep,quality,1,32,8.12296,1
F02-EllipsoidalSep,quality,1,33,2.80069e-06,1
F02-EllipsoidalSep,quality,1,34,4.64678,1
F02-EllipsoidalSep,quality,1,35,1.70274e-10,0
F02-EllipsoidalSep,quality,1,36,5.63029,1
F02-EllipsoidalSep,quality,1,37,8.95803e-07,1
F02-EllipsoidalSep,quality,1,38,9.5165,1
F02-EllipsoidalSep,quality,1,39,1.70274e-10,0
F02-EllipsoidalSep,quality,1,40,10.051,1
F02-EllipsoidalSep,quality,1,41,1.70274e-10,0
F02-EllipsoidalSep,quality,1,42,9.54563,1
F02-EllipsoidalSep,quality,1,43,1.70274e-10,0
F02-EllipsoidalSep,quality,1,44,1.70274e-10,0
F02-EllipsoidalSep,complement,1,15,1.70274e-10,0
F02-EllipsoidalSep,complement,1,16,5.12181,1
F02-EllipsoidalSep,complement,1,17,5.56389,1
F02-EllipsoidalSep,complement,1,18,1.70274e-10,0
F02-EllipsoidalSep,complement,1,19,1.70274e-10,0
F02-EllipsoidalSep,complement,1,20,1.70274e-10,0
F02-EllipsoidalSep,complement,1,21,9.70828,1
F02-EllipsoidalSep,complement,1,22,8.15639,1
F02-EllipsoidalSep,complement,1,23,1.70274e-10,0
F02-EllipsoidalSep,complement,1,24,4.7849,1
F02-EllipsoidalSep,complement,1,25,1.70274e-10,0
F02-EllipsoidalSep,complement,1,26,1.70274e-10,0
F02-EllipsoidalSep,complement,1,27,1.70274e-10,0
F02-EllipsoidalSep,complement,1,28,1.70274e-10,0
F02-EllipsoidalSep,complement,1,29,6.42979e-07,1
F02-EllipsoidalSep,complement,1,30,0,1
F02-EllipsoidalSep,complement,1,31,1.70274e-10,0
F02-EllipsoidalSep,complement,1,32,8.12296,1
F02-EllipsoidalSep,complement,1,33,2.80069e-06,1
F02-EllipsoidalSep,complement,1,34,4.64678,1
F02-EllipsoidalSep,complement,1,35,1.70274e-10,0
F02-EllipsoidalSep,complement,1,36,5.63029,1
F02-EllipsoidalSep,complement,1,37,8.95803e-07,1
F02-EllipsoidalSep,complement,1,38,9.5165,1
F02-EllipsoidalSep,complement,1,39,1.70274e-10,0
F02-EllipsoidalSep,complement,1,40,10.051,1
F02-EllipsoidalSep,complement,1,41,1.70274e-10,0
F02-EllipsoidalSep,complement,1,42,9.54563,1
F02-EllipsoidalSep,complement,1,43,1.70274e-10,0
F02-EllipsoidalSep,complement,1,44,1.70274e-10,0
F02-EllipsoidalSep,MC-ESO,2,15,0,0
F02-EllipsoidalSep,MC-ESO,2,16,0,0
F02-EllipsoidalSep,MC-ESO,2,17,0,0
F02-EllipsoidalSep,MC-ESO,2,18,0,0
F02-EllipsoidalSep,MC-ESO,2,19,6.19946,1
F02-EllipsoidalSep,MC-ESO,2,20,0,0
F02-EllipsoidalSep,MC-ESO,2,21,0,0
F02-EllipsoidalSep,MC-ESO,2,22,0,0
F02-EllipsoidalSep,MC-ESO,2,23,0,0
F02-EllipsoidalSep,MC-ESO,2,24,0,0
F02-EllipsoidalSep,MC-ESO,2,25,0,0
F02-EllipsoidalSep,MC-ESO,2,26,0,0
F02-EllipsoidalSep,MC-ESO,2,27,0,0
F02-EllipsoidalSep,MC-ESO,2,28,0,0
F02-EllipsoidalSep,MC-ESO,2,29,5.57476,1
F02-EllipsoidalSep,MC-ESO,2,30,0.257827,0
F02-EllipsoidalSep,MC-ESO,2,31,0,0
F02-EllipsoidalSep,MC-ESO,2,32,0,0
F02-EllipsoidalSep,MC-ESO,2,33,6.25227,1
F02-EllipsoidalSep,MC-ESO,2,34,0,0
F02-EllipsoidalSep,MC-ESO,2,35,6.14678,1
F02-EllipsoidalSep,MC-ESO,2,36,0,0
F02-EllipsoidalSep,MC-ESO,2,37,8.34635e-07,1
F02-EllipsoidalSep,MC-ESO,2,38,6.71374,1
F02-EllipsoidalSep,MC-ESO,2,39,0,0
F02-EllipsoidalSep,MC-ESO,2,40,0,0
F02-EllipsoidalSep,MC-ESO,2,41,5.9947,1
F02-EllipsoidalSep,MC-ESO,2,42,0,0
F02-EllipsoidalSep,MC-ESO,2,43,0,0
F02-EllipsoidalSep,MC-ESO,2,44,0,0
F02-EllipsoidalSep,NMMSO,2,15,0,0
F02-EllipsoidalSep,NMMSO,2,16,9.56349,1
F02-EllipsoidalSep,NMMSO,2,17,8.64859,1
F02-EllipsoidalSep,NMMSO,2,18,0,0
F02-EllipsoidalSep,NMMSO,2,19,6.45101,1
F02-EllipsoidalSep,NMMSO,2,20,0,0
F02-EllipsoidalSep,NMMSO,2,21,0,0
F02-EllipsoidalSep,NMMSO,2,22,0,0
F02-EllipsoidalSep,NMMSO,2,23,9.54895,1
F02-EllipsoidalSep,NMMSO,2,24,0,0
F02-EllipsoidalSep,NMMSO,2,25,0,0
F02-EllipsoidalSep,NMMSO,2,26,0,0
F02-EllipsoidalSep,NMMSO,2,27,0,0
F02-EllipsoidalSep,NMMSO,2,28,0,0
F02-EllipsoidalSep,NMMSO,2,29,5.57476,1
F02-EllipsoidalSep,NMMSO,2,30,9.91218,1
F02-EllipsoidalSep,NMMSO,2,31,0,0
F02-EllipsoidalSep,NMMSO,2,32,0,0
F02-EllipsoidalSep,NMMSO,2,33,6.46828,1
F02-EllipsoidalSep,NMMSO,2,34,0,0
F02-EllipsoidalSep,NMMSO,2,35,6.3603,1
F02-EllipsoidalSep,NMMSO,2,36,0,0
F02-EllipsoidalSep,NMMSO,2,37,8.83308e-07,1
F02-EllipsoidalSep,NMMSO,2,38,6.88926,1
F02-EllipsoidalSep,NMMSO,2,39,0,0
F02-EllipsoidalSep,NMMSO,2,40,9.73451,1
F02-EllipsoidalSep,NMMSO,2,41,5.9947,1
F02-EllipsoidalSep,NMMSO,2,42,0,0
F02-EllipsoidalSep,NMMSO,2,43,9.51917,1
F02-EllipsoidalSep,NMMSO,2,44,8.40223,1
F02-EllipsoidalSep,NCDE,2,15,2.33058e-11,0
F02-EllipsoidalSep,NCDE,2,16,6.82591,0
F02-EllipsoidalSep,NCDE,2,17,8.46644,0
F02-EllipsoidalSep,NCDE,2,18,2.33058e-11,0
F02-EllipsoidalSep,NCDE,2,19,6.19499,0
F02-EllipsoidalSep,NCDE,2,20,2.33058e-11,0
F02-EllipsoidalSep,NCDE,2,21,2.33058e-11,0
F02-EllipsoidalSep,NCDE,2,22,2.33058e-11,0
F02-EllipsoidalSep,NCDE,2,23,6.82591,0
F02-EllipsoidalSep,NCDE,2,24,2.33058e-11,0
F02-EllipsoidalSep,NCDE,2,25,2.33058e-11,0
F02-EllipsoidalSep,NCDE,2,26,2.33058e-11,0
F02-EllipsoidalSep,NCDE,2,27,2.33058e-11,0
F02-EllipsoidalSep,NCDE,2,28,2.33058e-11,0
F02-EllipsoidalSep,NCDE,2,29,5.57476,0
F02-EllipsoidalSep,NCDE,2,30,0,0
F02-EllipsoidalSep,NCDE,2,31,2.33058e-11,0
F02-EllipsoidalSep,NCDE,2,32,2.33058e-11,0
F02-EllipsoidalSep,NCDE,2,33,6.23587,0
F02-EllipsoidalSep,NCDE,2,34,2.33058e-11,0
F02-EllipsoidalSep,NCDE,2,35,6.1296,0
F02-EllipsoidalSep,NCDE,2,36,2.33058e-11,0
F02-EllipsoidalSep,NCDE,2,37,2.6114e-06,0
F02-EllipsoidalSep,NCDE,2,38,6.68385,0
F02-EllipsoidalSep,NCDE,2,39,2.33058e-11,0
F02-EllipsoidalSep,NCDE,2,40,6.82591,0
F02-EllipsoidalSep,NCDE,2,41,5.94463,0
F02-EllipsoidalSep,NCDE,2,42,2.33058e-11,0
F02-EllipsoidalSep,NCDE,2,43,6.82591,0
F02-EllipsoidalSep,NCDE,2,44,8.17906,0
F02-EllipsoidalSep,r3pso,2,15,6.33804e-12,0
F02-EllipsoidalSep,r3pso,2,16,9.56349,1
F02-EllipsoidalSep,r3pso,2,17,8.64859,1
F02-EllipsoidalSep,r3pso,2,18,6.33804e-12,0
F02-EllipsoidalSep,r3pso,2,19,6.45101,1
F02-EllipsoidalSep,r3pso,2,20,6.33804e-12,0
F02-EllipsoidalSep,r3pso,2,21,6.33804e-12,0
F02-EllipsoidalSep,r3pso,2,22,6.33804e-12,0
F02-EllipsoidalSep,r3pso,2,23,9.54895,1
F02-EllipsoidalSep,r3pso,2,24,6.33804e-12,0
F02-EllipsoidalSep,r3pso,2,25,6.33804e-12,0
F02-EllipsoidalSep,r3pso,2,26,6.33804e-12,0
F02-EllipsoidalSep,r3pso,2,27,6.33804e-12,0
F02-EllipsoidalSep,r3pso,2,28,6.33804e-12,0
F02-EllipsoidalSep,r3pso,2,29,5.57476,1
F02-EllipsoidalSep,r3pso,2,30,9.91218,1
F02-EllipsoidalSep,r3pso,2,31,6.33804e-12,0
F02-EllipsoidalSep,r3pso,2,32,6.33804e-12,0
F02-EllipsoidalSep,r3pso,2,33,6.46828,1
F02-EllipsoidalSep,r3pso,2,34,6.33804e-12,0
F02-EllipsoidalSep,r3pso,2,35,6.3603,1
F02-EllipsoidalSep,r3pso,2,36,6.33804e-12,0
F02-EllipsoidalSep,r3pso,2,37,9.62543e-07,1
F02-EllipsoidalSep,r3pso,2,38,6.88926,1
F02-EllipsoidalSep,r3pso,2,39,6.33804e-12,0
F02-EllipsoidalSep,r3pso,2,40,9.73451,1
F02-EllipsoidalSep,r3pso,2,41,5.9947,1
F02-EllipsoidalSep,r3pso,2,42,6.33804e-12,0
F02-EllipsoidalSep,r3pso,2,43,9.51917,1
F02-EllipsoidalSep,r3pso,2,44,8.40223,1
F02-EllipsoidalSep,NM-Restart,2,15,0,0
F02-EllipsoidalSep,NM-Restart,2,16,9.56349,1
F02-EllipsoidalSep,NM-Restart,2,17,8.64859,1
F02-EllipsoidalSep,NM-Restart,2,18,0,0
F02-EllipsoidalSep,NM-Restart,2,19,6.45101,1
F02-EllipsoidalSep,NM-Restart,2,20,0,0
F02-EllipsoidalSep,NM-Restart,2,21,0,0
F02-EllipsoidalSep,NM-Restart,2,22,0,0
F02-EllipsoidalSep,NM-Restart,2,23,9.54895,1
F02-EllipsoidalSep,NM-Restart,2,24,0,0
F02-EllipsoidalSep,NM-Restart,2,25,0,0
F02-EllipsoidalSep,NM-Restart,2,26,0,0
F02-EllipsoidalSep,NM-Restart,2,27,0,0
F02-EllipsoidalSep,NM-Restart,2,28,0,0
F02-EllipsoidalSep,NM-Restart,2,29,5.57476,1
F02-EllipsoidalSep,NM-Restart,2,30,9.91218,1
F02-EllipsoidalSep,NM-Restart,2,31,0,0
F02-EllipsoidalSep,NM-Restart,2,32,0,0
F02-EllipsoidalSep,NM-Restart,2,33,6.46828,1
F02-EllipsoidalSep,NM-Restart,2,34,0,0
F02-EllipsoidalSep,NM-Restart,2,35,6.3603,1
F02-EllipsoidalSep,NM-Restart,2,36,0,0
F02-EllipsoidalSep,NM-Restart,2,37,8.45631e-07,1
F02-EllipsoidalSep,NM-Restart,2,38,6.88926,1
F02-EllipsoidalSep,NM-Restart,2,39,0,0
F02-EllipsoidalSep,NM-Restart,2,40,9.73451,1
F02-EllipsoidalSep,NM-Restart,2,41,5.9947,1
F02-EllipsoidalSep,NM-Restart,2,42,0,0
F02-EllipsoidalSep,NM-Restart,2,43,9.51917,1
F02-EllipsoidalSep,NM-Restart,2,44,8.40223,1
F02-EllipsoidalSep,IPOP-CMA-ES,2,15,0,0
F02-EllipsoidalSep,IPOP-CMA-ES,2,16,9.56349,1
F02-EllipsoidalSep,IPOP-CMA-ES,2,17,8.64859,0
F02-EllipsoidalSep,IPOP-CMA-ES,2,18,0,0
F02-EllipsoidalSep,IPOP-CMA-ES,2,19,6.45101,0
F02-EllipsoidalSep,IPOP-CMA-ES,2,20,0,0
F02-EllipsoidalSep,IPOP-CMA-ES,2,21,0,0
F02-EllipsoidalSep,IPOP-CMA-ES,2,22,0,0
F02-EllipsoidalSep,IPOP-CMA-ES,2,23,9.54895,0
F02-EllipsoidalSep,IPOP-CMA-ES,2,24,0,0
F02-EllipsoidalSep,IPOP-CMA-ES,2,25,0,0
F02-EllipsoidalSep,IPOP-CMA-ES,2,26,0,0
F02-EllipsoidalSep,IPOP-CMA-ES,2,27,0,0
F02-EllipsoidalSep,IPOP-CMA-ES,2,28,0,0
F02-EllipsoidalSep,IPOP-CMA-ES,2,29,5.57476,0
F02-EllipsoidalSep,IPOP-CMA-ES,2,30,9.91218,0
F02-EllipsoidalSep,IPOP-CMA-ES,2,31,0,0
F02-EllipsoidalSep,IPOP-CMA-ES,2,32,0,0
F02-EllipsoidalSep,IPOP-CMA-ES,2,33,6.46828,0
F02-EllipsoidalSep,IPOP-CMA-ES,2,34,0,0
F02-EllipsoidalSep,IPOP-CMA-ES,2,35,6.3603,0
F02-EllipsoidalSep,IPOP-CMA-ES,2,36,0,0
F02-EllipsoidalSep,IPOP-CMA-ES,2,37,8.90307e-07,0
F02-EllipsoidalSep,IPOP-CMA-ES,2,38,6.88926,0
F02-EllipsoidalSep,IPOP-CMA-ES,2,39,0,0
F02-EllipsoidalSep,IPOP-CMA-ES,2,40,9.73451,0
F02-EllipsoidalSep,IPOP-CMA-ES,2,41,5.9947,0
F02-EllipsoidalSep,IPOP-CMA-ES,2,42,0,0
F02-EllipsoidalSep,IPOP-CMA-ES,2,43,9.51917,1
F02-EllipsoidalSep,IPOP-CMA-ES,2,44,8.40223,0
F02-EllipsoidalSep,DE,2,15,0,0
F02-EllipsoidalSep,DE,2,16,9.56349,1
F02-EllipsoidalSep,DE,2,17,8.64859,1
F02-EllipsoidalSep,DE,2,18,0,0
F02-EllipsoidalSep,DE,2,19,6.45101,1
F02-EllipsoidalSep,DE,2,20,0,0
F02-EllipsoidalSep,DE,2,21,0,0
F02-EllipsoidalSep,DE,2,22,0,0
F02-EllipsoidalSep,DE,2,23,9.54895,1
F02-EllipsoidalSep,DE,2,24,0,0
F02-EllipsoidalSep,DE,2,25,0,0
F02-EllipsoidalSep,DE,2,26,0,0
F02-EllipsoidalSep,DE,2,27,0,0
F02-EllipsoidalSep,DE,2,28,0,0
F02-EllipsoidalSep,DE,2,29,5.57476,1
F02-EllipsoidalSep,DE,2,30,9.91218,1
F02-EllipsoidalSep,DE,2,31,0,0
F02-EllipsoidalSep,DE,2,32,0,0
F02-EllipsoidalSep,DE,2,33,6.46828,1
F02-EllipsoidalSep,DE,2,34,0,0
F02-EllipsoidalSep,DE,2,35,6.3603,1
F02-EllipsoidalSep,DE,2,36,0,0
F02-EllipsoidalSep,DE,2,37,8.94007e-07,1
F02-EllipsoidalSep,DE,2,38,6.88926,1
F02-EllipsoidalSep,DE,2,39,0,0
F02-EllipsoidalSep,DE,2,40,9.73451,1
F02-EllipsoidalSep,DE,2,41,5.9947,1
F02-EllipsoidalSep,DE,2,42,0,0
F02-EllipsoidalSep,DE,2,43,9.51917,1
F02-EllipsoidalSep,DE,2,44,8.40223,1
F02-EllipsoidalSep,PSO,2,15,3.97904e-12,0
F02-EllipsoidalSep,PSO,2,16,9.56349,1
F02-EllipsoidalSep,PSO,2,17,8.64859,1
F02-EllipsoidalSep,PSO,2,18,3.97904e-12,0
F02-EllipsoidalSep,PSO,2,19,6.45101,1
F02-EllipsoidalSep,PSO,2,20,3.97904e-12,0
F02-EllipsoidalSep,PSO,2,21,3.97904e-12,0
F02-EllipsoidalSep,PSO,2,22,3.97904e-12,0
F02-EllipsoidalSep,PSO,2,23,9.54895,1
F02-EllipsoidalSep,PSO,2,24,3.97904e-12,0
F02-EllipsoidalSep,PSO,2,25,3.97904e-12,0
F02-EllipsoidalSep,PSO,2,26,3.97904e-12,0
F02-EllipsoidalSep,PSO,2,27,3.97904e-12,0
F02-EllipsoidalSep,PSO,2,28,3.97904e-12,0
F02-EllipsoidalSep,PSO,2,29,5.57476,1
F02-EllipsoidalSep,PSO,2,30,9.91217,1
F02-EllipsoidalSep,PSO,2,31,3.97904e-12,0
F02-EllipsoidalSep,PSO,2,32,3.97904e-12,0
F02-EllipsoidalSep,PSO,2,33,6.46828,1
F02-EllipsoidalSep,PSO,2,34,3.97904e-12,0
F02-EllipsoidalSep,PSO,2,35,6.36029,1
F02-EllipsoidalSep,PSO,2,36,3.97904e-12,0
F02-EllipsoidalSep,PSO,2,37,1.28735e-07,1
F02-EllipsoidalSep,PSO,2,38,6.88926,1
F02-EllipsoidalSep,PSO,2,39,3.97904e-12,0
F02-EllipsoidalSep,PSO,2,40,9.73451,1
F02-EllipsoidalSep,PSO,2,41,5.9947,1
F02-EllipsoidalSep,PSO,2,42,3.97904e-12,0
F02-EllipsoidalSep,PSO,2,43,9.51917,1
F02-EllipsoidalSep,PSO,2,44,8.40223,1
F02-EllipsoidalSep,Crowding-DE,2,15,7.68915e-07,0
F02-EllipsoidalSep,Crowding-DE,2,16,9.56341,1
F02-EllipsoidalSep,Crowding-DE,2,17,8.64912,1
F02-EllipsoidalSep,Crowding-DE,2,18,7.68915e-07,0
F02-EllipsoidalSep,Crowding-DE,2,19,6.45163,1
F02-EllipsoidalSep,Crowding-DE,2,20,7.68915e-07,0
F02-EllipsoidalSep,Crowding-DE,2,21,7.68915e-07,0
F02-EllipsoidalSep,Crowding-DE,2,22,7.68915e-07,0
F02-EllipsoidalSep,Crowding-DE,2,23,9.54838,1
F02-EllipsoidalSep,Crowding-DE,2,24,7.68915e-07,0
F02-EllipsoidalSep,Crowding-DE,2,25,7.68915e-07,0
F02-EllipsoidalSep,Crowding-DE,2,26,7.68915e-07,0
F02-EllipsoidalSep,Crowding-DE,2,27,7.68915e-07,0
F02-EllipsoidalSep,Crowding-DE,2,28,7.68915e-07,0
F02-EllipsoidalSep,Crowding-DE,2,29,5.57496,1
F02-EllipsoidalSep,Crowding-DE,2,30,9.91279,1
F02-EllipsoidalSep,Crowding-DE,2,31,7.68915e-07,0
F02-EllipsoidalSep,Crowding-DE,2,32,7.68915e-07,0
F02-EllipsoidalSep,Crowding-DE,2,33,6.46888,1
F02-EllipsoidalSep,Crowding-DE,2,34,7.68915e-07,0
F02-EllipsoidalSep,Crowding-DE,2,35,6.36089,1
F02-EllipsoidalSep,Crowding-DE,2,36,7.68915e-07,0
F02-EllipsoidalSep,Crowding-DE,2,37,0.000228249,1
F02-EllipsoidalSep,Crowding-DE,2,38,6.88982,1
F02-EllipsoidalSep,Crowding-DE,2,39,7.68915e-07,0
F02-EllipsoidalSep,Crowding-DE,2,40,9.73405,1
F02-EllipsoidalSep,Crowding-DE,2,41,5.99507,1
F02-EllipsoidalSep,Crowding-DE,2,42,7.68915e-07,0
F02-EllipsoidalSep,Crowding-DE,2,43,9.51907,1
F02-EllipsoidalSep,Crowding-DE,2,44,8.40281,1
F02-EllipsoidalSep,MAP-Elites,2,15,3.48421,0
F02-EllipsoidalSep,MAP-Elites,2,16,2.99332,0
F02-EllipsoidalSep,MAP-Elites,2,17,13.279,0
F02-EllipsoidalSep,MAP-Elites,2,18,6.33758,0
F02-EllipsoidalSep,MAP-Elites,2,19,11.278,0
F02-EllipsoidalSep,MAP-Elites,2,20,6.33758,0
F02-EllipsoidalSep,MAP-Elites,2,21,3.48421,0
F02-EllipsoidalSep,MAP-Elites,2,22,3.48421,0
F02-EllipsoidalSep,MAP-Elites,2,23,2.99332,0
F02-EllipsoidalSep,MAP-Elites,2,24,3.48421,0
F02-EllipsoidalSep,MAP-Elites,2,25,3.48421,0
F02-EllipsoidalSep,MAP-Elites,2,26,3.48421,0
F02-EllipsoidalSep,MAP-Elites,2,27,3.48421,0
F02-EllipsoidalSep,MAP-Elites,2,28,3.48421,0
F02-EllipsoidalSep,MAP-Elites,2,29,9.50539,0
F02-EllipsoidalSep,MAP-Elites,2,30,14.7278,0
F02-EllipsoidalSep,MAP-Elites,2,31,3.48421,0
F02-EllipsoidalSep,MAP-Elites,2,32,3.48421,0
F02-EllipsoidalSep,MAP-Elites,2,33,11.2326,0
F02-EllipsoidalSep,MAP-Elites,2,34,3.48421,0
F02-EllipsoidalSep,MAP-Elites,2,35,11.1193,0
F02-EllipsoidalSep,MAP-Elites,2,36,3.48421,0
F02-EllipsoidalSep,MAP-Elites,2,37,3.97476,0
F02-EllipsoidalSep,MAP-Elites,2,38,11.5806,0
F02-EllipsoidalSep,MAP-Elites,2,39,3.48421,0
F02-EllipsoidalSep,MAP-Elites,2,40,2.99332,0
F02-EllipsoidalSep,MAP-Elites,2,41,10.2727,0
F02-EllipsoidalSep,MAP-Elites,2,42,3.48421,0
F02-EllipsoidalSep,MAP-Elites,2,43,2.99332,0
F02-EllipsoidalSep,MAP-Elites,2,44,13.1419,0
F02-EllipsoidalSep,MC-ESO-crowd,2,15,0.000114033,0
F02-EllipsoidalSep,MC-ESO-crowd,2,16,0.975655,0
F02-EllipsoidalSep,MC-ESO-crowd,2,17,2.47397,0
F02-EllipsoidalSep,MC-ESO-crowd,2,18,0.000114033,0
F02-EllipsoidalSep,MC-ESO-crowd,2,19,0,0
F02-EllipsoidalSep,MC-ESO-crowd,2,20,0.000114033,0
F02-EllipsoidalSep,MC-ESO-crowd,2,21,0.000114033,0
F02-EllipsoidalSep,MC-ESO-crowd,2,22,0.000114033,0
F02-EllipsoidalSep,MC-ESO-crowd,2,23,0.975655,0
F02-EllipsoidalSep,MC-ESO-crowd,2,24,0.000114033,0
F02-EllipsoidalSep,MC-ESO-crowd,2,25,0.000114033,0
F02-EllipsoidalSep,MC-ESO-crowd,2,26,0.000114033,0
F02-EllipsoidalSep,MC-ESO-crowd,2,27,0.000114033,0
F02-EllipsoidalSep,MC-ESO-crowd,2,28,0.000114033,0
F02-EllipsoidalSep,MC-ESO-crowd,2,29,0,0
F02-EllipsoidalSep,MC-ESO-crowd,2,30,0.911202,0
F02-EllipsoidalSep,MC-ESO-crowd,2,31,0.000114033,0
F02-EllipsoidalSep,MC-ESO-crowd,2,32,0.000114033,0
F02-EllipsoidalSep,MC-ESO-crowd,2,33,0,0
F02-EllipsoidalSep,MC-ESO-crowd,2,34,0.000114033,0
F02-EllipsoidalSep,MC-ESO-crowd,2,35,0,0
F02-EllipsoidalSep,MC-ESO-crowd,2,36,0.000114033,0
F02-EllipsoidalSep,MC-ESO-crowd,2,37,0.00264413,1
F02-EllipsoidalSep,MC-ESO-crowd,2,38,0,0
F02-EllipsoidalSep,MC-ESO-crowd,2,39,0.000114033,0
F02-EllipsoidalSep,MC-ESO-crowd,2,40,0.975655,0
F02-EllipsoidalSep,MC-ESO-crowd,2,41,0,0
F02-EllipsoidalSep,MC-ESO-crowd,2,42,0.000114033,0
F02-EllipsoidalSep,MC-ESO-crowd,2,43,0.975655,0
F02-EllipsoidalSep,MC-ESO-crowd,2,44,2.47397,0
F02-EllipsoidalSep,quality,2,15,1.46088e-11,0
F02-EllipsoidalSep,quality,2,16,9.56349,1
F02-EllipsoidalSep,quality,2,17,8.64859,1
F02-EllipsoidalSep,quality,2,18,1.46088e-11,0
F02-EllipsoidalSep,quality,2,19,6.45101,1
F02-EllipsoidalSep,quality,2,20,1.46088e-11,0
F02-EllipsoidalSep,quality,2,21,1.46088e-11,0
F02-EllipsoidalSep,quality,2,22,1.46088e-11,0
F02-EllipsoidalSep,quality,2,23,9.54895,1
F02-EllipsoidalSep,quality,2,24,1.46088e-11,0
F02-EllipsoidalSep,quality,2,25,1.46088e-11,0
F02-EllipsoidalSep,quality,2,26,1.46088e-11,0
F02-EllipsoidalSep,quality,2,27,1.46088e-11,0
F02-EllipsoidalSep,quality,2,28,1.46088e-11,0
F02-EllipsoidalSep,quality,2,29,5.57476,1
F02-EllipsoidalSep,quality,2,30,9.91217,1
F02-EllipsoidalSep,quality,2,31,1.46088e-11,0
F02-EllipsoidalSep,quality,2,32,1.46088e-11,0
F02-EllipsoidalSep,quality,2,33,6.46828,1
F02-EllipsoidalSep,quality,2,34,1.46088e-11,0
F02-EllipsoidalSep,quality,2,35,6.36029,1
F02-EllipsoidalSep,quality,2,36,1.46088e-11,0
F02-EllipsoidalSep,quality,2,37,0,1
F02-EllipsoidalSep,quality,2,38,6.88926,1
F02-EllipsoidalSep,quality,2,39,1.46088e-11,0
F02-EllipsoidalSep,quality,2,40,9.73451,1
F02-EllipsoidalSep,quality,2,41,5.9947,1
F02-EllipsoidalSep,quality,2,42,1.46088e-11,0
F02-EllipsoidalSep,quality,2,43,9.51917,1
F02-EllipsoidalSep,quality,2,44,8.40223,1
F02-EllipsoidalSep,complement,2,15,1.46088e-11,0
F02-EllipsoidalSep,complement,2,16,9.56349,1
F02-EllipsoidalSep,complement,2,17,8.64859,1
F02-EllipsoidalSep,complement,2,18,1.46088e-11,0
F02-EllipsoidalSep,complement,2,19,6.45101,1
F02-EllipsoidalSep,complement,2,20,1.46088e-11,0
F02-EllipsoidalSep,complement,2,21,1.46088e-11,0
F02-EllipsoidalSep,complement,2,22,1.46088e-11,0
F02-EllipsoidalSep,complement,2,23,9.54895,1
F02-EllipsoidalSep,complement,2,24,1.46088e-11,0
F02-EllipsoidalSep,complement,2,25,1.46088e-11,0
F02-EllipsoidalSep,complement,2,26,1.46088e-11,0
F02-EllipsoidalSep,complement,2,27,1.46088e-11,0
F02-EllipsoidalSep,complement,2,28,1.46088e-11,0
F02-EllipsoidalSep,complement,2,29,5.57476,1
F02-EllipsoidalSep,complement,2,30,9.91217,1
F02-EllipsoidalSep,complement,2,31,1.46088e-11,0
F02-EllipsoidalSep,complement,2,32,1.46088e-11,0
F02-EllipsoidalSep,complement,2,33,6.46828,1
F02-EllipsoidalSep,complement,2,34,1.46088e-11,0
F02-EllipsoidalSep,complement,2,35,6.36029,1
F02-EllipsoidalSep,complement,2,36,1.46088e-11,0
F02-EllipsoidalSep,complement,2,37,0,1
F02-EllipsoidalSep,complement,2,38,6.88926,1
F02-EllipsoidalSep,complement,2,39,1.46088e-11,0
F02-EllipsoidalSep,complement,2,40,9.73451,1
F02-EllipsoidalSep,complement,2,41,5.9947,1
F02-EllipsoidalSep,complement,2,42,1.46088e-11,0
F02-EllipsoidalSep,complement,2,43,9.51917,1
F02-EllipsoidalSep,complement,2,44,8.40223,1
F02-EllipsoidalSep,MC-ESO,3,15,7.62218e-06,1
F02-EllipsoidalSep,MC-ESO,3,16,4.1506e-05,1
F02-EllipsoidalSep,MC-ESO,3,17,0,0
F02-EllipsoidalSep,MC-ESO,3,18,0,0
F02-EllipsoidalSep,MC-ESO,3,19,7.69651,1
F02-EllipsoidalSep,MC-ESO,3,20,0,0
F02-EllipsoidalSep,MC-ESO,3,21,0,0
F02-EllipsoidalSep,MC-ESO,3,22,0,0
F02-EllipsoidalSep,MC-ESO,3,23,0,0
F02-EllipsoidalSep,MC-ESO,3,24,0,0
F02-EllipsoidalSep,MC-ESO,3,25,1.25079,0
F02-EllipsoidalSep,MC-ESO,3,26,2.35891e-06,1
F02-EllipsoidalSep,MC-ESO,3,27,0.0624925,1
F02-EllipsoidalSep,MC-ESO,3,28,0,0
F02-EllipsoidalSep,MC-ESO,3,29,0,0
F02-EllipsoidalSep,MC-ESO,3,30,0,0
F02-EllipsoidalSep,MC-ESO,3,31,5.84369,0
F02-EllipsoidalSep,MC-ESO,3,32,0,0
F02-EllipsoidalSep,MC-ESO,3,33,0.283147,0
F02-EllipsoidalSep,MC-ESO,3,34,4.94888,1
F02-EllipsoidalSep,MC-ESO,3,35,1.25079,0
F02-EllipsoidalSep,MC-ESO,3,36,1.37909e-05,1
F02-EllipsoidalSep,MC-ESO,3,37,5.42283,0
F02-EllipsoidalSep,MC-ESO,3,38,8.31493e-06,1
F02-EllipsoidalSep,MC-ESO,3,39,0,0
F02-EllipsoidalSep,MC-ESO,3,40,0,0
F02-EllipsoidalSep,MC-ESO,3,41,5.4197,1
F02-EllipsoidalSep,MC-ESO,3,42,0.098668,0
F02-EllipsoidalSep,MC-ESO,3,43,0,0
F02-EllipsoidalSep,MC-ESO,3,44,1.15753,0
F02-EllipsoidalSep,NMMSO,3,15,7.62373e-06,0
F02-EllipsoidalSep,NMMSO,3,16,4.15152e-05,0
F02-EllipsoidalSep,NMMSO,3,17,0,0
F02-EllipsoidalSep,NMMSO,3,18,0,0
F02-EllipsoidalSep,NMMSO,3,19,7.69651,1
F02-EllipsoidalSep,NMMSO,3,20,0,0
F02-EllipsoidalSep,NMMSO,3,21,0,0
F02-EllipsoidalSep,NMMSO,3,22,0,0
F02-EllipsoidalSep,NMMSO,3,23,0,0
F02-EllipsoidalSep,NMMSO,3,24,0,0
F02-EllipsoidalSep,NMMSO,3,25,9.97744,0
F02-EllipsoidalSep,NMMSO,3,26,2.35927e-06,0
F02-EllipsoidalSep,NMMSO,3,27,0.0624925,1
F02-EllipsoidalSep,NMMSO,3,28,0,0
F02-EllipsoidalSep,NMMSO,3,29,0,0
F02-EllipsoidalSep,NMMSO,3,30,0,0
F02-EllipsoidalSep,NMMSO,3,31,9.99948,0
F02-EllipsoidalSep,NMMSO,3,32,0,0
F02-EllipsoidalSep,NMMSO,3,33,9.56551,1
F02-EllipsoidalSep,NMMSO,3,34,4.94888,1
F02-EllipsoidalSep,NMMSO,3,35,9.96077,1
F02-EllipsoidalSep,NMMSO,3,36,1.37939e-05,0
F02-EllipsoidalSep,NMMSO,3,37,7.25522,1
F02-EllipsoidalSep,NMMSO,3,38,8.31664e-06,0
F02-EllipsoidalSep,NMMSO,3,39,0,0
F02-EllipsoidalSep,NMMSO,3,40,0,0
F02-EllipsoidalSep,NMMSO,3,41,5.4197,1
F02-EllipsoidalSep,NMMSO,3,42,9.71437,1
F02-EllipsoidalSep,NMMSO,3,43,0,0
F02-EllipsoidalSep,NMMSO,3,44,10.0878,1
F02-EllipsoidalSep,NCDE,3,15,7.76864e-06,0
F02-EllipsoidalSep,NCDE,3,16,4.22982e-05,0
F02-EllipsoidalSep,NCDE,3,17,3.09797e-12,0
F02-EllipsoidalSep,NCDE,3,18,3.09797e-12,0
F02-EllipsoidalSep,NCDE,3,19,7.69651,0
F02-EllipsoidalSep,NCDE,3,20,3.09797e-12,0
F02-EllipsoidalSep,NCDE,3,21,3.09797e-12,0
F02-EllipsoidalSep,NCDE,3,22,3.09797e-12,0
F02-EllipsoidalSep,NCDE,3,23,3.09797e-12,0
F02-EllipsoidalSep,NCDE,3,24,3.09797e-12,0
F02-EllipsoidalSep,NCDE,3,25,0.967645,0
F02-EllipsoidalSep,NCDE,3,26,2.40505e-06,0
F02-EllipsoidalSep,NCDE,3,27,0.0624936,0
F02-EllipsoidalSep,NCDE,3,28,3.09797e-12,0
F02-EllipsoidalSep,NCDE,3,29,3.09797e-12,0
F02-EllipsoidalSep,NCDE,3,30,3.09797e-12,0
F02-EllipsoidalSep,NCDE,3,31,9.99948,0
F02-EllipsoidalSep,NCDE,3,32,3.09797e-12,0
F02-EllipsoidalSep,NCDE,3,33,0,0
F02-EllipsoidalSep,NCDE,3,34,4.94888,0
F02-EllipsoidalSep,NCDE,3,35,0.967645,0
F02-EllipsoidalSep,NCDE,3,36,1.4055e-05,0
F02-EllipsoidalSep,NCDE,3,37,7.25522,0
F02-EllipsoidalSep,NCDE,3,38,8.4746e-06,0
F02-EllipsoidalSep,NCDE,3,39,3.09797e-12,0
F02-EllipsoidalSep,NCDE,3,40,3.09797e-12,0
F02-EllipsoidalSep,NCDE,3,41,5.41971,0
F02-EllipsoidalSep,NCDE,3,42,9.71437,1
F02-EllipsoidalSep,NCDE,3,43,3.09797e-12,0
F02-EllipsoidalSep,NCDE,3,44,0.874382,0
F02-EllipsoidalSep,r3pso,3,15,7.61498e-06,1
F02-EllipsoidalSep,r3pso,3,16,4.14667e-05,1
F02-EllipsoidalSep,r3pso,3,17,2.84217e-14,0
F02-EllipsoidalSep,r3pso,3,18,2.84217e-14,0
F02-EllipsoidalSep,r3pso,3,19,7.69651,1
F02-EllipsoidalSep,r3pso,3,20,2.84217e-14,0
F02-EllipsoidalSep,r3pso,3,21,2.84217e-14,0
F02-EllipsoidalSep,r3pso,3,22,2.84217e-14,0
F02-EllipsoidalSep,r3pso,3,23,2.84217e-14,0
F02-EllipsoidalSep,r3pso,3,24,2.84217e-14,0
F02-EllipsoidalSep,r3pso,3,25,9.97744,1
F02-EllipsoidalSep,r3pso,3,26,2.35671e-06,1
F02-EllipsoidalSep,r3pso,3,27,0.0624925,1
F02-EllipsoidalSep,r3pso,3,28,2.84217e-14,0
F02-EllipsoidalSep,r3pso,3,29,2.84217e-14,0
F02-EllipsoidalSep,r3pso,3,30,2.84217e-14,0
F02-EllipsoidalSep,r3pso,3,31,9.99948,1
F02-EllipsoidalSep,r3pso,3,32,2.84217e-14,0
F02-EllipsoidalSep,r3pso,3,33,9.56551,1
F02-EllipsoidalSep,r3pso,3,34,4.94888,1
F02-EllipsoidalSep,r3pso,3,35,9.96077,1
F02-EllipsoidalSep,r3pso,3,36,1.37779e-05,1
F02-EllipsoidalSep,r3pso,3,37,7.25522,1
F02-EllipsoidalSep,r3pso,3,38,8.30708e-06,1
F02-EllipsoidalSep,r3pso,3,39,2.84217e-14,0
F02-EllipsoidalSep,r3pso,3,40,2.84217e-14,0
F02-EllipsoidalSep,r3pso,3,41,5.4197,1
F02-EllipsoidalSep,r3pso,3,42,9.71437,1
F02-EllipsoidalSep,r3pso,3,43,2.84217e-14,0
F02-EllipsoidalSep,r3pso,3,44,10.0878,1
F02-EllipsoidalSep,NM-Restart,3,15,7.62782e-06,0
F02-EllipsoidalSep,NM-Restart,3,16,4.15368e-05,0
F02-EllipsoidalSep,NM-Restart,3,17,0,0
F02-EllipsoidalSep,NM-Restart,3,18,0,0
F02-EllipsoidalSep,NM-Restart,3,19,7.69651,0
F02-EllipsoidalSep,NM-Restart,3,20,0,0
F02-EllipsoidalSep,NM-Restart,3,21,0,0
F02-EllipsoidalSep,NM-Restart,3,22,0,0
F02-EllipsoidalSep,NM-Restart,3,23,0,0
F02-EllipsoidalSep,NM-Restart,3,24,0,0
F02-EllipsoidalSep,NM-Restart,3,25,9.97744,0
F02-EllipsoidalSep,NM-Restart,3,26,2.36065e-06,1
F02-EllipsoidalSep,NM-Restart,3,27,0.0624926,0
F02-EllipsoidalSep,NM-Restart,3,28,0,0
F02-EllipsoidalSep,NM-Restart,3,29,0,0
F02-EllipsoidalSep,NM-Restart,3,30,0,0
F02-EllipsoidalSep,NM-Restart,3,31,9.99948,1
F02-EllipsoidalSep,NM-Restart,3,32,0,0
F02-EllipsoidalSep,NM-Restart,3,33,9.56551,0
F02-EllipsoidalSep,NM-Restart,3,34,4.94888,0
F02-EllipsoidalSep,NM-Restart,3,35,9.96077,0
F02-EllipsoidalSep,NM-Restart,3,36,1.38012e-05,0
F02-EllipsoidalSep,NM-Restart,3,37,7.25522,0
F02-EllipsoidalSep,NM-Restart,3,38,8.32109e-06,0
F02-EllipsoidalSep,NM-Restart,3,39,0,0
F02-EllipsoidalSep,NM-Restart,3,40,0,0
F02-EllipsoidalSep,NM-Restart,3,41,5.4197,0
F02-EllipsoidalSep,NM-Restart,3,42,9.71437,0
F02-EllipsoidalSep,NM-Restart,3,43,0,0
F02-EllipsoidalSep,NM-Restart,3,44,10.0878,0
F02-EllipsoidalSep,IPOP-CMA-ES,3,15,7.62508e-06,0
F02-EllipsoidalSep,IPOP-CMA-ES,3,16,4.15219e-05,0
F02-EllipsoidalSep,IPOP-CMA-ES,3,17,0,0
F02-EllipsoidalSep,IPOP-CMA-ES,3,18,0,0
F02-EllipsoidalSep,IPOP-CMA-ES,3,19,2.38455,0
F02-EllipsoidalSep,IPOP-CMA-ES,3,20,0,0
F02-EllipsoidalSep,IPOP-CMA-ES,3,21,0,0
F02-EllipsoidalSep,IPOP-CMA-ES,3,22,0,0
F02-EllipsoidalSep,IPOP-CMA-ES,3,23,0,0
F02-EllipsoidalSep,IPOP-CMA-ES,3,24,0,0
F02-EllipsoidalSep,IPOP-CMA-ES,3,25,6.18928,0
F02-EllipsoidalSep,IPOP-CMA-ES,3,26,2.35979e-06,1
F02-EllipsoidalSep,IPOP-CMA-ES,3,27,0.0624925,0
F02-EllipsoidalSep,IPOP-CMA-ES,3,28,0,0
F02-EllipsoidalSep,IPOP-CMA-ES,3,29,0,0
F02-EllipsoidalSep,IPOP-CMA-ES,3,30,0,0
F02-EllipsoidalSep,IPOP-CMA-ES,3,31,9.99948,1
F02-EllipsoidalSep,IPOP-CMA-ES,3,32,0,0
F02-EllipsoidalSep,IPOP-CMA-ES,3,33,5.22163,0
F02-EllipsoidalSep,IPOP-CMA-ES,3,34,0,0
F02-EllipsoidalSep,IPOP-CMA-ES,3,35,6.18928,0
F02-EllipsoidalSep,IPOP-CMA-ES,3,36,1.37962e-05,1
F02-EllipsoidalSep,IPOP-CMA-ES,3,37,2.38455,0
F02-EllipsoidalSep,IPOP-CMA-ES,3,38,8.3181e-06,1
F02-EllipsoidalSep,IPOP-CMA-ES,3,39,0,0
F02-EllipsoidalSep,IPOP-CMA-ES,3,40,0,0
F02-EllipsoidalSep,IPOP-CMA-ES,3,41,0,0
F02-EllipsoidalSep,IPOP-CMA-ES,3,42,5.03715,0
F02-EllipsoidalSep,IPOP-CMA-ES,3,43,0,0
F02-EllipsoidalSep,IPOP-CMA-ES,3,44,6.09602,0
F02-EllipsoidalSep,DE,3,15,7.61515e-06,1
F02-EllipsoidalSep,DE,3,16,4.14684e-05,1
F02-EllipsoidalSep,DE,3,17,0,0
F02-EllipsoidalSep,DE,3,18,0,0
F02-EllipsoidalSep,DE,3,19,7.69651,1
F02-EllipsoidalSep,DE,3,20,0,0
F02-EllipsoidalSep,DE,3,21,0,0
F02-EllipsoidalSep,DE,3,22,0,0
F02-EllipsoidalSep,DE,3,23,0,0
F02-EllipsoidalSep,DE,3,24,0,0
F02-EllipsoidalSep,DE,3,25,9.97744,1
F02-EllipsoidalSep,DE,3,26,2.35663e-06,1
F02-EllipsoidalSep,DE,3,27,0.0624925,1
F02-EllipsoidalSep,DE,3,28,0,0
F02-EllipsoidalSep,DE,3,29,0,0
F02-EllipsoidalSep,DE,3,30,0,0
F02-EllipsoidalSep,DE,3,31,9.99948,1
F02-EllipsoidalSep,DE,3,32,0,0
F02-EllipsoidalSep,DE,3,33,9.56551,1
F02-EllipsoidalSep,DE,3,34,4.94888,1
F02-EllipsoidalSep,DE,3,35,9.96077,1
F02-EllipsoidalSep,DE,3,36,1.37783e-05,1
F02-EllipsoidalSep,DE,3,37,7.25522,1
F02-EllipsoidalSep,DE,3,38,8.30728e-06,1
F02-EllipsoidalSep,DE,3,39,0,0
F02-EllipsoidalSep,DE,3,40,0,0
F02-EllipsoidalSep,DE,3,41,5.4197,1
F02-EllipsoidalSep,DE,3,42,9.71437,1
F02-EllipsoidalSep,DE,3,43,0,0
F02-EllipsoidalSep,DE,3,44,10.0878,1
F02-EllipsoidalSep,PSO,3,15,7.61987e-06,1
F02-EllipsoidalSep,PSO,3,16,4.14901e-05,1
F02-EllipsoidalSep,PSO,3,17,5.68434e-13,0
F02-EllipsoidalSep,PSO,3,18,5.68434e-13,0
F02-EllipsoidalSep,PSO,3,19,7.69651,1
F02-EllipsoidalSep,PSO,3,20,5.68434e-13,0
F02-EllipsoidalSep,PSO,3,21,5.68434e-13,0
F02-EllipsoidalSep,PSO,3,22,5.68434e-13,0
F02-EllipsoidalSep,PSO,3,23,5.68434e-13,0
F02-EllipsoidalSep,PSO,3,24,5.68434e-13,0
F02-EllipsoidalSep,PSO,3,25,9.97744,1
F02-EllipsoidalSep,PSO,3,26,2.3587e-06,1
F02-EllipsoidalSep,PSO,3,27,0.0624925,1
F02-EllipsoidalSep,PSO,3,28,5.68434e-13,0
F02-EllipsoidalSep,PSO,3,29,5.68434e-13,0
F02-EllipsoidalSep,PSO,3,30,5.68434e-13,0
F02-EllipsoidalSep,PSO,3,31,9.99948,1
F02-EllipsoidalSep,PSO,3,32,5.68434e-13,0
F02-EllipsoidalSep,PSO,3,33,9.56551,1
F02-EllipsoidalSep,PSO,3,34,4.94888,1
F02-EllipsoidalSep,PSO,3,35,9.96077,1
F02-EllipsoidalSep,PSO,3,36,1.37862e-05,1
F02-EllipsoidalSep,PSO,3,37,7.25522,1
F02-EllipsoidalSep,PSO,3,38,8.31234e-06,1
F02-EllipsoidalSep,PSO,3,39,5.68434e-13,0
F02-EllipsoidalSep,PSO,3,40,5.68434e-13,0
F02-EllipsoidalSep,PSO,3,41,5.4197,1
F02-EllipsoidalSep,PSO,3,42,9.71437,1
F02-EllipsoidalSep,PSO,3,43,5.68434e-13,0
F02-EllipsoidalSep,PSO,3,44,10.0878,1
F02-EllipsoidalSep,Crowding-DE,3,15,0.000260588,1
F02-EllipsoidalSep,Crowding-DE,3,16,0.00138336,1
F02-EllipsoidalSep,Crowding-DE,3,17,7.24951e-06,0
F02-EllipsoidalSep,Crowding-DE,3,18,7.24951e-06,0
F02-EllipsoidalSep,Crowding-DE,3,19,7.46602,1
F02-EllipsoidalSep,Crowding-DE,3,20,7.24951e-06,0
F02-EllipsoidalSep,Crowding-DE,3,21,7.24951e-06,0
F02-EllipsoidalSep,Crowding-DE,3,22,7.24951e-06,0
F02-EllipsoidalSep,Crowding-DE,3,23,7.24951e-06,0
F02-EllipsoidalSep,Crowding-DE,3,24,7.24951e-06,0
F02-EllipsoidalSep,Crowding-DE,3,25,0.0932633,0
F02-EllipsoidalSep,Crowding-DE,3,26,8.61776e-05,1
F02-EllipsoidalSep,Crowding-DE,3,27,0,1
F02-EllipsoidalSep,Crowding-DE,3,28,7.24951e-06,0
F02-EllipsoidalSep,Crowding-DE,3,29,7.24951e-06,0
F02-EllipsoidalSep,Crowding-DE,3,30,7.24951e-06,0
F02-EllipsoidalSep,Crowding-DE,3,31,9.99846,1
F02-EllipsoidalSep,Crowding-DE,3,32,7.24951e-06,0
F02-EllipsoidalSep,Crowding-DE,3,33,9.413,1
F02-EllipsoidalSep,Crowding-DE,3,34,4.89366,1
F02-EllipsoidalSep,Crowding-DE,3,35,0.0932633,0
F02-EllipsoidalSep,Crowding-DE,3,36,0.000465001,1
F02-EllipsoidalSep,Crowding-DE,3,37,7.14204,1
F02-EllipsoidalSep,Crowding-DE,3,38,0.000283544,1
F02-EllipsoidalSep,Crowding-DE,3,39,7.24951e-06,0
F02-EllipsoidalSep,Crowding-DE,3,40,7.24951e-06,0
F02-EllipsoidalSep,Crowding-DE,3,41,5.19091,1
F02-EllipsoidalSep,Crowding-DE,3,42,9.42521,1
F02-EllipsoidalSep,Crowding-DE,3,43,7.24951e-06,0
F02-EllipsoidalSep,Crowding-DE,3,44,0,0
F02-EllipsoidalSep,MAP-Elites,3,15,5.80218,0
F02-EllipsoidalSep,MAP-Elites,3,16,5.51196,0
F02-EllipsoidalSep,MAP-Elites,3,17,5.87033,0
F02-EllipsoidalSep,MAP-Elites,3,18,5.87033,0
F02-EllipsoidalSep,MAP-Elites,3,19,12.8899,0
F02-EllipsoidalSep,MAP-Elites,3,20,5.87033,0
F02-EllipsoidalSep,MAP-Elites,3,21,5.87033,0
F02-EllipsoidalSep,MAP-Elites,3,22,5.87033,0
F02-EllipsoidalSep,MAP-Elites,3,23,10.8313,0
F02-EllipsoidalSep,MAP-Elites,3,24,10.8313,0
F02-EllipsoidalSep,MAP-Elites,3,25,5.62063,0
F02-EllipsoidalSep,MAP-Elites,3,26,5.84731,1
F02-EllipsoidalSep,MAP-Elites,3,27,5.4516,0
F02-EllipsoidalSep,MAP-Elites,3,28,5.87033,0
F02-EllipsoidalSep,MAP-Elites,3,29,5.87033,0
F02-EllipsoidalSep,MAP-Elites,3,30,10.8313,0
F02-EllipsoidalSep,MAP-Elites,3,31,10.8273,0
F02-EllipsoidalSep,MAP-Elites,3,32,5.87033,0
F02-EllipsoidalSep,MAP-Elites,3,33,14.8486,0
F02-EllipsoidalSep,MAP-Elites,3,34,10.3503,0
F02-EllipsoidalSep,MAP-Elites,3,35,5.62063,0
F02-EllipsoidalSep,MAP-Elites,3,36,5.74931,1
F02-EllipsoidalSep,MAP-Elites,3,37,12.5846,0
F02-EllipsoidalSep,MAP-Elites,3,38,5.79625,1
F02-EllipsoidalSep,MAP-Elites,3,39,5.87033,0
F02-EllipsoidalSep,MAP-Elites,3,40,5.87033,0
F02-EllipsoidalSep,MAP-Elites,3,41,10.613,0
F02-EllipsoidalSep,MAP-Elites,3,42,14.8374,0
F02-EllipsoidalSep,MAP-Elites,3,43,10.8313,0
F02-EllipsoidalSep,MAP-Elites,3,44,5.52736,0
F02-EllipsoidalSep,MC-ESO-crowd,3,15,0.00897441,1
F02-EllipsoidalSep,MC-ESO-crowd,3,16,0.031227,1
F02-EllipsoidalSep,MC-ESO-crowd,3,17,0.00392013,0
F02-EllipsoidalSep,MC-ESO-crowd,3,18,0.00392013,0
F02-EllipsoidalSep,MC-ESO-crowd,3,19,0,0
F02-EllipsoidalSep,MC-ESO-crowd,3,20,0.00392013,0
F02-EllipsoidalSep,MC-ESO-crowd,3,21,0.00392013,0
F02-EllipsoidalSep,MC-ESO-crowd,3,22,0.00392013,0
F02-EllipsoidalSep,MC-ESO-crowd,3,23,0.00392013,0
F02-EllipsoidalSep,MC-ESO-crowd,3,24,0.00392013,0
F02-EllipsoidalSep,MC-ESO-crowd,3,25,0,0
F02-EllipsoidalSep,MC-ESO-crowd,3,26,0.00551723,1
F02-EllipsoidalSep,MC-ESO-crowd,3,27,0.0220089,1
F02-EllipsoidalSep,MC-ESO-crowd,3,28,0.00392013,0
F02-EllipsoidalSep,MC-ESO-crowd,3,29,0.00392013,0
F02-EllipsoidalSep,MC-ESO-crowd,3,30,0.00392013,0
F02-EllipsoidalSep,MC-ESO-crowd,3,31,0,0
F02-EllipsoidalSep,MC-ESO-crowd,3,32,0.00392013,0
F02-EllipsoidalSep,MC-ESO-crowd,3,33,0.184479,0
F02-EllipsoidalSep,MC-ESO-crowd,3,34,4.91394,1
F02-EllipsoidalSep,MC-ESO-crowd,3,35,0,0
F02-EllipsoidalSep,MC-ESO-crowd,3,36,0.0130262,1
F02-EllipsoidalSep,MC-ESO-crowd,3,37,0,0
F02-EllipsoidalSep,MC-ESO-crowd,3,38,0.00942943,1
F02-EllipsoidalSep,MC-ESO-crowd,3,39,0.00392013,0
F02-EllipsoidalSep,MC-ESO-crowd,3,40,0.249705,0
F02-EllipsoidalSep,MC-ESO-crowd,3,41,5.26035,1
F02-EllipsoidalSep,MC-ESO-crowd,3,42,0,0
F02-EllipsoidalSep,MC-ESO-crowd,3,43,0.00392013,0
F02-EllipsoidalSep,MC-ESO-crowd,3,44,1.05886,0
F02-EllipsoidalSep,quality,3,15,0,1
F02-EllipsoidalSep,quality,3,16,0,1
F02-EllipsoidalSep,quality,3,17,8.60354e-09,0
F02-EllipsoidalSep,quality,3,18,8.60354e-09,0
F02-EllipsoidalSep,quality,3,19,7.69643,1
F02-EllipsoidalSep,quality,3,20,8.60354e-09,0
F02-EllipsoidalSep,quality,3,21,8.60354e-09,0
F02-EllipsoidalSep,quality,3,22,8.60354e-09,0
F02-EllipsoidalSep,quality,3,23,8.60354e-09,0
F02-EllipsoidalSep,quality,3,24,8.60354e-09,0
F02-EllipsoidalSep,quality,3,25,9.97739,1
F02-EllipsoidalSep,quality,3,26,0,1
F02-EllipsoidalSep,quality,3,27,0.0624367,1
F02-EllipsoidalSep,quality,3,28,8.60354e-09,0
F02-EllipsoidalSep,quality,3,29,8.60354e-09,0
F02-EllipsoidalSep,quality,3,30,8.60354e-09,0
F02-EllipsoidalSep,quality,3,31,9.99951,1
F02-EllipsoidalSep,quality,3,32,8.60354e-09,0
F02-EllipsoidalSep,quality,3,33,9.56544,1
F02-EllipsoidalSep,quality,3,34,4.94882,1
F02-EllipsoidalSep,quality,3,35,9.96069,1
F02-EllipsoidalSep,quality,3,36,0,1
F02-EllipsoidalSep,quality,3,37,7.25516,1
F02-EllipsoidalSep,quality,3,38,0,1
F02-EllipsoidalSep,quality,3,39,8.60354e-09,0
F02-EllipsoidalSep,quality,3,40,8.60354e-09,0
F02-EllipsoidalSep,quality,3,41,5.41963,1
F02-EllipsoidalSep,quality,3,42,9.71428,1
F02-EllipsoidalSep,quality,3,43,8.60354e-09,0
F02-EllipsoidalSep,quality,3,44,10.0877,1
F02-EllipsoidalSep,complement,3,15,0,1
F02-EllipsoidalSep,complement,3,16,0,1
F02-EllipsoidalSep,complement,3,17,8.60354e-09,0
F02-EllipsoidalSep,complement,3,18,8.60354e-09,0
F02-EllipsoidalSep,complement,3,19,7.69643,1
F02-EllipsoidalSep,complement,3,20,8.60354e-09,0
F02-EllipsoidalSep,complement,3,21,8.60354e-09,0
F02-EllipsoidalSep,complement,3,22,8.60354e-09,0
F02-EllipsoidalSep,complement,3,23,8.60354e-09,0
F02-EllipsoidalSep,complement,3,24,8.60354e-09,0
F02-EllipsoidalSep,complement,3,25,9.97739,1
F02-EllipsoidalSep,complement,3,26,0,1
F02-EllipsoidalSep,complement,3,27,0.0624367,1
F02-EllipsoidalSep,complement,3,28,8.60354e-09,0
F02-EllipsoidalSep,complement,3,29,8.60354e-09,0
F02-EllipsoidalSep,complement,3,30,8.60354e-09,0
F02-EllipsoidalSep,complement,3,31,9.99951,1
F02-EllipsoidalSep,complement,3,32,8.60354e-09,0
F02-EllipsoidalSep,complement,3,33,9.56544,1
F02-EllipsoidalSep,complement,3,34,4.94882,1
F02-EllipsoidalSep,complement,3,35,9.96069,1
F02-EllipsoidalSep,complement,3,36,0,1
F02-EllipsoidalSep,complement,3,37,7.25516,1
F02-EllipsoidalSep,complement,3,38,0,1
F02-EllipsoidalSep,complement,3,39,8.60354e-09,0
F02-EllipsoidalSep,complement,3,40,8.60354e-09,0
F02-EllipsoidalSep,complement,3,41,5.41963,1
F02-EllipsoidalSep,complement,3,42,9.71428,1
F02-EllipsoidalSep,complement,3,43,8.60354e-09,0
F02-EllipsoidalSep,complement,3,44,10.0877,1
F02-EllipsoidalSep,MC-ESO,4,15,0,0
F02-EllipsoidalSep,MC-ESO,4,16,5.8337,1
F02-EllipsoidalSep,MC-ESO,4,17,0,0
F02-EllipsoidalSep,MC-ESO,4,18,10.0885,1
F02-EllipsoidalSep,MC-ESO,4,19,0.149471,1
F02-EllipsoidalSep,MC-ESO,4,20,0,0
F02-EllipsoidalSep,MC-ESO,4,21,0,0
F02-EllipsoidalSep,MC-ESO,4,22,9.9945,1
F02-EllipsoidalSep,MC-ESO,4,23,0.149076,1
F02-EllipsoidalSep,MC-ESO,4,24,0,0
F02-EllipsoidalSep,MC-ESO,4,25,0.00159558,1
F02-EllipsoidalSep,MC-ESO,4,26,0,0
F02-EllipsoidalSep,MC-ESO,4,27,0.0560781,1
F02-EllipsoidalSep,MC-ESO,4,28,0,0
F02-EllipsoidalSep,MC-ESO,4,29,0,0
F02-EllipsoidalSep,MC-ESO,4,30,6.63329,1
F02-EllipsoidalSep,MC-ESO,4,31,0,0
F02-EllipsoidalSep,MC-ESO,4,32,0,0
F02-EllipsoidalSep,MC-ESO,4,33,0,0
F02-EllipsoidalSep,MC-ESO,4,34,0,0
F02-EllipsoidalSep,MC-ESO,4,35,0,0
F02-EllipsoidalSep,MC-ESO,4,36,0,0
F02-EllipsoidalSep,MC-ESO,4,37,0,0
F02-EllipsoidalSep,MC-ESO,4,38,0,0
F02-EllipsoidalSep,MC-ESO,4,39,10.0865,1
F02-EllipsoidalSep,MC-ESO,4,40,0,0
F02-EllipsoidalSep,MC-ESO,4,41,5.99508,1
F02-EllipsoidalSep,MC-ESO,4,42,6.96189,1
F02-EllipsoidalSep,MC-ESO,4,43,2.29897e-07,1
F02-EllipsoidalSep,MC-ESO,4,44,0,0
F02-EllipsoidalSep,NMMSO,4,15,0,0
F02-EllipsoidalSep,NMMSO,4,16,5.8337,1
F02-EllipsoidalSep,NMMSO,4,17,0,0
F02-EllipsoidalSep,NMMSO,4,18,10.0885,1
F02-EllipsoidalSep,NMMSO,4,19,0.149471,1
F02-EllipsoidalSep,NMMSO,4,20,0,0
F02-EllipsoidalSep,NMMSO,4,21,0,0
F02-EllipsoidalSep,NMMSO,4,22,9.9945,1
F02-EllipsoidalSep,NMMSO,4,23,0.149076,1
F02-EllipsoidalSep,NMMSO,4,24,0,0
F02-EllipsoidalSep,NMMSO,4,25,0.00159559,1
F02-EllipsoidalSep,NMMSO,4,26,0,0
F02-EllipsoidalSep,NMMSO,4,27,0.0560781,1
F02-EllipsoidalSep,NMMSO,4,28,0,0
F02-EllipsoidalSep,NMMSO,4,29,0,0
F02-EllipsoidalSep,NMMSO,4,30,6.63329,1
F02-EllipsoidalSep,NMMSO,4,31,0,0
F02-EllipsoidalSep,NMMSO,4,32,0,0
F02-EllipsoidalSep,NMMSO,4,33,0,0
F02-EllipsoidalSep,NMMSO,4,34,0,0
F02-EllipsoidalSep,NMMSO,4,35,0,0
F02-EllipsoidalSep,NMMSO,4,36,0,0
F02-EllipsoidalSep,NMMSO,4,37,0,0
F02-EllipsoidalSep,NMMSO,4,38,0,0
F02-EllipsoidalSep,NMMSO,4,39,10.0865,1
F02-EllipsoidalSep,NMMSO,4,40,0,0
F02-EllipsoidalSep,NMMSO,4,41,5.99508,1
F02-EllipsoidalSep,NMMSO,4,42,6.96189,1
F02-EllipsoidalSep,NMMSO,4,43,2.22444e-07,1
F02-EllipsoidalSep,NMMSO,4,44,0,0
F02-EllipsoidalSep,NCDE,4,15,4.47073e-11,0
F02-EllipsoidalSep,NCDE,4,16,5.81532,0
F02-EllipsoidalSep,NCDE,4,17,4.47073e-11,0
F02-EllipsoidalSep,NCDE,4,18,0,0
F02-EllipsoidalSep,NCDE,4,19,0.00072386,0
F02-EllipsoidalSep,NCDE,4,20,4.47073e-11,0
F02-EllipsoidalSep,NCDE,4,21,4.47073e-11,0
F02-EllipsoidalSep,NCDE,4,22,0.278139,0
F02-EllipsoidalSep,NCDE,4,23,0.000718468,0
F02-EllipsoidalSep,NCDE,4,24,4.47073e-11,0
F02-EllipsoidalSep,NCDE,4,25,0.00159573,0
F02-EllipsoidalSep,NCDE,4,26,4.47073e-11,0
F02-EllipsoidalSep,NCDE,4,27,0,0
F02-EllipsoidalSep,NCDE,4,28,4.47073e-11,0
F02-EllipsoidalSep,NCDE,4,29,4.47073e-11,0
F02-EllipsoidalSep,NCDE,4,30,6.36166,0
F02-EllipsoidalSep,NCDE,4,31,4.47073e-11,0
F02-EllipsoidalSep,NCDE,4,32,4.47073e-11,0
F02-EllipsoidalSep,NCDE,4,33,4.47073e-11,0
F02-EllipsoidalSep,NCDE,4,34,4.47073e-11,0
F02-EllipsoidalSep,NCDE,4,35,4.47073e-11,0
F02-EllipsoidalSep,NCDE,4,36,4.47073e-11,0
F02-EllipsoidalSep,NCDE,4,37,4.47073e-11,0
F02-EllipsoidalSep,NCDE,4,38,4.47073e-11,0
F02-EllipsoidalSep,NCDE,4,39,0,0
F02-EllipsoidalSep,NCDE,4,40,4.47073e-11,0
F02-EllipsoidalSep,NCDE,4,41,5.97035,0
F02-EllipsoidalSep,NCDE,4,42,6.70232,0
F02-EllipsoidalSep,NCDE,4,43,0,1
F02-EllipsoidalSep,NCDE,4,44,4.47073e-11,0
F02-EllipsoidalSep,r3pso,4,15,1.15534e-10,0
F02-EllipsoidalSep,r3pso,4,16,5.8337,1
F02-EllipsoidalSep,r3pso,4,17,1.15534e-10,0
F02-EllipsoidalSep,r3pso,4,18,10.0884,1
F02-EllipsoidalSep,r3pso,4,19,0.149465,1
F02-EllipsoidalSep,r3pso,4,20,1.15534e-10,0
F02-EllipsoidalSep,r3pso,4,21,1.15534e-10,0
F02-EllipsoidalSep,r3pso,4,22,9.9945,1
F02-EllipsoidalSep,r3pso,4,23,0.14907,1
F02-EllipsoidalSep,r3pso,4,24,1.15534e-10,0
F02-EllipsoidalSep,r3pso,4,25,0.00159492,1
F02-EllipsoidalSep,r3pso,4,26,1.15534e-10,0
F02-EllipsoidalSep,r3pso,4,27,0.0560739,1
F02-EllipsoidalSep,r3pso,4,28,1.15534e-10,0
F02-EllipsoidalSep,r3pso,4,29,1.15534e-10,0
F02-EllipsoidalSep,r3pso,4,30,6.63328,1
F02-EllipsoidalSep,r3pso,4,31,1.15534e-10,0
F02-EllipsoidalSep,r3pso,4,32,1.15534e-10,0
F02-EllipsoidalSep,r3pso,4,33,1.15534e-10,0
F02-EllipsoidalSep,r3pso,4,34,1.15534e-10,0
F02-EllipsoidalSep,r3pso,4,35,1.15534e-10,0
F02-EllipsoidalSep,r3pso,4,36,1.15534e-10,0
F02-EllipsoidalSep,r3pso,4,37,1.15534e-10,0
F02-EllipsoidalSep,r3pso,4,38,1.15534e-10,0
F02-EllipsoidalSep,r3pso,4,39,10.0865,1
F02-EllipsoidalSep,r3pso,4,40,1.15534e-10,0
F02-EllipsoidalSep,r3pso,4,41,5.99508,1
F02-EllipsoidalSep,r3pso,4,42,6.96188,1
F02-EllipsoidalSep,r3pso,4,43,1.21492e-06,1
F02-EllipsoidalSep,r3pso,4,44,1.15534e-10,0
F02-EllipsoidalSep,NM-Restart,4,15,0,0
F02-EllipsoidalSep,NM-Restart,4,16,5.8337,1
F02-EllipsoidalSep,NM-Restart,4,17,0,0
F02-EllipsoidalSep,NM-Restart,4,18,0.981043,0
F02-EllipsoidalSep,NM-Restart,4,19,0.149471,1
F02-EllipsoidalSep,NM-Restart,4,20,0,0
F02-EllipsoidalSep,NM-Restart,4,21,0,0
F02-EllipsoidalSep,NM-Restart,4,22,1.25918,0
F02-EllipsoidalSep,NM-Restart,4,23,0.149076,1
F02-EllipsoidalSep,NM-Restart,4,24,0,0
F02-EllipsoidalSep,NM-Restart,4,25,0.0015956,1
F02-EllipsoidalSep,NM-Restart,4,26,0,0
F02-EllipsoidalSep,NM-Restart,4,27,0.0560782,1
F02-EllipsoidalSep,NM-Restart,4,28,0,0
F02-EllipsoidalSep,NM-Restart,4,29,0,0
F02-EllipsoidalSep,NM-Restart,4,30,6.63329,1
F02-EllipsoidalSep,NM-Restart,4,31,0,0
F02-EllipsoidalSep,NM-Restart,4,32,0,0
F02-EllipsoidalSep,NM-Restart,4,33,0,0
F02-EllipsoidalSep,NM-Restart,4,34,0,0
F02-EllipsoidalSep,NM-Restart,4,35,0,0
F02-EllipsoidalSep,NM-Restart,4,36,0,0
F02-EllipsoidalSep,NM-Restart,4,37,0,0
F02-EllipsoidalSep,NM-Restart,4,38,0,0
F02-EllipsoidalSep,NM-Restart,4,39,0.981043,0
F02-EllipsoidalSep,NM-Restart,4,40,0,0
F02-EllipsoidalSep,NM-Restart,4,41,5.99508,1
F02-EllipsoidalSep,NM-Restart,4,42,6.96189,1
F02-EllipsoidalSep,NM-Restart,4,43,2.04704e-07,1
F02-EllipsoidalSep,NM-Restart,4,44,0,0
F02-EllipsoidalSep,IPOP-CMA-ES,4,15,0,0
F02-EllipsoidalSep,IPOP-CMA-ES,4,16,5.8337,0
F02-EllipsoidalSep,IPOP-CMA-ES,4,17,0,0
F02-EllipsoidalSep,IPOP-CMA-ES,4,18,10.0885,0
F02-EllipsoidalSep,IPOP-CMA-ES,4,19,0.149471,0
F02-EllipsoidalSep,IPOP-CMA-ES,4,20,0,0
F02-EllipsoidalSep,IPOP-CMA-ES,4,21,0,0
F02-EllipsoidalSep,IPOP-CMA-ES,4,22,9.9945,0
F02-EllipsoidalSep,IPOP-CMA-ES,4,23,0.149076,0
F02-EllipsoidalSep,IPOP-CMA-ES,4,24,0,0
F02-EllipsoidalSep,IPOP-CMA-ES,4,25,0.0015956,1
F02-EllipsoidalSep,IPOP-CMA-ES,4,26,0,0
F02-EllipsoidalSep,IPOP-CMA-ES,4,27,0.0560782,0
F02-EllipsoidalSep,IPOP-CMA-ES,4,28,0,0
F02-EllipsoidalSep,IPOP-CMA-ES,4,29,0,0
F02-EllipsoidalSep,IPOP-CMA-ES,4,30,6.63329,0
F02-EllipsoidalSep,IPOP-CMA-ES,4,31,0,0
F02-EllipsoidalSep,IPOP-CMA-ES,4,32,0,0
F02-EllipsoidalSep,IPOP-CMA-ES,4,33,0,0
F02-EllipsoidalSep,IPOP-CMA-ES,4,34,0,0
F02-EllipsoidalSep,IPOP-CMA-ES,4,35,0,0
F02-EllipsoidalSep,IPOP-CMA-ES,4,36,0,0
F02-EllipsoidalSep,IPOP-CMA-ES,4,37,0,0
F02-EllipsoidalSep,IPOP-CMA-ES,4,38,0,0
F02-EllipsoidalSep,IPOP-CMA-ES,4,39,10.0865,0
F02-EllipsoidalSep,IPOP-CMA-ES,4,40,0,0
F02-EllipsoidalSep,IPOP-CMA-ES,4,41,5.99508,0
F02-EllipsoidalSep,IPOP-CMA-ES,4,42,6.96189,0
F02-EllipsoidalSep,IPOP-CMA-ES,4,43,2.0902e-07,1
F02-EllipsoidalSep,IPOP-CMA-ES,4,44,0,0
F02-EllipsoidalSep,DE,4,15,0,0
F02-EllipsoidalSep,DE,4,16,5.8337,1
F02-EllipsoidalSep,DE,4,17,0,0
F02-EllipsoidalSep,DE,4,18,10.0885,1
F02-EllipsoidalSep,DE,4,19,0.149471,1
F02-EllipsoidalSep,DE,4,20,0,0
F02-EllipsoidalSep,DE,4,21,0,0
F02-EllipsoidalSep,DE,4,22,9.9945,1
F02-EllipsoidalSep,DE,4,23,0.149076,1
F02-EllipsoidalSep,DE,4,24,0,0
F02-EllipsoidalSep,DE,4,25,0.00159559,1
F02-EllipsoidalSep,DE,4,26,0,0
F02-EllipsoidalSep,DE,4,27,0.0560781,1
F02-EllipsoidalSep,DE,4,28,0,0
F02-EllipsoidalSep,DE,4,29,0,0
F02-EllipsoidalSep,DE,4,30,6.63329,1
F02-EllipsoidalSep,DE,4,31,0,0
F02-EllipsoidalSep,DE,4,32,0,0
F02-EllipsoidalSep,DE,4,33,0,0
F02-EllipsoidalSep,DE,4,34,0,0
F02-EllipsoidalSep,DE,4,35,0,0
F02-EllipsoidalSep,DE,4,36,0,0
F02-EllipsoidalSep,DE,4,37,0,0
F02-EllipsoidalSep,DE,4,38,0,0
F02-EllipsoidalSep,DE,4,39,10.0865,1
F02-EllipsoidalSep,DE,4,40,0,0
F02-EllipsoidalSep,DE,4,41,5.99508,1
F02-EllipsoidalSep,DE,4,42,6.96189,1
F02-EllipsoidalSep,DE,4,43,2.17499e-07,1
F02-EllipsoidalSep,DE,4,44,0,0
F02-EllipsoidalSep,PSO,4,15,7.95808e-13,0
F02-EllipsoidalSep,PSO,4,16,5.8337,1
F02-EllipsoidalSep,PSO,4,17,7.95808e-13,0
F02-EllipsoidalSep,PSO,4,18,10.0885,1
F02-EllipsoidalSep,PSO,4,19,0.14947,1
F02-EllipsoidalSep,PSO,4,20,7.95808e-13,0
F02-EllipsoidalSep,PSO,4,21,7.95808e-13,0
F02-EllipsoidalSep,PSO,4,22,9.9945,1
F02-EllipsoidalSep,PSO,4,23,0.149075,1
F02-EllipsoidalSep,PSO,4,24,7.95808e-13,0
F02-EllipsoidalSep,PSO,4,25,0.00159551,1
F02-EllipsoidalSep,PSO,4,26,7.95808e-13,0
F02-EllipsoidalSep,PSO,4,27,0.0560776,1
F02-EllipsoidalSep,PSO,4,28,7.95808e-13,0
F02-EllipsoidalSep,PSO,4,29,7.95808e-13,0
F02-EllipsoidalSep,PSO,4,30,6.63329,1
F02-EllipsoidalSep,PSO,4,31,7.95808e-13,0
F02-EllipsoidalSep,PSO,4,32,7.95808e-13,0
F02-EllipsoidalSep,PSO,4,33,7.95808e-13,0
F02-EllipsoidalSep,PSO,4,34,7.95808e-13,0
F02-EllipsoidalSep,PSO,4,35,7.95808e-13,0
F02-EllipsoidalSep,PSO,4,36,7.95808e-13,0
F02-EllipsoidalSep,PSO,4,37,7.95808e-13,0
F02-EllipsoidalSep,PSO,4,38,7.95808e-13,0
F02-EllipsoidalSep,PSO,4,39,10.0865,1
F02-EllipsoidalSep,PSO,4,40,7.95808e-13,0
F02-EllipsoidalSep,PSO,4,41,5.99508,1
F02-EllipsoidalSep,PSO,4,42,6.96189,1
F02-EllipsoidalSep,PSO,4,43,3.32301e-07,1
F02-EllipsoidalSep,PSO,4,44,7.95808e-13,0
F02-EllipsoidalSep,Crowding-DE,4,15,1.25221e-06,0
F02-EllipsoidalSep,Crowding-DE,4,16,5.8164,1
F02-EllipsoidalSep,Crowding-DE,4,17,1.25221e-06,0
F02-EllipsoidalSep,Crowding-DE,4,18,0.00525162,0
F02-EllipsoidalSep,Crowding-DE,4,19,0,1
F02-EllipsoidalSep,Crowding-DE,4,20,1.25221e-06,0
F02-EllipsoidalSep,Crowding-DE,4,21,1.25221e-06,0
F02-EllipsoidalSep,Crowding-DE,4,22,0.283391,0
F02-EllipsoidalSep,Crowding-DE,4,23,0,1
F02-EllipsoidalSep,Crowding-DE,4,24,1.25221e-06,0
F02-EllipsoidalSep,Crowding-DE,4,25,0.00156918,1
F02-EllipsoidalSep,Crowding-DE,4,26,1.25221e-06,0
F02-EllipsoidalSep,Crowding-DE,4,27,0.000558459,1
F02-EllipsoidalSep,Crowding-DE,4,28,1.25221e-06,0
F02-EllipsoidalSep,Crowding-DE,4,29,1.25221e-06,0
F02-EllipsoidalSep,Crowding-DE,4,30,6.35923,1
F02-EllipsoidalSep,Crowding-DE,4,31,1.25221e-06,0
F02-EllipsoidalSep,Crowding-DE,4,32,1.25221e-06,0
F02-EllipsoidalSep,Crowding-DE,4,33,1.25221e-06,0
F02-EllipsoidalSep,Crowding-DE,4,34,1.25221e-06,0
F02-EllipsoidalSep,Crowding-DE,4,35,1.25221e-06,0
F02-EllipsoidalSep,Crowding-DE,4,36,1.25221e-06,0
F02-EllipsoidalSep,Crowding-DE,4,37,1.25221e-06,0
F02-EllipsoidalSep,Crowding-DE,4,38,1.25221e-06,0
F02-EllipsoidalSep,Crowding-DE,4,39,0.00525162,0
F02-EllipsoidalSep,Crowding-DE,4,40,1.25221e-06,0
F02-EllipsoidalSep,Crowding-DE,4,41,5.97131,1
F02-EllipsoidalSep,Crowding-DE,4,42,6.70006,1
F02-EllipsoidalSep,Crowding-DE,4,43,4.33135e-05,1
F02-EllipsoidalSep,Crowding-DE,4,44,1.25221e-06,0
F02-EllipsoidalSep,MAP-Elites,4,15,3.18998,0
F02-EllipsoidalSep,MAP-Elites,4,16,7.91832,0
F02-EllipsoidalSep,MAP-Elites,4,17,3.18998,0
F02-EllipsoidalSep,MAP-Elites,4,18,12.435,0
F02-EllipsoidalSep,MAP-Elites,4,19,3.0483,0
F02-EllipsoidalSep,MAP-Elites,4,20,3.18998,0
F02-EllipsoidalSep,MAP-Elites,4,21,3.18998,0
F02-EllipsoidalSep,MAP-Elites,4,22,3.18325,0
F02-EllipsoidalSep,MAP-Elites,4,23,3.04817,0
F02-EllipsoidalSep,MAP-Elites,4,24,3.18998,0
F02-EllipsoidalSep,MAP-Elites,4,25,3.15383,0
F02-EllipsoidalSep,MAP-Elites,4,26,3.18998,0
F02-EllipsoidalSep,MAP-Elites,4,27,3.01766,0
F02-EllipsoidalSep,MAP-Elites,4,28,3.18998,0
F02-EllipsoidalSep,MAP-Elites,4,29,3.18998,0
F02-EllipsoidalSep,MAP-Elites,4,30,7.91832,0
F02-EllipsoidalSep,MAP-Elites,4,31,3.18998,0
F02-EllipsoidalSep,MAP-Elites,4,32,3.18998,0
F02-EllipsoidalSep,MAP-Elites,4,33,3.18998,0
F02-EllipsoidalSep,MAP-Elites,4,34,3.18998,0
F02-EllipsoidalSep,MAP-Elites,4,35,3.18998,0
F02-EllipsoidalSep,MAP-Elites,4,36,3.18998,0
F02-EllipsoidalSep,MAP-Elites,4,37,3.18998,0
F02-EllipsoidalSep,MAP-Elites,4,38,3.18998,0
F02-EllipsoidalSep,MAP-Elites,4,39,12.435,0
F02-EllipsoidalSep,MAP-Elites,4,40,3.18998,0
F02-EllipsoidalSep,MAP-Elites,4,41,7.91832,0
F02-EllipsoidalSep,MAP-Elites,4,42,7.91832,0
F02-EllipsoidalSep,MAP-Elites,4,43,3.24548,1
F02-EllipsoidalSep,MAP-Elites,4,44,3.18998,0
F02-EllipsoidalSep,MC-ESO-crowd,4,15,0.0067341,0
F02-EllipsoidalSep,MC-ESO-crowd,4,16,0,0
F02-EllipsoidalSep,MC-ESO-crowd,4,17,0.0067341,0
F02-EllipsoidalSep,MC-ESO-crowd,4,18,0.983718,0
F02-EllipsoidalSep,MC-ESO-crowd,4,19,0.0883976,1
F02-EllipsoidalSep,MC-ESO-crowd,4,20,0.0067341,0
F02-EllipsoidalSep,MC-ESO-crowd,4,21,0.0067341,0
F02-EllipsoidalSep,MC-ESO-crowd,4,22,0,0
F02-EllipsoidalSep,MC-ESO-crowd,4,23,0.0880636,1
F02-EllipsoidalSep,MC-ESO-crowd,4,24,0.0067341,0
F02-EllipsoidalSep,MC-ESO-crowd,4,25,0,1
F02-EllipsoidalSep,MC-ESO-crowd,4,26,0.0067341,0
F02-EllipsoidalSep,MC-ESO-crowd,4,27,0.00949155,1
F02-EllipsoidalSep,MC-ESO-crowd,4,28,0.0067341,0
F02-EllipsoidalSep,MC-ESO-crowd,4,29,0.0067341,0
F02-EllipsoidalSep,MC-ESO-crowd,4,30,0,0
F02-EllipsoidalSep,MC-ESO-crowd,4,31,0.0067341,0
F02-EllipsoidalSep,MC-ESO-crowd,4,32,0.0067341,0
F02-EllipsoidalSep,MC-ESO-crowd,4,33,0.0067341,0
F02-EllipsoidalSep,MC-ESO-crowd,4,34,0.0067341,0
F02-EllipsoidalSep,MC-ESO-crowd,4,35,0.0067341,0
F02-EllipsoidalSep,MC-ESO-crowd,4,36,0.0067341,0
F02-EllipsoidalSep,MC-ESO-crowd,4,37,0.0067341,0
F02-EllipsoidalSep,MC-ESO-crowd,4,38,0.0067341,0
F02-EllipsoidalSep,MC-ESO-crowd,4,39,0.983718,0
F02-EllipsoidalSep,MC-ESO-crowd,4,40,0.0067341,0
F02-EllipsoidalSep,MC-ESO-crowd,4,41,0,0
F02-EllipsoidalSep,MC-ESO-crowd,4,42,0,0
F02-EllipsoidalSep,MC-ESO-crowd,4,43,0.0191851,1
F02-EllipsoidalSep,MC-ESO-crowd,4,44,0.0067341,0
F02-EllipsoidalSep,quality,4,15,6.0254e-12,0
F02-EllipsoidalSep,quality,4,16,5.8337,1
F02-EllipsoidalSep,quality,4,17,6.0254e-12,0
F02-EllipsoidalSep,quality,4,18,10.0885,1
F02-EllipsoidalSep,quality,4,19,0.14947,1
F02-EllipsoidalSep,quality,4,20,6.0254e-12,0
F02-EllipsoidalSep,quality,4,21,6.0254e-12,0
F02-EllipsoidalSep,quality,4,22,9.9945,1
F02-EllipsoidalSep,quality,4,23,0.149075,1
F02-EllipsoidalSep,quality,4,24,6.0254e-12,0
F02-EllipsoidalSep,quality,4,25,0.00159546,1
F02-EllipsoidalSep,quality,4,26,6.0254e-12,0
F02-EllipsoidalSep,quality,4,27,0.0560773,1
F02-EllipsoidalSep,quality,4,28,6.0254e-12,0
F02-EllipsoidalSep,quality,4,29,6.0254e-12,0
F02-EllipsoidalSep,quality,4,30,6.63329,1
F02-EllipsoidalSep,quality,4,31,6.0254e-12,0
F02-EllipsoidalSep,quality,4,32,6.0254e-12,0
F02-EllipsoidalSep,quality,4,33,6.0254e-12,0
F02-EllipsoidalSep,quality,4,34,6.0254e-12,0
F02-EllipsoidalSep,quality,4,35,6.0254e-12,0
F02-EllipsoidalSep,quality,4,36,6.0254e-12,0
F02-EllipsoidalSep,quality,4,37,6.0254e-12,0
F02-EllipsoidalSep,quality,4,38,6.0254e-12,0
F02-EllipsoidalSep,quality,4,39,10.0865,1
F02-EllipsoidalSep,quality,4,40,6.0254e-12,0
F02-EllipsoidalSep,quality,4,41,5.99508,1
F02-EllipsoidalSep,quality,4,42,6.96189,1
F02-EllipsoidalSep,quality,4,43,4.20104e-07,1
F02-EllipsoidalSep,quality,4,44,6.0254e-12,0
F02-EllipsoidalSep,complement,4,15,6.0254e-12,0
F02-EllipsoidalSep,complement,4,16,5.8337,1
F02-EllipsoidalSep,complement,4,17,6.0254e-12,0
F02-EllipsoidalSep,complement,4,18,10.0885,1
F02-EllipsoidalSep,complement,4,19,0.14947,1
F02-EllipsoidalSep,complement,4,20,6.0254e-12,0
F02-EllipsoidalSep,complement,4,21,6.0254e-12,0
F02-EllipsoidalSep,complement,4,22,9.9945,1
F02-EllipsoidalSep,complement,4,23,0.149075,1
F02-EllipsoidalSep,complement,4,24,6.0254e-12,0
F02-EllipsoidalSep,complement,4,25,0.00159546,1
F02-EllipsoidalSep,complement,4,26,6.0254e-12,0
F02-EllipsoidalSep,complement,4,27,0.0560773,1
F02-EllipsoidalSep,complement,4,28,6.0254e-12,0
F02-EllipsoidalSep,complement,4,29,6.0254e-12,0
F02-EllipsoidalSep,complement,4,30,6.63329,1
F02-EllipsoidalSep,complement,4,31,6.0254e-12,0
F02-EllipsoidalSep,complement,4,32,6.0254e-12,0
F02-EllipsoidalSep,complement,4,33,6.0254e-12,0
F02-EllipsoidalSep,complement,4,34,6.0254e-12,0
F02-EllipsoidalSep,complement,4,35,6.0254e-12,0
F02-EllipsoidalSep,complement,4,36,6.0254e-12,0
F02-EllipsoidalSep,complement,4,37,6.0254e-12,0
F02-EllipsoidalSep,complement,4,38,6.0254e-12,0
F02-EllipsoidalSep,complement,4,39,10.0865,1
F02-EllipsoidalSep,complement,4,40,6.0254e-12,0
F02-EllipsoidalSep,complement,4,41,5.99508,1
F02-EllipsoidalSep,complement,4,42,6.96189,1
F02-EllipsoidalSep,complement,4,43,4.20104e-07,1
F02-EllipsoidalSep,complement,4,44,6.0254e-12,0
F03-RastriginSep,MC-ESO,0,15,0,0
F03-RastriginSep,MC-ESO,0,16,1209.44,1
F03-RastriginSep,MC-ESO,0,17,927.395,1
F03-RastriginSep,MC-ESO,0,18,986.825,1
F03-RastriginSep,MC-ESO,0,19,0.000650288,0
F03-RastriginSep,MC-ESO,0,20,1179.51,1
F03-RastriginSep,MC-ESO,0,21,944.479,1
F03-RastriginSep,MC-ESO,0,22,0,0
F03-RastriginSep,MC-ESO,0,23,0,0
F03-RastriginSep,MC-ESO,0,24,1102.75,1
F03-RastriginSep,MC-ESO,0,25,1101.98,1
F03-RastriginSep,MC-ESO,0,26,1149,1
F03-RastriginSep,MC-ESO,0,27,0,0
F03-RastriginSep,MC-ESO,0,28,0,0
F03-RastriginSep,MC-ESO,0,29,0,0
F03-RastriginSep,MC-ESO,0,30,0,0
F03-RastriginSep,MC-ESO,0,31,0,0
F03-RastriginSep,MC-ESO,0,32,1072.06,1
F03-RastriginSep,MC-ESO,0,33,0,0
F03-RastriginSep,MC-ESO,0,34,0,0
F03-RastriginSep,MC-ESO,0,35,0,0
F03-RastriginSep,MC-ESO,0,36,0,0
F03-RastriginSep,MC-ESO,0,37,0,0
F03-RastriginSep,MC-ESO,0,38,0,0
F03-RastriginSep,MC-ESO,0,39,1134.49,1
F03-RastriginSep,MC-ESO,0,40,1076.25,1
F03-RastriginSep,MC-ESO,0,41,0,0
F03-RastriginSep,MC-ESO,0,42,0,0
F03-RastriginSep,MC-ESO,0,43,1221.09,1
F03-RastriginSep,MC-ESO,0,44,1070.53,1
F03-RastriginSep,NMMSO,0,15,6.25278e-13,0
F03-RastriginSep,NMMSO,0,16,1124.38,1
F03-RastriginSep,NMMSO,0,17,907.937,1
F03-RastriginSep,NMMSO,0,18,986.061,1
F03-RastriginSep,NMMSO,0,19,6.32099e-11,0
F03-RastriginSep,NMMSO,0,20,1101.5,1
F03-RastriginSep,NMMSO,0,21,1.02546e-10,0
F03-RastriginSep,NMMSO,0,22,6.25278e-13,0
F03-RastriginSep,NMMSO,0,23,6.25278e-13,0
F03-RastriginSep,NMMSO,0,24,1015.25,1
F03-RastriginSep,NMMSO,0,25,1049.53,1
F03-RastriginSep,NMMSO,0,26,1064.61,1
F03-RastriginSep,NMMSO,0,27,6.25278e-13,0
F03-RastriginSep,NMMSO,0,28,6.25278e-13,0
F03-RastriginSep,NMMSO,0,29,6.25278e-13,0
F03-RastriginSep,NMMSO,0,30,6.25278e-13,0
F03-RastriginSep,NMMSO,0,31,6.25278e-13,0
F03-RastriginSep,NMMSO,0,32,992.346,1
F03-RastriginSep,NMMSO,0,33,6.25278e-13,0
F03-RastriginSep,NMMSO,0,34,6.25278e-13,0
F03-RastriginSep,NMMSO,0,35,6.25278e-13,0
F03-RastriginSep,NMMSO,0,36,6.25278e-13,0
F03-RastriginSep,NMMSO,0,37,6.25278e-13,0
F03-RastriginSep,NMMSO,0,38,6.25278e-13,0
F03-RastriginSep,NMMSO,0,39,1062.39,1
F03-RastriginSep,NMMSO,0,40,989.32,1
F03-RastriginSep,NMMSO,0,41,6.25278e-13,0
F03-RastriginSep,NMMSO,0,42,6.25278e-13,0
F03-RastriginSep,NMMSO,0,43,1164.54,1
F03-RastriginSep,NMMSO,0,44,1042.17,1
F03-RastriginSep,NCDE,0,15,0.0147139,0
F03-RastriginSep,NCDE,0,16,1040.76,1
F03-RastriginSep,NCDE,0,17,907.027,1
F03-RastriginSep,NCDE,0,18,986.446,1
F03-RastriginSep,NCDE,0,19,0.0467839,0
F03-RastriginSep,NCDE,0,20,1025.31,1
F03-RastriginSep,NCDE,0,21,0.173523,0
F03-RastriginSep,NCDE,0,22,0.0147139,0
F03-RastriginSep,NCDE,0,23,0.0147139,0
F03-RastriginSep,NCDE,0,24,928.69,1
F03-RastriginSep,NCDE,0,25,999.641,1
F03-RastriginSep,NCDE,0,26,981.708,1
F03-RastriginSep,NCDE,0,27,0.0147139,0
F03-RastriginSep,NCDE,0,28,0.0147139,0
F03-RastriginSep,NCDE,0,29,0.0147139,0
F03-RastriginSep,NCDE,0,30,0.0147139,0
F03-RastriginSep,NCDE,0,31,0.0147139,0
F03-RastriginSep,NCDE,0,32,913.099,1
F03-RastriginSep,NCDE,0,33,0.0147139,0
F03-RastriginSep,NCDE,0,34,0.0147139,0
F03-RastriginSep,NCDE,0,35,0.0147139,0
F03-RastriginSep,NCDE,0,36,0.0147139,0
F03-RastriginSep,NCDE,0,37,0.0147139,0
F03-RastriginSep,NCDE,0,38,0.0147139,0
F03-RastriginSep,NCDE,0,39,992.336,1
F03-RastriginSep,NCDE,0,40,903.239,1
F03-RastriginSep,NCDE,0,41,0.0147139,0
F03-RastriginSep,NCDE,0,42,0.0147139,0
F03-RastriginSep,NCDE,0,43,1110.47,1
F03-RastriginSep,NCDE,0,44,1016.8,1
F03-RastriginSep,r3pso,0,15,8.80505e-11,0
F03-RastriginSep,r3pso,0,16,1209.44,1
F03-RastriginSep,r3pso,0,17,949.8,1
F03-RastriginSep,r3pso,0,18,986.825,1
F03-RastriginSep,r3pso,0,19,920.792,1
F03-RastriginSep,r3pso,0,20,1179.51,1
F03-RastriginSep,r3pso,0,21,999.363,1
F03-RastriginSep,r3pso,0,22,8.80505e-11,0
F03-RastriginSep,r3pso,0,23,8.80505e-11,0
F03-RastriginSep,r3pso,0,24,1102.75,1
F03-RastriginSep,r3pso,0,25,1101.98,1
F03-RastriginSep,r3pso,0,26,1149,1
F03-RastriginSep,r3pso,0,27,8.80505e-11,0
F03-RastriginSep,r3pso,0,28,8.80505e-11,0
F03-RastriginSep,r3pso,0,29,8.80505e-11,0
F03-RastriginSep,r3pso,0,30,8.80505e-11,0
F03-RastriginSep,r3pso,0,31,8.80505e-11,0
F03-RastriginSep,r3pso,0,32,1072.06,1
F03-RastriginSep,r3pso,0,33,8.80505e-11,0
F03-RastriginSep,r3pso,0,34,8.80505e-11,0
F03-RastriginSep,r3pso,0,35,8.80505e-11,0
F03-RastriginSep,r3pso,0,36,8.80505e-11,0
F03-RastriginSep,r3pso,0,37,8.80505e-11,0
F03-RastriginSep,r3pso,0,38,8.80505e-11,0
F03-RastriginSep,r3pso,0,39,1134.49,1
F03-RastriginSep,r3pso,0,40,1076.25,1
F03-RastriginSep,r3pso,0,41,8.80505e-11,0
F03-RastriginSep,r3pso,0,42,8.80505e-11,0
F03-RastriginSep,r3pso,0,43,1221.09,1
F03-RastriginSep,r3pso,0,44,1070.53,1
F03-RastriginSep,NM-Restart,0,15,1.98992,0
F03-RastriginSep,NM-Restart,0,16,954.416,1
F03-RastriginSep,NM-Restart,0,17,875.78,1
F03-RastriginSep,NM-Restart,0,18,909.815,1
F03-RastriginSep,NM-Restart,0,19,2.98487,0
F03-RastriginSep,NM-Restart,0,20,946.572,1
F03-RastriginSep,NM-Restart,0,21,0,0
F03-RastriginSep,NM-Restart,0,22,3.97983,0
F03-RastriginSep,NM-Restart,0,23,1.98992,0
F03-RastriginSep,NM-Restart,0,24,0,0
F03-RastriginSep,NM-Restart,0,25,948.216,1
F03-RastriginSep,NM-Restart,0,26,896.094,1
F03-RastriginSep,NM-Restart,0,27,1.98992,0
F03-RastriginSep,NM-Restart,0,28,1.98992,0
F03-RastriginSep,NM-Restart,0,29,1.98992,0
F03-RastriginSep,NM-Restart,0,30,1.98992,0
F03-RastriginSep,NM-Restart,0,31,1.98992,0
F03-RastriginSep,NM-Restart,0,32,0.994939,0
F03-RastriginSep,NM-Restart,0,33,1.98992,0
F03-RastriginSep,NM-Restart,0,34,1.98992,0
F03-RastriginSep,NM-Restart,0,35,3.97983,0
F03-RastriginSep,NM-Restart,0,36,1.98992,0
F03-RastriginSep,NM-Restart,0,37,1.98992,0
F03-RastriginSep,NM-Restart,0,38,1.98992,0
F03-RastriginSep,NM-Restart,0,39,919.933,1
F03-RastriginSep,NM-Restart,0,40,0,0
F03-RastriginSep,NM-Restart,0,41,1.98992,0
F03-RastriginSep,NM-Restart,0,42,1.98992,0
F03-RastriginSep,NM-Restart,0,43,1054.68,1
F03-RastriginSep,NM-Restart,0,44,991.023,1
F03-RastriginSep,IPOP-CMA-ES,0,15,0,0
F03-RastriginSep,IPOP-CMA-ES,0,16,1209.44,1
F03-RastriginSep,IPOP-CMA-ES,0,17,949.8,1
F03-RastriginSep,IPOP-CMA-ES,0,18,986.825,1
F03-RastriginSep,IPOP-CMA-ES,0,19,920.792,1
F03-RastriginSep,IPOP-CMA-ES,0,20,1179.51,1
F03-RastriginSep,IPOP-CMA-ES,0,21,999.363,1
F03-RastriginSep,IPOP-CMA-ES,0,22,0,0
F03-RastriginSep,IPOP-CMA-ES,0,23,0,0
F03-RastriginSep,IPOP-CMA-ES,0,24,1102.75,1
F03-RastriginSep,IPOP-CMA-ES,0,25,1101.98,1
F03-RastriginSep,IPOP-CMA-ES,0,26,1149,1
F03-RastriginSep,IPOP-CMA-ES,0,27,0,0
F03-RastriginSep,IPOP-CMA-ES,0,28,0,0
F03-RastriginSep,IPOP-CMA-ES,0,29,0,0
F03-RastriginSep,IPOP-CMA-ES,0,30,0,0
F03-RastriginSep,IPOP-CMA-ES,0,31,0,0
F03-RastriginSep,IPOP-CMA-ES,0,32,1072.06,1
F03-RastriginSep,IPOP-CMA-ES,0,33,0,0
F03-RastriginSep,IPOP-CMA-ES,0,34,0,0
F03-RastriginSep,IPOP-CMA-ES,0,35,0,0
F03-RastriginSep,IPOP-CMA-ES,0,36,0,0
F03-RastriginSep,IPOP-CMA-ES,0,37,0,0
F03-RastriginSep,IPOP-CMA-ES,0,38,0,0
F03-RastriginSep,IPOP-CMA-ES,0,39,1134.49,1
F03-RastriginSep,IPOP-CMA-ES,0,40,1076.25,1
F03-RastriginSep,IPOP-CMA-ES,0,41,0,0
F03-RastriginSep,IPOP-CMA-ES,0,42,0,0
F03-RastriginSep,IPOP-CMA-ES,0,43,1221.09,1
F03-RastriginSep,IPOP-CMA-ES,0,44,1070.53,1
F03-RastriginSep,DE,0,15,0,0
F03-RastriginSep,DE,0,16,1209.44,1
F03-RastriginSep,DE,0,17,949.8,1
F03-RastriginSep,DE,0,18,986.825,1
F03-RastriginSep,DE,0,19,920.792,1
F03-RastriginSep,DE,0,20,1179.51,1
F03-RastriginSep,DE,0,21,999.363,1
F03-RastriginSep,DE,0,22,0,0
F03-RastriginSep,DE,0,23,0,0
F03-RastriginSep,DE,0,24,1102.75,1
F03-RastriginSep,DE,0,25,1101.98,1
F03-RastriginSep,DE,0,26,1149,1
F03-RastriginSep,DE,0,27,0,0
F03-RastriginSep,DE,0,28,0,0
F03-RastriginSep,DE,0,29,0,0
F03-RastriginSep,DE,0,30,0,0
F03-RastriginSep,DE,0,31,0,0
F03-RastriginSep,DE,0,32,1072.06,1
F03-RastriginSep,DE,0,33,0,0
F03-RastriginSep,DE,0,34,0,0
F03-RastriginSep,DE,0,35,0,0
F03-RastriginSep,DE,0,36,0,0
F03-RastriginSep,DE,0,37,0,0
F03-RastriginSep,DE,0,38,0,0
F03-RastriginSep,DE,0,39,1134.49,1
F03-RastriginSep,DE,0,40,1076.25,1
F03-RastriginSep,DE,0,41,0,0
F03-RastriginSep,DE,0,42,0,0
F03-RastriginSep,DE,0,43,1221.09,1
F03-RastriginSep,DE,0,44,1070.53,1
F03-RastriginSep,PSO,0,15,1.63141e-11,0
F03-RastriginSep,PSO,0,16,1209.44,1
F03-RastriginSep,PSO,0,17,949.8,1
F03-RastriginSep,PSO,0,18,986.825,1
F03-RastriginSep,PSO,0,19,920.792,1
F03-RastriginSep,PSO,0,20,1179.51,1
F03-RastriginSep,PSO,0,21,999.363,1
F03-RastriginSep,PSO,0,22,1.63141e-11,0
F03-RastriginSep,PSO,0,23,1.63141e-11,0
F03-RastriginSep,PSO,0,24,1102.75,1
F03-RastriginSep,PSO,0,25,1101.98,1
F03-RastriginSep,PSO,0,26,1149,1
F03-RastriginSep,PSO,0,27,1.63141e-11,0
F03-RastriginSep,PSO,0,28,1.63141e-11,0
F03-RastriginSep,PSO,0,29,1.63141e-11,0
F03-RastriginSep,PSO,0,30,1.63141e-11,0
F03-RastriginSep,PSO,0,31,1.63141e-11,0
F03-RastriginSep,PSO,0,32,1072.06,1
F03-RastriginSep,PSO,0,33,1.63141e-11,0
F03-RastriginSep,PSO,0,34,1.63141e-11,0
F03-RastriginSep,PSO,0,35,1.63141e-11,0
F03-RastriginSep,PSO,0,36,1.63141e-11,0
F03-RastriginSep,PSO,0,37,1.63141e-11,0
F03-RastriginSep,PSO,0,38,1.63141e-11,0
F03-RastriginSep,PSO,0,39,1134.49,1
F03-RastriginSep,PSO,0,40,1076.25,1
F03-RastriginSep,PSO,0,41,1.63141e-11,0
F03-RastriginSep,PSO,0,42,1.63141e-11,0
F03-RastriginSep,PSO,0,43,1221.09,1
F03-RastriginSep,PSO,0,44,1070.53,1
F03-RastriginSep,Crowding-DE,0,15,0.0824818,0
F03-RastriginSep,Crowding-DE,0,16,1040.26,1
F03-RastriginSep,Crowding-DE,0,17,908.023,1
F03-RastriginSep,Crowding-DE,0,18,986.595,1
F03-RastriginSep,Crowding-DE,0,19,0.0117976,0
F03-RastriginSep,Crowding-DE,0,20,1024.76,1
F03-RastriginSep,Crowding-DE,0,21,0.00400559,0
F03-RastriginSep,Crowding-DE,0,22,0.0824818,0
F03-RastriginSep,Crowding-DE,0,23,0.0824818,0
F03-RastriginSep,Crowding-DE,0,24,928.299,1
F03-RastriginSep,Crowding-DE,0,25,999.071,1
F03-RastriginSep,Crowding-DE,0,26,981.201,1
F03-RastriginSep,Crowding-DE,0,27,0.0824818,0
F03-RastriginSep,Crowding-DE,0,28,0.0824818,0
F03-RastriginSep,Crowding-DE,0,29,0.0824818,0
F03-RastriginSep,Crowding-DE,0,30,0.0824818,0
F03-RastriginSep,Crowding-DE,0,31,0.0824818,0
F03-RastriginSep,Crowding-DE,0,32,912.879,1
F03-RastriginSep,Crowding-DE,0,33,0.0824818,0
F03-RastriginSep,Crowding-DE,0,34,0.0824818,0
F03-RastriginSep,Crowding-DE,0,35,0.0824818,0
F03-RastriginSep,Crowding-DE,0,36,0.0824818,0
F03-RastriginSep,Crowding-DE,0,37,0.0824818,0
F03-RastriginSep,Crowding-DE,0,38,0.0824818,0
F03-RastriginSep,Crowding-DE,0,39,991.769,1
F03-RastriginSep,Crowding-DE,0,40,902.876,1
F03-RastriginSep,Crowding-DE,0,41,0.0824818,0
F03-RastriginSep,Crowding-DE,0,42,0.0824818,0
F03-RastriginSep,Crowding-DE,0,43,1109.89,1
F03-RastriginSep,Crowding-DE,0,44,1016.29,1
F03-RastriginSep,MAP-Elites,0,15,0.698622,0
F03-RastriginSep,MAP-Elites,0,16,1121.98,1
F03-RastriginSep,MAP-Elites,0,17,902.236,1
F03-RastriginSep,MAP-Elites,0,18,962.32,1
F03-RastriginSep,MAP-Elites,0,19,1.10009,0
F03-RastriginSep,MAP-Elites,0,20,1100.04,1
F03-RastriginSep,MAP-Elites,0,21,922.676,1
F03-RastriginSep,MAP-Elites,0,22,0.698622,0
F03-RastriginSep,MAP-Elites,0,23,0.698622,0
F03-RastriginSep,MAP-Elites,0,24,1012,1
F03-RastriginSep,MAP-Elites,0,25,1050.53,1
F03-RastriginSep,MAP-Elites,0,26,1062.32,1
F03-RastriginSep,MAP-Elites,0,27,3.87279,0
F03-RastriginSep,MAP-Elites,0,28,0.698622,0
F03-RastriginSep,MAP-Elites,0,29,0.698622,0
F03-RastriginSep,MAP-Elites,0,30,0.698622,0
F03-RastriginSep,MAP-Elites,0,31,0.698622,0
F03-RastriginSep,MAP-Elites,0,32,988.83,1
F03-RastriginSep,MAP-Elites,0,33,0.698622,0
F03-RastriginSep,MAP-Elites,0,34,0.698622,0
F03-RastriginSep,MAP-Elites,0,35,0.698622,0
F03-RastriginSep,MAP-Elites,0,36,0.698622,0
F03-RastriginSep,MAP-Elites,0,37,0.698622,0
F03-RastriginSep,MAP-Elites,0,38,0.698622,0
F03-RastriginSep,MAP-Elites,0,39,1061.57,1
F03-RastriginSep,MAP-Elites,0,40,985.963,1
F03-RastriginSep,MAP-Elites,0,41,0.698622,0
F03-RastriginSep,MAP-Elites,0,42,0.698622,0
F03-RastriginSep,MAP-Elites,0,43,1165.19,1
F03-RastriginSep,MAP-Elites,0,44,1045.09,1
F03-RastriginSep,MC-ESO-crowd,0,15,3.4505e-06,0
F03-RastriginSep,MC-ESO-crowd,0,16,1039.26,1
F03-RastriginSep,MC-ESO-crowd,0,17,907.478,1
F03-RastriginSep,MC-ESO-crowd,0,18,986.828,1
F03-RastriginSep,MC-ESO-crowd,0,19,0.707952,0
F03-RastriginSep,MC-ESO-crowd,0,20,1024.4,1
F03-RastriginSep,MC-ESO-crowd,0,21,0.751079,0
F03-RastriginSep,MC-ESO-crowd,0,22,3.4505e-06,0
F03-RastriginSep,MC-ESO-crowd,0,23,3.4505e-06,0
F03-RastriginSep,MC-ESO-crowd,0,24,926.586,1
F03-RastriginSep,MC-ESO-crowd,0,25,1000.14,1
F03-RastriginSep,MC-ESO-crowd,0,26,980.276,1
F03-RastriginSep,MC-ESO-crowd,0,27,3.4505e-06,0
F03-RastriginSep,MC-ESO-crowd,0,28,3.4505e-06,0
F03-RastriginSep,MC-ESO-crowd,0,29,3.4505e-06,0
F03-RastriginSep,MC-ESO-crowd,0,30,3.4505e-06,0
F03-RastriginSep,MC-ESO-crowd,0,31,3.4505e-06,0
F03-RastriginSep,MC-ESO-crowd,0,32,910.653,1
F03-RastriginSep,MC-ESO-crowd,0,33,3.4505e-06,0
F03-RastriginSep,MC-ESO-crowd,0,34,3.4505e-06,0
F03-RastriginSep,MC-ESO-crowd,0,35,3.4505e-06,0
F03-RastriginSep,MC-ESO-crowd,0,36,3.4505e-06,0
F03-RastriginSep,MC-ESO-crowd,0,37,3.4505e-06,0
F03-RastriginSep,MC-ESO-crowd,0,38,3.4505e-06,0
F03-RastriginSep,MC-ESO-crowd,0,39,991.806,1
F03-RastriginSep,MC-ESO-crowd,0,40,901.041,1
F03-RastriginSep,MC-ESO-crowd,0,41,3.4505e-06,0
F03-RastriginSep,MC-ESO-crowd,0,42,3.4505e-06,0
F03-RastriginSep,MC-ESO-crowd,0,43,1110.77,1
F03-RastriginSep,MC-ESO-crowd,0,44,1018.34,1
F03-RastriginSep,quality,0,15,9.09495e-13,0
F03-RastriginSep,quality,0,16,1123.95,1
F03-RastriginSep,quality,0,17,924.015,1
F03-RastriginSep,quality,0,18,960.076,1
F03-RastriginSep,quality,0,19,0,0
F03-RastriginSep,quality,0,20,1101.26,1
F03-RastriginSep,quality,0,21,944.559,1
F03-RastriginSep,quality,0,22,9.09495e-13,0
F03-RastriginSep,quality,0,23,9.09495e-13,0
F03-RastriginSep,quality,0,24,1013.74,1
F03-RastriginSep,quality,0,25,1049.67,1
F03-RastriginSep,quality,0,26,1064.2,1
F03-RastriginSep,quality,0,27,9.09495e-13,0
F03-RastriginSep,quality,0,28,9.09495e-13,0
F03-RastriginSep,quality,0,29,9.09495e-13,0
F03-RastriginSep,quality,0,30,9.09495e-13,0
F03-RastriginSep,quality,0,31,9.09495e-13,0
F03-RastriginSep,quality,0,32,979.325,1
F03-RastriginSep,quality,0,33,9.09495e-13,0
F03-RastriginSep,quality,0,34,9.09495e-13,0
F03-RastriginSep,quality,0,35,9.09495e-13,0
F03-RastriginSep,quality,0,36,9.09495e-13,0
F03-RastriginSep,quality,0,37,9.09495e-13,0
F03-RastriginSep,quality,0,38,9.09495e-13,0
F03-RastriginSep,quality,0,39,1062.26,1
F03-RastriginSep,quality,0,40,985.635,1
F03-RastriginSep,quality,0,41,9.09495e-13,0
F03-RastriginSep,quality,0,42,9.09495e-13,0
F03-RastriginSep,quality,0,43,1164.63,1
F03-RastriginSep,quality,0,44,1042.54,1
F03-RastriginSep,complement,0,15,9.09495e-13,0
F03-RastriginSep,complement,0,16,0,0
F03-RastriginSep,complement,0,17,0,0
F03-RastriginSep,complement,0,18,15.9178,0
F03-RastriginSep,complement,0,19,2.98487,0
F03-RastriginSep,complement,0,20,0,0
F03-RastriginSep,complement,0,21,0,0
F03-RastriginSep,complement,0,22,9.09495e-13,0
F03-RastriginSep,complement,0,23,9.09495e-13,0
F03-RastriginSep,complement,0,24,7.9596,0
F03-RastriginSep,complement,0,25,0,0
F03-RastriginSep,complement,0,26,6.96464,0
F03-RastriginSep,complement,0,27,9.09495e-13,0
F03-RastriginSep,complement,0,28,9.09495e-13,0
F03-RastriginSep,complement,0,29,9.09495e-13,0
F03-RastriginSep,complement,0,30,9.09495e-13,0
F03-RastriginSep,complement,0,31,9.09495e-13,0
F03-RastriginSep,complement,0,32,8.95454,0
F03-RastriginSep,complement,0,33,9.09495e-13,0
F03-RastriginSep,complement,0,34,9.09495e-13,0
F03-RastriginSep,complement,0,35,9.09495e-13,0
F03-RastriginSep,complement,0,36,9.09495e-13,0
F03-RastriginSep,complement,0,37,9.09495e-13,0
F03-RastriginSep,complement,0,38,9.09495e-13,0
F03-RastriginSep,complement,0,39,3.97977,0
F03-RastriginSep,complement,0,40,7.9596,0
F03-RastriginSep,complement,0,41,9.09495e-13,0
F03-RastriginSep,complement,0,42,9.09495e-13,0
F03-RastriginSep,complement,0,43,49.7457,0
F03-RastriginSep,complement,0,44,15.9178,0
F03-RastriginSep,MC-ESO,1,15,914.772,1
F03-RastriginSep,MC-ESO,1,16,0,0
F03-RastriginSep,MC-ESO,1,17,0,0
F03-RastriginSep,MC-ESO,1,18,950.235,1
F03-RastriginSep,MC-ESO,1,19,1107.65,1
F03-RastriginSep,MC-ESO,1,20,0,0
F03-RastriginSep,MC-ESO,1,21,0,0
F03-RastriginSep,MC-ESO,1,22,1039.37,1
F03-RastriginSep,MC-ESO,1,23,1077.21,1
F03-RastriginSep,MC-ESO,1,24,0,0
F03-RastriginSep,MC-ESO,1,25,1157.88,1
F03-RastriginSep,MC-ESO,1,26,0,0
F03-RastriginSep,MC-ESO,1,27,1079.35,1
F03-RastriginSep,MC-ESO,1,28,0,0
F03-RastriginSep,MC-ESO,1,29,0,0
F03-RastriginSep,MC-ESO,1,30,1027.5,1
F03-RastriginSep,MC-ESO,1,31,0,0
F03-RastriginSep,MC-ESO,1,32,941.444,1
F03-RastriginSep,MC-ESO,1,33,975.173,1
F03-RastriginSep,MC-ESO,1,34,0,0
F03-RastriginSep,MC-ESO,1,35,1067.92,1
F03-RastriginSep,MC-ESO,1,36,0,0
F03-RastriginSep,MC-ESO,1,37,0,0
F03-RastriginSep,MC-ESO,1,38,0,0
F03-RastriginSep,MC-ESO,1,39,1190.58,1
F03-RastriginSep,MC-ESO,1,40,0,0
F03-RastriginSep,MC-ESO,1,41,0,0
F03-RastriginSep,MC-ESO,1,42,0,0
F03-RastriginSep,MC-ESO,1,43,935.736,1
F03-RastriginSep,MC-ESO,1,44,0,0
F03-RastriginSep,NMMSO,1,15,0.000369626,0
F03-RastriginSep,NMMSO,1,16,7.03999e-06,0
F03-RastriginSep,NMMSO,1,17,7.03999e-06,0
F03-RastriginSep,NMMSO,1,18,0.000369626,0
F03-RastriginSep,NMMSO,1,19,929.478,1
F03-RastriginSep,NMMSO,1,20,7.03999e-06,0
F03-RastriginSep,NMMSO,1,21,7.03999e-06,0
F03-RastriginSep,NMMSO,1,22,997.692,1
F03-RastriginSep,NMMSO,1,23,921.106,1
F03-RastriginSep,NMMSO,1,24,7.03999e-06,0
F03-RastriginSep,NMMSO,1,25,1013.95,1
F03-RastriginSep,NMMSO,1,26,7.03999e-06,0
F03-RastriginSep,NMMSO,1,27,916.21,1
F03-RastriginSep,NMMSO,1,28,7.03999e-06,0
F03-RastriginSep,NMMSO,1,29,7.03999e-06,0
F03-RastriginSep,NMMSO,1,30,994.98,1
F03-RastriginSep,NMMSO,1,31,7.03999e-06,0
F03-RastriginSep,NMMSO,1,32,939.296,1
F03-RastriginSep,NMMSO,1,33,973.53,1
F03-RastriginSep,NMMSO,1,34,7.03999e-06,0
F03-RastriginSep,NMMSO,1,35,914.012,1
F03-RastriginSep,NMMSO,1,36,7.03999e-06,0
F03-RastriginSep,NMMSO,1,37,7.03999e-06,0
F03-RastriginSep,NMMSO,1,38,7.03999e-06,0
F03-RastriginSep,NMMSO,1,39,1034.52,1
F03-RastriginSep,NMMSO,1,40,7.03999e-06,0
F03-RastriginSep,NMMSO,1,41,7.03999e-06,0
F03-RastriginSep,NMMSO,1,42,7.03999e-06,0
F03-RastriginSep,NMMSO,1,43,0.000369626,0
F03-RastriginSep,NMMSO,1,44,7.03999e-06,0
F03-RastriginSep,NCDE,1,15,0.00689523,0
F03-RastriginSep,NCDE,1,16,1.34307e-05,0
F03-RastriginSep,NCDE,1,17,1.34307e-05,0
F03-RastriginSep,NCDE,1,18,0.00689523,0
F03-RastriginSep,NCDE,1,19,929.27,1
F03-RastriginSep,NCDE,1,20,1.34307e-05,0
F03-RastriginSep,NCDE,1,21,1.34307e-05,0
F03-RastriginSep,NCDE,1,22,1041.07,1
F03-RastriginSep,NCDE,1,23,920.805,1
F03-RastriginSep,NCDE,1,24,1.34307e-05,0
F03-RastriginSep,NCDE,1,25,1013.93,1
F03-RastriginSep,NCDE,1,26,1.34307e-05,0
F03-RastriginSep,NCDE,1,27,915.92,1
F03-RastriginSep,NCDE,1,28,1.34307e-05,0
F03-RastriginSep,NCDE,1,29,1.34307e-05,0
F03-RastriginSep,NCDE,1,30,1053.57,1
F03-RastriginSep,NCDE,1,31,1.34307e-05,0
F03-RastriginSep,NCDE,1,32,942.95,1
F03-RastriginSep,NCDE,1,33,976.197,1
F03-RastriginSep,NCDE,1,34,1.34307e-05,0
F03-RastriginSep,NCDE,1,35,913.708,1
F03-RastriginSep,NCDE,1,36,1.34307e-05,0
F03-RastriginSep,NCDE,1,37,1.34307e-05,0
F03-RastriginSep,NCDE,1,38,1.34307e-05,0
F03-RastriginSep,NCDE,1,39,1034.46,1
F03-RastriginSep,NCDE,1,40,1.34307e-05,0
F03-RastriginSep,NCDE,1,41,1.34307e-05,0
F03-RastriginSep,NCDE,1,42,1.34307e-05,0
F03-RastriginSep,NCDE,1,43,0.00689523,0
F03-RastriginSep,NCDE,1,44,1.34307e-05,0
F03-RastriginSep,r3pso,1,15,0.994959,0
F03-RastriginSep,r3pso,1,16,1.5541e-10,0
F03-RastriginSep,r3pso,1,17,1.5541e-10,0
F03-RastriginSep,r3pso,1,18,0.994959,0
F03-RastriginSep,r3pso,1,19,1019.08,1
F03-RastriginSep,r3pso,1,20,1.5541e-10,0
F03-RastriginSep,r3pso,1,21,1.5541e-10,0
F03-RastriginSep,r3pso,1,22,1055.93,1
F03-RastriginSep,r3pso,1,23,983.731,1
F03-RastriginSep,r3pso,1,24,1.5541e-10,0
F03-RastriginSep,r3pso,1,25,1105.33,1
F03-RastriginSep,r3pso,1,26,1.5541e-10,0
F03-RastriginSep,r3pso,1,27,984.971,1
F03-RastriginSep,r3pso,1,28,1.5541e-10,0
F03-RastriginSep,r3pso,1,29,1.5541e-10,0
F03-RastriginSep,r3pso,1,30,1053.57,1
F03-RastriginSep,r3pso,1,31,1.5541e-10,0
F03-RastriginSep,r3pso,1,32,994.718,1
F03-RastriginSep,r3pso,1,33,1028.85,1
F03-RastriginSep,r3pso,1,34,1.5541e-10,0
F03-RastriginSep,r3pso,1,35,974.826,1
F03-RastriginSep,r3pso,1,36,1.5541e-10,0
F03-RastriginSep,r3pso,1,37,1.5541e-10,0
F03-RastriginSep,r3pso,1,38,1.5541e-10,0
F03-RastriginSep,r3pso,1,39,1128.5,1
F03-RastriginSep,r3pso,1,40,1.5541e-10,0
F03-RastriginSep,r3pso,1,41,1.5541e-10,0
F03-RastriginSep,r3pso,1,42,1.5541e-10,0
F03-RastriginSep,r3pso,1,43,0.994959,0
F03-RastriginSep,r3pso,1,44,1.5541e-10,0
F03-RastriginSep,NM-Restart,1,15,48.7525,0
F03-RastriginSep,NM-Restart,1,16,7.95966,0
F03-RastriginSep,NM-Restart,1,17,7.95966,0
F03-RastriginSep,NM-Restart,1,18,48.7525,0
F03-RastriginSep,NM-Restart,1,19,39.7979,0
F03-RastriginSep,NM-Restart,1,20,49.7474,0
F03-RastriginSep,NM-Restart,1,21,7.95966,0
F03-RastriginSep,NM-Restart,1,22,179.076,0
F03-RastriginSep,NM-Restart,1,23,44.384,0
F03-RastriginSep,NM-Restart,1,24,7.95966,0
F03-RastriginSep,NM-Restart,1,25,33.8282,0
F03-RastriginSep,NM-Restart,1,26,49.7474,0
F03-RastriginSep,NM-Restart,1,27,44.384,0
F03-RastriginSep,NM-Restart,1,28,7.95966,0
F03-RastriginSep,NM-Restart,1,29,7.95966,0
F03-RastriginSep,NM-Restart,1,30,179.076,0
F03-RastriginSep,NM-Restart,1,31,49.7474,0
F03-RastriginSep,NM-Restart,1,32,0,0
F03-RastriginSep,NM-Restart,1,33,191.015,0
F03-RastriginSep,NM-Restart,1,34,7.95966,0
F03-RastriginSep,NM-Restart,1,35,44.384,0
F03-RastriginSep,NM-Restart,1,36,7.95966,0
F03-RastriginSep,NM-Restart,1,37,7.95966,0
F03-RastriginSep,NM-Restart,1,38,7.95966,0
F03-RastriginSep,NM-Restart,1,39,33.8282,0
F03-RastriginSep,NM-Restart,1,40,7.95966,0
F03-RastriginSep,NM-Restart,1,41,7.95966,0
F03-RastriginSep,NM-Restart,1,42,7.95966,0
F03-RastriginSep,NM-Restart,1,43,48.7525,0
F03-RastriginSep,NM-Restart,1,44,7.95966,0
F03-RastriginSep,IPOP-CMA-ES,1,15,0.707847,0
F03-RastriginSep,IPOP-CMA-ES,1,16,0.000475765,0
F03-RastriginSep,IPOP-CMA-ES,1,17,0.000475765,0
F03-RastriginSep,IPOP-CMA-ES,1,18,0.707847,0
F03-RastriginSep,IPOP-CMA-ES,1,19,1018.52,1
F03-RastriginSep,IPOP-CMA-ES,1,20,0.000475765,0
F03-RastriginSep,IPOP-CMA-ES,1,21,0.000475765,0
F03-RastriginSep,IPOP-CMA-ES,1,22,1046.41,1
F03-RastriginSep,IPOP-CMA-ES,1,23,999.922,1
F03-RastriginSep,IPOP-CMA-ES,1,24,0.000475765,0
F03-RastriginSep,IPOP-CMA-ES,1,25,1084.83,1
F03-RastriginSep,IPOP-CMA-ES,1,26,0.000475765,0
F03-RastriginSep,IPOP-CMA-ES,1,27,998.418,1
F03-RastriginSep,IPOP-CMA-ES,1,28,0.000475765,0
F03-RastriginSep,IPOP-CMA-ES,1,29,0.000475765,0
F03-RastriginSep,IPOP-CMA-ES,1,30,1053.39,1
F03-RastriginSep,IPOP-CMA-ES,1,31,0.000475765,0
F03-RastriginSep,IPOP-CMA-ES,1,32,994.695,1
F03-RastriginSep,IPOP-CMA-ES,1,33,1028.83,1
F03-RastriginSep,IPOP-CMA-ES,1,34,0.000475765,0
F03-RastriginSep,IPOP-CMA-ES,1,35,991.763,1
F03-RastriginSep,IPOP-CMA-ES,1,36,0.000475765,0
F03-RastriginSep,IPOP-CMA-ES,1,37,0.000475765,0
F03-RastriginSep,IPOP-CMA-ES,1,38,0.000475765,0
F03-RastriginSep,IPOP-CMA-ES,1,39,1111.67,1
F03-RastriginSep,IPOP-CMA-ES,1,40,0.000475765,0
F03-RastriginSep,IPOP-CMA-ES,1,41,0.000475765,0
F03-RastriginSep,IPOP-CMA-ES,1,42,0.000475765,0
F03-RastriginSep,IPOP-CMA-ES,1,43,0.707847,0
F03-RastriginSep,IPOP-CMA-ES,1,44,0.000475765,0
F03-RastriginSep,DE,1,15,914.772,1
F03-RastriginSep,DE,1,16,0,0
F03-RastriginSep,DE,1,17,0,0
F03-RastriginSep,DE,1,18,950.235,1
F03-RastriginSep,DE,1,19,1107.65,1
F03-RastriginSep,DE,1,20,0,0
F03-RastriginSep,DE,1,21,0,0
F03-RastriginSep,DE,1,22,1055.93,1
F03-RastriginSep,DE,1,23,1077.21,1
F03-RastriginSep,DE,1,24,0,0
F03-RastriginSep,DE,1,25,1157.88,1
F03-RastriginSep,DE,1,26,0,0
F03-RastriginSep,DE,1,27,1079.35,1
F03-RastriginSep,DE,1,28,0,0
F03-RastriginSep,DE,1,29,0,0
F03-RastriginSep,DE,1,30,1053.57,1
F03-RastriginSep,DE,1,31,0,0
F03-RastriginSep,DE,1,32,994.718,1
F03-RastriginSep,DE,1,33,1028.85,1
F03-RastriginSep,DE,1,34,0,0
F03-RastriginSep,DE,1,35,1067.92,1
F03-RastriginSep,DE,1,36,0,0
F03-RastriginSep,DE,1,37,0,0
F03-RastriginSep,DE,1,38,0,0
F03-RastriginSep,DE,1,39,1190.58,1
F03-RastriginSep,DE,1,40,0,0
F03-RastriginSep,DE,1,41,0,0
F03-RastriginSep,DE,1,42,0,0
F03-RastriginSep,DE,1,43,935.736,1
F03-RastriginSep,DE,1,44,0,0
F03-RastriginSep,PSO,1,15,914.772,1
F03-RastriginSep,PSO,1,16,1.68427e-10,0
F03-RastriginSep,PSO,1,17,1.68427e-10,0
F03-RastriginSep,PSO,1,18,950.234,1
F03-RastriginSep,PSO,1,19,1107.65,1
F03-RastriginSep,PSO,1,20,1.68427e-10,0
F03-RastriginSep,PSO,1,21,1.68427e-10,0
F03-RastriginSep,PSO,1,22,1055.93,1
F03-RastriginSep,PSO,1,23,1077.21,1
F03-RastriginSep,PSO,1,24,1.68427e-10,0
F03-RastriginSep,PSO,1,25,1157.88,1
F03-RastriginSep,PSO,1,26,1.68427e-10,0
F03-RastriginSep,PSO,1,27,1079.35,1
F03-RastriginSep,PSO,1,28,1.68427e-10,0
F03-RastriginSep,PSO,1,29,1.68427e-10,0
F03-RastriginSep,PSO,1,30,1053.57,1
F03-RastriginSep,PSO,1,31,1.68427e-10,0
F03-RastriginSep,PSO,1,32,973.988,1
F03-RastriginSep,PSO,1,33,1007.69,1
F03-RastriginSep,PSO,1,34,1.68427e-10,0
F03-RastriginSep,PSO,1,35,1067.92,1
F03-RastriginSep,PSO,1,36,1.68427e-10,0
F03-RastriginSep,PSO,1,37,1.68427e-10,0
F03-RastriginSep,PSO,1,38,1.68427e-10,0
F03-RastriginSep,PSO,1,39,1190.58,1
F03-RastriginSep,PSO,1,40,1.68427e-10,0
F03-RastriginSep,PSO,1,41,1.68427e-10,0
F03-RastriginSep,PSO,1,42,1.68427e-10,0
F03-RastriginSep,PSO,1,43,935.736,1
F03-RastriginSep,PSO,1,44,1.68427e-10,0
F03-RastriginSep,Crowding-DE,1,15,0.21168,0
F03-RastriginSep,Crowding-DE,1,16,0.0147739,0
F03-RastriginSep,Crowding-DE,1,17,0.0147739,0
F03-RastriginSep,Crowding-DE,1,18,0.21168,0
F03-RastriginSep,Crowding-DE,1,19,1016.76,1
F03-RastriginSep,Crowding-DE,1,20,0.0147739,0
F03-RastriginSep,Crowding-DE,1,21,0.0147739,0
F03-RastriginSep,Crowding-DE,1,22,998.661,1
F03-RastriginSep,Crowding-DE,1,23,997.191,1
F03-RastriginSep,Crowding-DE,1,24,0.0147739,0
F03-RastriginSep,Crowding-DE,1,25,1084.64,1
F03-RastriginSep,Crowding-DE,1,26,0.0147739,0
F03-RastriginSep,Crowding-DE,1,27,995.821,1
F03-RastriginSep,Crowding-DE,1,28,0.0147739,0
F03-RastriginSep,Crowding-DE,1,29,0.0147739,0
F03-RastriginSep,Crowding-DE,1,30,996.05,1
F03-RastriginSep,Crowding-DE,1,31,0.0147739,0
F03-RastriginSep,Crowding-DE,1,32,940.612,1
F03-RastriginSep,Crowding-DE,1,33,974.85,1
F03-RastriginSep,Crowding-DE,1,34,0.0147739,0
F03-RastriginSep,Crowding-DE,1,35,988.998,1
F03-RastriginSep,Crowding-DE,1,36,0.0147739,0
F03-RastriginSep,Crowding-DE,1,37,0.0147739,0
F03-RastriginSep,Crowding-DE,1,38,0.0147739,0
F03-RastriginSep,Crowding-DE,1,39,1111.15,1
F03-RastriginSep,Crowding-DE,1,40,0.0147739,0
F03-RastriginSep,Crowding-DE,1,41,0.0147739,0
F03-RastriginSep,Crowding-DE,1,42,0.0147739,0
F03-RastriginSep,Crowding-DE,1,43,0.21168,0
F03-RastriginSep,Crowding-DE,1,44,0.0147739,0
F03-RastriginSep,MAP-Elites,1,15,1.34759,0
F03-RastriginSep,MAP-Elites,1,16,2.25046,0
F03-RastriginSep,MAP-Elites,1,17,2.25046,0
F03-RastriginSep,MAP-Elites,1,18,1.34759,0
F03-RastriginSep,MAP-Elites,1,19,1017.14,1
F03-RastriginSep,MAP-Elites,1,20,2.25046,0
F03-RastriginSep,MAP-Elites,1,21,2.25046,0
F03-RastriginSep,MAP-Elites,1,22,1020.09,1
F03-RastriginSep,MAP-Elites,1,23,983.741,1
F03-RastriginSep,MAP-Elites,1,24,2.25046,0
F03-RastriginSep,MAP-Elites,1,25,1068.27,1
F03-RastriginSep,MAP-Elites,1,26,2.25046,0
F03-RastriginSep,MAP-Elites,1,27,984.661,1
F03-RastriginSep,MAP-Elites,1,28,2.25046,0
F03-RastriginSep,MAP-Elites,1,29,2.25046,0
F03-RastriginSep,MAP-Elites,1,30,1027.11,1
F03-RastriginSep,MAP-Elites,1,31,2.25046,0
F03-RastriginSep,MAP-Elites,1,32,970.258,1
F03-RastriginSep,MAP-Elites,1,33,1004.4,1
F03-RastriginSep,MAP-Elites,1,34,2.25046,0
F03-RastriginSep,MAP-Elites,1,35,974.928,1
F03-RastriginSep,MAP-Elites,1,36,2.25046,0
F03-RastriginSep,MAP-Elites,1,37,2.25046,0
F03-RastriginSep,MAP-Elites,1,38,2.25046,0
F03-RastriginSep,MAP-Elites,1,39,1097.84,1
F03-RastriginSep,MAP-Elites,1,40,2.25046,0
F03-RastriginSep,MAP-Elites,1,41,2.25046,0
F03-RastriginSep,MAP-Elites,1,42,2.25046,0
F03-RastriginSep,MAP-Elites,1,43,1.34759,0
F03-RastriginSep,MAP-Elites,1,44,2.25046,0
F03-RastriginSep,MC-ESO-crowd,1,15,0.0508023,0
F03-RastriginSep,MC-ESO-crowd,1,16,0.000616728,0
F03-RastriginSep,MC-ESO-crowd,1,17,0.000616728,0
F03-RastriginSep,MC-ESO-crowd,1,18,0.0508023,0
F03-RastriginSep,MC-ESO-crowd,1,19,933.518,1
F03-RastriginSep,MC-ESO-crowd,1,20,0.000616728,0
F03-RastriginSep,MC-ESO-crowd,1,21,0.000616728,0
F03-RastriginSep,MC-ESO-crowd,1,22,989.749,1
F03-RastriginSep,MC-ESO-crowd,1,23,0,0
F03-RastriginSep,MC-ESO-crowd,1,24,0.000616728,0
F03-RastriginSep,MC-ESO-crowd,1,25,1036.25,1
F03-RastriginSep,MC-ESO-crowd,1,26,0.000616728,0
F03-RastriginSep,MC-ESO-crowd,1,27,0,0
F03-RastriginSep,MC-ESO-crowd,1,28,0.000616728,0
F03-RastriginSep,MC-ESO-crowd,1,29,0.000616728,0
F03-RastriginSep,MC-ESO-crowd,1,30,996.091,1
F03-RastriginSep,MC-ESO-crowd,1,31,0.000616728,0
F03-RastriginSep,MC-ESO-crowd,1,32,968.172,1
F03-RastriginSep,MC-ESO-crowd,1,33,1002.84,1
F03-RastriginSep,MC-ESO-crowd,1,34,0.000616728,0
F03-RastriginSep,MC-ESO-crowd,1,35,0,0
F03-RastriginSep,MC-ESO-crowd,1,36,0.000616728,0
F03-RastriginSep,MC-ESO-crowd,1,37,0.000616728,0
F03-RastriginSep,MC-ESO-crowd,1,38,0.000616728,0
F03-RastriginSep,MC-ESO-crowd,1,39,1053.54,1
F03-RastriginSep,MC-ESO-crowd,1,40,0.000616728,0
F03-RastriginSep,MC-ESO-crowd,1,41,0.000616728,0
F03-RastriginSep,MC-ESO-crowd,1,42,0.000616728,0
F03-RastriginSep,MC-ESO-crowd,1,43,0.0508023,0
F03-RastriginSep,MC-ESO-crowd,1,44,0.000616728,0
F03-RastriginSep,quality,1,15,0,0
F03-RastriginSep,quality,1,16,0.994959,0
F03-RastriginSep,quality,1,17,0.994959,0
F03-RastriginSep,quality,1,18,0,0
F03-RastriginSep,quality,1,19,1017.86,1
F03-RastriginSep,quality,1,20,0.994959,0
F03-RastriginSep,quality,1,21,0.994959,0
F03-RastriginSep,quality,1,22,1039.37,1
F03-RastriginSep,quality,1,23,975.383,1
F03-RastriginSep,quality,1,24,0.994959,0
F03-RastriginSep,quality,1,25,1085.15,1
F03-RastriginSep,quality,1,26,0.994959,0
F03-RastriginSep,quality,1,27,978.506,1
F03-RastriginSep,quality,1,28,0.994959,0
F03-RastriginSep,quality,1,29,0.994959,0
F03-RastriginSep,quality,1,30,1027.5,1
F03-RastriginSep,quality,1,31,0.994959,0
F03-RastriginSep,quality,1,32,941.446,1
F03-RastriginSep,quality,1,33,975.175,1
F03-RastriginSep,quality,1,34,0.994959,0
F03-RastriginSep,quality,1,35,965.965,1
F03-RastriginSep,quality,1,36,0.994959,0
F03-RastriginSep,quality,1,37,0.994959,0
F03-RastriginSep,quality,1,38,0.994959,0
F03-RastriginSep,quality,1,39,1111.81,1
F03-RastriginSep,quality,1,40,0.994959,0
F03-RastriginSep,quality,1,41,0.994959,0
F03-RastriginSep,quality,1,42,0.994959,0
F03-RastriginSep,quality,1,43,0,0
F03-RastriginSep,quality,1,44,0.994959,0
F03-RastriginSep,complement,1,15,0,0
F03-RastriginSep,complement,1,16,0.994959,0
F03-RastriginSep,complement,1,17,0.994959,0
F03-RastriginSep,complement,1,18,0,0
F03-RastriginSep,complement,1,19,23.8788,0
F03-RastriginSep,complement,1,20,0.994959,0
F03-RastriginSep,complement,1,21,0.994959,0
F03-RastriginSep,complement,1,22,168.127,0
F03-RastriginSep,complement,1,23,28.4648,0
F03-RastriginSep,complement,1,24,52.7318,0
F03-RastriginSep,complement,1,25,17.9091,0
F03-RastriginSep,complement,1,26,0.994959,0
F03-RastriginSep,complement,1,27,28.4648,0
F03-RastriginSep,complement,1,28,0.994959,0
F03-RastriginSep,complement,1,29,0.994959,0
F03-RastriginSep,complement,1,30,168.127,0
F03-RastriginSep,complement,1,31,0.994959,0
F03-RastriginSep,complement,1,32,44.7722,0
F03-RastriginSep,complement,1,33,0,0
F03-RastriginSep,complement,1,34,0.994959,0
F03-RastriginSep,complement,1,35,28.4648,0
F03-RastriginSep,complement,1,36,0.994959,0
F03-RastriginSep,complement,1,37,0.994959,0
F03-RastriginSep,complement,1,38,0.994959,0
F03-RastriginSep,complement,1,39,17.9091,0
F03-RastriginSep,complement,1,40,0.994959,0
F03-RastriginSep,complement,1,41,0.994959,0
F03-RastriginSep,complement,1,42,0.994959,0
F03-RastriginSep,complement,1,43,0,0
F03-RastriginSep,complement,1,44,0.994959,0
F03-RastriginSep,MC-ESO,2,15,559.137,1
F03-RastriginSep,MC-ESO,2,16,579.154,1
F03-RastriginSep,MC-ESO,2,17,0,0
F03-RastriginSep,MC-ESO,2,18,0,0
F03-RastriginSep,MC-ESO,2,19,0,0
F03-RastriginSep,MC-ESO,2,20,0,0
F03-RastriginSep,MC-ESO,2,21,642.832,1
F03-RastriginSep,MC-ESO,2,22,689.215,1
F03-RastriginSep,MC-ESO,2,23,703.97,1
F03-RastriginSep,MC-ESO,2,24,630.657,1
F03-RastriginSep,MC-ESO,2,25,602.991,1
F03-RastriginSep,MC-ESO,2,26,698.812,1
F03-RastriginSep,MC-ESO,2,27,609.796,1
F03-RastriginSep,MC-ESO,2,28,0,0
F03-RastriginSep,MC-ESO,2,29,550.447,1
F03-RastriginSep,MC-ESO,2,30,0,0
F03-RastriginSep,MC-ESO,2,31,0,0
F03-RastriginSep,MC-ESO,2,32,0,0
F03-RastriginSep,MC-ESO,2,33,0,0
F03-RastriginSep,MC-ESO,2,34,614.008,1
F03-RastriginSep,MC-ESO,2,35,0,0
F03-RastriginSep,MC-ESO,2,36,692.543,1
F03-RastriginSep,MC-ESO,2,37,0,0
F03-RastriginSep,MC-ESO,2,38,0,0
F03-RastriginSep,MC-ESO,2,39,663.985,1
F03-RastriginSep,MC-ESO,2,40,707.825,1
F03-RastriginSep,MC-ESO,2,41,0,0
F03-RastriginSep,MC-ESO,2,42,694.92,1
F03-RastriginSep,MC-ESO,2,43,601.536,1
F03-RastriginSep,MC-ESO,2,44,0,0
F03-RastriginSep,NMMSO,2,15,1.14654e-06,0
F03-RastriginSep,NMMSO,2,16,547.213,1
F03-RastriginSep,NMMSO,2,17,6.63442e-09,0
F03-RastriginSep,NMMSO,2,18,6.63442e-09,0
F03-RastriginSep,NMMSO,2,19,6.63442e-09,0
F03-RastriginSep,NMMSO,2,20,6.63442e-09,0
F03-RastriginSep,NMMSO,2,21,592.791,1
F03-RastriginSep,NMMSO,2,22,651.504,1
F03-RastriginSep,NMMSO,2,23,656.544,1
F03-RastriginSep,NMMSO,2,24,602.513,1
F03-RastriginSep,NMMSO,2,25,571.921,1
F03-RastriginSep,NMMSO,2,26,649.539,1
F03-RastriginSep,NMMSO,2,27,564.677,1
F03-RastriginSep,NMMSO,2,28,6.63442e-09,0
F03-RastriginSep,NMMSO,2,29,520.055,1
F03-RastriginSep,NMMSO,2,30,6.63442e-09,0
F03-RastriginSep,NMMSO,2,31,6.63442e-09,0
F03-RastriginSep,NMMSO,2,32,6.63442e-09,0
F03-RastriginSep,NMMSO,2,33,6.63442e-09,0
F03-RastriginSep,NMMSO,2,34,582.956,1
F03-RastriginSep,NMMSO,2,35,6.63442e-09,0
F03-RastriginSep,NMMSO,2,36,643.305,1
F03-RastriginSep,NMMSO,2,37,6.63442e-09,0
F03-RastriginSep,NMMSO,2,38,6.63442e-09,0
F03-RastriginSep,NMMSO,2,39,612.49,1
F03-RastriginSep,NMMSO,2,40,669.699,1
F03-RastriginSep,NMMSO,2,41,6.63442e-09,0
F03-RastriginSep,NMMSO,2,42,643.669,1
F03-RastriginSep,NMMSO,2,43,569.712,1
F03-RastriginSep,NMMSO,2,44,6.63442e-09,0
F03-RastriginSep,NCDE,2,15,0.250795,0
F03-RastriginSep,NCDE,2,16,547.269,1
F03-RastriginSep,NCDE,2,17,0.0793135,0
F03-RastriginSep,NCDE,2,18,0.0793135,0
F03-RastriginSep,NCDE,2,19,0.0793135,0
F03-RastriginSep,NCDE,2,20,0.0793135,0
F03-RastriginSep,NCDE,2,21,545.565,1
F03-RastriginSep,NCDE,2,22,616.685,1
F03-RastriginSep,NCDE,2,23,611.973,1
F03-RastriginSep,NCDE,2,24,586.81,1
F03-RastriginSep,NCDE,2,25,572.047,1
F03-RastriginSep,NCDE,2,26,603.095,1
F03-RastriginSep,NCDE,2,27,0.248643,0
F03-RastriginSep,NCDE,2,28,0.0793135,0
F03-RastriginSep,NCDE,2,29,520.052,1
F03-RastriginSep,NCDE,2,30,0.0793135,0
F03-RastriginSep,NCDE,2,31,0.0793135,0
F03-RastriginSep,NCDE,2,32,0.0793135,0
F03-RastriginSep,NCDE,2,33,0.0793135,0
F03-RastriginSep,NCDE,2,34,583.083,1
F03-RastriginSep,NCDE,2,35,0.0793135,0
F03-RastriginSep,NCDE,2,36,596.898,1
F03-RastriginSep,NCDE,2,37,0.0793135,0
F03-RastriginSep,NCDE,2,38,0.0793135,0
F03-RastriginSep,NCDE,2,39,563.742,1
F03-RastriginSep,NCDE,2,40,634.466,1
F03-RastriginSep,NCDE,2,41,0.0793135,0
F03-RastriginSep,NCDE,2,42,595.187,1
F03-RastriginSep,NCDE,2,43,569.78,1
F03-RastriginSep,NCDE,2,44,0.0793135,0
F03-RastriginSep,r3pso,2,15,0.995478,0
F03-RastriginSep,r3pso,2,16,579.154,1
F03-RastriginSep,r3pso,2,17,3.5925e-11,0
F03-RastriginSep,r3pso,2,18,3.5925e-11,0
F03-RastriginSep,r3pso,2,19,3.5925e-11,0
F03-RastriginSep,r3pso,2,20,3.5925e-11,0
F03-RastriginSep,r3pso,2,21,598.423,1
F03-RastriginSep,r3pso,2,22,665.41,1
F03-RastriginSep,r3pso,2,23,665.004,1
F03-RastriginSep,r3pso,2,24,625.184,1
F03-RastriginSep,r3pso,2,25,602.991,1
F03-RastriginSep,r3pso,2,26,656.168,1
F03-RastriginSep,r3pso,2,27,556.567,1
F03-RastriginSep,r3pso,2,28,3.5925e-11,0
F03-RastriginSep,r3pso,2,29,550.447,1
F03-RastriginSep,r3pso,2,30,3.5925e-11,0
F03-RastriginSep,r3pso,2,31,3.5925e-11,0
F03-RastriginSep,r3pso,2,32,3.5925e-11,0
F03-RastriginSep,r3pso,2,33,3.5925e-11,0
F03-RastriginSep,r3pso,2,34,614.008,1
F03-RastriginSep,r3pso,2,35,3.5925e-11,0
F03-RastriginSep,r3pso,2,36,649.976,1
F03-RastriginSep,r3pso,2,37,3.5925e-11,0
F03-RastriginSep,r3pso,2,38,3.5925e-11,0
F03-RastriginSep,r3pso,2,39,614.705,1
F03-RastriginSep,r3pso,2,40,683.441,1
F03-RastriginSep,r3pso,2,41,3.5925e-11,0
F03-RastriginSep,r3pso,2,42,646.884,1
F03-RastriginSep,r3pso,2,43,601.536,1
F03-RastriginSep,r3pso,2,44,3.5925e-11,0
F03-RastriginSep,NM-Restart,2,15,2.98487,0
F03-RastriginSep,NM-Restart,2,16,537.206,1
F03-RastriginSep,NM-Restart,2,17,3.97983,0
F03-RastriginSep,NM-Restart,2,18,3.97983,0
F03-RastriginSep,NM-Restart,2,19,3.97983,0
F03-RastriginSep,NM-Restart,2,20,3.97983,0
F03-RastriginSep,NM-Restart,2,21,0.994959,0
F03-RastriginSep,NM-Restart,2,22,564.235,1
F03-RastriginSep,NM-Restart,2,23,534.68,1
F03-RastriginSep,NM-Restart,2,24,557.651,1
F03-RastriginSep,NM-Restart,2,25,549.073,1
F03-RastriginSep,NM-Restart,2,26,0,0
F03-RastriginSep,NM-Restart,2,27,0,0
F03-RastriginSep,NM-Restart,2,28,3.97983,0
F03-RastriginSep,NM-Restart,2,29,559.399,1
F03-RastriginSep,NM-Restart,2,30,3.97983,0
F03-RastriginSep,NM-Restart,2,31,3.97983,0
F03-RastriginSep,NM-Restart,2,32,3.97983,0
F03-RastriginSep,NM-Restart,2,33,3.97983,0
F03-RastriginSep,NM-Restart,2,34,559.908,1
F03-RastriginSep,NM-Restart,2,35,551.741,1
F03-RastriginSep,NM-Restart,2,36,0,0
F03-RastriginSep,NM-Restart,2,37,3.97983,0
F03-RastriginSep,NM-Restart,2,38,591.323,1
F03-RastriginSep,NM-Restart,2,39,0.994959,0
F03-RastriginSep,NM-Restart,2,40,581.022,1
F03-RastriginSep,NM-Restart,2,41,3.97983,0
F03-RastriginSep,NM-Restart,2,42,0,0
F03-RastriginSep,NM-Restart,2,43,557.37,1
F03-RastriginSep,NM-Restart,2,44,3.97983,0
F03-RastriginSep,IPOP-CMA-ES,2,15,2.98487,0
F03-RastriginSep,IPOP-CMA-ES,2,16,569.147,1
F03-RastriginSep,IPOP-CMA-ES,2,17,0,0
F03-RastriginSep,IPOP-CMA-ES,2,18,0,0
F03-RastriginSep,IPOP-CMA-ES,2,19,0,0
F03-RastriginSep,IPOP-CMA-ES,2,20,0,0
F03-RastriginSep,IPOP-CMA-ES,2,21,544.422,1
F03-RastriginSep,IPOP-CMA-ES,2,22,615.541,1
F03-RastriginSep,IPOP-CMA-ES,2,23,610.805,1
F03-RastriginSep,IPOP-CMA-ES,2,24,585.796,1
F03-RastriginSep,IPOP-CMA-ES,2,25,580.143,1
F03-RastriginSep,IPOP-CMA-ES,2,26,601.941,1
F03-RastriginSep,IPOP-CMA-ES,2,27,0,0
F03-RastriginSep,IPOP-CMA-ES,2,28,0,0
F03-RastriginSep,IPOP-CMA-ES,2,29,520.138,1
F03-RastriginSep,IPOP-CMA-ES,2,30,0,0
F03-RastriginSep,IPOP-CMA-ES,2,31,0,0
F03-RastriginSep,IPOP-CMA-ES,2,32,0,0
F03-RastriginSep,IPOP-CMA-ES,2,33,0,0
F03-RastriginSep,IPOP-CMA-ES,2,34,590.96,1
F03-RastriginSep,IPOP-CMA-ES,2,35,0,0
F03-RastriginSep,IPOP-CMA-ES,2,36,595.743,1
F03-RastriginSep,IPOP-CMA-ES,2,37,0,0
F03-RastriginSep,IPOP-CMA-ES,2,38,0,0
F03-RastriginSep,IPOP-CMA-ES,2,39,562.655,1
F03-RastriginSep,IPOP-CMA-ES,2,40,633.32,1
F03-RastriginSep,IPOP-CMA-ES,2,41,0,0
F03-RastriginSep,IPOP-CMA-ES,2,42,594.081,1
F03-RastriginSep,IPOP-CMA-ES,2,43,589.195,1
F03-RastriginSep,IPOP-CMA-ES,2,44,0,0
F03-RastriginSep,DE,2,15,559.137,1
F03-RastriginSep,DE,2,16,579.154,1
F03-RastriginSep,DE,2,17,0,0
F03-RastriginSep,DE,2,18,0,0
F03-RastriginSep,DE,2,19,0,0
F03-RastriginSep,DE,2,20,0,0
F03-RastriginSep,DE,2,21,642.832,1
F03-RastriginSep,DE,2,22,689.215,1
F03-RastriginSep,DE,2,23,703.97,1
F03-RastriginSep,DE,2,24,630.657,1
F03-RastriginSep,DE,2,25,602.991,1
F03-RastriginSep,DE,2,26,698.812,1
F03-RastriginSep,DE,2,27,609.796,1
F03-RastriginSep,DE,2,28,0,0
F03-RastriginSep,DE,2,29,550.447,1
F03-RastriginSep,DE,2,30,0,0
F03-RastriginSep,DE,2,31,0,0
F03-RastriginSep,DE,2,32,0,0
F03-RastriginSep,DE,2,33,0,0
F03-RastriginSep,DE,2,34,614.008,1
F03-RastriginSep,DE,2,35,0,0
F03-RastriginSep,DE,2,36,692.543,1
F03-RastriginSep,DE,2,37,0,0
F03-RastriginSep,DE,2,38,0,0
F03-RastriginSep,DE,2,39,663.985,1
F03-RastriginSep,DE,2,40,707.825,1
F03-RastriginSep,DE,2,41,0,0
F03-RastriginSep,DE,2,42,694.92,1
F03-RastriginSep,DE,2,43,601.536,1
F03-RastriginSep,DE,2,44,0,0
F03-RastriginSep,PSO,2,15,559.137,1
F03-RastriginSep,PSO,2,16,579.154,1
F03-RastriginSep,PSO,2,17,1.13687e-13,0
F03-RastriginSep,PSO,2,18,1.13687e-13,0
F03-RastriginSep,PSO,2,19,1.13687e-13,0
F03-RastriginSep,PSO,2,20,1.13687e-13,0
F03-RastriginSep,PSO,2,21,642.832,1
F03-RastriginSep,PSO,2,22,689.215,1
F03-RastriginSep,PSO,2,23,703.97,1
F03-RastriginSep,PSO,2,24,630.657,1
F03-RastriginSep,PSO,2,25,602.991,1
F03-RastriginSep,PSO,2,26,698.812,1
F03-RastriginSep,PSO,2,27,609.796,1
F03-RastriginSep,PSO,2,28,1.13687e-13,0
F03-RastriginSep,PSO,2,29,550.447,1
F03-RastriginSep,PSO,2,30,1.13687e-13,0
F03-RastriginSep,PSO,2,31,1.13687e-13,0
F03-RastriginSep,PSO,2,32,1.13687e-13,0
F03-RastriginSep,PSO,2,33,1.13687e-13,0
F03-RastriginSep,PSO,2,34,614.008,1
F03-RastriginSep,PSO,2,35,1.13687e-13,0
F03-RastriginSep,PSO,2,36,692.543,1
F03-RastriginSep,PSO,2,37,1.13687e-13,0
F03-RastriginSep,PSO,2,38,1.13687e-13,0
F03-RastriginSep,PSO,2,39,663.985,1
F03-RastriginSep,PSO,2,40,707.825,1
F03-RastriginSep,PSO,2,41,1.13687e-13,0
F03-RastriginSep,PSO,2,42,694.92,1
F03-RastriginSep,PSO,2,43,601.536,1
F03-RastriginSep,PSO,2,44,1.13687e-13,0
F03-RastriginSep,Crowding-DE,2,15,0.10351,0
F03-RastriginSep,Crowding-DE,2,16,547.379,1
F03-RastriginSep,Crowding-DE,2,17,0.0373622,0
F03-RastriginSep,Crowding-DE,2,18,0.0373622,0
F03-RastriginSep,Crowding-DE,2,19,0.0373622,0
F03-RastriginSep,Crowding-DE,2,20,0.0373622,0
F03-RastriginSep,Crowding-DE,2,21,593.001,1
F03-RastriginSep,Crowding-DE,2,22,651.497,1
F03-RastriginSep,Crowding-DE,2,23,656.686,1
F03-RastriginSep,Crowding-DE,2,24,603.147,1
F03-RastriginSep,Crowding-DE,2,25,572.257,1
F03-RastriginSep,Crowding-DE,2,26,649.725,1
F03-RastriginSep,Crowding-DE,2,27,565.147,1
F03-RastriginSep,Crowding-DE,2,28,0.0373622,0
F03-RastriginSep,Crowding-DE,2,29,519.795,1
F03-RastriginSep,Crowding-DE,2,30,0.0373622,0
F03-RastriginSep,Crowding-DE,2,31,0.0373622,0
F03-RastriginSep,Crowding-DE,2,32,0.0373622,0
F03-RastriginSep,Crowding-DE,2,33,0.0373622,0
F03-RastriginSep,Crowding-DE,2,34,583.295,1
F03-RastriginSep,Crowding-DE,2,35,0.0373622,0
F03-RastriginSep,Crowding-DE,2,36,643.491,1
F03-RastriginSep,Crowding-DE,2,37,0.0373622,0
F03-RastriginSep,Crowding-DE,2,38,0.0373622,0
F03-RastriginSep,Crowding-DE,2,39,612.775,1
F03-RastriginSep,Crowding-DE,2,40,669.697,1
F03-RastriginSep,Crowding-DE,2,41,0.0373622,0
F03-RastriginSep,Crowding-DE,2,42,643.933,1
F03-RastriginSep,Crowding-DE,2,43,569.908,1
F03-RastriginSep,Crowding-DE,2,44,0.0373622,0
F03-RastriginSep,MAP-Elites,2,15,2.2067,0
F03-RastriginSep,MAP-Elites,2,16,564.493,1
F03-RastriginSep,MAP-Elites,2,17,1.176,0
F03-RastriginSep,MAP-Elites,2,18,1.176,0
F03-RastriginSep,MAP-Elites,2,19,1.176,0
F03-RastriginSep,MAP-Elites,2,20,1.176,0
F03-RastriginSep,MAP-Elites,2,21,601.902,1
F03-RastriginSep,MAP-Elites,2,22,668.558,1
F03-RastriginSep,MAP-Elites,2,23,668.437,1
F03-RastriginSep,MAP-Elites,2,24,618.415,1
F03-RastriginSep,MAP-Elites,2,25,588.981,1
F03-RastriginSep,MAP-Elites,2,26,659.637,1
F03-RastriginSep,MAP-Elites,2,27,559.521,1
F03-RastriginSep,MAP-Elites,2,28,1.176,0
F03-RastriginSep,MAP-Elites,2,29,520.281,1
F03-RastriginSep,MAP-Elites,2,30,1.176,0
F03-RastriginSep,MAP-Elites,2,31,1.176,0
F03-RastriginSep,MAP-Elites,2,32,1.176,0
F03-RastriginSep,MAP-Elites,2,33,1.176,0
F03-RastriginSep,MAP-Elites,2,34,600.011,1
F03-RastriginSep,MAP-Elites,2,35,1.176,0
F03-RastriginSep,MAP-Elites,2,36,653.445,1
F03-RastriginSep,MAP-Elites,2,37,1.176,0
F03-RastriginSep,MAP-Elites,2,38,1.176,0
F03-RastriginSep,MAP-Elites,2,39,618.167,1
F03-RastriginSep,MAP-Elites,2,40,686.603,1
F03-RastriginSep,MAP-Elites,2,41,1.176,0
F03-RastriginSep,MAP-Elites,2,42,650.359,1
F03-RastriginSep,MAP-Elites,2,43,586.975,1
F03-RastriginSep,MAP-Elites,2,44,1.176,0
F03-RastriginSep,MC-ESO-crowd,2,15,0.515397,0
F03-RastriginSep,MC-ESO-crowd,2,16,574.518,1
F03-RastriginSep,MC-ESO-crowd,2,17,0.4286,0
F03-RastriginSep,MC-ESO-crowd,2,18,0.4286,0
F03-RastriginSep,MC-ESO-crowd,2,19,0.4286,0
F03-RastriginSep,MC-ESO-crowd,2,20,0.4286,0
F03-RastriginSep,MC-ESO-crowd,2,21,549.592,1
F03-RastriginSep,MC-ESO-crowd,2,22,629.333,1
F03-RastriginSep,MC-ESO-crowd,2,23,618.901,1
F03-RastriginSep,MC-ESO-crowd,2,24,603.836,1
F03-RastriginSep,MC-ESO-crowd,2,25,591.864,1
F03-RastriginSep,MC-ESO-crowd,2,26,608.141,1
F03-RastriginSep,MC-ESO-crowd,2,27,1.10948,0
F03-RastriginSep,MC-ESO-crowd,2,28,0.4286,0
F03-RastriginSep,MC-ESO-crowd,2,29,534.002,1
F03-RastriginSep,MC-ESO-crowd,2,30,0.4286,0
F03-RastriginSep,MC-ESO-crowd,2,31,0.4286,0
F03-RastriginSep,MC-ESO-crowd,2,32,0.4286,0
F03-RastriginSep,MC-ESO-crowd,2,33,0.4286,0
F03-RastriginSep,MC-ESO-crowd,2,34,602.78,1
F03-RastriginSep,MC-ESO-crowd,2,35,0.4286,0
F03-RastriginSep,MC-ESO-crowd,2,36,601.987,1
F03-RastriginSep,MC-ESO-crowd,2,37,0.4286,0
F03-RastriginSep,MC-ESO-crowd,2,38,0.4286,0
F03-RastriginSep,MC-ESO-crowd,2,39,564.316,1
F03-RastriginSep,MC-ESO-crowd,2,40,646.937,1
F03-RastriginSep,MC-ESO-crowd,2,41,0.4286,0
F03-RastriginSep,MC-ESO-crowd,2,42,596.766,1
F03-RastriginSep,MC-ESO-crowd,2,43,595.721,1
F03-RastriginSep,MC-ESO-crowd,2,44,0.4286,0
F03-RastriginSep,quality,2,15,0,0
F03-RastriginSep,quality,2,16,563.953,1
F03-RastriginSep,quality,2,17,0,0
F03-RastriginSep,quality,2,18,0,0
F03-RastriginSep,quality,2,19,0,0
F03-RastriginSep,quality,2,20,0,0
F03-RastriginSep,quality,2,21,592.793,1
F03-RastriginSep,quality,2,22,651.505,1
F03-RastriginSep,quality,2,23,656.545,1
F03-RastriginSep,quality,2,24,607.308,1
F03-RastriginSep,quality,2,25,588.182,1
F03-RastriginSep,quality,2,26,649.54,1
F03-RastriginSep,quality,2,27,564.677,1
F03-RastriginSep,quality,2,28,0,0
F03-RastriginSep,quality,2,29,536.036,1
F03-RastriginSep,quality,2,30,0,0
F03-RastriginSep,quality,2,31,0,0
F03-RastriginSep,quality,2,32,0,0
F03-RastriginSep,quality,2,33,0,0
F03-RastriginSep,quality,2,34,599.208,1
F03-RastriginSep,quality,2,35,0,0
F03-RastriginSep,quality,2,36,643.307,1
F03-RastriginSep,quality,2,37,0,0
F03-RastriginSep,quality,2,38,0,0
F03-RastriginSep,quality,2,39,612.491,1
F03-RastriginSep,quality,2,40,669.701,1
F03-RastriginSep,quality,2,41,0,0
F03-RastriginSep,quality,2,42,643.67,1
F03-RastriginSep,quality,2,43,586.388,1
F03-RastriginSep,quality,2,44,0,0
F03-RastriginSep,complement,2,15,11.9395,0
F03-RastriginSep,complement,2,16,122.365,0
F03-RastriginSep,complement,2,17,0,0
F03-RastriginSep,complement,2,18,0,0
F03-RastriginSep,complement,2,19,0,0
F03-RastriginSep,complement,2,20,0,0
F03-RastriginSep,complement,2,21,3.97983,0
F03-RastriginSep,complement,2,22,15.9192,0
F03-RastriginSep,complement,2,23,15.9192,0
F03-RastriginSep,complement,2,24,31.8382,0
F03-RastriginSep,complement,2,25,26.8634,0
F03-RastriginSep,complement,2,26,34.823,0
F03-RastriginSep,complement,2,27,8.9546,0
F03-RastriginSep,complement,2,28,0,0
F03-RastriginSep,complement,2,29,0,0
F03-RastriginSep,complement,2,30,0,0
F03-RastriginSep,complement,2,31,0,0
F03-RastriginSep,complement,2,32,0,0
F03-RastriginSep,complement,2,33,0,0
F03-RastriginSep,complement,2,34,3.29692e-12,0
F03-RastriginSep,complement,2,35,0,0
F03-RastriginSep,complement,2,36,34.823,0
F03-RastriginSep,complement,2,37,0,0
F03-RastriginSep,complement,2,38,0,0
F03-RastriginSep,complement,2,39,3.97983,0
F03-RastriginSep,complement,2,40,15.9192,0
F03-RastriginSep,complement,2,41,0,0
F03-RastriginSep,complement,2,42,34.823,0
F03-RastriginSep,complement,2,43,143.258,0
F03-RastriginSep,complement,2,44,0,0
F03-RastriginSep,MC-ESO,3,15,725.422,1
F03-RastriginSep,MC-ESO,3,16,687.349,1
F03-RastriginSep,MC-ESO,3,17,0,0
F03-RastriginSep,MC-ESO,3,18,709.706,1
F03-RastriginSep,MC-ESO,3,19,0,0
F03-RastriginSep,MC-ESO,3,20,674.796,1
F03-RastriginSep,MC-ESO,3,21,0,0
F03-RastriginSep,MC-ESO,3,22,687.184,1
F03-RastriginSep,MC-ESO,3,23,0,0
F03-RastriginSep,MC-ESO,3,24,1.99036,0
F03-RastriginSep,MC-ESO,3,25,0,0
F03-RastriginSep,MC-ESO,3,26,738.656,1
F03-RastriginSep,MC-ESO,3,27,653.556,1
F03-RastriginSep,MC-ESO,3,28,5.4864,0
F03-RastriginSep,MC-ESO,3,29,0,0
F03-RastriginSep,MC-ESO,3,30,0,0
F03-RastriginSep,MC-ESO,3,31,720.821,1
F03-RastriginSep,MC-ESO,3,32,7.47631,0
F03-RastriginSep,MC-ESO,3,33,0,0
F03-RastriginSep,MC-ESO,3,34,0,0
F03-RastriginSep,MC-ESO,3,35,0,0
F03-RastriginSep,MC-ESO,3,36,722.018,1
F03-RastriginSep,MC-ESO,3,37,0,0
F03-RastriginSep,MC-ESO,3,38,720.192,1
F03-RastriginSep,MC-ESO,3,39,5.4864,0
F03-RastriginSep,MC-ESO,3,40,0,0
F03-RastriginSep,MC-ESO,3,41,0,0
F03-RastriginSep,MC-ESO,3,42,0,0
F03-RastriginSep,MC-ESO,3,43,689.523,1
F03-RastriginSep,MC-ESO,3,44,0,0
F03-RastriginSep,NMMSO,3,15,689.637,1
F03-RastriginSep,NMMSO,3,16,660.642,1
F03-RastriginSep,NMMSO,3,17,657.832,1
F03-RastriginSep,NMMSO,3,18,737.736,1
F03-RastriginSep,NMMSO,3,19,0.000318972,0
F03-RastriginSep,NMMSO,3,20,716.864,1
F03-RastriginSep,NMMSO,3,21,0.000318972,0
F03-RastriginSep,NMMSO,3,22,658.741,1
F03-RastriginSep,NMMSO,3,23,0.000318972,0
F03-RastriginSep,NMMSO,3,24,0,0
F03-RastriginSep,NMMSO,3,25,0.000318972,0
F03-RastriginSep,NMMSO,3,26,698.825,1
F03-RastriginSep,NMMSO,3,27,1.93611,0
F03-RastriginSep,NMMSO,3,28,0,0
F03-RastriginSep,NMMSO,3,29,0.000318972,0
F03-RastriginSep,NMMSO,3,30,0.000318972,0
F03-RastriginSep,NMMSO,3,31,741.25,1
F03-RastriginSep,NMMSO,3,32,1.98991,0
F03-RastriginSep,NMMSO,3,33,0.000318972,0
F03-RastriginSep,NMMSO,3,34,0.000318972,0
F03-RastriginSep,NMMSO,3,35,0.000318972,0
F03-RastriginSep,NMMSO,3,36,691.185,1
F03-RastriginSep,NMMSO,3,37,2.98487,0
F03-RastriginSep,NMMSO,3,38,684.952,1
F03-RastriginSep,NMMSO,3,39,0,0
F03-RastriginSep,NMMSO,3,40,0.000318972,0
F03-RastriginSep,NMMSO,3,41,0.000318972,0
F03-RastriginSep,NMMSO,3,42,0.000318972,0
F03-RastriginSep,NMMSO,3,43,747.33,1
F03-RastriginSep,NMMSO,3,44,0.000318972,0
F03-RastriginSep,NCDE,3,15,689.715,1
F03-RastriginSep,NCDE,3,16,682.208,1
F03-RastriginSep,NCDE,3,17,657.862,1
F03-RastriginSep,NCDE,3,18,737.556,1
F03-RastriginSep,NCDE,3,19,0.0300633,0
F03-RastriginSep,NCDE,3,20,716.709,1
F03-RastriginSep,NCDE,3,21,0.0300633,0
F03-RastriginSep,NCDE,3,22,658.899,1
F03-RastriginSep,NCDE,3,23,0.0300633,0
F03-RastriginSep,NCDE,3,24,0.0239916,0
F03-RastriginSep,NCDE,3,25,0.0300633,0
F03-RastriginSep,NCDE,3,26,698.857,1
F03-RastriginSep,NCDE,3,27,654.614,1
F03-RastriginSep,NCDE,3,28,0.0240316,0
F03-RastriginSep,NCDE,3,29,0.0300633,0
F03-RastriginSep,NCDE,3,30,0.0300633,0
F03-RastriginSep,NCDE,3,31,741.062,1
F03-RastriginSep,NCDE,3,32,2.01394,0
F03-RastriginSep,NCDE,3,33,0.0300633,0
F03-RastriginSep,NCDE,3,34,0.0300633,0
F03-RastriginSep,NCDE,3,35,0.0300633,0
F03-RastriginSep,NCDE,3,36,691.318,1
F03-RastriginSep,NCDE,3,37,0.204017,0
F03-RastriginSep,NCDE,3,38,685.037,1
F03-RastriginSep,NCDE,3,39,0.0240316,0
F03-RastriginSep,NCDE,3,40,0.0300633,0
F03-RastriginSep,NCDE,3,41,0.0300633,0
F03-RastriginSep,NCDE,3,42,0.0300633,0
F03-RastriginSep,NCDE,3,43,747.239,1
F03-RastriginSep,NCDE,3,44,0.0300633,0
F03-RastriginSep,r3pso,3,15,730.116,1
F03-RastriginSep,r3pso,3,16,717.192,1
F03-RastriginSep,r3pso,3,17,781.733,1
F03-RastriginSep,r3pso,3,18,795.542,1
F03-RastriginSep,r3pso,3,19,4.0267e-07,0
F03-RastriginSep,r3pso,3,20,801.529,1
F03-RastriginSep,r3pso,3,21,4.0267e-07,0
F03-RastriginSep,r3pso,3,22,698.593,1
F03-RastriginSep,r3pso,3,23,4.0267e-07,0
F03-RastriginSep,r3pso,3,24,686.111,1
F03-RastriginSep,r3pso,3,25,4.0267e-07,0
F03-RastriginSep,r3pso,3,26,739.444,1
F03-RastriginSep,r3pso,3,27,694.053,1
F03-RastriginSep,r3pso,3,28,763.129,1
F03-RastriginSep,r3pso,3,29,4.0267e-07,0
F03-RastriginSep,r3pso,3,30,4.0267e-07,0
F03-RastriginSep,r3pso,3,31,784.564,1
F03-RastriginSep,r3pso,3,32,715.702,1
F03-RastriginSep,r3pso,3,33,4.0267e-07,0
F03-RastriginSep,r3pso,3,34,4.0267e-07,0
F03-RastriginSep,r3pso,3,35,4.0267e-07,0
F03-RastriginSep,r3pso,3,36,731.291,1
F03-RastriginSep,r3pso,3,37,650.257,1
F03-RastriginSep,r3pso,3,38,725.401,1
F03-RastriginSep,r3pso,3,39,743.196,1
F03-RastriginSep,r3pso,3,40,4.0267e-07,0
F03-RastriginSep,r3pso,3,41,4.0267e-07,0
F03-RastriginSep,r3pso,3,42,4.0267e-07,0
F03-RastriginSep,r3pso,3,43,862.422,1
F03-RastriginSep,r3pso,3,44,4.0267e-07,0
F03-RastriginSep,NM-Restart,3,15,692.389,1
F03-RastriginSep,NM-Restart,3,16,726.818,1
F03-RastriginSep,NM-Restart,3,17,0.483331,0
F03-RastriginSep,NM-Restart,3,18,691.863,1
F03-RastriginSep,NM-Restart,3,19,4.97479,0
F03-RastriginSep,NM-Restart,3,20,680.258,1
F03-RastriginSep,NM-Restart,3,21,4.97479,0
F03-RastriginSep,NM-Restart,3,22,675.265,1
F03-RastriginSep,NM-Restart,3,23,4.97479,0
F03-RastriginSep,NM-Restart,3,24,3.97983,0
F03-RastriginSep,NM-Restart,3,25,4.97479,0
F03-RastriginSep,NM-Restart,3,26,693.655,1
F03-RastriginSep,NM-Restart,3,27,688.511,1
F03-RastriginSep,NM-Restart,3,28,0.994959,0
F03-RastriginSep,NM-Restart,3,29,4.97479,0
F03-RastriginSep,NM-Restart,3,30,4.97479,0
F03-RastriginSep,NM-Restart,3,31,692.152,1
F03-RastriginSep,NM-Restart,3,32,2.98487,0
F03-RastriginSep,NM-Restart,3,33,4.97479,0
F03-RastriginSep,NM-Restart,3,34,4.97479,0
F03-RastriginSep,NM-Restart,3,35,4.97479,0
F03-RastriginSep,NM-Restart,3,36,703.307,1
F03-RastriginSep,NM-Restart,3,37,3.97983,0
F03-RastriginSep,NM-Restart,3,38,688.753,1
F03-RastriginSep,NM-Restart,3,39,0.994959,0
F03-RastriginSep,NM-Restart,3,40,4.97479,0
F03-RastriginSep,NM-Restart,3,41,4.97479,0
F03-RastriginSep,NM-Restart,3,42,4.97479,0
F03-RastriginSep,NM-Restart,3,43,700.588,1
F03-RastriginSep,NM-Restart,3,44,4.97479,0
F03-RastriginSep,IPOP-CMA-ES,3,15,730.117,1
F03-RastriginSep,IPOP-CMA-ES,3,16,717.194,1
F03-RastriginSep,IPOP-CMA-ES,3,17,781.732,1
F03-RastriginSep,IPOP-CMA-ES,3,18,795.543,1
F03-RastriginSep,IPOP-CMA-ES,3,19,0,0
F03-RastriginSep,IPOP-CMA-ES,3,20,801.529,1
F03-RastriginSep,IPOP-CMA-ES,3,21,0,0
F03-RastriginSep,IPOP-CMA-ES,3,22,698.594,1
F03-RastriginSep,IPOP-CMA-ES,3,23,0,0
F03-RastriginSep,IPOP-CMA-ES,3,24,686.109,1
F03-RastriginSep,IPOP-CMA-ES,3,25,0,0
F03-RastriginSep,IPOP-CMA-ES,3,26,739.445,1
F03-RastriginSep,IPOP-CMA-ES,3,27,694.055,1
F03-RastriginSep,IPOP-CMA-ES,3,28,763.127,1
F03-RastriginSep,IPOP-CMA-ES,3,29,0,0
F03-RastriginSep,IPOP-CMA-ES,3,30,0,0
F03-RastriginSep,IPOP-CMA-ES,3,31,784.565,1
F03-RastriginSep,IPOP-CMA-ES,3,32,715.7,1
F03-RastriginSep,IPOP-CMA-ES,3,33,0,0
F03-RastriginSep,IPOP-CMA-ES,3,34,0,0
F03-RastriginSep,IPOP-CMA-ES,3,35,0,0
F03-RastriginSep,IPOP-CMA-ES,3,36,731.292,1
F03-RastriginSep,IPOP-CMA-ES,3,37,650.258,1
F03-RastriginSep,IPOP-CMA-ES,3,38,725.402,1
F03-RastriginSep,IPOP-CMA-ES,3,39,743.195,1
F03-RastriginSep,IPOP-CMA-ES,3,40,0,0
F03-RastriginSep,IPOP-CMA-ES,3,41,0,0
F03-RastriginSep,IPOP-CMA-ES,3,42,0,0
F03-RastriginSep,IPOP-CMA-ES,3,43,862.421,1
F03-RastriginSep,IPOP-CMA-ES,3,44,0,0
F03-RastriginSep,DE,3,15,730.117,1
F03-RastriginSep,DE,3,16,717.194,1
F03-RastriginSep,DE,3,17,781.732,1
F03-RastriginSep,DE,3,18,795.543,1
F03-RastriginSep,DE,3,19,0,0
F03-RastriginSep,DE,3,20,801.529,1
F03-RastriginSep,DE,3,21,0,0
F03-RastriginSep,DE,3,22,698.594,1
F03-RastriginSep,DE,3,23,0,0
F03-RastriginSep,DE,3,24,686.109,1
F03-RastriginSep,DE,3,25,0,0
F03-RastriginSep,DE,3,26,739.445,1
F03-RastriginSep,DE,3,27,694.055,1
F03-RastriginSep,DE,3,28,763.127,1
F03-RastriginSep,DE,3,29,0,0
F03-RastriginSep,DE,3,30,0,0
F03-RastriginSep,DE,3,31,784.565,1
F03-RastriginSep,DE,3,32,715.7,1
F03-RastriginSep,DE,3,33,0,0
F03-RastriginSep,DE,3,34,0,0
F03-RastriginSep,DE,3,35,0,0
F03-RastriginSep,DE,3,36,731.292,1
F03-RastriginSep,DE,3,37,650.258,1
F03-RastriginSep,DE,3,38,725.402,1
F03-RastriginSep,DE,3,39,743.195,1
F03-RastriginSep,DE,3,40,0,0
F03-RastriginSep,DE,3,41,0,0
F03-RastriginSep,DE,3,42,0,0
F03-RastriginSep,DE,3,43,862.421,1
F03-RastriginSep,DE,3,44,0,0
F03-RastriginSep,PSO,3,15,730.117,1
F03-RastriginSep,PSO,3,16,717.194,1
F03-RastriginSep,PSO,3,17,709.39,1
F03-RastriginSep,PSO,3,18,772.993,1
F03-RastriginSep,PSO,3,19,1.64846e-12,0
F03-RastriginSep,PSO,3,20,759.098,1
F03-RastriginSep,PSO,3,21,1.64846e-12,0
F03-RastriginSep,PSO,3,22,698.594,1
F03-RastriginSep,PSO,3,23,1.64846e-12,0
F03-RastriginSep,PSO,3,24,20.6508,0
F03-RastriginSep,PSO,3,25,1.64846e-12,0
F03-RastriginSep,PSO,3,26,739.445,1
F03-RastriginSep,PSO,3,27,694.055,1
F03-RastriginSep,PSO,3,28,693.186,1
F03-RastriginSep,PSO,3,29,1.64846e-12,0
F03-RastriginSep,PSO,3,30,1.64846e-12,0
F03-RastriginSep,PSO,3,31,772.706,1
F03-RastriginSep,PSO,3,32,19.6558,0
F03-RastriginSep,PSO,3,33,1.64846e-12,0
F03-RastriginSep,PSO,3,34,1.64846e-12,0
F03-RastriginSep,PSO,3,35,1.64846e-12,0
F03-RastriginSep,PSO,3,36,731.292,1
F03-RastriginSep,PSO,3,37,650.258,1
F03-RastriginSep,PSO,3,38,725.402,1
F03-RastriginSep,PSO,3,39,679.027,1
F03-RastriginSep,PSO,3,40,1.64846e-12,0
F03-RastriginSep,PSO,3,41,1.64846e-12,0
F03-RastriginSep,PSO,3,42,1.64846e-12,0
F03-RastriginSep,PSO,3,43,797.264,1
F03-RastriginSep,PSO,3,44,1.64846e-12,0
F03-RastriginSep,Crowding-DE,3,15,689.841,1
F03-RastriginSep,Crowding-DE,3,16,660.156,1
F03-RastriginSep,Crowding-DE,3,17,719.659,1
F03-RastriginSep,Crowding-DE,3,18,760.813,1
F03-RastriginSep,Crowding-DE,3,19,0.0158886,0
F03-RastriginSep,Crowding-DE,3,20,758.693,1
F03-RastriginSep,Crowding-DE,3,21,0.0158886,0
F03-RastriginSep,Crowding-DE,3,22,658.902,1
F03-RastriginSep,Crowding-DE,3,23,0.0158886,0
F03-RastriginSep,Crowding-DE,3,24,0.0666623,0
F03-RastriginSep,Crowding-DE,3,25,0.0158886,0
F03-RastriginSep,Crowding-DE,3,26,699.054,1
F03-RastriginSep,Crowding-DE,3,27,1.96266,0
F03-RastriginSep,Crowding-DE,3,28,702.784,1
F03-RastriginSep,Crowding-DE,3,29,0.0158886,0
F03-RastriginSep,Crowding-DE,3,30,0.0158886,0
F03-RastriginSep,Crowding-DE,3,31,747.464,1
F03-RastriginSep,Crowding-DE,3,32,656.812,1
F03-RastriginSep,Crowding-DE,3,33,0.0158886,0
F03-RastriginSep,Crowding-DE,3,34,0.0158886,0
F03-RastriginSep,Crowding-DE,3,35,0.0158886,0
F03-RastriginSep,Crowding-DE,3,36,691.36,1
F03-RastriginSep,Crowding-DE,3,37,0.0259597,0
F03-RastriginSep,Crowding-DE,3,38,685.154,1
F03-RastriginSep,Crowding-DE,3,39,686.9,1
F03-RastriginSep,Crowding-DE,3,40,0.0158886,0
F03-RastriginSep,Crowding-DE,3,41,0.0158886,0
F03-RastriginSep,Crowding-DE,3,42,0.0158886,0
F03-RastriginSep,Crowding-DE,3,43,804.609,1
F03-RastriginSep,Crowding-DE,3,44,0.0158886,0
F03-RastriginSep,MAP-Elites,3,15,706.608,1
F03-RastriginSep,MAP-Elites,3,16,663.785,1
F03-RastriginSep,MAP-Elites,3,17,722.9,1
F03-RastriginSep,MAP-Elites,3,18,749.004,1
F03-RastriginSep,MAP-Elites,3,19,0.267774,0
F03-RastriginSep,MAP-Elites,3,20,744.417,1
F03-RastriginSep,MAP-Elites,3,21,0.267774,0
F03-RastriginSep,MAP-Elites,3,22,668.58,1
F03-RastriginSep,MAP-Elites,3,23,0.267774,0
F03-RastriginSep,MAP-Elites,3,24,660.014,1
F03-RastriginSep,MAP-Elites,3,25,0.267774,0
F03-RastriginSep,MAP-Elites,3,26,719.832,1
F03-RastriginSep,MAP-Elites,3,27,2.11095,0
F03-RastriginSep,MAP-Elites,3,28,708.268,1
F03-RastriginSep,MAP-Elites,3,29,0.267774,0
F03-RastriginSep,MAP-Elites,3,30,0.267774,0
F03-RastriginSep,MAP-Elites,3,31,744.297,1
F03-RastriginSep,MAP-Elites,3,32,663.637,1
F03-RastriginSep,MAP-Elites,3,33,0.267774,0
F03-RastriginSep,MAP-Elites,3,34,0.267774,0
F03-RastriginSep,MAP-Elites,3,35,0.267774,0
F03-RastriginSep,MAP-Elites,3,36,703.321,1
F03-RastriginSep,MAP-Elites,3,37,2.99112,0
F03-RastriginSep,MAP-Elites,3,38,701.387,1
F03-RastriginSep,MAP-Elites,3,39,695.594,1
F03-RastriginSep,MAP-Elites,3,40,0.267774,0
F03-RastriginSep,MAP-Elites,3,41,0.267774,0
F03-RastriginSep,MAP-Elites,3,42,0.267774,0
F03-RastriginSep,MAP-Elites,3,43,796.575,1
F03-RastriginSep,MAP-Elites,3,44,0.267774,0
F03-RastriginSep,MC-ESO-crowd,3,15,706.232,1
F03-RastriginSep,MC-ESO-crowd,3,16,660.854,1
F03-RastriginSep,MC-ESO-crowd,3,17,658.231,1
F03-RastriginSep,MC-ESO-crowd,3,18,738.224,1
F03-RastriginSep,MC-ESO-crowd,3,19,9.29213e-05,0
F03-RastriginSep,MC-ESO-crowd,3,20,717.393,1
F03-RastriginSep,MC-ESO-crowd,3,21,9.29213e-05,0
F03-RastriginSep,MC-ESO-crowd,3,22,668.224,1
F03-RastriginSep,MC-ESO-crowd,3,23,9.29213e-05,0
F03-RastriginSep,MC-ESO-crowd,3,24,3.04121,0
F03-RastriginSep,MC-ESO-crowd,3,25,9.29213e-05,0
F03-RastriginSep,MC-ESO-crowd,3,26,719.436,1
F03-RastriginSep,MC-ESO-crowd,3,27,0,0
F03-RastriginSep,MC-ESO-crowd,3,28,0.0563376,0
F03-RastriginSep,MC-ESO-crowd,3,29,9.29213e-05,0
F03-RastriginSep,MC-ESO-crowd,3,30,9.29213e-05,0
F03-RastriginSep,MC-ESO-crowd,3,31,741.707,1
F03-RastriginSep,MC-ESO-crowd,3,32,2.04625,0
F03-RastriginSep,MC-ESO-crowd,3,33,9.29213e-05,0
F03-RastriginSep,MC-ESO-crowd,3,34,9.29213e-05,0
F03-RastriginSep,MC-ESO-crowd,3,35,9.29213e-05,0
F03-RastriginSep,MC-ESO-crowd,3,36,702.96,1
F03-RastriginSep,MC-ESO-crowd,3,37,1.04876,0
F03-RastriginSep,MC-ESO-crowd,3,38,701.013,1
F03-RastriginSep,MC-ESO-crowd,3,39,0.0563376,0
F03-RastriginSep,MC-ESO-crowd,3,40,9.29213e-05,0
F03-RastriginSep,MC-ESO-crowd,3,41,9.29213e-05,0
F03-RastriginSep,MC-ESO-crowd,3,42,9.29213e-05,0
F03-RastriginSep,MC-ESO-crowd,3,43,747.861,1
F03-RastriginSep,MC-ESO-crowd,3,44,9.29213e-05,0
F03-RastriginSep,quality,3,15,717.763,1
F03-RastriginSep,quality,3,16,660.644,1
F03-RastriginSep,quality,3,17,715.868,1
F03-RastriginSep,quality,3,18,749.041,1
F03-RastriginSep,quality,3,19,1.98992,0
F03-RastriginSep,quality,3,20,744.631,1
F03-RastriginSep,quality,3,21,1.98992,0
F03-RastriginSep,quality,3,22,678.225,1
F03-RastriginSep,quality,3,23,1.98992,0
F03-RastriginSep,quality,3,24,0.994959,0
F03-RastriginSep,quality,3,25,1.98992,0
F03-RastriginSep,quality,3,26,723.111,1
F03-RastriginSep,quality,3,27,1.93611,0
F03-RastriginSep,quality,3,28,696.368,1
F03-RastriginSep,quality,3,29,1.98992,0
F03-RastriginSep,quality,3,30,1.98992,0
F03-RastriginSep,quality,3,31,744.246,1
F03-RastriginSep,quality,3,32,0,0
F03-RastriginSep,quality,3,33,1.98992,0
F03-RastriginSep,quality,3,34,1.98992,0
F03-RastriginSep,quality,3,35,1.98992,0
F03-RastriginSep,quality,3,36,715.116,1
F03-RastriginSep,quality,3,37,0.994957,0
F03-RastriginSep,quality,3,38,713.578,1
F03-RastriginSep,quality,3,39,676.784,1
F03-RastriginSep,quality,3,40,1.98992,0
F03-RastriginSep,quality,3,41,1.98992,0
F03-RastriginSep,quality,3,42,1.98992,0
F03-RastriginSep,quality,3,43,797.022,1
F03-RastriginSep,quality,3,44,1.98992,0
F03-RastriginSep,complement,3,15,684.957,1
F03-RastriginSep,complement,3,16,652.11,1
F03-RastriginSep,complement,3,17,3.4682,0
F03-RastriginSep,complement,3,18,31.8382,0
F03-RastriginSep,complement,3,19,1.98992,0
F03-RastriginSep,complement,3,20,0,0
F03-RastriginSep,complement,3,21,1.98992,0
F03-RastriginSep,complement,3,22,647.375,1
F03-RastriginSep,complement,3,23,1.98992,0
F03-RastriginSep,complement,3,24,3.97983,0
F03-RastriginSep,complement,3,25,1.98992,0
F03-RastriginSep,complement,3,26,691.558,1
F03-RastriginSep,complement,3,27,2.93107,0
F03-RastriginSep,complement,3,28,0.994959,0
F03-RastriginSep,complement,3,29,1.98992,0
F03-RastriginSep,complement,3,30,4.97479,0
F03-RastriginSep,complement,3,31,0,0
F03-RastriginSep,complement,3,32,2.98487,0
F03-RastriginSep,complement,3,33,1.98992,0
F03-RastriginSep,complement,3,34,1.98992,0
F03-RastriginSep,complement,3,35,1.98992,0
F03-RastriginSep,complement,3,36,681.947,1
F03-RastriginSep,complement,3,37,0.994957,0
F03-RastriginSep,complement,3,38,679.761,1
F03-RastriginSep,complement,3,39,0.994959,0
F03-RastriginSep,complement,3,40,1.98992,0
F03-RastriginSep,complement,3,41,1.98992,0
F03-RastriginSep,complement,3,42,1.98992,0
F03-RastriginSep,complement,3,43,31.8382,0
F03-RastriginSep,complement,3,44,1.98992,0
F03-RastriginSep,MC-ESO,4,15,74.7236,0
F03-RastriginSep,MC-ESO,4,16,86.6631,0
F03-RastriginSep,MC-ESO,4,17,35.2189,0
F03-RastriginSep,MC-ESO,4,18,0,0
F03-RastriginSep,MC-ESO,4,19,86.6631,0
F03-RastriginSep,MC-ESO,4,20,0,0
F03-RastriginSep,MC-ESO,4,21,50.1431,0
F03-RastriginSep,MC-ESO,4,22,0,0
F03-RastriginSep,MC-ESO,4,23,86.6631,0
F03-RastriginSep,MC-ESO,4,24,52.133,0
F03-RastriginSep,MC-ESO,4,25,0,0
F03-RastriginSep,MC-ESO,4,26,56.1129,0
F03-RastriginSep,MC-ESO,4,27,83.6782,0
F03-RastriginSep,MC-ESO,4,28,11.3407,0
F03-RastriginSep,MC-ESO,4,29,56.1129,0
F03-RastriginSep,MC-ESO,4,30,0,0
F03-RastriginSep,MC-ESO,4,31,35.2189,0
F03-RastriginSep,MC-ESO,4,32,0,0
F03-RastriginSep,MC-ESO,4,33,26.4441,0
F03-RastriginSep,MC-ESO,4,34,26.4441,0
F03-RastriginSep,MC-ESO,4,35,0,0
F03-RastriginSep,MC-ESO,4,36,25.4486,0
F03-RastriginSep,MC-ESO,4,37,0,0
F03-RastriginSep,MC-ESO,4,38,26.4441,0
F03-RastriginSep,MC-ESO,4,39,0,0
F03-RastriginSep,MC-ESO,4,40,82.6832,0
F03-RastriginSep,MC-ESO,4,41,0,0
F03-RastriginSep,MC-ESO,4,42,0,0
F03-RastriginSep,MC-ESO,4,43,733.893,1
F03-RastriginSep,MC-ESO,4,44,0,0
F03-RastriginSep,NMMSO,4,15,751.451,1
F03-RastriginSep,NMMSO,4,16,5.75382e-08,0
F03-RastriginSep,NMMSO,4,17,819.909,1
F03-RastriginSep,NMMSO,4,18,2.14285e-08,0
F03-RastriginSep,NMMSO,4,19,5.74879e-08,0
F03-RastriginSep,NMMSO,4,20,2.14285e-08,0
F03-RastriginSep,NMMSO,4,21,769.168,1
F03-RastriginSep,NMMSO,4,22,2.14285e-08,0
F03-RastriginSep,NMMSO,4,23,5.75382e-08,0
F03-RastriginSep,NMMSO,4,24,738.405,1
F03-RastriginSep,NMMSO,4,25,2.14285e-08,0
F03-RastriginSep,NMMSO,4,26,0,0
F03-RastriginSep,NMMSO,4,27,747.548,1
F03-RastriginSep,NMMSO,4,28,838.059,1
F03-RastriginSep,NMMSO,4,29,0,0
F03-RastriginSep,NMMSO,4,30,2.14285e-08,0
F03-RastriginSep,NMMSO,4,31,822.464,1
F03-RastriginSep,NMMSO,4,32,2.14285e-08,0
F03-RastriginSep,NMMSO,4,33,778.135,1
F03-RastriginSep,NMMSO,4,34,779.254,1
F03-RastriginSep,NMMSO,4,35,2.14285e-08,0
F03-RastriginSep,NMMSO,4,36,817.954,1
F03-RastriginSep,NMMSO,4,37,2.14285e-08,0
F03-RastriginSep,NMMSO,4,38,842.168,1
F03-RastriginSep,NMMSO,4,39,2.14285e-08,0
F03-RastriginSep,NMMSO,4,40,737.482,1
F03-RastriginSep,NMMSO,4,41,2.14285e-08,0
F03-RastriginSep,NMMSO,4,42,2.14285e-08,0
F03-RastriginSep,NMMSO,4,43,821.302,1
F03-RastriginSep,NMMSO,4,44,2.14285e-08,0
F03-RastriginSep,NCDE,4,15,751.267,1
F03-RastriginSep,NCDE,4,16,0.0448076,0
F03-RastriginSep,NCDE,4,17,868.671,1
F03-RastriginSep,NCDE,4,18,0.0375251,0
F03-RastriginSep,NCDE,4,19,0.0448076,0
F03-RastriginSep,NCDE,4,20,0.0375251,0
F03-RastriginSep,NCDE,4,21,840.009,1
F03-RastriginSep,NCDE,4,22,0.0375251,0
F03-RastriginSep,NCDE,4,23,0.0448076,0
F03-RastriginSep,NCDE,4,24,808.893,1
F03-RastriginSep,NCDE,4,25,0.0375251,0
F03-RastriginSep,NCDE,4,26,758.628,1
F03-RastriginSep,NCDE,4,27,0.016703,0
F03-RastriginSep,NCDE,4,28,884.807,1
F03-RastriginSep,NCDE,4,29,750.762,1
F03-RastriginSep,NCDE,4,30,0.0375251,0
F03-RastriginSep,NCDE,4,31,839.542,1
F03-RastriginSep,NCDE,4,32,0.0375251,0
F03-RastriginSep,NCDE,4,33,778.118,1
F03-RastriginSep,NCDE,4,34,779.169,1
F03-RastriginSep,NCDE,4,35,0.0375251,0
F03-RastriginSep,NCDE,4,36,817.958,1
F03-RastriginSep,NCDE,4,37,0.0375251,0
F03-RastriginSep,NCDE,4,38,880.181,1
F03-RastriginSep,NCDE,4,39,0.0375251,0
F03-RastriginSep,NCDE,4,40,737.257,1
F03-RastriginSep,NCDE,4,41,0.0375251,0
F03-RastriginSep,NCDE,4,42,0.0375251,0
F03-RastriginSep,NCDE,4,43,821.256,1
F03-RastriginSep,NCDE,4,44,0.0375251,0
F03-RastriginSep,r3pso,4,15,797.23,1
F03-RastriginSep,r3pso,4,16,754.377,1
F03-RastriginSep,r3pso,4,17,918.458,1
F03-RastriginSep,r3pso,4,18,5.69003e-11,0
F03-RastriginSep,r3pso,4,19,765.73,1
F03-RastriginSep,r3pso,4,20,5.69003e-11,0
F03-RastriginSep,r3pso,4,21,911.799,1
F03-RastriginSep,r3pso,4,22,5.69003e-11,0
F03-RastriginSep,r3pso,4,23,748.596,1
F03-RastriginSep,r3pso,4,24,880.347,1
F03-RastriginSep,r3pso,4,25,5.69003e-11,0
F03-RastriginSep,r3pso,4,26,829.804,1
F03-RastriginSep,r3pso,4,27,791.415,1
F03-RastriginSep,r3pso,4,28,932.601,1
F03-RastriginSep,r3pso,4,29,821.255,1
F03-RastriginSep,r3pso,4,30,5.69003e-11,0
F03-RastriginSep,r3pso,4,31,881.28,1
F03-RastriginSep,r3pso,4,32,5.69003e-11,0
F03-RastriginSep,r3pso,4,33,823.673,1
F03-RastriginSep,r3pso,4,34,825.818,1
F03-RastriginSep,r3pso,4,35,5.69003e-11,0
F03-RastriginSep,r3pso,4,36,862.921,1
F03-RastriginSep,r3pso,4,37,5.69003e-11,0
F03-RastriginSep,r3pso,4,38,919.335,1
F03-RastriginSep,r3pso,4,39,5.69003e-11,0
F03-RastriginSep,r3pso,4,40,782.008,1
F03-RastriginSep,r3pso,4,41,5.69003e-11,0
F03-RastriginSep,r3pso,4,42,5.69003e-11,0
F03-RastriginSep,r3pso,4,43,867.421,1
F03-RastriginSep,r3pso,4,44,5.69003e-11,0
F03-RastriginSep,NM-Restart,4,15,774.969,1
F03-RastriginSep,NM-Restart,4,16,1.46485e-08,0
F03-RastriginSep,NM-Restart,4,17,791.51,1
F03-RastriginSep,NM-Restart,4,18,0.994959,0
F03-RastriginSep,NM-Restart,4,19,1.45982e-08,0
F03-RastriginSep,NM-Restart,4,20,0.994959,0
F03-RastriginSep,NM-Restart,4,21,0,0
F03-RastriginSep,NM-Restart,4,22,0.994959,0
F03-RastriginSep,NM-Restart,4,23,1.46485e-08,0
F03-RastriginSep,NM-Restart,4,24,1.9899,0
F03-RastriginSep,NM-Restart,4,25,0.994959,0
F03-RastriginSep,NM-Restart,4,26,5.96973,0
F03-RastriginSep,NM-Restart,4,27,0,0
F03-RastriginSep,NM-Restart,4,28,812.423,1
F03-RastriginSep,NM-Restart,4,29,5.96973,0
F03-RastriginSep,NM-Restart,4,30,0.994959,0
F03-RastriginSep,NM-Restart,4,31,819.738,1
F03-RastriginSep,NM-Restart,4,32,0.994959,0
F03-RastriginSep,NM-Restart,4,33,813.068,1
F03-RastriginSep,NM-Restart,4,34,830.724,1
F03-RastriginSep,NM-Restart,4,35,0.994959,0
F03-RastriginSep,NM-Restart,4,36,841.361,1
F03-RastriginSep,NM-Restart,4,37,0.994959,0
F03-RastriginSep,NM-Restart,4,38,828.014,1
F03-RastriginSep,NM-Restart,4,39,0.994959,0
F03-RastriginSep,NM-Restart,4,40,744.977,1
F03-RastriginSep,NM-Restart,4,41,0.994959,0
F03-RastriginSep,NM-Restart,4,42,0.994959,0
F03-RastriginSep,NM-Restart,4,43,871.618,1
F03-RastriginSep,NM-Restart,4,44,0.994959,0
F03-RastriginSep,IPOP-CMA-ES,4,15,751.457,1
F03-RastriginSep,IPOP-CMA-ES,4,16,2.98487,0
F03-RastriginSep,IPOP-CMA-ES,4,17,886.102,1
F03-RastriginSep,IPOP-CMA-ES,4,18,1.79386e-07,0
F03-RastriginSep,IPOP-CMA-ES,4,19,2.98487,0
F03-RastriginSep,IPOP-CMA-ES,4,20,1.79386e-07,0
F03-RastriginSep,IPOP-CMA-ES,4,21,911.802,1
F03-RastriginSep,IPOP-CMA-ES,4,22,1.79386e-07,0
F03-RastriginSep,IPOP-CMA-ES,4,23,2.98487,0
F03-RastriginSep,IPOP-CMA-ES,4,24,880.349,1
F03-RastriginSep,IPOP-CMA-ES,4,25,1.79386e-07,0
F03-RastriginSep,IPOP-CMA-ES,4,26,829.807,1
F03-RastriginSep,IPOP-CMA-ES,4,27,755.358,1
F03-RastriginSep,IPOP-CMA-ES,4,28,898.961,1
F03-RastriginSep,IPOP-CMA-ES,4,29,821.257,1
F03-RastriginSep,IPOP-CMA-ES,4,30,1.79386e-07,0
F03-RastriginSep,IPOP-CMA-ES,4,31,839.486,1
F03-RastriginSep,IPOP-CMA-ES,4,32,1.79386e-07,0
F03-RastriginSep,IPOP-CMA-ES,4,33,778.156,1
F03-RastriginSep,IPOP-CMA-ES,4,34,779.269,1
F03-RastriginSep,IPOP-CMA-ES,4,35,1.79386e-07,0
F03-RastriginSep,IPOP-CMA-ES,4,36,817.977,1
F03-RastriginSep,IPOP-CMA-ES,4,37,1.79386e-07,0
F03-RastriginSep,IPOP-CMA-ES,4,38,881.083,1
F03-RastriginSep,IPOP-CMA-ES,4,39,1.79386e-07,0
F03-RastriginSep,IPOP-CMA-ES,4,40,737.484,1
F03-RastriginSep,IPOP-CMA-ES,4,41,1.79386e-07,0
F03-RastriginSep,IPOP-CMA-ES,4,42,1.79386e-07,0
F03-RastriginSep,IPOP-CMA-ES,4,43,821.321,1
F03-RastriginSep,IPOP-CMA-ES,4,44,1.79386e-07,0
F03-RastriginSep,DE,4,15,797.23,1
F03-RastriginSep,DE,4,16,754.377,1
F03-RastriginSep,DE,4,17,918.458,1
F03-RastriginSep,DE,4,18,0,0
F03-RastriginSep,DE,4,19,765.73,1
F03-RastriginSep,DE,4,20,0,0
F03-RastriginSep,DE,4,21,911.799,1
F03-RastriginSep,DE,4,22,0,0
F03-RastriginSep,DE,4,23,748.596,1
F03-RastriginSep,DE,4,24,880.347,1
F03-RastriginSep,DE,4,25,0,0
F03-RastriginSep,DE,4,26,829.804,1
F03-RastriginSep,DE,4,27,791.415,1
F03-RastriginSep,DE,4,28,932.601,1
F03-RastriginSep,DE,4,29,821.255,1
F03-RastriginSep,DE,4,30,0,0
F03-RastriginSep,DE,4,31,881.28,1
F03-RastriginSep,DE,4,32,0,0
F03-RastriginSep,DE,4,33,823.673,1
F03-RastriginSep,DE,4,34,825.818,1
F03-RastriginSep,DE,4,35,0,0
F03-RastriginSep,DE,4,36,862.921,1
F03-RastriginSep,DE,4,37,0,0
F03-RastriginSep,DE,4,38,919.335,1
F03-RastriginSep,DE,4,39,0,0
F03-RastriginSep,DE,4,40,782.008,1
F03-RastriginSep,DE,4,41,0,0
F03-RastriginSep,DE,4,42,0,0
F03-RastriginSep,DE,4,43,867.421,1
F03-RastriginSep,DE,4,44,0,0
F03-RastriginSep,PSO,4,15,797.23,1
F03-RastriginSep,PSO,4,16,754.377,1
F03-RastriginSep,PSO,4,17,918.458,1
F03-RastriginSep,PSO,4,18,1.61123e-09,0
F03-RastriginSep,PSO,4,19,765.73,1
F03-RastriginSep,PSO,4,20,1.61123e-09,0
F03-RastriginSep,PSO,4,21,911.8,1
F03-RastriginSep,PSO,4,22,1.61123e-09,0
F03-RastriginSep,PSO,4,23,748.595,1
F03-RastriginSep,PSO,4,24,880.347,1
F03-RastriginSep,PSO,4,25,1.61123e-09,0
F03-RastriginSep,PSO,4,26,829.805,1
F03-RastriginSep,PSO,4,27,791.415,1
F03-RastriginSep,PSO,4,28,932.601,1
F03-RastriginSep,PSO,4,29,821.255,1
F03-RastriginSep,PSO,4,30,1.61123e-09,0
F03-RastriginSep,PSO,4,31,881.28,1
F03-RastriginSep,PSO,4,32,1.61123e-09,0
F03-RastriginSep,PSO,4,33,823.673,1
F03-RastriginSep,PSO,4,34,825.818,1
F03-RastriginSep,PSO,4,35,1.61123e-09,0
F03-RastriginSep,PSO,4,36,862.921,1
F03-RastriginSep,PSO,4,37,1.61123e-09,0
F03-RastriginSep,PSO,4,38,919.335,1
F03-RastriginSep,PSO,4,39,1.61123e-09,0
F03-RastriginSep,PSO,4,40,782.008,1
F03-RastriginSep,PSO,4,41,1.61123e-09,0
F03-RastriginSep,PSO,4,42,1.61123e-09,0
F03-RastriginSep,PSO,4,43,867.421,1
F03-RastriginSep,PSO,4,44,1.61123e-09,0
F03-RastriginSep,Crowding-DE,4,15,751.71,1
F03-RastriginSep,Crowding-DE,4,16,0.177132,0
F03-RastriginSep,Crowding-DE,4,17,868.477,1
F03-RastriginSep,Crowding-DE,4,18,0.000429765,0
F03-RastriginSep,Crowding-DE,4,19,0.177132,0
F03-RastriginSep,Crowding-DE,4,20,0.000429765,0
F03-RastriginSep,Crowding-DE,4,21,839.443,1
F03-RastriginSep,Crowding-DE,4,22,0.000429765,0
F03-RastriginSep,Crowding-DE,4,23,0.177132,0
F03-RastriginSep,Crowding-DE,4,24,808.321,1
F03-RastriginSep,Crowding-DE,4,25,0.000429765,0
F03-RastriginSep,Crowding-DE,4,26,758.051,1
F03-RastriginSep,Crowding-DE,4,27,0.0353991,0
F03-RastriginSep,Crowding-DE,4,28,884.635,1
F03-RastriginSep,Crowding-DE,4,29,750.179,1
F03-RastriginSep,Crowding-DE,4,30,0.000429765,0
F03-RastriginSep,Crowding-DE,4,31,839.091,1
F03-RastriginSep,Crowding-DE,4,32,0.000429765,0
F03-RastriginSep,Crowding-DE,4,33,777.994,1
F03-RastriginSep,Crowding-DE,4,34,779.272,1
F03-RastriginSep,Crowding-DE,4,35,0.000429765,0
F03-RastriginSep,Crowding-DE,4,36,817.764,1
F03-RastriginSep,Crowding-DE,4,37,0.000429765,0
F03-RastriginSep,Crowding-DE,4,38,880.099,1
F03-RastriginSep,Crowding-DE,4,39,0.000429765,0
F03-RastriginSep,Crowding-DE,4,40,737.845,1
F03-RastriginSep,Crowding-DE,4,41,0.000429765,0
F03-RastriginSep,Crowding-DE,4,42,0.000429765,0
F03-RastriginSep,Crowding-DE,4,43,821.228,1
F03-RastriginSep,Crowding-DE,4,44,0.000429765,0
F03-RastriginSep,MAP-Elites,4,15,775.289,1
F03-RastriginSep,MAP-Elites,4,16,0.644894,0
F03-RastriginSep,MAP-Elites,4,17,854.951,1
F03-RastriginSep,MAP-Elites,4,18,1.63985,0
F03-RastriginSep,MAP-Elites,4,19,0.644894,0
F03-RastriginSep,MAP-Elites,4,20,2.62439,0
F03-RastriginSep,MAP-Elites,4,21,842.635,1
F03-RastriginSep,MAP-Elites,4,22,1.63985,0
F03-RastriginSep,MAP-Elites,4,23,0.644894,0
F03-RastriginSep,MAP-Elites,4,24,812.365,1
F03-RastriginSep,MAP-Elites,4,25,1.63985,0
F03-RastriginSep,MAP-Elites,4,26,762.643,1
F03-RastriginSep,MAP-Elites,4,27,0.0198766,0
F03-RastriginSep,MAP-Elites,4,28,870.63,1
F03-RastriginSep,MAP-Elites,4,29,755.849,1
F03-RastriginSep,MAP-Elites,4,30,1.63985,0
F03-RastriginSep,MAP-Elites,4,31,834.374,1
F03-RastriginSep,MAP-Elites,4,32,2.62439,0
F03-RastriginSep,MAP-Elites,4,33,791.845,1
F03-RastriginSep,MAP-Elites,4,34,804.045,1
F03-RastriginSep,MAP-Elites,4,35,1.63985,0
F03-RastriginSep,MAP-Elites,4,36,827.715,1
F03-RastriginSep,MAP-Elites,4,37,1.63985,0
F03-RastriginSep,MAP-Elites,4,38,864.423,1
F03-RastriginSep,MAP-Elites,4,39,1.63985,0
F03-RastriginSep,MAP-Elites,4,40,745.363,1
F03-RastriginSep,MAP-Elites,4,41,1.63985,0
F03-RastriginSep,MAP-Elites,4,42,1.63985,0
F03-RastriginSep,MAP-Elites,4,43,840.269,1
F03-RastriginSep,MAP-Elites,4,44,1.63985,0
F03-RastriginSep,MC-ESO-crowd,4,15,775.504,1
F03-RastriginSep,MC-ESO-crowd,4,16,0.241829,0
F03-RastriginSep,MC-ESO-crowd,4,17,820.314,1
F03-RastriginSep,MC-ESO-crowd,4,18,0.0305129,0
F03-RastriginSep,MC-ESO-crowd,4,19,0.241829,0
F03-RastriginSep,MC-ESO-crowd,4,20,0.0305129,0
F03-RastriginSep,MC-ESO-crowd,4,21,769.634,1
F03-RastriginSep,MC-ESO-crowd,4,22,0.0305129,0
F03-RastriginSep,MC-ESO-crowd,4,23,0.241829,0
F03-RastriginSep,MC-ESO-crowd,4,24,738.865,1
F03-RastriginSep,MC-ESO-crowd,4,25,0.0305129,0
F03-RastriginSep,MC-ESO-crowd,4,26,0.0230995,0
F03-RastriginSep,MC-ESO-crowd,4,27,0.497984,0
F03-RastriginSep,MC-ESO-crowd,4,28,838.453,1
F03-RastriginSep,MC-ESO-crowd,4,29,0.0230995,0
F03-RastriginSep,MC-ESO-crowd,4,30,0.0305129,0
F03-RastriginSep,MC-ESO-crowd,4,31,822.764,1
F03-RastriginSep,MC-ESO-crowd,4,32,0.0305129,0
F03-RastriginSep,MC-ESO-crowd,4,33,797.261,1
F03-RastriginSep,MC-ESO-crowd,4,34,822.084,1
F03-RastriginSep,MC-ESO-crowd,4,35,0.0305129,0
F03-RastriginSep,MC-ESO-crowd,4,36,829.526,1
F03-RastriginSep,MC-ESO-crowd,4,37,0.0305129,0
F03-RastriginSep,MC-ESO-crowd,4,38,842.517,1
F03-RastriginSep,MC-ESO-crowd,4,39,0.0305129,0
F03-RastriginSep,MC-ESO-crowd,4,40,745.073,1
F03-RastriginSep,MC-ESO-crowd,4,41,0.0305129,0
F03-RastriginSep,MC-ESO-crowd,4,42,0.0305129,0
F03-RastriginSep,MC-ESO-crowd,4,43,850.509,1
F03-RastriginSep,MC-ESO-crowd,4,44,0.0305129,0
F03-RastriginSep,quality,4,15,775.792,1
F03-RastriginSep,quality,4,16,0,0
F03-RastriginSep,quality,4,17,868.35,1
F03-RastriginSep,quality,4,18,1.05729e-11,0
F03-RastriginSep,quality,4,19,0,0
F03-RastriginSep,quality,4,20,1.05729e-11,0
F03-RastriginSep,quality,4,21,839.72,1
F03-RastriginSep,quality,4,22,1.05729e-11,0
F03-RastriginSep,quality,4,23,0,0
F03-RastriginSep,quality,4,24,808.611,1
F03-RastriginSep,quality,4,25,1.05729e-11,0
F03-RastriginSep,quality,4,26,758.35,1
F03-RastriginSep,quality,4,27,747.548,1
F03-RastriginSep,quality,4,28,884.49,1
F03-RastriginSep,quality,4,29,750.495,1
F03-RastriginSep,quality,4,30,1.05729e-11,0
F03-RastriginSep,quality,4,31,850.976,1
F03-RastriginSep,quality,4,32,1.05729e-11,0
F03-RastriginSep,quality,4,33,802.351,1
F03-RastriginSep,quality,4,34,804.031,1
F03-RastriginSep,quality,4,35,1.05729e-11,0
F03-RastriginSep,quality,4,36,841.857,1
F03-RastriginSep,quality,4,37,1.05729e-11,0
F03-RastriginSep,quality,4,38,879.884,1
F03-RastriginSep,quality,4,39,1.05729e-11,0
F03-RastriginSep,quality,4,40,761.134,1
F03-RastriginSep,quality,4,41,1.05729e-11,0
F03-RastriginSep,quality,4,42,1.05729e-11,0
F03-RastriginSep,quality,4,43,845.836,1
F03-RastriginSep,quality,4,44,1.05729e-11,0
F03-RastriginSep,complement,4,15,0,0
F03-RastriginSep,complement,4,16,11.9395,0
F03-RastriginSep,complement,4,17,23.8781,0
F03-RastriginSep,complement,4,18,1.05729e-11,0
F03-RastriginSep,complement,4,19,11.9395,0
F03-RastriginSep,complement,4,20,1.05729e-11,0
F03-RastriginSep,complement,4,21,6.96464,0
F03-RastriginSep,complement,4,22,1.05729e-11,0
F03-RastriginSep,complement,4,23,11.9395,0
F03-RastriginSep,complement,4,24,8.95454,0
F03-RastriginSep,complement,4,25,1.05729e-11,0
F03-RastriginSep,complement,4,26,12.9344,0
F03-RastriginSep,complement,4,27,8.9546,0
F03-RastriginSep,complement,4,28,0,0
F03-RastriginSep,complement,4,29,12.9344,0
F03-RastriginSep,complement,4,30,1.05729e-11,0
F03-RastriginSep,complement,4,31,23.8781,0
F03-RastriginSep,complement,4,32,1.05729e-11,0
F03-RastriginSep,complement,4,33,0,0
F03-RastriginSep,complement,4,34,0,0
F03-RastriginSep,complement,4,35,1.05729e-11,0
F03-RastriginSep,complement,4,36,752.045,1
F03-RastriginSep,complement,4,37,1.05729e-11,0
F03-RastriginSep,complement,4,38,0,0
F03-RastriginSep,complement,4,39,1.05729e-11,0
F03-RastriginSep,complement,4,40,7.95964,0
F03-RastriginSep,complement,4,41,1.05729e-11,0
F03-RastriginSep,complement,4,42,1.05729e-11,0
F03-RastriginSep,complement,4,43,752.773,1
F03-RastriginSep,complement,4,44,1.05729e-11,0
F04-BucheRastrigin,MC-ESO,0,15,0,0
F04-BucheRastrigin,MC-ESO,0,16,0,0
F04-BucheRastrigin,MC-ESO,0,17,1306.86,1
F04-BucheRastrigin,MC-ESO,0,18,1276.3,1
F04-BucheRastrigin,MC-ESO,0,19,1364.64,1
F04-BucheRastrigin,MC-ESO,0,20,0,0
F04-BucheRastrigin,MC-ESO,0,21,1409.6,1
F04-BucheRastrigin,MC-ESO,0,22,1262.9,1
F04-BucheRastrigin,MC-ESO,0,23,4.92906,0
F04-BucheRastrigin,MC-ESO,0,24,0,0
F04-BucheRastrigin,MC-ESO,0,25,0,0
F04-BucheRastrigin,MC-ESO,0,26,0,0
F04-BucheRastrigin,MC-ESO,0,27,0,0
F04-BucheRastrigin,MC-ESO,0,28,0,0
F04-BucheRastrigin,MC-ESO,0,29,5.26896e-07,0
F04-BucheRastrigin,MC-ESO,0,30,0,0
F04-BucheRastrigin,MC-ESO,0,31,1.63866,0
F04-BucheRastrigin,MC-ESO,0,32,0,0
F04-BucheRastrigin,MC-ESO,0,33,1.94474,0
F04-BucheRastrigin,MC-ESO,0,34,0,0
F04-BucheRastrigin,MC-ESO,0,35,1254.49,1
F04-BucheRastrigin,MC-ESO,0,36,1221.03,1
F04-BucheRastrigin,MC-ESO,0,37,5.1832,0
F04-BucheRastrigin,MC-ESO,0,38,5.1832,0
F04-BucheRastrigin,MC-ESO,0,39,0,0
F04-BucheRastrigin,MC-ESO,0,40,0,0
F04-BucheRastrigin,MC-ESO,0,41,0,0
F04-BucheRastrigin,MC-ESO,0,42,5.26896e-07,0
F04-BucheRastrigin,MC-ESO,0,43,1212.18,1
F04-BucheRastrigin,MC-ESO,0,44,1234.93,1
F04-BucheRastrigin,NMMSO,0,15,1.05188e-08,0
F04-BucheRastrigin,NMMSO,0,16,1.05188e-08,0
F04-BucheRastrigin,NMMSO,0,17,1337.22,1
F04-BucheRastrigin,NMMSO,0,18,1297.78,1
F04-BucheRastrigin,NMMSO,0,19,1374.98,1
F04-BucheRastrigin,NMMSO,0,20,1.05188e-08,0
F04-BucheRastrigin,NMMSO,0,21,1427.76,1
F04-BucheRastrigin,NMMSO,0,22,1277.61,1
F04-BucheRastrigin,NMMSO,0,23,2.98432,0
F04-BucheRastrigin,NMMSO,0,24,1.05188e-08,0
F04-BucheRastrigin,NMMSO,0,25,1.05188e-08,0
F04-BucheRastrigin,NMMSO,0,26,1.05188e-08,0
F04-BucheRastrigin,NMMSO,0,27,1.05188e-08,0
F04-BucheRastrigin,NMMSO,0,28,1.05188e-08,0
F04-BucheRastrigin,NMMSO,0,29,0.00822164,0
F04-BucheRastrigin,NMMSO,0,30,1.05188e-08,0
F04-BucheRastrigin,NMMSO,0,31,3.70175,0
F04-BucheRastrigin,NMMSO,0,32,1.05188e-08,0
F04-BucheRastrigin,NMMSO,0,33,1.69114e-08,0
F04-BucheRastrigin,NMMSO,0,34,1.05188e-08,0
F04-BucheRastrigin,NMMSO,0,35,1257.57,1
F04-BucheRastrigin,NMMSO,0,36,1204.65,1
F04-BucheRastrigin,NMMSO,0,37,1.3738e-08,0
F04-BucheRastrigin,NMMSO,0,38,1.3738e-08,0
F04-BucheRastrigin,NMMSO,0,39,1.05188e-08,0
F04-BucheRastrigin,NMMSO,0,40,1.05188e-08,0
F04-BucheRastrigin,NMMSO,0,41,1.05188e-08,0
F04-BucheRastrigin,NMMSO,0,42,0.00822164,0
F04-BucheRastrigin,NMMSO,0,43,1212.18,1
F04-BucheRastrigin,NMMSO,0,44,1234.93,1
F04-BucheRastrigin,NCDE,0,15,0.0717333,0
F04-BucheRastrigin,NCDE,0,16,0.0717333,0
F04-BucheRastrigin,NCDE,0,17,1318.09,1
F04-BucheRastrigin,NCDE,0,18,1219.07,1
F04-BucheRastrigin,NCDE,0,19,1469.5,1
F04-BucheRastrigin,NCDE,0,20,0.0717333,0
F04-BucheRastrigin,NCDE,0,21,1503.28,1
F04-BucheRastrigin,NCDE,0,22,1362.24,1
F04-BucheRastrigin,NCDE,0,23,3.0669,0
F04-BucheRastrigin,NCDE,0,24,0.0717333,0
F04-BucheRastrigin,NCDE,0,25,0.0717333,0
F04-BucheRastrigin,NCDE,0,26,0.0717333,0
F04-BucheRastrigin,NCDE,0,27,0.0717333,0
F04-BucheRastrigin,NCDE,0,28,0.0717333,0
F04-BucheRastrigin,NCDE,0,29,0.00507137,0
F04-BucheRastrigin,NCDE,0,30,0.0717333,0
F04-BucheRastrigin,NCDE,0,31,1204.45,1
F04-BucheRastrigin,NCDE,0,32,0.0717333,0
F04-BucheRastrigin,NCDE,0,33,0.0825812,0
F04-BucheRastrigin,NCDE,0,34,0.0717333,0
F04-BucheRastrigin,NCDE,0,35,1365,1
F04-BucheRastrigin,NCDE,0,36,1328.19,1
F04-BucheRastrigin,NCDE,0,37,1300.74,1
F04-BucheRastrigin,NCDE,0,38,1217.68,1
F04-BucheRastrigin,NCDE,0,39,0.0717333,0
F04-BucheRastrigin,NCDE,0,40,0.0717333,0
F04-BucheRastrigin,NCDE,0,41,0.0717333,0
F04-BucheRastrigin,NCDE,0,42,0.00507137,0
F04-BucheRastrigin,NCDE,0,43,1153.02,1
F04-BucheRastrigin,NCDE,0,44,1160.78,1
F04-BucheRastrigin,r3pso,0,15,1.04728e-09,0
F04-BucheRastrigin,r3pso,0,16,1.04728e-09,0
F04-BucheRastrigin,r3pso,0,17,1393.98,1
F04-BucheRastrigin,r3pso,0,18,1297.78,1
F04-BucheRastrigin,r3pso,0,19,1558.28,1
F04-BucheRastrigin,r3pso,0,20,1.04728e-09,0
F04-BucheRastrigin,r3pso,0,21,1574.49,1
F04-BucheRastrigin,r3pso,0,22,1441.87,1
F04-BucheRastrigin,r3pso,0,23,0,0
F04-BucheRastrigin,r3pso,0,24,1.04728e-09,0
F04-BucheRastrigin,r3pso,0,25,1.04728e-09,0
F04-BucheRastrigin,r3pso,0,26,1.04728e-09,0
F04-BucheRastrigin,r3pso,0,27,1.04728e-09,0
F04-BucheRastrigin,r3pso,0,28,1.04728e-09,0
F04-BucheRastrigin,r3pso,0,29,0.000553615,0
F04-BucheRastrigin,r3pso,0,30,1.04728e-09,0
F04-BucheRastrigin,r3pso,0,31,1304.2,1
F04-BucheRastrigin,r3pso,0,32,1.04728e-09,0
F04-BucheRastrigin,r3pso,0,33,1266.11,1
F04-BucheRastrigin,r3pso,0,34,1.04728e-09,0
F04-BucheRastrigin,r3pso,0,35,1465.73,1
F04-BucheRastrigin,r3pso,0,36,1443.84,1
F04-BucheRastrigin,r3pso,0,37,1407.81,1
F04-BucheRastrigin,r3pso,0,38,1329.96,1
F04-BucheRastrigin,r3pso,0,39,1.04728e-09,0
F04-BucheRastrigin,r3pso,0,40,1.04728e-09,0
F04-BucheRastrigin,r3pso,0,41,1.04728e-09,0
F04-BucheRastrigin,r3pso,0,42,0.000553615,0
F04-BucheRastrigin,r3pso,0,43,1212.18,1
F04-BucheRastrigin,r3pso,0,44,1234.93,1
F04-BucheRastrigin,NM-Restart,0,15,0.994959,0
F04-BucheRastrigin,NM-Restart,0,16,0.994959,0
F04-BucheRastrigin,NM-Restart,0,17,1318.18,1
F04-BucheRastrigin,NM-Restart,0,18,1221.63,1
F04-BucheRastrigin,NM-Restart,0,19,1496.41,1
F04-BucheRastrigin,NM-Restart,0,20,0.994959,0
F04-BucheRastrigin,NM-Restart,0,21,1514.01,1
F04-BucheRastrigin,NM-Restart,0,22,1386.57,1
F04-BucheRastrigin,NM-Restart,0,23,3.97928,0
F04-BucheRastrigin,NM-Restart,0,24,0.994959,0
F04-BucheRastrigin,NM-Restart,0,25,0.994959,0
F04-BucheRastrigin,NM-Restart,0,26,0.994959,0
F04-BucheRastrigin,NM-Restart,0,27,0.994959,0
F04-BucheRastrigin,NM-Restart,0,28,0.994959,0
F04-BucheRastrigin,NM-Restart,0,29,0,0
F04-BucheRastrigin,NM-Restart,0,30,0.994959,0
F04-BucheRastrigin,NM-Restart,0,31,0.688875,0
F04-BucheRastrigin,NM-Restart,0,32,0.994959,0
F04-BucheRastrigin,NM-Restart,0,33,0.994959,0
F04-BucheRastrigin,NM-Restart,0,34,0.994959,0
F04-BucheRastrigin,NM-Restart,0,35,1386.83,1
F04-BucheRastrigin,NM-Restart,0,36,1334.2,1
F04-BucheRastrigin,NM-Restart,0,37,1318.65,1
F04-BucheRastrigin,NM-Restart,0,38,1213.09,1
F04-BucheRastrigin,NM-Restart,0,39,0.994959,0
F04-BucheRastrigin,NM-Restart,0,40,0.994959,0
F04-BucheRastrigin,NM-Restart,0,41,0.994959,0
F04-BucheRastrigin,NM-Restart,0,42,0,0
F04-BucheRastrigin,NM-Restart,0,43,1184.62,1
F04-BucheRastrigin,NM-Restart,0,44,1200.58,1
F04-BucheRastrigin,IPOP-CMA-ES,0,15,0.994959,0
F04-BucheRastrigin,IPOP-CMA-ES,0,16,1220.09,1
F04-BucheRastrigin,IPOP-CMA-ES,0,17,1366.8,1
F04-BucheRastrigin,IPOP-CMA-ES,0,18,1300.37,1
F04-BucheRastrigin,IPOP-CMA-ES,0,19,1472.08,1
F04-BucheRastrigin,IPOP-CMA-ES,0,20,1215.8,1
F04-BucheRastrigin,IPOP-CMA-ES,0,21,1505.35,1
F04-BucheRastrigin,IPOP-CMA-ES,0,22,1364.55,1
F04-BucheRastrigin,IPOP-CMA-ES,0,23,2.98432,0
F04-BucheRastrigin,IPOP-CMA-ES,0,24,0.994959,0
F04-BucheRastrigin,IPOP-CMA-ES,0,25,1240.43,1
F04-BucheRastrigin,IPOP-CMA-ES,0,26,0.994959,0
F04-BucheRastrigin,IPOP-CMA-ES,0,27,0.994959,0
F04-BucheRastrigin,IPOP-CMA-ES,0,28,0.994959,0
F04-BucheRastrigin,IPOP-CMA-ES,0,29,0,0
F04-BucheRastrigin,IPOP-CMA-ES,0,30,0.994959,0
F04-BucheRastrigin,IPOP-CMA-ES,0,31,1207.37,1
F04-BucheRastrigin,IPOP-CMA-ES,0,32,0.994959,0
F04-BucheRastrigin,IPOP-CMA-ES,0,33,0,0
F04-BucheRastrigin,IPOP-CMA-ES,0,34,0.994959,0
F04-BucheRastrigin,IPOP-CMA-ES,0,35,1367.93,1
F04-BucheRastrigin,IPOP-CMA-ES,0,36,1331.56,1
F04-BucheRastrigin,IPOP-CMA-ES,0,37,1303.86,1
F04-BucheRastrigin,IPOP-CMA-ES,0,38,1220.96,1
F04-BucheRastrigin,IPOP-CMA-ES,0,39,0.994959,0
F04-BucheRastrigin,IPOP-CMA-ES,0,40,0.994959,0
F04-BucheRastrigin,IPOP-CMA-ES,0,41,0.994959,0
F04-BucheRastrigin,IPOP-CMA-ES,0,42,0,0
F04-BucheRastrigin,IPOP-CMA-ES,0,43,1290.35,1
F04-BucheRastrigin,IPOP-CMA-ES,0,44,1274.86,1
F04-BucheRastrigin,DE,0,15,0,0
F04-BucheRastrigin,DE,0,16,0,0
F04-BucheRastrigin,DE,0,17,1424.45,1
F04-BucheRastrigin,DE,0,18,1297.78,1
F04-BucheRastrigin,DE,0,19,1650.15,1
F04-BucheRastrigin,DE,0,20,0,0
F04-BucheRastrigin,DE,0,21,1648.61,1
F04-BucheRastrigin,DE,0,22,1524.5,1
F04-BucheRastrigin,DE,0,23,1282.6,1
F04-BucheRastrigin,DE,0,24,0,0
F04-BucheRastrigin,DE,0,25,0,0
F04-BucheRastrigin,DE,0,26,0,0
F04-BucheRastrigin,DE,0,27,0,0
F04-BucheRastrigin,DE,0,28,0,0
F04-BucheRastrigin,DE,0,29,1276.48,1
F04-BucheRastrigin,DE,0,30,0,0
F04-BucheRastrigin,DE,0,31,1407.06,1
F04-BucheRastrigin,DE,0,32,0,0
F04-BucheRastrigin,DE,0,33,1385.15,1
F04-BucheRastrigin,DE,0,34,0,0
F04-BucheRastrigin,DE,0,35,1569.65,1
F04-BucheRastrigin,DE,0,36,1562.8,1
F04-BucheRastrigin,DE,0,37,1518.13,1
F04-BucheRastrigin,DE,0,38,1445.5,1
F04-BucheRastrigin,DE,0,39,0,0
F04-BucheRastrigin,DE,0,40,0,0
F04-BucheRastrigin,DE,0,41,0,0
F04-BucheRastrigin,DE,0,42,1314.97,1
F04-BucheRastrigin,DE,0,43,1212.18,1
F04-BucheRastrigin,DE,0,44,1234.93,1
F04-BucheRastrigin,PSO,0,15,6.53699e-12,0
F04-BucheRastrigin,PSO,0,16,6.53699e-12,0
F04-BucheRastrigin,PSO,0,17,1424.45,1
F04-BucheRastrigin,PSO,0,18,1297.78,1
F04-BucheRastrigin,PSO,0,19,1650.15,1
F04-BucheRastrigin,PSO,0,20,6.53699e-12,0
F04-BucheRastrigin,PSO,0,21,1648.61,1
F04-BucheRastrigin,PSO,0,22,1524.5,1
F04-BucheRastrigin,PSO,0,23,1282.6,1
F04-BucheRastrigin,PSO,0,24,6.53699e-12,0
F04-BucheRastrigin,PSO,0,25,6.53699e-12,0
F04-BucheRastrigin,PSO,0,26,6.53699e-12,0
F04-BucheRastrigin,PSO,0,27,6.53699e-12,0
F04-BucheRastrigin,PSO,0,28,6.53699e-12,0
F04-BucheRastrigin,PSO,0,29,1276.48,1
F04-BucheRastrigin,PSO,0,30,6.53699e-12,0
F04-BucheRastrigin,PSO,0,31,1407.06,1
F04-BucheRastrigin,PSO,0,32,6.53699e-12,0
F04-BucheRastrigin,PSO,0,33,1385.15,1
F04-BucheRastrigin,PSO,0,34,6.53699e-12,0
F04-BucheRastrigin,PSO,0,35,1569.65,1
F04-BucheRastrigin,PSO,0,36,1562.8,1
F04-BucheRastrigin,PSO,0,37,1518.13,1
F04-BucheRastrigin,PSO,0,38,1445.5,1
F04-BucheRastrigin,PSO,0,39,6.53699e-12,0
F04-BucheRastrigin,PSO,0,40,6.53699e-12,0
F04-BucheRastrigin,PSO,0,41,6.53699e-12,0
F04-BucheRastrigin,PSO,0,42,1314.97,1
F04-BucheRastrigin,PSO,0,43,1212.18,1
F04-BucheRastrigin,PSO,0,44,1234.93,1
F04-BucheRastrigin,Crowding-DE,0,15,0.0647188,0
F04-BucheRastrigin,Crowding-DE,0,16,0.0647188,0
F04-BucheRastrigin,Crowding-DE,0,17,1318.07,1
F04-BucheRastrigin,Crowding-DE,0,18,1221.06,1
F04-BucheRastrigin,Crowding-DE,0,19,1473.24,1
F04-BucheRastrigin,Crowding-DE,0,20,0.0647188,0
F04-BucheRastrigin,Crowding-DE,0,21,1506.03,1
F04-BucheRastrigin,Crowding-DE,0,22,1365.46,1
F04-BucheRastrigin,Crowding-DE,0,23,0.366662,0
F04-BucheRastrigin,Crowding-DE,0,24,0.0647188,0
F04-BucheRastrigin,Crowding-DE,0,25,0.0647188,0
F04-BucheRastrigin,Crowding-DE,0,26,0.0647188,0
F04-BucheRastrigin,Crowding-DE,0,27,0.0647188,0
F04-BucheRastrigin,Crowding-DE,0,28,0.0647188,0
F04-BucheRastrigin,Crowding-DE,0,29,0.367215,0
F04-BucheRastrigin,Crowding-DE,0,30,0.0647188,0
F04-BucheRastrigin,Crowding-DE,0,31,1209.96,1
F04-BucheRastrigin,Crowding-DE,0,32,0.0647188,0
F04-BucheRastrigin,Crowding-DE,0,33,0.168936,0
F04-BucheRastrigin,Crowding-DE,0,34,0.0647188,0
F04-BucheRastrigin,Crowding-DE,0,35,1369.47,1
F04-BucheRastrigin,Crowding-DE,0,36,1333.85,1
F04-BucheRastrigin,Crowding-DE,0,37,1305.63,1
F04-BucheRastrigin,Crowding-DE,0,38,1223.49,1
F04-BucheRastrigin,Crowding-DE,0,39,0.0647188,0
F04-BucheRastrigin,Crowding-DE,0,40,0.0647188,0
F04-BucheRastrigin,Crowding-DE,0,41,0.0647188,0
F04-BucheRastrigin,Crowding-DE,0,42,0.367215,0
F04-BucheRastrigin,Crowding-DE,0,43,1154.09,1
F04-BucheRastrigin,Crowding-DE,0,44,1162.38,1
F04-BucheRastrigin,MAP-Elites,0,15,1.12296,0
F04-BucheRastrigin,MAP-Elites,0,16,1.12296,0
F04-BucheRastrigin,MAP-Elites,0,17,1351.16,1
F04-BucheRastrigin,MAP-Elites,0,18,1218.18,1
F04-BucheRastrigin,MAP-Elites,0,19,1487.56,1
F04-BucheRastrigin,MAP-Elites,0,20,1.12296,0
F04-BucheRastrigin,MAP-Elites,0,21,1518.23,1
F04-BucheRastrigin,MAP-Elites,0,22,1378.68,1
F04-BucheRastrigin,MAP-Elites,0,23,2.69759,0
F04-BucheRastrigin,MAP-Elites,0,24,1.12296,0
F04-BucheRastrigin,MAP-Elites,0,25,1.12296,0
F04-BucheRastrigin,MAP-Elites,0,26,1.12296,0
F04-BucheRastrigin,MAP-Elites,0,27,1.12296,0
F04-BucheRastrigin,MAP-Elites,0,28,1.12296,0
F04-BucheRastrigin,MAP-Elites,0,29,2.69815,0
F04-BucheRastrigin,MAP-Elites,0,30,1.12296,0
F04-BucheRastrigin,MAP-Elites,0,31,1224.53,1
F04-BucheRastrigin,MAP-Elites,0,32,1.12296,0
F04-BucheRastrigin,MAP-Elites,0,33,2.00658,0
F04-BucheRastrigin,MAP-Elites,0,34,1.12296,0
F04-BucheRastrigin,MAP-Elites,0,35,1385.18,1
F04-BucheRastrigin,MAP-Elites,0,36,1351.03,1
F04-BucheRastrigin,MAP-Elites,0,37,1322.04,1
F04-BucheRastrigin,MAP-Elites,0,38,1239.95,1
F04-BucheRastrigin,MAP-Elites,0,39,1.12296,0
F04-BucheRastrigin,MAP-Elites,0,40,1.12296,0
F04-BucheRastrigin,MAP-Elites,0,41,1.12296,0
F04-BucheRastrigin,MAP-Elites,0,42,2.69815,0
F04-BucheRastrigin,MAP-Elites,0,43,1146.08,1
F04-BucheRastrigin,MAP-Elites,0,44,1156.51,1
F04-BucheRastrigin,MC-ESO-crowd,0,15,0.36928,0
F04-BucheRastrigin,MC-ESO-crowd,0,16,0.36928,0
F04-BucheRastrigin,MC-ESO-crowd,0,17,1318.89,1
F04-BucheRastrigin,MC-ESO-crowd,0,18,1223.08,1
F04-BucheRastrigin,MC-ESO-crowd,0,19,1375.21,1
F04-BucheRastrigin,MC-ESO-crowd,0,20,0.36928,0
F04-BucheRastrigin,MC-ESO-crowd,0,21,1427.88,1
F04-BucheRastrigin,MC-ESO-crowd,0,22,1277.79,1
F04-BucheRastrigin,MC-ESO-crowd,0,23,0.0145418,0
F04-BucheRastrigin,MC-ESO-crowd,0,24,0.36928,0
F04-BucheRastrigin,MC-ESO-crowd,0,25,0.36928,0
F04-BucheRastrigin,MC-ESO-crowd,0,26,0.36928,0
F04-BucheRastrigin,MC-ESO-crowd,0,27,0.36928,0
F04-BucheRastrigin,MC-ESO-crowd,0,28,0.36928,0
F04-BucheRastrigin,MC-ESO-crowd,0,29,0.0150955,0
F04-BucheRastrigin,MC-ESO-crowd,0,30,0.36928,0
F04-BucheRastrigin,MC-ESO-crowd,0,31,0,0
F04-BucheRastrigin,MC-ESO-crowd,0,32,0.36928,0
F04-BucheRastrigin,MC-ESO-crowd,0,33,0.306085,0
F04-BucheRastrigin,MC-ESO-crowd,0,34,0.36928,0
F04-BucheRastrigin,MC-ESO-crowd,0,35,1257.89,1
F04-BucheRastrigin,MC-ESO-crowd,0,36,1205.15,1
F04-BucheRastrigin,MC-ESO-crowd,0,37,0.012738,0
F04-BucheRastrigin,MC-ESO-crowd,0,38,0.012738,0
F04-BucheRastrigin,MC-ESO-crowd,0,39,0.36928,0
F04-BucheRastrigin,MC-ESO-crowd,0,40,0.36928,0
F04-BucheRastrigin,MC-ESO-crowd,0,41,0.36928,0
F04-BucheRastrigin,MC-ESO-crowd,0,42,0.0150955,0
F04-BucheRastrigin,MC-ESO-crowd,0,43,1215.88,1
F04-BucheRastrigin,MC-ESO-crowd,0,44,1202.76,1
F04-BucheRastrigin,quality,0,15,3.14185e-09,0
F04-BucheRastrigin,quality,0,16,3.14185e-09,0
F04-BucheRastrigin,quality,0,17,1348.58,1
F04-BucheRastrigin,quality,0,18,1219.03,1
F04-BucheRastrigin,quality,0,19,1582.72,1
F04-BucheRastrigin,quality,0,20,3.14185e-09,0
F04-BucheRastrigin,quality,0,21,1588.03,1
F04-BucheRastrigin,quality,0,22,1469.09,1
F04-BucheRastrigin,quality,0,23,0.994405,0
F04-BucheRastrigin,quality,0,24,3.14185e-09,0
F04-BucheRastrigin,quality,0,25,3.14185e-09,0
F04-BucheRastrigin,quality,0,26,3.14185e-09,0
F04-BucheRastrigin,quality,0,27,3.14185e-09,0
F04-BucheRastrigin,quality,0,28,3.14185e-09,0
F04-BucheRastrigin,quality,0,29,0.994959,0
F04-BucheRastrigin,quality,0,30,3.14185e-09,0
F04-BucheRastrigin,quality,0,31,1286.83,1
F04-BucheRastrigin,quality,0,32,3.14185e-09,0
F04-BucheRastrigin,quality,0,33,1266.22,1
F04-BucheRastrigin,quality,0,34,3.14185e-09,0
F04-BucheRastrigin,quality,0,35,1484.75,1
F04-BucheRastrigin,quality,0,36,1446.59,1
F04-BucheRastrigin,quality,0,37,1422.73,1
F04-BucheRastrigin,quality,0,38,1322.2,1
F04-BucheRastrigin,quality,0,39,3.14185e-09,0
F04-BucheRastrigin,quality,0,40,3.14185e-09,0
F04-BucheRastrigin,quality,0,41,3.14185e-09,0
F04-BucheRastrigin,quality,0,42,0.994959,0
F04-BucheRastrigin,quality,0,43,1152.82,1
F04-BucheRastrigin,quality,0,44,1160.66,1
F04-BucheRastrigin,complement,0,15,3.14185e-09,0
F04-BucheRastrigin,complement,0,16,3.14185e-09,0
F04-BucheRastrigin,complement,0,17,167.121,0
F04-BucheRastrigin,complement,0,18,167.121,0
F04-BucheRastrigin,complement,0,19,8.9546,0
F04-BucheRastrigin,complement,0,20,3.14185e-09,0
F04-BucheRastrigin,complement,0,21,234.755,0
F04-BucheRastrigin,complement,0,22,0,0
F04-BucheRastrigin,complement,0,23,18.9036,0
F04-BucheRastrigin,complement,0,24,3.14185e-09,0
F04-BucheRastrigin,complement,0,25,3.14185e-09,0
F04-BucheRastrigin,complement,0,26,3.14185e-09,0
F04-BucheRastrigin,complement,0,27,3.14185e-09,0
F04-BucheRastrigin,complement,0,28,3.14185e-09,0
F04-BucheRastrigin,complement,0,29,18.9041,0
F04-BucheRastrigin,complement,0,30,3.14185e-09,0
F04-BucheRastrigin,complement,0,31,15.6132,0
F04-BucheRastrigin,complement,0,32,3.14185e-09,0
F04-BucheRastrigin,complement,0,33,15.9192,0
F04-BucheRastrigin,complement,0,34,3.14185e-09,0
F04-BucheRastrigin,complement,0,35,3.97983,0
F04-BucheRastrigin,complement,0,36,3.97983,0
F04-BucheRastrigin,complement,0,37,10.9445,0
F04-BucheRastrigin,complement,0,38,10.9445,0
F04-BucheRastrigin,complement,0,39,3.14185e-09,0
F04-BucheRastrigin,complement,0,40,3.14185e-09,0
F04-BucheRastrigin,complement,0,41,3.14185e-09,0
F04-BucheRastrigin,complement,0,42,18.9041,0
F04-BucheRastrigin,complement,0,43,167.121,0
F04-BucheRastrigin,complement,0,44,167.121,0
F04-BucheRastrigin,MC-ESO,1,15,0,0
F04-BucheRastrigin,MC-ESO,1,16,1420.44,1
F04-BucheRastrigin,MC-ESO,1,17,1499.71,1
F04-BucheRastrigin,MC-ESO,1,18,0,0
F04-BucheRastrigin,MC-ESO,1,19,0,0
F04-BucheRastrigin,MC-ESO,1,20,0,0
F04-BucheRastrigin,MC-ESO,1,21,1566.23,1
F04-BucheRastrigin,MC-ESO,1,22,1493.31,1
F04-BucheRastrigin,MC-ESO,1,23,0,0
F04-BucheRastrigin,MC-ESO,1,24,1762.61,1
F04-BucheRastrigin,MC-ESO,1,25,0,0
F04-BucheRastrigin,MC-ESO,1,26,0,0
F04-BucheRastrigin,MC-ESO,1,27,0,0
F04-BucheRastrigin,MC-ESO,1,28,0,0
F04-BucheRastrigin,MC-ESO,1,29,0,0
F04-BucheRastrigin,MC-ESO,1,30,1507.75,1
F04-BucheRastrigin,MC-ESO,1,31,0,0
F04-BucheRastrigin,MC-ESO,1,32,1585.54,1
F04-BucheRastrigin,MC-ESO,1,33,1650.24,1
F04-BucheRastrigin,MC-ESO,1,34,0,0
F04-BucheRastrigin,MC-ESO,1,35,0,0
F04-BucheRastrigin,MC-ESO,1,36,1578.88,1
F04-BucheRastrigin,MC-ESO,1,37,0,0
F04-BucheRastrigin,MC-ESO,1,38,1366.28,1
F04-BucheRastrigin,MC-ESO,1,39,0,0
F04-BucheRastrigin,MC-ESO,1,40,1551.57,1
F04-BucheRastrigin,MC-ESO,1,41,0,0
F04-BucheRastrigin,MC-ESO,1,42,1582.07,1
F04-BucheRastrigin,MC-ESO,1,43,0,0
F04-BucheRastrigin,MC-ESO,1,44,0,0
F04-BucheRastrigin,NMMSO,1,15,1.77032e-07,0
F04-BucheRastrigin,NMMSO,1,16,2.10155,0
F04-BucheRastrigin,NMMSO,1,17,0.111638,0
F04-BucheRastrigin,NMMSO,1,18,1.77032e-07,0
F04-BucheRastrigin,NMMSO,1,19,1.77032e-07,0
F04-BucheRastrigin,NMMSO,1,20,1.77032e-07,0
F04-BucheRastrigin,NMMSO,1,21,1315.26,1
F04-BucheRastrigin,NMMSO,1,22,1408.81,1
F04-BucheRastrigin,NMMSO,1,23,1.77032e-07,0
F04-BucheRastrigin,NMMSO,1,24,1554.64,1
F04-BucheRastrigin,NMMSO,1,25,1.77032e-07,0
F04-BucheRastrigin,NMMSO,1,26,1.77032e-07,0
F04-BucheRastrigin,NMMSO,1,27,1.77032e-07,0
F04-BucheRastrigin,NMMSO,1,28,1.77032e-07,0
F04-BucheRastrigin,NMMSO,1,29,1.77032e-07,0
F04-BucheRastrigin,NMMSO,1,30,1422.76,1
F04-BucheRastrigin,NMMSO,1,31,1.77032e-07,0
F04-BucheRastrigin,NMMSO,1,32,1505.05,1
F04-BucheRastrigin,NMMSO,1,33,1569.89,1
F04-BucheRastrigin,NMMSO,1,34,1.77032e-07,0
F04-BucheRastrigin,NMMSO,1,35,1.77032e-07,0
F04-BucheRastrigin,NMMSO,1,36,1336.73,1
F04-BucheRastrigin,NMMSO,1,37,1.77032e-07,0
F04-BucheRastrigin,NMMSO,1,38,3.25086e-07,0
F04-BucheRastrigin,NMMSO,1,39,1.77032e-07,0
F04-BucheRastrigin,NMMSO,1,40,1316.98,1
F04-BucheRastrigin,NMMSO,1,41,1.77032e-07,0
F04-BucheRastrigin,NMMSO,1,42,1342.44,1
F04-BucheRastrigin,NMMSO,1,43,1.77032e-07,0
F04-BucheRastrigin,NMMSO,1,44,1.77032e-07,0
F04-BucheRastrigin,NCDE,1,15,0.00340342,0
F04-BucheRastrigin,NCDE,1,16,2.07238,0
F04-BucheRastrigin,NCDE,1,17,0.0824681,0
F04-BucheRastrigin,NCDE,1,18,0.00340342,0
F04-BucheRastrigin,NCDE,1,19,0.00340342,0
F04-BucheRastrigin,NCDE,1,20,0.00340342,0
F04-BucheRastrigin,NCDE,1,21,1317.11,1
F04-BucheRastrigin,NCDE,1,22,1410.22,1
F04-BucheRastrigin,NCDE,1,23,0.00340342,0
F04-BucheRastrigin,NCDE,1,24,1555.13,1
F04-BucheRastrigin,NCDE,1,25,0.00340342,0
F04-BucheRastrigin,NCDE,1,26,0.00340342,0
F04-BucheRastrigin,NCDE,1,27,0.00340342,0
F04-BucheRastrigin,NCDE,1,28,0.00340342,0
F04-BucheRastrigin,NCDE,1,29,0.00340342,0
F04-BucheRastrigin,NCDE,1,30,1423.85,1
F04-BucheRastrigin,NCDE,1,31,0.00340342,0
F04-BucheRastrigin,NCDE,1,32,1465.2,1
F04-BucheRastrigin,NCDE,1,33,1529.4,1
F04-BucheRastrigin,NCDE,1,34,0.00340342,0
F04-BucheRastrigin,NCDE,1,35,0.00340342,0
F04-BucheRastrigin,NCDE,1,36,1338.94,1
F04-BucheRastrigin,NCDE,1,37,0.00340342,0
F04-BucheRastrigin,NCDE,1,38,0.218303,0
F04-BucheRastrigin,NCDE,1,39,0.00340342,0
F04-BucheRastrigin,NCDE,1,40,1318.02,1
F04-BucheRastrigin,NCDE,1,41,0.00340342,0
F04-BucheRastrigin,NCDE,1,42,1343.62,1
F04-BucheRastrigin,NCDE,1,43,0.00340342,0
F04-BucheRastrigin,NCDE,1,44,0.00340342,0
F04-BucheRastrigin,r3pso,1,15,2.42153e-11,0
F04-BucheRastrigin,r3pso,1,16,1318.62,1
F04-BucheRastrigin,r3pso,1,17,1391.61,1
F04-BucheRastrigin,r3pso,1,18,2.42153e-11,0
F04-BucheRastrigin,r3pso,1,19,2.42153e-11,0
F04-BucheRastrigin,r3pso,1,20,2.42153e-11,0
F04-BucheRastrigin,r3pso,1,21,1438.05,1
F04-BucheRastrigin,r3pso,1,22,1493.31,1
F04-BucheRastrigin,r3pso,1,23,2.42153e-11,0
F04-BucheRastrigin,r3pso,1,24,1655.94,1
F04-BucheRastrigin,r3pso,1,25,2.42153e-11,0
F04-BucheRastrigin,r3pso,1,26,2.42153e-11,0
F04-BucheRastrigin,r3pso,1,27,2.42153e-11,0
F04-BucheRastrigin,r3pso,1,28,2.42153e-11,0
F04-BucheRastrigin,r3pso,1,29,2.42153e-11,0
F04-BucheRastrigin,r3pso,1,30,1507.75,1
F04-BucheRastrigin,r3pso,1,31,2.42153e-11,0
F04-BucheRastrigin,r3pso,1,32,1545.96,1
F04-BucheRastrigin,r3pso,1,33,1610.01,1
F04-BucheRastrigin,r3pso,1,34,2.42153e-11,0
F04-BucheRastrigin,r3pso,1,35,2.42153e-11,0
F04-BucheRastrigin,r3pso,1,36,1455.28,1
F04-BucheRastrigin,r3pso,1,37,2.42153e-11,0
F04-BucheRastrigin,r3pso,1,38,8.88008e-08,0
F04-BucheRastrigin,r3pso,1,39,2.42153e-11,0
F04-BucheRastrigin,r3pso,1,40,1431.51,1
F04-BucheRastrigin,r3pso,1,41,2.42153e-11,0
F04-BucheRastrigin,r3pso,1,42,1459.48,1
F04-BucheRastrigin,r3pso,1,43,2.42153e-11,0
F04-BucheRastrigin,r3pso,1,44,2.42153e-11,0
F04-BucheRastrigin,NM-Restart,1,15,0.994959,0
F04-BucheRastrigin,NM-Restart,1,16,5.96974,0
F04-BucheRastrigin,NM-Restart,1,17,1341.33,1
F04-BucheRastrigin,NM-Restart,1,18,0.994959,0
F04-BucheRastrigin,NM-Restart,1,19,0.994959,0
F04-BucheRastrigin,NM-Restart,1,20,0.994959,0
F04-BucheRastrigin,NM-Restart,1,21,1323.9,1
F04-BucheRastrigin,NM-Restart,1,22,1423.17,1
F04-BucheRastrigin,NM-Restart,1,23,0.994959,0
F04-BucheRastrigin,NM-Restart,1,24,1509.91,1
F04-BucheRastrigin,NM-Restart,1,25,0.994959,0
F04-BucheRastrigin,NM-Restart,1,26,0.994959,0
F04-BucheRastrigin,NM-Restart,1,27,0.994959,0
F04-BucheRastrigin,NM-Restart,1,28,0.994959,0
F04-BucheRastrigin,NM-Restart,1,29,0.994959,0
F04-BucheRastrigin,NM-Restart,1,30,1423.8,1
F04-BucheRastrigin,NM-Restart,1,31,0.994959,0
F04-BucheRastrigin,NM-Restart,1,32,1429.21,1
F04-BucheRastrigin,NM-Restart,1,33,1492.8,1
F04-BucheRastrigin,NM-Restart,1,34,0.994959,0
F04-BucheRastrigin,NM-Restart,1,35,0.994959,0
F04-BucheRastrigin,NM-Restart,1,36,1366.02,1
F04-BucheRastrigin,NM-Restart,1,37,0.994959,0
F04-BucheRastrigin,NM-Restart,1,38,6.9647,0
F04-BucheRastrigin,NM-Restart,1,39,0.994959,0
F04-BucheRastrigin,NM-Restart,1,40,1290.67,1
F04-BucheRastrigin,NM-Restart,1,41,0.994959,0
F04-BucheRastrigin,NM-Restart,1,42,1321.33,1
F04-BucheRastrigin,NM-Restart,1,43,0.994959,0
F04-BucheRastrigin,NM-Restart,1,44,0.994959,0
F04-BucheRastrigin,IPOP-CMA-ES,1,15,0.740614,0
F04-BucheRastrigin,IPOP-CMA-ES,1,16,0,0
F04-BucheRastrigin,IPOP-CMA-ES,1,17,0,0
F04-BucheRastrigin,IPOP-CMA-ES,1,18,0.740614,0
F04-BucheRastrigin,IPOP-CMA-ES,1,19,0.740614,0
F04-BucheRastrigin,IPOP-CMA-ES,1,20,0.740614,0
F04-BucheRastrigin,IPOP-CMA-ES,1,21,1316.67,1
F04-BucheRastrigin,IPOP-CMA-ES,1,22,1423.62,1
F04-BucheRastrigin,IPOP-CMA-ES,1,23,0.740614,0
F04-BucheRastrigin,IPOP-CMA-ES,1,24,1555.26,1
F04-BucheRastrigin,IPOP-CMA-ES,1,25,0.740614,0
F04-BucheRastrigin,IPOP-CMA-ES,1,26,0.740614,0
F04-BucheRastrigin,IPOP-CMA-ES,1,27,0.740614,0
F04-BucheRastrigin,IPOP-CMA-ES,1,28,0.740614,0
F04-BucheRastrigin,IPOP-CMA-ES,1,29,0.740614,0
F04-BucheRastrigin,IPOP-CMA-ES,1,30,1424.28,1
F04-BucheRastrigin,IPOP-CMA-ES,1,31,0.740614,0
F04-BucheRastrigin,IPOP-CMA-ES,1,32,1465.84,1
F04-BucheRastrigin,IPOP-CMA-ES,1,33,1530.04,1
F04-BucheRastrigin,IPOP-CMA-ES,1,34,0.740614,0
F04-BucheRastrigin,IPOP-CMA-ES,1,35,0.740614,0
F04-BucheRastrigin,IPOP-CMA-ES,1,36,1338.31,1
F04-BucheRastrigin,IPOP-CMA-ES,1,37,0.740614,0
F04-BucheRastrigin,IPOP-CMA-ES,1,38,0.994959,0
F04-BucheRastrigin,IPOP-CMA-ES,1,39,0.740614,0
F04-BucheRastrigin,IPOP-CMA-ES,1,40,1317.94,1
F04-BucheRastrigin,IPOP-CMA-ES,1,41,0.740614,0
F04-BucheRastrigin,IPOP-CMA-ES,1,42,1343.48,1
F04-BucheRastrigin,IPOP-CMA-ES,1,43,0.740614,0
F04-BucheRastrigin,IPOP-CMA-ES,1,44,0.740614,0
F04-BucheRastrigin,DE,1,15,0,0
F04-BucheRastrigin,DE,1,16,1420.44,1
F04-BucheRastrigin,DE,1,17,1499.71,1
F04-BucheRastrigin,DE,1,18,0,0
F04-BucheRastrigin,DE,1,19,0,0
F04-BucheRastrigin,DE,1,20,0,0
F04-BucheRastrigin,DE,1,21,1566.23,1
F04-BucheRastrigin,DE,1,22,1493.31,1
F04-BucheRastrigin,DE,1,23,0,0
F04-BucheRastrigin,DE,1,24,1762.61,1
F04-BucheRastrigin,DE,1,25,0,0
F04-BucheRastrigin,DE,1,26,0,0
F04-BucheRastrigin,DE,1,27,0,0
F04-BucheRastrigin,DE,1,28,0,0
F04-BucheRastrigin,DE,1,29,0,0
F04-BucheRastrigin,DE,1,30,1507.75,1
F04-BucheRastrigin,DE,1,31,0,0
F04-BucheRastrigin,DE,1,32,1585.54,1
F04-BucheRastrigin,DE,1,33,1650.24,1
F04-BucheRastrigin,DE,1,34,0,0
F04-BucheRastrigin,DE,1,35,0,0
F04-BucheRastrigin,DE,1,36,1578.88,1
F04-BucheRastrigin,DE,1,37,0,0
F04-BucheRastrigin,DE,1,38,1366.28,1
F04-BucheRastrigin,DE,1,39,0,0
F04-BucheRastrigin,DE,1,40,1551.57,1
F04-BucheRastrigin,DE,1,41,0,0
F04-BucheRastrigin,DE,1,42,1582.07,1
F04-BucheRastrigin,DE,1,43,0,0
F04-BucheRastrigin,DE,1,44,0,0
F04-BucheRastrigin,PSO,1,15,1.53477e-12,0
F04-BucheRastrigin,PSO,1,16,1420.44,1
F04-BucheRastrigin,PSO,1,17,1499.71,1
F04-BucheRastrigin,PSO,1,18,1.53477e-12,0
F04-BucheRastrigin,PSO,1,19,1.53477e-12,0
F04-BucheRastrigin,PSO,1,20,1.53477e-12,0
F04-BucheRastrigin,PSO,1,21,1566.23,1
F04-BucheRastrigin,PSO,1,22,1493.31,1
F04-BucheRastrigin,PSO,1,23,1.53477e-12,0
F04-BucheRastrigin,PSO,1,24,1762.61,1
F04-BucheRastrigin,PSO,1,25,1.53477e-12,0
F04-BucheRastrigin,PSO,1,26,1.53477e-12,0
F04-BucheRastrigin,PSO,1,27,1.53477e-12,0
F04-BucheRastrigin,PSO,1,28,1.53477e-12,0
F04-BucheRastrigin,PSO,1,29,1.53477e-12,0
F04-BucheRastrigin,PSO,1,30,1507.75,1
F04-BucheRastrigin,PSO,1,31,1.53477e-12,0
F04-BucheRastrigin,PSO,1,32,1585.54,1
F04-BucheRastrigin,PSO,1,33,1650.24,1
F04-BucheRastrigin,PSO,1,34,1.53477e-12,0
F04-BucheRastrigin,PSO,1,35,1.53477e-12,0
F04-BucheRastrigin,PSO,1,36,1578.88,1
F04-BucheRastrigin,PSO,1,37,1.53477e-12,0
F04-BucheRastrigin,PSO,1,38,1366.28,1
F04-BucheRastrigin,PSO,1,39,1.53477e-12,0
F04-BucheRastrigin,PSO,1,40,1551.57,1
F04-BucheRastrigin,PSO,1,41,1.53477e-12,0
F04-BucheRastrigin,PSO,1,42,1582.07,1
F04-BucheRastrigin,PSO,1,43,1.53477e-12,0
F04-BucheRastrigin,PSO,1,44,1.53477e-12,0
F04-BucheRastrigin,Crowding-DE,1,15,0.0821041,0
F04-BucheRastrigin,Crowding-DE,1,16,2.31323,0
F04-BucheRastrigin,Crowding-DE,1,17,0.323321,0
F04-BucheRastrigin,Crowding-DE,1,18,0.0821041,0
F04-BucheRastrigin,Crowding-DE,1,19,0.0821041,0
F04-BucheRastrigin,Crowding-DE,1,20,0.0821041,0
F04-BucheRastrigin,Crowding-DE,1,21,1309.77,1
F04-BucheRastrigin,Crowding-DE,1,22,1407.21,1
F04-BucheRastrigin,Crowding-DE,1,23,0.0821041,0
F04-BucheRastrigin,Crowding-DE,1,24,1549.75,1
F04-BucheRastrigin,Crowding-DE,1,25,0.0821041,0
F04-BucheRastrigin,Crowding-DE,1,26,0.0821041,0
F04-BucheRastrigin,Crowding-DE,1,27,0.0821041,0
F04-BucheRastrigin,Crowding-DE,1,28,0.0821041,0
F04-BucheRastrigin,Crowding-DE,1,29,0.0821041,0
F04-BucheRastrigin,Crowding-DE,1,30,1420.97,1
F04-BucheRastrigin,Crowding-DE,1,31,0.0821041,0
F04-BucheRastrigin,Crowding-DE,1,32,1465.01,1
F04-BucheRastrigin,Crowding-DE,1,33,1529.22,1
F04-BucheRastrigin,Crowding-DE,1,34,0.0821041,0
F04-BucheRastrigin,Crowding-DE,1,35,0.0821041,0
F04-BucheRastrigin,Crowding-DE,1,36,1331.58,1
F04-BucheRastrigin,Crowding-DE,1,37,0.0821041,0
F04-BucheRastrigin,Crowding-DE,1,38,0.257679,0
F04-BucheRastrigin,Crowding-DE,1,39,0.0821041,0
F04-BucheRastrigin,Crowding-DE,1,40,1311.62,1
F04-BucheRastrigin,Crowding-DE,1,41,0.0821041,0
F04-BucheRastrigin,Crowding-DE,1,42,1337,1
F04-BucheRastrigin,Crowding-DE,1,43,0.0821041,0
F04-BucheRastrigin,Crowding-DE,1,44,0.0821041,0
F04-BucheRastrigin,MAP-Elites,1,15,2.91706,0
F04-BucheRastrigin,MAP-Elites,1,16,3.24436,0
F04-BucheRastrigin,MAP-Elites,1,17,1301.3,1
F04-BucheRastrigin,MAP-Elites,1,18,2.91706,0
F04-BucheRastrigin,MAP-Elites,1,19,2.91706,0
F04-BucheRastrigin,MAP-Elites,1,20,2.91706,0
F04-BucheRastrigin,MAP-Elites,1,21,1329.09,1
F04-BucheRastrigin,MAP-Elites,1,22,1412.73,1
F04-BucheRastrigin,MAP-Elites,1,23,2.91706,0
F04-BucheRastrigin,MAP-Elites,1,24,1564.59,1
F04-BucheRastrigin,MAP-Elites,1,25,2.91706,0
F04-BucheRastrigin,MAP-Elites,1,26,2.91706,0
F04-BucheRastrigin,MAP-Elites,1,27,2.91706,0
F04-BucheRastrigin,MAP-Elites,1,28,2.91706,0
F04-BucheRastrigin,MAP-Elites,1,29,2.91706,0
F04-BucheRastrigin,MAP-Elites,1,30,1425.7,1
F04-BucheRastrigin,MAP-Elites,1,31,2.91706,0
F04-BucheRastrigin,MAP-Elites,1,32,1504.88,1
F04-BucheRastrigin,MAP-Elites,1,33,1569.68,1
F04-BucheRastrigin,MAP-Elites,1,34,2.91706,0
F04-BucheRastrigin,MAP-Elites,1,35,2.91706,0
F04-BucheRastrigin,MAP-Elites,1,36,1350.82,1
F04-BucheRastrigin,MAP-Elites,1,37,2.91706,0
F04-BucheRastrigin,MAP-Elites,1,38,1.96084,0
F04-BucheRastrigin,MAP-Elites,1,39,2.91706,0
F04-BucheRastrigin,MAP-Elites,1,40,1328.85,1
F04-BucheRastrigin,MAP-Elites,1,41,2.91706,0
F04-BucheRastrigin,MAP-Elites,1,42,1354.73,1
F04-BucheRastrigin,MAP-Elites,1,43,2.91706,0
F04-BucheRastrigin,MAP-Elites,1,44,2.91706,0
F04-BucheRastrigin,MC-ESO-crowd,1,15,0.959613,0
F04-BucheRastrigin,MC-ESO-crowd,1,16,2.19062,0
F04-BucheRastrigin,MC-ESO-crowd,1,17,0.200708,0
F04-BucheRastrigin,MC-ESO-crowd,1,18,0.959613,0
F04-BucheRastrigin,MC-ESO-crowd,1,19,0.959613,0
F04-BucheRastrigin,MC-ESO-crowd,1,20,0.959613,0
F04-BucheRastrigin,MC-ESO-crowd,1,21,1318.85,1
F04-BucheRastrigin,MC-ESO-crowd,1,22,1412.53,1
F04-BucheRastrigin,MC-ESO-crowd,1,23,0.959613,0
F04-BucheRastrigin,MC-ESO-crowd,1,24,1556.35,1
F04-BucheRastrigin,MC-ESO-crowd,1,25,0.959613,0
F04-BucheRastrigin,MC-ESO-crowd,1,26,0.959613,0
F04-BucheRastrigin,MC-ESO-crowd,1,27,0.959613,0
F04-BucheRastrigin,MC-ESO-crowd,1,28,0.959613,0
F04-BucheRastrigin,MC-ESO-crowd,1,29,0.959613,0
F04-BucheRastrigin,MC-ESO-crowd,1,30,1426.41,1
F04-BucheRastrigin,MC-ESO-crowd,1,31,0.959613,0
F04-BucheRastrigin,MC-ESO-crowd,1,32,1508.3,1
F04-BucheRastrigin,MC-ESO-crowd,1,33,1572.89,1
F04-BucheRastrigin,MC-ESO-crowd,1,34,0.959613,0
F04-BucheRastrigin,MC-ESO-crowd,1,35,0.959613,0
F04-BucheRastrigin,MC-ESO-crowd,1,36,1340.72,1
F04-BucheRastrigin,MC-ESO-crowd,1,37,0.959613,0
F04-BucheRastrigin,MC-ESO-crowd,1,38,0.00011525,0
F04-BucheRastrigin,MC-ESO-crowd,1,39,0.959613,0
F04-BucheRastrigin,MC-ESO-crowd,1,40,1319.5,1
F04-BucheRastrigin,MC-ESO-crowd,1,41,0.959613,0
F04-BucheRastrigin,MC-ESO-crowd,1,42,1345.15,1
F04-BucheRastrigin,MC-ESO-crowd,1,43,0.959613,0
F04-BucheRastrigin,MC-ESO-crowd,1,44,0.959613,0
F04-BucheRastrigin,quality,1,15,5.29781e-11,0
F04-BucheRastrigin,quality,1,16,5.68434e-14,0
F04-BucheRastrigin,quality,1,17,1.39926e-09,0
F04-BucheRastrigin,quality,1,18,5.29781e-11,0
F04-BucheRastrigin,quality,1,19,5.29781e-11,0
F04-BucheRastrigin,quality,1,20,5.29781e-11,0
F04-BucheRastrigin,quality,1,21,1316.67,1
F04-BucheRastrigin,quality,1,22,1493.31,1
F04-BucheRastrigin,quality,1,23,5.29781e-11,0
F04-BucheRastrigin,quality,1,24,1555.26,1
F04-BucheRastrigin,quality,1,25,5.29781e-11,0
F04-BucheRastrigin,quality,1,26,5.29781e-11,0
F04-BucheRastrigin,quality,1,27,5.29781e-11,0
F04-BucheRastrigin,quality,1,28,5.29781e-11,0
F04-BucheRastrigin,quality,1,29,5.29781e-11,0
F04-BucheRastrigin,quality,1,30,1507.75,1
F04-BucheRastrigin,quality,1,31,5.29781e-11,0
F04-BucheRastrigin,quality,1,32,1509.87,1
F04-BucheRastrigin,quality,1,33,1573.31,1
F04-BucheRastrigin,quality,1,34,5.29781e-11,0
F04-BucheRastrigin,quality,1,35,5.29781e-11,0
F04-BucheRastrigin,quality,1,36,1338.31,1
F04-BucheRastrigin,quality,1,37,5.29781e-11,0
F04-BucheRastrigin,quality,1,38,0,0
F04-BucheRastrigin,quality,1,39,5.29781e-11,0
F04-BucheRastrigin,quality,1,40,1317.94,1
F04-BucheRastrigin,quality,1,41,5.29781e-11,0
F04-BucheRastrigin,quality,1,42,1343.48,1
F04-BucheRastrigin,quality,1,43,5.29781e-11,0
F04-BucheRastrigin,quality,1,44,5.29781e-11,0
F04-BucheRastrigin,complement,1,15,0.994959,0
F04-BucheRastrigin,complement,1,16,31.8384,0
F04-BucheRastrigin,complement,1,17,29.8485,0
F04-BucheRastrigin,complement,1,18,0.994959,0
F04-BucheRastrigin,complement,1,19,0.994959,0
F04-BucheRastrigin,complement,1,20,0.994959,0
F04-BucheRastrigin,complement,1,21,17.9091,0
F04-BucheRastrigin,complement,1,22,81.5809,0
F04-BucheRastrigin,complement,1,23,0.994959,0
F04-BucheRastrigin,complement,1,24,0,0
F04-BucheRastrigin,complement,1,25,0.994959,0
F04-BucheRastrigin,complement,1,26,0.994959,0
F04-BucheRastrigin,complement,1,27,0.994959,0
F04-BucheRastrigin,complement,1,28,0.994959,0
F04-BucheRastrigin,complement,1,29,0.994959,0
F04-BucheRastrigin,complement,1,30,36.81,0
F04-BucheRastrigin,complement,1,31,0.994959,0
F04-BucheRastrigin,complement,1,32,0,0
F04-BucheRastrigin,complement,1,33,36.81,0
F04-BucheRastrigin,complement,1,34,0.994959,0
F04-BucheRastrigin,complement,1,35,0.994959,0
F04-BucheRastrigin,complement,1,36,17.9091,0
F04-BucheRastrigin,complement,1,37,0.994959,0
F04-BucheRastrigin,complement,1,38,0,0
F04-BucheRastrigin,complement,1,39,4.97479,0
F04-BucheRastrigin,complement,1,40,17.9091,0
F04-BucheRastrigin,complement,1,41,0.994959,0
F04-BucheRastrigin,complement,1,42,17.9091,0
F04-BucheRastrigin,complement,1,43,0.994959,0
F04-BucheRastrigin,complement,1,44,0.994959,0
F04-BucheRastrigin,MC-ESO,2,15,0,0
F04-BucheRastrigin,MC-ESO,2,16,2418.34,1
F04-BucheRastrigin,MC-ESO,2,17,16.7271,0
F04-BucheRastrigin,MC-ESO,2,18,0,0
F04-BucheRastrigin,MC-ESO,2,19,2289.47,1
F04-BucheRastrigin,MC-ESO,2,20,0,0
F04-BucheRastrigin,MC-ESO,2,21,0,0
F04-BucheRastrigin,MC-ESO,2,22,7.94614,0
F04-BucheRastrigin,MC-ESO,2,23,0,0
F04-BucheRastrigin,MC-ESO,2,24,9.93641,0
F04-BucheRastrigin,MC-ESO,2,25,2237.29,1
F04-BucheRastrigin,MC-ESO,2,26,0,0
F04-BucheRastrigin,MC-ESO,2,27,0,0
F04-BucheRastrigin,MC-ESO,2,28,0,0
F04-BucheRastrigin,MC-ESO,2,29,2583.19,1
F04-BucheRastrigin,MC-ESO,2,30,16.7271,0
F04-BucheRastrigin,MC-ESO,2,31,0,0
F04-BucheRastrigin,MC-ESO,2,32,0,0
F04-BucheRastrigin,MC-ESO,2,33,9.88208,0
F04-BucheRastrigin,MC-ESO,2,34,2367.66,1
F04-BucheRastrigin,MC-ESO,2,35,2445.7,1
F04-BucheRastrigin,MC-ESO,2,36,0,0
F04-BucheRastrigin,MC-ESO,2,37,0,0
F04-BucheRastrigin,MC-ESO,2,38,2624.68,1
F04-BucheRastrigin,MC-ESO,2,39,0,0
F04-BucheRastrigin,MC-ESO,2,40,2278.3,1
F04-BucheRastrigin,MC-ESO,2,41,9.11735e-07,0
F04-BucheRastrigin,MC-ESO,2,42,0,0
F04-BucheRastrigin,MC-ESO,2,43,2402.66,1
F04-BucheRastrigin,MC-ESO,2,44,16.7271,0
F04-BucheRastrigin,NMMSO,2,15,0.000167365,0
F04-BucheRastrigin,NMMSO,2,16,2419.71,1
F04-BucheRastrigin,NMMSO,2,17,0,0
F04-BucheRastrigin,NMMSO,2,18,0.000167365,0
F04-BucheRastrigin,NMMSO,2,19,2364.33,1
F04-BucheRastrigin,NMMSO,2,20,0.000167365,0
F04-BucheRastrigin,NMMSO,2,21,0.000167365,0
F04-BucheRastrigin,NMMSO,2,22,0,0
F04-BucheRastrigin,NMMSO,2,23,0.000167365,0
F04-BucheRastrigin,NMMSO,2,24,1.99027,0
F04-BucheRastrigin,NMMSO,2,25,2235.17,1
F04-BucheRastrigin,NMMSO,2,26,0.000167365,0
F04-BucheRastrigin,NMMSO,2,27,0.000167365,0
F04-BucheRastrigin,NMMSO,2,28,0.000167365,0
F04-BucheRastrigin,NMMSO,2,29,2563.98,1
F04-BucheRastrigin,NMMSO,2,30,0,0
F04-BucheRastrigin,NMMSO,2,31,0.000167365,0
F04-BucheRastrigin,NMMSO,2,32,0.000167365,0
F04-BucheRastrigin,NMMSO,2,33,2261.16,1
F04-BucheRastrigin,NMMSO,2,34,2365.49,1
F04-BucheRastrigin,NMMSO,2,35,2490.56,1
F04-BucheRastrigin,NMMSO,2,36,0.000167365,0
F04-BucheRastrigin,NMMSO,2,37,0.000167365,0
F04-BucheRastrigin,NMMSO,2,38,2655.71,1
F04-BucheRastrigin,NMMSO,2,39,0.000167365,0
F04-BucheRastrigin,NMMSO,2,40,2259.52,1
F04-BucheRastrigin,NMMSO,2,41,0,0
F04-BucheRastrigin,NMMSO,2,42,0.000167365,0
F04-BucheRastrigin,NMMSO,2,43,2403.41,1
F04-BucheRastrigin,NMMSO,2,44,0,0
F04-BucheRastrigin,NCDE,2,15,0.0948568,0
F04-BucheRastrigin,NCDE,2,16,2426.56,1
F04-BucheRastrigin,NCDE,2,17,0.0237637,0
F04-BucheRastrigin,NCDE,2,18,0.0948568,0
F04-BucheRastrigin,NCDE,2,19,2367,1
F04-BucheRastrigin,NCDE,2,20,0.0948568,0
F04-BucheRastrigin,NCDE,2,21,0.0948568,0
F04-BucheRastrigin,NCDE,2,22,0.88976,0
F04-BucheRastrigin,NCDE,2,23,0.0948568,0
F04-BucheRastrigin,NCDE,2,24,2.88003,0
F04-BucheRastrigin,NCDE,2,25,2242.43,1
F04-BucheRastrigin,NCDE,2,26,0.0948568,0
F04-BucheRastrigin,NCDE,2,27,0.0948568,0
F04-BucheRastrigin,NCDE,2,28,0.0948568,0
F04-BucheRastrigin,NCDE,2,29,2566.46,1
F04-BucheRastrigin,NCDE,2,30,0.0237637,0
F04-BucheRastrigin,NCDE,2,31,0.0948568,0
F04-BucheRastrigin,NCDE,2,32,0.0948568,0
F04-BucheRastrigin,NCDE,2,33,2263.86,1
F04-BucheRastrigin,NCDE,2,34,2372.76,1
F04-BucheRastrigin,NCDE,2,35,2492.93,1
F04-BucheRastrigin,NCDE,2,36,0.0948568,0
F04-BucheRastrigin,NCDE,2,37,0.0948568,0
F04-BucheRastrigin,NCDE,2,38,2657.88,1
F04-BucheRastrigin,NCDE,2,39,0.0948568,0
F04-BucheRastrigin,NCDE,2,40,2267.36,1
F04-BucheRastrigin,NCDE,2,41,0.190287,0
F04-BucheRastrigin,NCDE,2,42,0.0948568,0
F04-BucheRastrigin,NCDE,2,43,2410.34,1
F04-BucheRastrigin,NCDE,2,44,0.0237637,0
F04-BucheRastrigin,r3pso,2,15,4.63167e-05,0
F04-BucheRastrigin,r3pso,2,16,2567.46,1
F04-BucheRastrigin,r3pso,2,17,2310.04,1
F04-BucheRastrigin,r3pso,2,18,4.63167e-05,0
F04-BucheRastrigin,r3pso,2,19,2575.08,1
F04-BucheRastrigin,r3pso,2,20,4.63167e-05,0
F04-BucheRastrigin,r3pso,2,21,4.63167e-05,0
F04-BucheRastrigin,r3pso,2,22,2292.3,1
F04-BucheRastrigin,r3pso,2,23,4.63167e-05,0
F04-BucheRastrigin,r3pso,2,24,2264.42,1
F04-BucheRastrigin,r3pso,2,25,2379.22,1
F04-BucheRastrigin,r3pso,2,26,4.63167e-05,0
F04-BucheRastrigin,r3pso,2,27,4.63167e-05,0
F04-BucheRastrigin,r3pso,2,28,4.63167e-05,0
F04-BucheRastrigin,r3pso,2,29,2704.41,1
F04-BucheRastrigin,r3pso,2,30,2236.41,1
F04-BucheRastrigin,r3pso,2,31,4.63167e-05,0
F04-BucheRastrigin,r3pso,2,32,4.63167e-05,0
F04-BucheRastrigin,r3pso,2,33,2461.89,1
F04-BucheRastrigin,r3pso,2,34,2509.46,1
F04-BucheRastrigin,r3pso,2,35,2690.55,1
F04-BucheRastrigin,r3pso,2,36,4.63167e-05,0
F04-BucheRastrigin,r3pso,2,37,4.63167e-05,0
F04-BucheRastrigin,r3pso,2,38,2844.96,1
F04-BucheRastrigin,r3pso,2,39,4.63167e-05,0
F04-BucheRastrigin,r3pso,2,40,2357.75,1
F04-BucheRastrigin,r3pso,2,41,3.92839e-09,0
F04-BucheRastrigin,r3pso,2,42,4.63167e-05,0
F04-BucheRastrigin,r3pso,2,43,2550.67,1
F04-BucheRastrigin,r3pso,2,44,2326.13,1
F04-BucheRastrigin,NM-Restart,2,15,4.97479,0
F04-BucheRastrigin,NM-Restart,2,16,2450.04,1
F04-BucheRastrigin,NM-Restart,2,17,0.994959,0
F04-BucheRastrigin,NM-Restart,2,18,4.97479,0
F04-BucheRastrigin,NM-Restart,2,19,2365.27,1
F04-BucheRastrigin,NM-Restart,2,20,4.97479,0
F04-BucheRastrigin,NM-Restart,2,21,4.97479,0
F04-BucheRastrigin,NM-Restart,2,22,2253.51,1
F04-BucheRastrigin,NM-Restart,2,23,8.9546,0
F04-BucheRastrigin,NM-Restart,2,24,2236.37,1
F04-BucheRastrigin,NM-Restart,2,25,2292.49,1
F04-BucheRastrigin,NM-Restart,2,26,4.97479,0
F04-BucheRastrigin,NM-Restart,2,27,4.97479,0
F04-BucheRastrigin,NM-Restart,2,28,4.97479,0
F04-BucheRastrigin,NM-Restart,2,29,2563.99,1
F04-BucheRastrigin,NM-Restart,2,30,0.994959,0
F04-BucheRastrigin,NM-Restart,2,31,4.97479,0
F04-BucheRastrigin,NM-Restart,2,32,4.97479,0
F04-BucheRastrigin,NM-Restart,2,33,2225.9,1
F04-BucheRastrigin,NM-Restart,2,34,2423.23,1
F04-BucheRastrigin,NM-Restart,2,35,2469.87,1
F04-BucheRastrigin,NM-Restart,2,36,4.97479,0
F04-BucheRastrigin,NM-Restart,2,37,4.97479,0
F04-BucheRastrigin,NM-Restart,2,38,2626.48,1
F04-BucheRastrigin,NM-Restart,2,39,4.97479,0
F04-BucheRastrigin,NM-Restart,2,40,2318.44,1
F04-BucheRastrigin,NM-Restart,2,41,3.97983,0
F04-BucheRastrigin,NM-Restart,2,42,4.97479,0
F04-BucheRastrigin,NM-Restart,2,43,2438.65,1
F04-BucheRastrigin,NM-Restart,2,44,0.994959,0
F04-BucheRastrigin,IPOP-CMA-ES,2,15,0,0
F04-BucheRastrigin,IPOP-CMA-ES,2,16,2567.43,1
F04-BucheRastrigin,IPOP-CMA-ES,2,17,2310.04,1
F04-BucheRastrigin,IPOP-CMA-ES,2,18,0,0
F04-BucheRastrigin,IPOP-CMA-ES,2,19,2575.08,1
F04-BucheRastrigin,IPOP-CMA-ES,2,20,0,0
F04-BucheRastrigin,IPOP-CMA-ES,2,21,0,0
F04-BucheRastrigin,IPOP-CMA-ES,2,22,2292.23,1
F04-BucheRastrigin,IPOP-CMA-ES,2,23,0,0
F04-BucheRastrigin,IPOP-CMA-ES,2,24,2264.37,1
F04-BucheRastrigin,IPOP-CMA-ES,2,25,2379.18,1
F04-BucheRastrigin,IPOP-CMA-ES,2,26,0,0
F04-BucheRastrigin,IPOP-CMA-ES,2,27,0,0
F04-BucheRastrigin,IPOP-CMA-ES,2,28,0,0
F04-BucheRastrigin,IPOP-CMA-ES,2,29,2704.41,1
F04-BucheRastrigin,IPOP-CMA-ES,2,30,2236.41,1
F04-BucheRastrigin,IPOP-CMA-ES,2,31,0,0
F04-BucheRastrigin,IPOP-CMA-ES,2,32,0,0
F04-BucheRastrigin,IPOP-CMA-ES,2,33,2461.89,1
F04-BucheRastrigin,IPOP-CMA-ES,2,34,2509.42,1
F04-BucheRastrigin,IPOP-CMA-ES,2,35,2690.55,1
F04-BucheRastrigin,IPOP-CMA-ES,2,36,0,0
F04-BucheRastrigin,IPOP-CMA-ES,2,37,0,0
F04-BucheRastrigin,IPOP-CMA-ES,2,38,2844.96,1
F04-BucheRastrigin,IPOP-CMA-ES,2,39,0,0
F04-BucheRastrigin,IPOP-CMA-ES,2,40,2357.68,1
F04-BucheRastrigin,IPOP-CMA-ES,2,41,3.44387e-08,0
F04-BucheRastrigin,IPOP-CMA-ES,2,42,0,0
F04-BucheRastrigin,IPOP-CMA-ES,2,43,2550.64,1
F04-BucheRastrigin,IPOP-CMA-ES,2,44,2326.13,1
F04-BucheRastrigin,DE,2,15,0,0
F04-BucheRastrigin,DE,2,16,2567.43,1
F04-BucheRastrigin,DE,2,17,2498.43,1
F04-BucheRastrigin,DE,2,18,0,0
F04-BucheRastrigin,DE,2,19,2796.08,1
F04-BucheRastrigin,DE,2,20,0,0
F04-BucheRastrigin,DE,2,21,0,0
F04-BucheRastrigin,DE,2,22,2292.23,1
F04-BucheRastrigin,DE,2,23,0,0
F04-BucheRastrigin,DE,2,24,2264.37,1
F04-BucheRastrigin,DE,2,25,2379.18,1
F04-BucheRastrigin,DE,2,26,0,0
F04-BucheRastrigin,DE,2,27,0,0
F04-BucheRastrigin,DE,2,28,0,0
F04-BucheRastrigin,DE,2,29,2777.41,1
F04-BucheRastrigin,DE,2,30,2455.5,1
F04-BucheRastrigin,DE,2,31,0,0
F04-BucheRastrigin,DE,2,32,0,0
F04-BucheRastrigin,DE,2,33,2672.47,1
F04-BucheRastrigin,DE,2,34,2509.42,1
F04-BucheRastrigin,DE,2,35,2900.38,1
F04-BucheRastrigin,DE,2,36,0,0
F04-BucheRastrigin,DE,2,37,0,0
F04-BucheRastrigin,DE,2,38,3043.62,1
F04-BucheRastrigin,DE,2,39,0,0
F04-BucheRastrigin,DE,2,40,2357.68,1
F04-BucheRastrigin,DE,2,41,2277.34,1
F04-BucheRastrigin,DE,2,42,0,0
F04-BucheRastrigin,DE,2,43,2550.64,1
F04-BucheRastrigin,DE,2,44,2532.63,1
F04-BucheRastrigin,PSO,2,15,1.31877e-11,0
F04-BucheRastrigin,PSO,2,16,2465.59,1
F04-BucheRastrigin,PSO,2,17,2498.43,1
F04-BucheRastrigin,PSO,2,18,1.31877e-11,0
F04-BucheRastrigin,PSO,2,19,2796.08,1
F04-BucheRastrigin,PSO,2,20,1.31877e-11,0
F04-BucheRastrigin,PSO,2,21,1.31877e-11,0
F04-BucheRastrigin,PSO,2,22,20.4328,0
F04-BucheRastrigin,PSO,2,23,1.31877e-11,0
F04-BucheRastrigin,PSO,2,24,22.4231,0
F04-BucheRastrigin,PSO,2,25,2279.77,1
F04-BucheRastrigin,PSO,2,26,1.31877e-11,0
F04-BucheRastrigin,PSO,2,27,1.31877e-11,0
F04-BucheRastrigin,PSO,2,28,1.31877e-11,0
F04-BucheRastrigin,PSO,2,29,2684.03,1
F04-BucheRastrigin,PSO,2,30,2455.5,1
F04-BucheRastrigin,PSO,2,31,1.31877e-11,0
F04-BucheRastrigin,PSO,2,32,1.31877e-11,0
F04-BucheRastrigin,PSO,2,33,2672.47,1
F04-BucheRastrigin,PSO,2,34,2410.07,1
F04-BucheRastrigin,PSO,2,35,2889.75,1
F04-BucheRastrigin,PSO,2,36,1.31877e-11,0
F04-BucheRastrigin,PSO,2,37,1.31877e-11,0
F04-BucheRastrigin,PSO,2,38,3017.08,1
F04-BucheRastrigin,PSO,2,39,1.31877e-11,0
F04-BucheRastrigin,PSO,2,40,2293.67,1
F04-BucheRastrigin,PSO,2,41,2277.34,1
F04-BucheRastrigin,PSO,2,42,1.31877e-11,0
F04-BucheRastrigin,PSO,2,43,2449.09,1
F04-BucheRastrigin,PSO,2,44,2532.63,1
F04-BucheRastrigin,Crowding-DE,2,15,0.0122406,0
F04-BucheRastrigin,Crowding-DE,2,16,2419.4,1
F04-BucheRastrigin,Crowding-DE,2,17,0.266502,0
F04-BucheRastrigin,Crowding-DE,2,18,0.0122406,0
F04-BucheRastrigin,Crowding-DE,2,19,2353.17,1
F04-BucheRastrigin,Crowding-DE,2,20,0.0122406,0
F04-BucheRastrigin,Crowding-DE,2,21,0.0122406,0
F04-BucheRastrigin,Crowding-DE,2,22,0.0132953,0
F04-BucheRastrigin,Crowding-DE,2,23,0.0122406,0
F04-BucheRastrigin,Crowding-DE,2,24,2.00357,0
F04-BucheRastrigin,Crowding-DE,2,25,2235.03,1
F04-BucheRastrigin,Crowding-DE,2,26,0.0122406,0
F04-BucheRastrigin,Crowding-DE,2,27,0.0122406,0
F04-BucheRastrigin,Crowding-DE,2,28,0.0122406,0
F04-BucheRastrigin,Crowding-DE,2,29,2564.32,1
F04-BucheRastrigin,Crowding-DE,2,30,0.266502,0
F04-BucheRastrigin,Crowding-DE,2,31,0.0122406,0
F04-BucheRastrigin,Crowding-DE,2,32,0.0122406,0
F04-BucheRastrigin,Crowding-DE,2,33,2250.63,1
F04-BucheRastrigin,Crowding-DE,2,34,2365.35,1
F04-BucheRastrigin,Crowding-DE,2,35,2479.89,1
F04-BucheRastrigin,Crowding-DE,2,36,0.0122406,0
F04-BucheRastrigin,Crowding-DE,2,37,0.0122406,0
F04-BucheRastrigin,Crowding-DE,2,38,2645.58,1
F04-BucheRastrigin,Crowding-DE,2,39,0.0122406,0
F04-BucheRastrigin,Crowding-DE,2,40,2260.16,1
F04-BucheRastrigin,Crowding-DE,2,41,2.4193e-05,0
F04-BucheRastrigin,Crowding-DE,2,42,0.0122406,0
F04-BucheRastrigin,Crowding-DE,2,43,2403.14,1
F04-BucheRastrigin,Crowding-DE,2,44,0.266502,0
F04-BucheRastrigin,MAP-Elites,2,15,2.33353,0
F04-BucheRastrigin,MAP-Elites,2,16,2485.34,1
F04-BucheRastrigin,MAP-Elites,2,17,0.130762,0
F04-BucheRastrigin,MAP-Elites,2,18,2.33353,0
F04-BucheRastrigin,MAP-Elites,2,19,2360.21,1
F04-BucheRastrigin,MAP-Elites,2,20,2.33353,0
F04-BucheRastrigin,MAP-Elites,2,21,2.33353,0
F04-BucheRastrigin,MAP-Elites,2,22,2311.06,1
F04-BucheRastrigin,MAP-Elites,2,23,4.85481,0
F04-BucheRastrigin,MAP-Elites,2,24,2282.86,1
F04-BucheRastrigin,MAP-Elites,2,25,2353.17,1
F04-BucheRastrigin,MAP-Elites,2,26,4.85481,0
F04-BucheRastrigin,MAP-Elites,2,27,2.33353,0
F04-BucheRastrigin,MAP-Elites,2,28,2.33353,0
F04-BucheRastrigin,MAP-Elites,2,29,2501.57,1
F04-BucheRastrigin,MAP-Elites,2,30,0.130762,0
F04-BucheRastrigin,MAP-Elites,2,31,2.33353,0
F04-BucheRastrigin,MAP-Elites,2,32,2.33353,0
F04-BucheRastrigin,MAP-Elites,2,33,2257.71,1
F04-BucheRastrigin,MAP-Elites,2,34,2484.31,1
F04-BucheRastrigin,MAP-Elites,2,35,2452.44,1
F04-BucheRastrigin,MAP-Elites,2,36,2.33353,0
F04-BucheRastrigin,MAP-Elites,2,37,2.33353,0
F04-BucheRastrigin,MAP-Elites,2,38,2598.95,1
F04-BucheRastrigin,MAP-Elites,2,39,2.33353,0
F04-BucheRastrigin,MAP-Elites,2,40,2376.49,1
F04-BucheRastrigin,MAP-Elites,2,41,1.33857,0
F04-BucheRastrigin,MAP-Elites,2,42,2.33353,0
F04-BucheRastrigin,MAP-Elites,2,43,2478.57,1
F04-BucheRastrigin,MAP-Elites,2,44,0.130762,0
F04-BucheRastrigin,MC-ESO-crowd,2,15,0.0163683,0
F04-BucheRastrigin,MC-ESO-crowd,2,16,2562.12,1
F04-BucheRastrigin,MC-ESO-crowd,2,17,1.32431,0
F04-BucheRastrigin,MC-ESO-crowd,2,18,0.0163683,0
F04-BucheRastrigin,MC-ESO-crowd,2,19,0,0
F04-BucheRastrigin,MC-ESO-crowd,2,20,0.0163683,0
F04-BucheRastrigin,MC-ESO-crowd,2,21,0.0163683,0
F04-BucheRastrigin,MC-ESO-crowd,2,22,2292.34,1
F04-BucheRastrigin,MC-ESO-crowd,2,23,0.0163683,0
F04-BucheRastrigin,MC-ESO-crowd,2,24,2264.59,1
F04-BucheRastrigin,MC-ESO-crowd,2,25,2379.47,1
F04-BucheRastrigin,MC-ESO-crowd,2,26,0.0163683,0
F04-BucheRastrigin,MC-ESO-crowd,2,27,0.0163683,0
F04-BucheRastrigin,MC-ESO-crowd,2,28,0.0163683,0
F04-BucheRastrigin,MC-ESO-crowd,2,29,2499.11,1
F04-BucheRastrigin,MC-ESO-crowd,2,30,1.32431,0
F04-BucheRastrigin,MC-ESO-crowd,2,31,0.0163683,0
F04-BucheRastrigin,MC-ESO-crowd,2,32,0.0163683,0
F04-BucheRastrigin,MC-ESO-crowd,2,33,0,0
F04-BucheRastrigin,MC-ESO-crowd,2,34,2509.72,1
F04-BucheRastrigin,MC-ESO-crowd,2,35,2241.78,1
F04-BucheRastrigin,MC-ESO-crowd,2,36,0.0163683,0
F04-BucheRastrigin,MC-ESO-crowd,2,37,0.0163683,0
F04-BucheRastrigin,MC-ESO-crowd,2,38,2411.34,1
F04-BucheRastrigin,MC-ESO-crowd,2,39,0.0163683,0
F04-BucheRastrigin,MC-ESO-crowd,2,40,2357.78,1
F04-BucheRastrigin,MC-ESO-crowd,2,41,1.00097,0
F04-BucheRastrigin,MC-ESO-crowd,2,42,0.0163683,0
F04-BucheRastrigin,MC-ESO-crowd,2,43,2550.96,1
F04-BucheRastrigin,MC-ESO-crowd,2,44,1.32431,0
F04-BucheRastrigin,quality,2,15,1.98992,0
F04-BucheRastrigin,quality,2,16,2364.31,1
F04-BucheRastrigin,quality,2,17,0.994959,0
F04-BucheRastrigin,quality,2,18,1.98992,0
F04-BucheRastrigin,quality,2,19,2366.94,1
F04-BucheRastrigin,quality,2,20,1.98992,0
F04-BucheRastrigin,quality,2,21,1.98992,0
F04-BucheRastrigin,quality,2,22,4.97441,0
F04-BucheRastrigin,quality,2,23,1.98992,0
F04-BucheRastrigin,quality,2,24,0,0
F04-BucheRastrigin,quality,2,25,0,0
F04-BucheRastrigin,quality,2,26,1.98992,0
F04-BucheRastrigin,quality,2,27,1.98992,0
F04-BucheRastrigin,quality,2,28,1.98992,0
F04-BucheRastrigin,quality,2,29,2495.72,1
F04-BucheRastrigin,quality,2,30,0.994959,0
F04-BucheRastrigin,quality,2,31,1.98992,0
F04-BucheRastrigin,quality,2,32,1.98992,0
F04-BucheRastrigin,quality,2,33,2283.12,1
F04-BucheRastrigin,quality,2,34,2311.56,1
F04-BucheRastrigin,quality,2,35,2446.43,1
F04-BucheRastrigin,quality,2,36,1.98992,0
F04-BucheRastrigin,quality,2,37,1.98992,0
F04-BucheRastrigin,quality,2,38,2592.66,1
F04-BucheRastrigin,quality,2,39,1.98992,0
F04-BucheRastrigin,quality,2,40,0,0
F04-BucheRastrigin,quality,2,41,0.994959,0
F04-BucheRastrigin,quality,2,42,1.98992,0
F04-BucheRastrigin,quality,2,43,2348.21,1
F04-BucheRastrigin,quality,2,44,0.994959,0
F04-BucheRastrigin,complement,2,15,7.95966,0
F04-BucheRastrigin,complement,2,16,35.8167,0
F04-BucheRastrigin,complement,2,17,3.97983,0
F04-BucheRastrigin,complement,2,18,7.95966,0
F04-BucheRastrigin,complement,2,19,33.9477,0
F04-BucheRastrigin,complement,2,20,7.95966,0
F04-BucheRastrigin,complement,2,21,7.95966,0
F04-BucheRastrigin,complement,2,22,80.5885,0
F04-BucheRastrigin,complement,2,23,2398.53,1
F04-BucheRastrigin,complement,2,24,42.7827,0
F04-BucheRastrigin,complement,2,25,35.818,0
F04-BucheRastrigin,complement,2,26,2338.01,1
F04-BucheRastrigin,complement,2,27,7.95966,0
F04-BucheRastrigin,complement,2,28,7.95966,0
F04-BucheRastrigin,complement,2,29,19.8975,0
F04-BucheRastrigin,complement,2,30,3.97983,0
F04-BucheRastrigin,complement,2,31,7.95966,0
F04-BucheRastrigin,complement,2,32,7.95966,0
F04-BucheRastrigin,complement,2,33,33.9477,0
F04-BucheRastrigin,complement,2,34,47.7558,0
F04-BucheRastrigin,complement,2,35,31.8382,0
F04-BucheRastrigin,complement,2,36,84.5687,0
F04-BucheRastrigin,complement,2,37,7.95966,0
F04-BucheRastrigin,complement,2,38,90.5382,0
F04-BucheRastrigin,complement,2,39,7.95966,0
F04-BucheRastrigin,complement,2,40,2332.89,1
F04-BucheRastrigin,complement,2,41,6.9647,0
F04-BucheRastrigin,complement,2,42,2395.26,1
F04-BucheRastrigin,complement,2,43,35.8167,0
F04-BucheRastrigin,complement,2,44,3.97983,0
F04-BucheRastrigin,MC-ESO,3,15,1606.31,1
F04-BucheRastrigin,MC-ESO,3,16,1628.07,1
F04-BucheRastrigin,MC-ESO,3,17,0,0
F04-BucheRastrigin,MC-ESO,3,18,1485.45,1
F04-BucheRastrigin,MC-ESO,3,19,1.28438,0
F04-BucheRastrigin,MC-ESO,3,20,0,0
F04-BucheRastrigin,MC-ESO,3,21,0,0
F04-BucheRastrigin,MC-ESO,3,22,1537.29,1
F04-BucheRastrigin,MC-ESO,3,23,0,0
F04-BucheRastrigin,MC-ESO,3,24,0,0
F04-BucheRastrigin,MC-ESO,3,25,1502.98,1
F04-BucheRastrigin,MC-ESO,3,26,1614.27,1
F04-BucheRastrigin,MC-ESO,3,27,1614.65,1
F04-BucheRastrigin,MC-ESO,3,28,0,0
F04-BucheRastrigin,MC-ESO,3,29,0,0
F04-BucheRastrigin,MC-ESO,3,30,0,0
F04-BucheRastrigin,MC-ESO,3,31,1551.53,1
F04-BucheRastrigin,MC-ESO,3,32,0,0
F04-BucheRastrigin,MC-ESO,3,33,1462.83,1
F04-BucheRastrigin,MC-ESO,3,34,9.16445e-07,0
F04-BucheRastrigin,MC-ESO,3,35,1.09002e-08,0
F04-BucheRastrigin,MC-ESO,3,36,1627.99,1
F04-BucheRastrigin,MC-ESO,3,37,1543.05,1
F04-BucheRastrigin,MC-ESO,3,38,1623.08,1
F04-BucheRastrigin,MC-ESO,3,39,0,0
F04-BucheRastrigin,MC-ESO,3,40,0,0
F04-BucheRastrigin,MC-ESO,3,41,1508.66,1
F04-BucheRastrigin,MC-ESO,3,42,1.28438,0
F04-BucheRastrigin,MC-ESO,3,43,0,0
F04-BucheRastrigin,MC-ESO,3,44,1.09002e-08,0
F04-BucheRastrigin,NMMSO,3,15,1670.85,1
F04-BucheRastrigin,NMMSO,3,16,1664.98,1
F04-BucheRastrigin,NMMSO,3,17,6.9349e-12,0
F04-BucheRastrigin,NMMSO,3,18,1497.02,1
F04-BucheRastrigin,NMMSO,3,19,7.14579e-10,0
F04-BucheRastrigin,NMMSO,3,20,6.9349e-12,0
F04-BucheRastrigin,NMMSO,3,21,6.9349e-12,0
F04-BucheRastrigin,NMMSO,3,22,1579.9,1
F04-BucheRastrigin,NMMSO,3,23,6.9349e-12,0
F04-BucheRastrigin,NMMSO,3,24,6.9349e-12,0
F04-BucheRastrigin,NMMSO,3,25,1538.44,1
F04-BucheRastrigin,NMMSO,3,26,1697.26,1
F04-BucheRastrigin,NMMSO,3,27,1645.87,1
F04-BucheRastrigin,NMMSO,3,28,6.9349e-12,0
F04-BucheRastrigin,NMMSO,3,29,6.9349e-12,0
F04-BucheRastrigin,NMMSO,3,30,6.9349e-12,0
F04-BucheRastrigin,NMMSO,3,31,1582.12,1
F04-BucheRastrigin,NMMSO,3,32,6.9349e-12,0
F04-BucheRastrigin,NMMSO,3,33,1486.89,1
F04-BucheRastrigin,NMMSO,3,34,4.54747e-13,0
F04-BucheRastrigin,NMMSO,3,35,1.1994e-11,0
F04-BucheRastrigin,NMMSO,3,36,1670.99,1
F04-BucheRastrigin,NMMSO,3,37,1570.57,1
F04-BucheRastrigin,NMMSO,3,38,1685.09,1
F04-BucheRastrigin,NMMSO,3,39,6.9349e-12,0
F04-BucheRastrigin,NMMSO,3,40,6.9349e-12,0
F04-BucheRastrigin,NMMSO,3,41,1523.44,1
F04-BucheRastrigin,NMMSO,3,42,7.14579e-10,0
F04-BucheRastrigin,NMMSO,3,43,6.9349e-12,0
F04-BucheRastrigin,NMMSO,3,44,1.1994e-11,0
F04-BucheRastrigin,NCDE,3,15,1596.2,1
F04-BucheRastrigin,NCDE,3,16,1716.46,1
F04-BucheRastrigin,NCDE,3,17,0.0536647,0
F04-BucheRastrigin,NCDE,3,18,0.693029,0
F04-BucheRastrigin,NCDE,3,19,1461.1,1
F04-BucheRastrigin,NCDE,3,20,0.0536647,0
F04-BucheRastrigin,NCDE,3,21,0.0536647,0
F04-BucheRastrigin,NCDE,3,22,1537.32,1
F04-BucheRastrigin,NCDE,3,23,0.0536647,0
F04-BucheRastrigin,NCDE,3,24,0.0536647,0
F04-BucheRastrigin,NCDE,3,25,1606.93,1
F04-BucheRastrigin,NCDE,3,26,1605.07,1
F04-BucheRastrigin,NCDE,3,27,1741.81,1
F04-BucheRastrigin,NCDE,3,28,0.0536647,0
F04-BucheRastrigin,NCDE,3,29,0.0536647,0
F04-BucheRastrigin,NCDE,3,30,0.0536647,0
F04-BucheRastrigin,NCDE,3,31,1498.81,1
F04-BucheRastrigin,NCDE,3,32,0.0536647,0
F04-BucheRastrigin,NCDE,3,33,1605.29,1
F04-BucheRastrigin,NCDE,3,34,0.003454,0
F04-BucheRastrigin,NCDE,3,35,0.00291446,0
F04-BucheRastrigin,NCDE,3,36,1618.08,1
F04-BucheRastrigin,NCDE,3,37,1679.16,1
F04-BucheRastrigin,NCDE,3,38,1612.86,1
F04-BucheRastrigin,NCDE,3,39,0.0536647,0
F04-BucheRastrigin,NCDE,3,40,0.0536647,0
F04-BucheRastrigin,NCDE,3,41,1660.87,1
F04-BucheRastrigin,NCDE,3,42,1467.63,1
F04-BucheRastrigin,NCDE,3,43,0.0536647,0
F04-BucheRastrigin,NCDE,3,44,0.00291446,0
F04-BucheRastrigin,r3pso,3,15,1688.96,1
F04-BucheRastrigin,r3pso,3,16,1797.76,1
F04-BucheRastrigin,r3pso,3,17,3.69482e-11,0
F04-BucheRastrigin,r3pso,3,18,1497.02,1
F04-BucheRastrigin,r3pso,3,19,1582.72,1
F04-BucheRastrigin,r3pso,3,20,3.69482e-11,0
F04-BucheRastrigin,r3pso,3,21,3.69482e-11,0
F04-BucheRastrigin,r3pso,3,22,1628.63,1
F04-BucheRastrigin,r3pso,3,23,3.69482e-11,0
F04-BucheRastrigin,r3pso,3,24,3.69482e-11,0
F04-BucheRastrigin,r3pso,3,25,1685.5,1
F04-BucheRastrigin,r3pso,3,26,1698.18,1
F04-BucheRastrigin,r3pso,3,27,1827.23,1
F04-BucheRastrigin,r3pso,3,28,3.69482e-11,0
F04-BucheRastrigin,r3pso,3,29,3.69482e-11,0
F04-BucheRastrigin,r3pso,3,30,3.69482e-11,0
F04-BucheRastrigin,r3pso,3,31,1582.12,1
F04-BucheRastrigin,r3pso,3,32,3.69482e-11,0
F04-BucheRastrigin,r3pso,3,33,1710.24,1
F04-BucheRastrigin,r3pso,3,34,1435.62,1
F04-BucheRastrigin,r3pso,3,35,0.0030217,0
F04-BucheRastrigin,r3pso,3,36,1709.97,1
F04-BucheRastrigin,r3pso,3,37,1775.58,1
F04-BucheRastrigin,r3pso,3,38,1705.54,1
F04-BucheRastrigin,r3pso,3,39,3.69482e-11,0
F04-BucheRastrigin,r3pso,3,40,3.69482e-11,0
F04-BucheRastrigin,r3pso,3,41,1782.36,1
F04-BucheRastrigin,r3pso,3,42,1602.12,1
F04-BucheRastrigin,r3pso,3,43,3.69482e-11,0
F04-BucheRastrigin,r3pso,3,44,0.0030217,0
F04-BucheRastrigin,NM-Restart,3,15,1627.49,1
F04-BucheRastrigin,NM-Restart,3,16,1648.86,1
F04-BucheRastrigin,NM-Restart,3,17,4.97479,0
F04-BucheRastrigin,NM-Restart,3,18,15.9192,0
F04-BucheRastrigin,NM-Restart,3,19,7.9596,0
F04-BucheRastrigin,NM-Restart,3,20,19.8991,0
F04-BucheRastrigin,NM-Restart,3,21,4.97479,0
F04-BucheRastrigin,NM-Restart,3,22,1562.48,1
F04-BucheRastrigin,NM-Restart,3,23,4.97479,0
F04-BucheRastrigin,NM-Restart,3,24,4.97479,0
F04-BucheRastrigin,NM-Restart,3,25,1514.73,1
F04-BucheRastrigin,NM-Restart,3,26,1624.11,1
F04-BucheRastrigin,NM-Restart,3,27,1603.23,1
F04-BucheRastrigin,NM-Restart,3,28,4.97479,0
F04-BucheRastrigin,NM-Restart,3,29,4.97479,0
F04-BucheRastrigin,NM-Restart,3,30,4.97479,0
F04-BucheRastrigin,NM-Restart,3,31,1488.22,1
F04-BucheRastrigin,NM-Restart,3,32,4.97479,0
F04-BucheRastrigin,NM-Restart,3,33,0,0
F04-BucheRastrigin,NM-Restart,3,34,0.994959,0
F04-BucheRastrigin,NM-Restart,3,35,3.97983,0
F04-BucheRastrigin,NM-Restart,3,36,1648.11,1
F04-BucheRastrigin,NM-Restart,3,37,1514.12,1
F04-BucheRastrigin,NM-Restart,3,38,1645.76,1
F04-BucheRastrigin,NM-Restart,3,39,4.97479,0
F04-BucheRastrigin,NM-Restart,3,40,4.97479,0
F04-BucheRastrigin,NM-Restart,3,41,1431.34,1
F04-BucheRastrigin,NM-Restart,3,42,7.9596,0
F04-BucheRastrigin,NM-Restart,3,43,19.8991,0
F04-BucheRastrigin,NM-Restart,3,44,3.97983,0
F04-BucheRastrigin,IPOP-CMA-ES,3,15,1688.82,1
F04-BucheRastrigin,IPOP-CMA-ES,3,16,1774.44,1
F04-BucheRastrigin,IPOP-CMA-ES,3,17,0.676964,0
F04-BucheRastrigin,IPOP-CMA-ES,3,18,1502.35,1
F04-BucheRastrigin,IPOP-CMA-ES,3,19,1443.27,1
F04-BucheRastrigin,IPOP-CMA-ES,3,20,0.676964,0
F04-BucheRastrigin,IPOP-CMA-ES,3,21,0.676964,0
F04-BucheRastrigin,IPOP-CMA-ES,3,22,1628.46,1
F04-BucheRastrigin,IPOP-CMA-ES,3,23,0.676964,0
F04-BucheRastrigin,IPOP-CMA-ES,3,24,0.676964,0
F04-BucheRastrigin,IPOP-CMA-ES,3,25,1654.28,1
F04-BucheRastrigin,IPOP-CMA-ES,3,26,1698.06,1
F04-BucheRastrigin,IPOP-CMA-ES,3,27,1776.32,1
F04-BucheRastrigin,IPOP-CMA-ES,3,28,0.676964,0
F04-BucheRastrigin,IPOP-CMA-ES,3,29,0.676964,0
F04-BucheRastrigin,IPOP-CMA-ES,3,30,0.676964,0
F04-BucheRastrigin,IPOP-CMA-ES,3,31,1586.57,1
F04-BucheRastrigin,IPOP-CMA-ES,3,32,0.676964,0
F04-BucheRastrigin,IPOP-CMA-ES,3,33,1633.32,1
F04-BucheRastrigin,IPOP-CMA-ES,3,34,0.994959,0
F04-BucheRastrigin,IPOP-CMA-ES,3,35,0,0
F04-BucheRastrigin,IPOP-CMA-ES,3,36,1709.81,1
F04-BucheRastrigin,IPOP-CMA-ES,3,37,1710.35,1
F04-BucheRastrigin,IPOP-CMA-ES,3,38,1705.4,1
F04-BucheRastrigin,IPOP-CMA-ES,3,39,0.676964,0
F04-BucheRastrigin,IPOP-CMA-ES,3,40,0.676964,0
F04-BucheRastrigin,IPOP-CMA-ES,3,41,1680.31,1
F04-BucheRastrigin,IPOP-CMA-ES,3,42,1467.74,1
F04-BucheRastrigin,IPOP-CMA-ES,3,43,0.676964,0
F04-BucheRastrigin,IPOP-CMA-ES,3,44,0,0
F04-BucheRastrigin,DE,3,15,1700.39,1
F04-BucheRastrigin,DE,3,16,1864.6,1
F04-BucheRastrigin,DE,3,17,0,0
F04-BucheRastrigin,DE,3,18,1497.02,1
F04-BucheRastrigin,DE,3,19,1711.04,1
F04-BucheRastrigin,DE,3,20,0,0
F04-BucheRastrigin,DE,3,21,0,0
F04-BucheRastrigin,DE,3,22,1654.85,1
F04-BucheRastrigin,DE,3,23,0,0
F04-BucheRastrigin,DE,3,24,0,0
F04-BucheRastrigin,DE,3,25,1759.24,1
F04-BucheRastrigin,DE,3,26,1701.01,1
F04-BucheRastrigin,DE,3,27,1917.55,1
F04-BucheRastrigin,DE,3,28,0,0
F04-BucheRastrigin,DE,3,29,0,0
F04-BucheRastrigin,DE,3,30,0,0
F04-BucheRastrigin,DE,3,31,1582.12,1
F04-BucheRastrigin,DE,3,32,0,0
F04-BucheRastrigin,DE,3,33,1820.87,1
F04-BucheRastrigin,DE,3,34,1524.46,1
F04-BucheRastrigin,DE,3,35,1473.92,1
F04-BucheRastrigin,DE,3,36,1731.49,1
F04-BucheRastrigin,DE,3,37,1877.34,1
F04-BucheRastrigin,DE,3,38,1718.11,1
F04-BucheRastrigin,DE,3,39,0,0
F04-BucheRastrigin,DE,3,40,0,0
F04-BucheRastrigin,DE,3,41,1910.21,1
F04-BucheRastrigin,DE,3,42,1743.62,1
F04-BucheRastrigin,DE,3,43,0,0
F04-BucheRastrigin,DE,3,44,1455.22,1
F04-BucheRastrigin,PSO,3,15,1699.07,1
F04-BucheRastrigin,PSO,3,16,1819.93,1
F04-BucheRastrigin,PSO,3,17,1.2335e-11,0
F04-BucheRastrigin,PSO,3,18,1497.02,1
F04-BucheRastrigin,PSO,3,19,1628.44,1
F04-BucheRastrigin,PSO,3,20,1.2335e-11,0
F04-BucheRastrigin,PSO,3,21,1.2335e-11,0
F04-BucheRastrigin,PSO,3,22,1641.82,1
F04-BucheRastrigin,PSO,3,23,1.2335e-11,0
F04-BucheRastrigin,PSO,3,24,1.2335e-11,0
F04-BucheRastrigin,PSO,3,25,1709.29,1
F04-BucheRastrigin,PSO,3,26,1701.01,1
F04-BucheRastrigin,PSO,3,27,1855.05,1
F04-BucheRastrigin,PSO,3,28,1.2335e-11,0
F04-BucheRastrigin,PSO,3,29,1.2335e-11,0
F04-BucheRastrigin,PSO,3,30,1.2335e-11,0
F04-BucheRastrigin,PSO,3,31,1582.12,1
F04-BucheRastrigin,PSO,3,32,1.2335e-11,0
F04-BucheRastrigin,PSO,3,33,1743.38,1
F04-BucheRastrigin,PSO,3,34,1476.57,1
F04-BucheRastrigin,PSO,3,35,16.2994,0
F04-BucheRastrigin,PSO,3,36,1722.17,1
F04-BucheRastrigin,PSO,3,37,1806.33,1
F04-BucheRastrigin,PSO,3,38,1715.89,1
F04-BucheRastrigin,PSO,3,39,1.2335e-11,0
F04-BucheRastrigin,PSO,3,40,1.2335e-11,0
F04-BucheRastrigin,PSO,3,41,1820.63,1
F04-BucheRastrigin,PSO,3,42,1646.92,1
F04-BucheRastrigin,PSO,3,43,1.2335e-11,0
F04-BucheRastrigin,PSO,3,44,16.2994,0
F04-BucheRastrigin,Crowding-DE,3,15,1594.73,1
F04-BucheRastrigin,Crowding-DE,3,16,1714.17,1
F04-BucheRastrigin,Crowding-DE,3,17,0.838533,0
F04-BucheRastrigin,Crowding-DE,3,18,0.231032,0
F04-BucheRastrigin,Crowding-DE,3,19,1464.15,1
F04-BucheRastrigin,Crowding-DE,3,20,0.838533,0
F04-BucheRastrigin,Crowding-DE,3,21,0.838533,0
F04-BucheRastrigin,Crowding-DE,3,22,1535.61,1
F04-BucheRastrigin,Crowding-DE,3,23,0.838533,0
F04-BucheRastrigin,Crowding-DE,3,24,0.838533,0
F04-BucheRastrigin,Crowding-DE,3,25,1604.56,1
F04-BucheRastrigin,Crowding-DE,3,26,1603.75,1
F04-BucheRastrigin,Crowding-DE,3,27,1743.82,1
F04-BucheRastrigin,Crowding-DE,3,28,0.838533,0
F04-BucheRastrigin,Crowding-DE,3,29,0.838533,0
F04-BucheRastrigin,Crowding-DE,3,30,0.838533,0
F04-BucheRastrigin,Crowding-DE,3,31,1496.11,1
F04-BucheRastrigin,Crowding-DE,3,32,0.838533,0
F04-BucheRastrigin,Crowding-DE,3,33,1607.77,1
F04-BucheRastrigin,Crowding-DE,3,34,0.070051,0
F04-BucheRastrigin,Crowding-DE,3,35,0.232133,0
F04-BucheRastrigin,Crowding-DE,3,36,1616.45,1
F04-BucheRastrigin,Crowding-DE,3,37,1681.44,1
F04-BucheRastrigin,Crowding-DE,3,38,1611.37,1
F04-BucheRastrigin,Crowding-DE,3,39,0.838533,0
F04-BucheRastrigin,Crowding-DE,3,40,0.838533,0
F04-BucheRastrigin,Crowding-DE,3,41,1663.78,1
F04-BucheRastrigin,Crowding-DE,3,42,1470.91,1
