function,method,seed,scenario,regret,wiped
F01-Sphere,MC-ESO,0,15,0,0
F01-Sphere,MC-ESO,0,16,0.0445575,1
F01-Sphere,MC-ESO,0,17,0,0
F01-Sphere,MC-ESO,0,18,0,0
F01-Sphere,MC-ESO,0,19,0.725665,1
F01-Sphere,MC-ESO,0,20,0,0
F01-Sphere,MC-ESO,0,21,0.23952,1
F01-Sphere,MC-ESO,0,22,0,0
F01-Sphere,MC-ESO,0,23,0.145911,1
F01-Sphere,MC-ESO,0,24,0,0
F01-Sphere,MC-ESO,0,25,0,0
F01-Sphere,MC-ESO,0,26,0,0
F01-Sphere,MC-ESO,0,27,0,0
F01-Sphere,MC-ESO,0,28,0,0
F01-Sphere,MC-ESO,0,29,0,0
F01-Sphere,MC-ESO,0,30,0.0291858,1
F01-Sphere,MC-ESO,0,31,0.0717096,1
F01-Sphere,MC-ESO,0,32,0,1
F01-Sphere,MC-ESO,0,33,0,0
F01-Sphere,MC-ESO,0,34,0.0548479,0
F01-Sphere,MC-ESO,0,35,0,0
F01-Sphere,MC-ESO,0,36,0.183894,1
F01-Sphere,MC-ESO,0,37,0,0
F01-Sphere,MC-ESO,0,38,0.156717,1
F01-Sphere,MC-ESO,0,39,0,0
F01-Sphere,MC-ESO,0,40,0,0
F01-Sphere,MC-ESO,0,41,0.134589,1
F01-Sphere,MC-ESO,0,42,0,0
F01-Sphere,MC-ESO,0,43,0.660279,1
F01-Sphere,MC-ESO,0,44,0,0
F01-Sphere,NMMSO,0,15,0,0
F01-Sphere,NMMSO,0,16,0.201594,1
F01-Sphere,NMMSO,0,17,0,0
F01-Sphere,NMMSO,0,18,0,0
F01-Sphere,NMMSO,0,19,0.742951,1
F01-Sphere,NMMSO,0,20,9.84962,1
F01-Sphere,NMMSO,0,21,0.23952,1
F01-Sphere,NMMSO,0,22,0,0
F01-Sphere,NMMSO,0,23,0.145911,1
F01-Sphere,NMMSO,0,24,10.1173,1
F01-Sphere,NMMSO,0,25,0,0
F01-Sphere,NMMSO,0,26,0,0
F01-Sphere,NMMSO,0,27,0,0
F01-Sphere,NMMSO,0,28,0,0
F01-Sphere,NMMSO,0,29,0,0
F01-Sphere,NMMSO,0,30,0.0291857,1
F01-Sphere,NMMSO,0,31,0.0717095,1
F01-Sphere,NMMSO,0,32,0.194503,1
F01-Sphere,NMMSO,0,33,0,0
F01-Sphere,NMMSO,0,34,9.6161,1
F01-Sphere,NMMSO,0,35,0,0
F01-Sphere,NMMSO,0,36,0.183894,1
F01-Sphere,NMMSO,0,37,0,0
F01-Sphere,NMMSO,0,38,0.156717,1
F01-Sphere,NMMSO,0,39,0,0
F01-Sphere,NMMSO,0,40,9.92038,1
F01-Sphere,NMMSO,0,41,0.134589,1
F01-Sphere,NMMSO,0,42,0,0
F01-Sphere,NMMSO,0,43,0.90872,1
F01-Sphere,NMMSO,0,44,0,0
F01-Sphere,NCDE,0,15,0,0
F01-Sphere,NCDE,0,16,0.201594,1
F01-Sphere,NCDE,0,17,0,0
F01-Sphere,NCDE,0,18,0,0
F01-Sphere,NCDE,0,19,0,0
F01-Sphere,NCDE,0,20,0.891043,0
F01-Sphere,NCDE,0,21,0.23952,1
F01-Sphere,NCDE,0,22,0,0
F01-Sphere,NCDE,0,23,0.145911,0
F01-Sphere,NCDE,0,24,0.643566,0
F01-Sphere,NCDE,0,25,0,0
F01-Sphere,NCDE,0,26,0,0
F01-Sphere,NCDE,0,27,0,0
F01-Sphere,NCDE,0,28,0,0
F01-Sphere,NCDE,0,29,0,0
F01-Sphere,NCDE,0,30,0.0291858,0
F01-Sphere,NCDE,0,31,0.0717095,1
F01-Sphere,NCDE,0,32,0.194503,1
F01-Sphere,NCDE,0,33,0,0
F01-Sphere,NCDE,0,34,9.6161,0
F01-Sphere,NCDE,0,35,0,0
F01-Sphere,NCDE,0,36,0.183894,1
F01-Sphere,NCDE,0,37,0,0
F01-Sphere,NCDE,0,38,0.156717,1
F01-Sphere,NCDE,0,39,0,0
F01-Sphere,NCDE,0,40,0.891043,0
F01-Sphere,NCDE,0,41,0.134589,0
F01-Sphere,NCDE,0,42,0,0
F01-Sphere,NCDE,0,43,0,0
F01-Sphere,NCDE,0,44,0,0
F01-Sphere,r3pso,0,15,0,0
F01-Sphere,r3pso,0,16,0.201594,1
F01-Sphere,r3pso,0,17,0,0
F01-Sphere,r3pso,0,18,0,0
F01-Sphere,r3pso,0,19,0.742951,1
F01-Sphere,r3pso,0,20,9.84962,1
F01-Sphere,r3pso,0,21,0.23952,1
F01-Sphere,r3pso,0,22,0,0
F01-Sphere,r3pso,0,23,0.145911,1
F01-Sphere,r3pso,0,24,10.1173,1
F01-Sphere,r3pso,0,25,0,0
F01-Sphere,r3pso,0,26,0,0
F01-Sphere,r3pso,0,27,0,0
F01-Sphere,r3pso,0,28,0,0
F01-Sphere,r3pso,0,29,0,0
F01-Sphere,r3pso,0,30,0.0291858,1
F01-Sphere,r3pso,0,31,0.0717095,1
F01-Sphere,r3pso,0,32,0.194503,1
F01-Sphere,r3pso,0,33,0,0
F01-Sphere,r3pso,0,34,9.6161,1
F01-Sphere,r3pso,0,35,0,0
F01-Sphere,r3pso,0,36,0.183894,1
F01-Sphere,r3pso,0,37,0,0
F01-Sphere,r3pso,0,38,0.156717,1
F01-Sphere,r3pso,0,39,0,0
F01-Sphere,r3pso,0,40,9.92038,1
F01-Sphere,r3pso,0,41,0.134589,1
F01-Sphere,r3pso,0,42,0,0
F01-Sphere,r3pso,0,43,0.90872,1
F01-Sphere,r3pso,0,44,0,0
F01-Sphere,NM-Restart,0,15,0,0
F01-Sphere,NM-Restart,0,16,0.201594,1
F01-Sphere,NM-Restart,0,17,0,0
F01-Sphere,NM-Restart,0,18,0,0
F01-Sphere,NM-Restart,0,19,0.742951,1
F01-Sphere,NM-Restart,0,20,9.84962,1
F01-Sphere,NM-Restart,0,21,0.23952,1
F01-Sphere,NM-Restart,0,22,0,0
F01-Sphere,NM-Restart,0,23,0.145911,1
F01-Sphere,NM-Restart,0,24,10.1173,1
F01-Sphere,NM-Restart,0,25,0,0
F01-Sphere,NM-Restart,0,26,0,0
F01-Sphere,NM-Restart,0,27,0,0
F01-Sphere,NM-Restart,0,28,0,0
F01-Sphere,NM-Restart,0,29,0,0
F01-Sphere,NM-Restart,0,30,0.0291857,1
F01-Sphere,NM-Restart,0,31,0.0717095,1
F01-Sphere,NM-Restart,0,32,0.194503,1
F01-Sphere,NM-Restart,0,33,0,0
F01-Sphere,NM-Restart,0,34,9.6161,1
F01-Sphere,NM-Restart,0,35,0,0
F01-Sphere,NM-Restart,0,36,0.183894,1
F01-Sphere,NM-Restart,0,37,0,0
F01-Sphere,NM-Restart,0,38,0.156717,1
F01-Sphere,NM-Restart,0,39,0,0
F01-Sphere,NM-Restart,0,40,9.92038,1
F01-Sphere,NM-Restart,0,41,0.134589,1
F01-Sphere,NM-Restart,0,42,0,0
F01-Sphere,NM-Restart,0,43,0.90872,1
F01-Sphere,NM-Restart,0,44,0,0
F01-Sphere,IPOP-CMA-ES,0,15,0,0
F01-Sphere,IPOP-CMA-ES,0,16,0.201595,1
F01-Sphere,IPOP-CMA-ES,0,17,0,0
F01-Sphere,IPOP-CMA-ES,0,18,0,0
F01-Sphere,IPOP-CMA-ES,0,19,0.742951,1
F01-Sphere,IPOP-CMA-ES,0,20,9.84962,1
F01-Sphere,IPOP-CMA-ES,0,21,0.23952,1
F01-Sphere,IPOP-CMA-ES,0,22,0,0
F01-Sphere,IPOP-CMA-ES,0,23,0.145911,1
F01-Sphere,IPOP-CMA-ES,0,24,10.1173,1
F01-Sphere,IPOP-CMA-ES,0,25,0,0
F01-Sphere,IPOP-CMA-ES,0,26,0,0
F01-Sphere,IPOP-CMA-ES,0,27,0,0
F01-Sphere,IPOP-CMA-ES,0,28,0,0
F01-Sphere,IPOP-CMA-ES,0,29,0,0
F01-Sphere,IPOP-CMA-ES,0,30,0.0291858,1
F01-Sphere,IPOP-CMA-ES,0,31,0.0717095,1
F01-Sphere,IPOP-CMA-ES,0,32,0.194503,1
F01-Sphere,IPOP-CMA-ES,0,33,0,0
F01-Sphere,IPOP-CMA-ES,0,34,9.6161,1
F01-Sphere,IPOP-CMA-ES,0,35,0,0
F01-Sphere,IPOP-CMA-ES,0,36,0.183894,1
F01-Sphere,IPOP-CMA-ES,0,37,0,0
F01-Sphere,IPOP-CMA-ES,0,38,0.156717,1
F01-Sphere,IPOP-CMA-ES,0,39,0,0
F01-Sphere,IPOP-CMA-ES,0,40,9.92038,1
F01-Sphere,IPOP-CMA-ES,0,41,0.134589,1
F01-Sphere,IPOP-CMA-ES,0,42,0,0
F01-Sphere,IPOP-CMA-ES,0,43,0.90872,1
F01-Sphere,IPOP-CMA-ES,0,44,0,0
F01-Sphere,DE,0,15,0,0
F01-Sphere,DE,0,16,0.201595,1
F01-Sphere,DE,0,17,0,0
F01-Sphere,DE,0,18,0,0
F01-Sphere,DE,0,19,0.742951,1
F01-Sphere,DE,0,20,9.84962,1
F01-Sphere,DE,0,21,0.23952,1
F01-Sphere,DE,0,22,0,0
F01-Sphere,DE,0,23,0.145911,1
F01-Sphere,DE,0,24,10.1173,1
F01-Sphere,DE,0,25,0,0
F01-Sphere,DE,0,26,0,0
F01-Sphere,DE,0,27,0,0
F01-Sphere,DE,0,28,0,0
F01-Sphere,DE,0,29,0,0
F01-Sphere,DE,0,30,0.0291858,1
F01-Sphere,DE,0,31,0.0717095,1
F01-Sphere,DE,0,32,0.194503,1
F01-Sphere,DE,0,33,0,0
F01-Sphere,DE,0,34,9.6161,1
F01-Sphere,DE,0,35,0,0
F01-Sphere,DE,0,36,0.183894,1
F01-Sphere,DE,0,37,0,0
F01-Sphere,DE,0,38,0.156717,1
F01-Sphere,DE,0,39,0,0
F01-Sphere,DE,0,40,9.92038,1
F01-Sphere,DE,0,41,0.134589,1
F01-Sphere,DE,0,42,0,0
F01-Sphere,DE,0,43,0.90872,1
F01-Sphere,DE,0,44,0,0
F01-Sphere,PSO,0,15,0,0
F01-Sphere,PSO,0,16,0.201594,1
F01-Sphere,PSO,0,17,0,0
F01-Sphere,PSO,0,18,0,0
F01-Sphere,PSO,0,19,0.742951,1
F01-Sphere,PSO,0,20,9.84962,1
F01-Sphere,PSO,0,21,0.23952,1
F01-Sphere,PSO,0,22,0,0
F01-Sphere,PSO,0,23,0.145911,1
F01-Sphere,PSO,0,24,10.1173,1
F01-Sphere,PSO,0,25,0,0
F01-Sphere,PSO,0,26,0,0
F01-Sphere,PSO,0,27,0,0
F01-Sphere,PSO,0,28,0,0
F01-Sphere,PSO,0,29,0,0
F01-Sphere,PSO,0,30,0.0291857,1
F01-Sphere,PSO,0,31,0.0717096,1
F01-Sphere,PSO,0,32,0.194503,1
F01-Sphere,PSO,0,33,0,0
F01-Sphere,PSO,0,34,9.6161,1
F01-Sphere,PSO,0,35,0,0
F01-Sphere,PSO,0,36,0.183894,1
F01-Sphere,PSO,0,37,0,0
F01-Sphere,PSO,0,38,0.156717,1
F01-Sphere,PSO,0,39,0,0
F01-Sphere,PSO,0,40,9.92038,1
F01-Sphere,PSO,0,41,0.134589,1
F01-Sphere,PSO,0,42,0,0
F01-Sphere,PSO,0,43,0.90872,1
F01-Sphere,PSO,0,44,0,0
F01-Sphere,Crowding-DE,0,15,4.23952e-09,0
F01-Sphere,Crowding-DE,0,16,0.201531,1
F01-Sphere,Crowding-DE,0,17,4.23952e-09,0
F01-Sphere,Crowding-DE,0,18,4.23952e-09,0
F01-Sphere,Crowding-DE,0,19,0.742975,1
F01-Sphere,Crowding-DE,0,20,9.84956,1
F01-Sphere,Crowding-DE,0,21,0.239532,1
F01-Sphere,Crowding-DE,0,22,4.23952e-09,0
F01-Sphere,Crowding-DE,0,23,0.145972,1
F01-Sphere,Crowding-DE,0,24,10.1172,1
F01-Sphere,Crowding-DE,0,25,4.23952e-09,0
F01-Sphere,Crowding-DE,0,26,4.23952e-09,0
F01-Sphere,Crowding-DE,0,27,4.23952e-09,0
F01-Sphere,Crowding-DE,0,28,4.23952e-09,0
F01-Sphere,Crowding-DE,0,29,4.23952e-09,0
F01-Sphere,Crowding-DE,0,30,0.0291885,1
F01-Sphere,Crowding-DE,0,31,0.0717746,1
F01-Sphere,Crowding-DE,0,32,0.194463,1
F01-Sphere,Crowding-DE,0,33,4.23952e-09,0
F01-Sphere,Crowding-DE,0,34,9.61614,1
F01-Sphere,Crowding-DE,0,35,4.23952e-09,0
F01-Sphere,Crowding-DE,0,36,0.18395,1
F01-Sphere,Crowding-DE,0,37,4.23952e-09,0
F01-Sphere,Crowding-DE,0,38,0.15678,1
F01-Sphere,Crowding-DE,0,39,4.23952e-09,0
F01-Sphere,Crowding-DE,0,40,9.92033,1
F01-Sphere,Crowding-DE,0,41,0.134608,1
F01-Sphere,Crowding-DE,0,42,4.23952e-09,0
F01-Sphere,Crowding-DE,0,43,0.908659,1
F01-Sphere,Crowding-DE,0,44,4.23952e-09,0
F01-Sphere,MAP-Elites,0,15,0.00559771,0
F01-Sphere,MAP-Elites,0,16,0.174636,1
F01-Sphere,MAP-Elites,0,17,0.00559771,0
F01-Sphere,MAP-Elites,0,18,0.00559771,0
F01-Sphere,MAP-Elites,0,19,0.533512,1
F01-Sphere,MAP-Elites,0,20,0.106776,0
F01-Sphere,MAP-Elites,0,21,0,1
F01-Sphere,MAP-Elites,0,22,0.00559771,0
F01-Sphere,MAP-Elites,0,23,0,1
F01-Sphere,MAP-Elites,0,24,10.1977,1
F01-Sphere,MAP-Elites,0,25,0.00559771,0
F01-Sphere,MAP-Elites,0,26,0.00559771,0
F01-Sphere,MAP-Elites,0,27,0.00559771,0
F01-Sphere,MAP-Elites,0,28,0.00559771,0
F01-Sphere,MAP-Elites,0,29,0.00559771,0
F01-Sphere,MAP-Elites,0,30,0,1
F01-Sphere,MAP-Elites,0,31,0,1
F01-Sphere,MAP-Elites,0,32,0.270067,1
F01-Sphere,MAP-Elites,0,33,0.00559771,0
F01-Sphere,MAP-Elites,0,34,0,0
F01-Sphere,MAP-Elites,0,35,0.00559771,0
F01-Sphere,MAP-Elites,0,36,0,1
F01-Sphere,MAP-Elites,0,37,0.00559771,0
F01-Sphere,MAP-Elites,0,38,0,1
F01-Sphere,MAP-Elites,0,39,0.00559771,0
F01-Sphere,MAP-Elites,0,40,0.106776,0
F01-Sphere,MAP-Elites,0,41,0,1
F01-Sphere,MAP-Elites,0,42,0.00559771,0
F01-Sphere,MAP-Elites,0,43,0.689661,1
F01-Sphere,MAP-Elites,0,44,0.00559771,0
F01-Sphere,MC-ESO-crowd,0,15,1.77483e-06,0
F01-Sphere,MC-ESO-crowd,0,16,0,1
F01-Sphere,MC-ESO-crowd,0,17,1.77483e-06,0
F01-Sphere,MC-ESO-crowd,0,18,1.77483e-06,0
F01-Sphere,MC-ESO-crowd,0,19,0.741836,1
F01-Sphere,MC-ESO-crowd,0,20,0.130299,0
F01-Sphere,MC-ESO-crowd,0,21,0.238579,1
F01-Sphere,MC-ESO-crowd,0,22,1.77483e-06,0
F01-Sphere,MC-ESO-crowd,0,23,0.145142,1
F01-Sphere,MC-ESO-crowd,0,24,10.0012,1
F01-Sphere,MC-ESO-crowd,0,25,1.77483e-06,0
F01-Sphere,MC-ESO-crowd,0,26,1.77483e-06,0
F01-Sphere,MC-ESO-crowd,0,27,1.77483e-06,0
F01-Sphere,MC-ESO-crowd,0,28,1.77483e-06,0
F01-Sphere,MC-ESO-crowd,0,29,1.77483e-06,0
F01-Sphere,MC-ESO-crowd,0,30,0.0299063,1
F01-Sphere,MC-ESO-crowd,0,31,0.0706397,1
F01-Sphere,MC-ESO-crowd,0,32,0.195774,1
F01-Sphere,MC-ESO-crowd,0,33,1.77483e-06,0
F01-Sphere,MC-ESO-crowd,0,34,0.552836,0
F01-Sphere,MC-ESO-crowd,0,35,1.77483e-06,0
F01-Sphere,MC-ESO-crowd,0,36,0.182567,1
F01-Sphere,MC-ESO-crowd,0,37,1.77483e-06,0
F01-Sphere,MC-ESO-crowd,0,38,0.155469,1
F01-Sphere,MC-ESO-crowd,0,39,1.77483e-06,0
F01-Sphere,MC-ESO-crowd,0,40,0.130299,0
F01-Sphere,MC-ESO-crowd,0,41,0.13499,1
F01-Sphere,MC-ESO-crowd,0,42,1.77483e-06,0
F01-Sphere,MC-ESO-crowd,0,43,0.71546,1
F01-Sphere,MC-ESO-crowd,0,44,1.77483e-06,0
F01-Sphere,quality,0,15,2.84217e-14,0
F01-Sphere,quality,0,16,0.201594,1
F01-Sphere,quality,0,17,2.84217e-14,0
F01-Sphere,quality,0,18,2.84217e-14,0
F01-Sphere,quality,0,19,0.742951,1
F01-Sphere,quality,0,20,9.84962,1
F01-Sphere,quality,0,21,0.23952,1
F01-Sphere,quality,0,22,2.84217e-14,0
F01-Sphere,quality,0,23,0.145911,1
F01-Sphere,quality,0,24,10.1173,1
F01-Sphere,quality,0,25,2.84217e-14,0
F01-Sphere,quality,0,26,2.84217e-14,0
F01-Sphere,quality,0,27,2.84217e-14,0
F01-Sphere,quality,0,28,2.84217e-14,0
F01-Sphere,quality,0,29,2.84217e-14,0
F01-Sphere,quality,0,30,0.0291857,1
F01-Sphere,quality,0,31,0.0717096,1
F01-Sphere,quality,0,32,0.194503,1
F01-Sphere,quality,0,33,2.84217e-14,0
F01-Sphere,quality,0,34,9.6161,1
F01-Sphere,quality,0,35,2.84217e-14,0
F01-Sphere,quality,0,36,0.183894,1
F01-Sphere,quality,0,37,2.84217e-14,0
F01-Sphere,quality,0,38,0.156717,1
F01-Sphere,quality,0,39,2.84217e-14,0
F01-Sphere,quality,0,40,9.92038,1
F01-Sphere,quality,0,41,0.134589,1
F01-Sphere,quality,0,42,2.84217e-14,0
F01-Sphere,quality,0,43,0.90872,1
F01-Sphere,quality,0,44,2.84217e-14,0
F01-Sphere,complement,0,15,2.84217e-14,0
F01-Sphere,complement,0,16,0.201594,1
F01-Sphere,complement,0,17,2.84217e-14,0
F01-Sphere,complement,0,18,2.84217e-14,0
F01-Sphere,complement,0,19,0.742951,1
F01-Sphere,complement,0,20,9.84962,1
F01-Sphere,complement,0,21,0.23952,1
F01-Sphere,complement,0,22,2.84217e-14,0
F01-Sphere,complement,0,23,0.145911,1
F01-Sphere,complement,0,24,10.1173,1
F01-Sphere,complement,0,25,2.84217e-14,0
F01-Sphere,complement,0,26,2.84217e-14,0
F01-Sphere,complement,0,27,2.84217e-14,0
F01-Sphere,complement,0,28,2.84217e-14,0
F01-Sphere,complement,0,29,2.84217e-14,0
F01-Sphere,complement,0,30,0.0291857,1
F01-Sphere,complement,0,31,0.0717096,1
F01-Sphere,complement,0,32,0.194503,1
F01-Sphere,complement,0,33,2.84217e-14,0
F01-Sphere,complement,0,34,9.6161,1
F01-Sphere,complement,0,35,2.84217e-14,0
F01-Sphere,complement,0,36,0.183894,1
F01-Sphere,complement,0,37,2.84217e-14,0
F01-Sphere,complement,0,38,0.156717,1
F01-Sphere,complement,0,39,2.84217e-14,0
F01-Sphere,complement,0,40,9.92038,1
F01-Sphere,complement,0,41,0.134589,1
F01-Sphere,complement,0,42,2.84217e-14,0
F01-Sphere,complement,0,43,0.90872,1
F01-Sphere,complement,0,44,2.84217e-14,0
F01-Sphere,MC-ESO,1,15,0,0
F01-Sphere,MC-ESO,1,16,0.0393202,1
F01-Sphere,MC-ESO,1,17,0,1
F01-Sphere,MC-ESO,1,18,0,0
F01-Sphere,MC-ESO,1,19,0,0
F01-Sphere,MC-ESO,1,20,0,0
F01-Sphere,MC-ESO,1,21,0.17976,0
F01-Sphere,MC-ESO,1,22,0,0
F01-Sphere,MC-ESO,1,23,0.231581,1
F01-Sphere,MC-ESO,1,24,0.138927,1
F01-Sphere,MC-ESO,1,25,0,0
F01-Sphere,MC-ESO,1,26,0.810855,0
F01-Sphere,MC-ESO,1,27,0.218303,1
F01-Sphere,MC-ESO,1,28,0,0
F01-Sphere,MC-ESO,1,29,0.175898,1
F01-Sphere,MC-ESO,1,30,0,0
F01-Sphere,MC-ESO,1,31,0.194906,1
F01-Sphere,MC-ESO,1,32,0,0
F01-Sphere,MC-ESO,1,33,0.712457,0
F01-Sphere,MC-ESO,1,34,0.213982,1
F01-Sphere,MC-ESO,1,35,0.234538,1
F01-Sphere,MC-ESO,1,36,0,1
F01-Sphere,MC-ESO,1,37,0.182334,1
F01-Sphere,MC-ESO,1,38,0.660988,0
F01-Sphere,MC-ESO,1,39,0,0
F01-Sphere,MC-ESO,1,40,0,0
F01-Sphere,MC-ESO,1,41,0,0
F01-Sphere,MC-ESO,1,42,0,0
F01-Sphere,MC-ESO,1,43,0,0
F01-Sphere,MC-ESO,1,44,0,0
F01-Sphere,NMMSO,1,15,0,0
F01-Sphere,NMMSO,1,16,0.132441,1
F01-Sphere,NMMSO,1,17,0.124646,1
F01-Sphere,NMMSO,1,18,0,0
F01-Sphere,NMMSO,1,19,0,0
F01-Sphere,NMMSO,1,20,0,0
F01-Sphere,NMMSO,1,21,9.79333,1
F01-Sphere,NMMSO,1,22,0,0
F01-Sphere,NMMSO,1,23,0.231581,1
F01-Sphere,NMMSO,1,24,0.240666,1
F01-Sphere,NMMSO,1,25,0,0
F01-Sphere,NMMSO,1,26,10.004,1
F01-Sphere,NMMSO,1,27,0.218303,1
F01-Sphere,NMMSO,1,28,0,0
F01-Sphere,NMMSO,1,29,0.175898,1
F01-Sphere,NMMSO,1,30,0,0
F01-Sphere,NMMSO,1,31,0.194906,1
F01-Sphere,NMMSO,1,32,0,0
F01-Sphere,NMMSO,1,33,8.87547,0
F01-Sphere,NMMSO,1,34,0.213982,1
F01-Sphere,NMMSO,1,35,0.234538,1
F01-Sphere,NMMSO,1,36,0.200961,1
F01-Sphere,NMMSO,1,37,0.182334,1
F01-Sphere,NMMSO,1,38,10.1031,1
F01-Sphere,NMMSO,1,39,0,0
F01-Sphere,NMMSO,1,40,0,0
F01-Sphere,NMMSO,1,41,0,0
F01-Sphere,NMMSO,1,42,0,0
F01-Sphere,NMMSO,1,43,0,0
F01-Sphere,NMMSO,1,44,0,0
F01-Sphere,NCDE,1,15,0,0
F01-Sphere,NCDE,1,16,0.132441,0
F01-Sphere,NCDE,1,17,0.124646,1
F01-Sphere,NCDE,1,18,0,0
F01-Sphere,NCDE,1,19,0,0
F01-Sphere,NCDE,1,20,0,0
F01-Sphere,NCDE,1,21,9.79333,0
F01-Sphere,NCDE,1,22,0,0
F01-Sphere,NCDE,1,23,0.231581,1
F01-Sphere,NCDE,1,24,0.240666,0
F01-Sphere,NCDE,1,25,0,0
F01-Sphere,NCDE,1,26,8.27905,0
F01-Sphere,NCDE,1,27,0.218303,1
F01-Sphere,NCDE,1,28,0,0
F01-Sphere,NCDE,1,29,0.175898,0
F01-Sphere,NCDE,1,30,0,0
F01-Sphere,NCDE,1,31,0.194906,0
F01-Sphere,NCDE,1,32,0,0
F01-Sphere,NCDE,1,33,0.843862,0
F01-Sphere,NCDE,1,34,0.213982,0
F01-Sphere,NCDE,1,35,0.234538,1
F01-Sphere,NCDE,1,36,0.200961,0
F01-Sphere,NCDE,1,37,0.182334,0
F01-Sphere,NCDE,1,38,10.1031,0
F01-Sphere,NCDE,1,39,0,0
F01-Sphere,NCDE,1,40,0,0
F01-Sphere,NCDE,1,41,0,0
F01-Sphere,NCDE,1,42,0,0
F01-Sphere,NCDE,1,43,0,0
F01-Sphere,NCDE,1,44,0,0
F01-Sphere,r3pso,1,15,0,0
F01-Sphere,r3pso,1,16,0.132441,1
F01-Sphere,r3pso,1,17,0.124646,1
F01-Sphere,r3pso,1,18,0,0
F01-Sphere,r3pso,1,19,0,0
F01-Sphere,r3pso,1,20,0,0
F01-Sphere,r3pso,1,21,9.79333,1
F01-Sphere,r3pso,1,22,0,0
F01-Sphere,r3pso,1,23,0.231581,1
F01-Sphere,r3pso,1,24,0.240666,1
F01-Sphere,r3pso,1,25,0,0
F01-Sphere,r3pso,1,26,10.004,1
F01-Sphere,r3pso,1,27,0.218304,1
F01-Sphere,r3pso,1,28,0,0
F01-Sphere,r3pso,1,29,0.175898,1
F01-Sphere,r3pso,1,30,0,0
F01-Sphere,r3pso,1,31,0.194906,1
F01-Sphere,r3pso,1,32,0,0
F01-Sphere,r3pso,1,33,9.92221,1
F01-Sphere,r3pso,1,34,0.213982,1
F01-Sphere,r3pso,1,35,0.234538,1
F01-Sphere,r3pso,1,36,0.200961,1
F01-Sphere,r3pso,1,37,0.182334,1
F01-Sphere,r3pso,1,38,10.1031,1
F01-Sphere,r3pso,1,39,0,0
F01-Sphere,r3pso,1,40,0,0
F01-Sphere,r3pso,1,41,0,0
F01-Sphere,r3pso,1,42,0,0
F01-Sphere,r3pso,1,43,0,0
F01-Sphere,r3pso,1,44,0,0
F01-Sphere,NM-Restart,1,15,0,0
F01-Sphere,NM-Restart,1,16,0.132441,1
F01-Sphere,NM-Restart,1,17,0.124646,1
F01-Sphere,NM-Restart,1,18,0,0
F01-Sphere,NM-Restart,1,19,0,0
F01-Sphere,NM-Restart,1,20,0,0
F01-Sphere,NM-Restart,1,21,9.79333,1
F01-Sphere,NM-Restart,1,22,0,0
F01-Sphere,NM-Restart,1,23,0.231581,1
F01-Sphere,NM-Restart,1,24,0.240666,1
F01-Sphere,NM-Restart,1,25,0,0
F01-Sphere,NM-Restart,1,26,10.004,1
F01-Sphere,NM-Restart,1,27,0.218303,1
F01-Sphere,NM-Restart,1,28,0,0
F01-Sphere,NM-Restart,1,29,0.175898,1
F01-Sphere,NM-Restart,1,30,0,0
F01-Sphere,NM-Restart,1,31,0.194906,1
F01-Sphere,NM-Restart,1,32,0,0
F01-Sphere,NM-Restart,1,33,9.92221,1
F01-Sphere,NM-Restart,1,34,0.213982,1
F01-Sphere,NM-Restart,1,35,0.234538,1
F01-Sphere,NM-Restart,1,36,0.200961,1
F01-Sphere,NM-Restart,1,37,0.182334,1
F01-Sphere,NM-Restart,1,38,10.1031,1
F01-Sphere,NM-Restart,1,39,0,0
F01-Sphere,NM-Restart,1,40,0,0
F01-Sphere,NM-Restart,1,41,0,0
F01-Sphere,NM-Restart,1,42,0,0
F01-Sphere,NM-Restart,1,43,0,0
F01-Sphere,NM-Restart,1,44,0,0
F01-Sphere,IPOP-CMA-ES,1,15,0,0
F01-Sphere,IPOP-CMA-ES,1,16,0.132441,1
F01-Sphere,IPOP-CMA-ES,1,17,0.124646,1
F01-Sphere,IPOP-CMA-ES,1,18,0,0
F01-Sphere,IPOP-CMA-ES,1,19,0,0
F01-Sphere,IPOP-CMA-ES,1,20,0,0
F01-Sphere,IPOP-CMA-ES,1,21,9.79333,1
F01-Sphere,IPOP-CMA-ES,1,22,0,0
F01-Sphere,IPOP-CMA-ES,1,23,0.231581,1
F01-Sphere,IPOP-CMA-ES,1,24,0.240666,1
F01-Sphere,IPOP-CMA-ES,1,25,0,0
F01-Sphere,IPOP-CMA-ES,1,26,10.004,1
F01-Sphere,IPOP-CMA-ES,1,27,0.218303,1
F01-Sphere,IPOP-CMA-ES,1,28,0,0
F01-Sphere,IPOP-CMA-ES,1,29,0.175898,1
F01-Sphere,IPOP-CMA-ES,1,30,0,0
F01-Sphere,IPOP-CMA-ES,1,31,0.194906,1
F01-Sphere,IPOP-CMA-ES,1,32,0,0
F01-Sphere,IPOP-CMA-ES,1,33,9.92221,1
F01-Sphere,IPOP-CMA-ES,1,34,0.213982,1
F01-Sphere,IPOP-CMA-ES,1,35,0.234538,1
F01-Sphere,IPOP-CMA-ES,1,36,0.200961,1
F01-Sphere,IPOP-CMA-ES,1,37,0.182334,1
F01-Sphere,IPOP-CMA-ES,1,38,10.1031,1
F01-Sphere,IPOP-CMA-ES,1,39,0,0
F01-Sphere,IPOP-CMA-ES,1,40,0,0
F01-Sphere,IPOP-CMA-ES,1,41,0,0
F01-Sphere,IPOP-CMA-ES,1,42,0,0
F01-Sphere,IPOP-CMA-ES,1,43,0,0
F01-Sphere,IPOP-CMA-ES,1,44,0,0
F01-Sphere,DE,1,15,0,0
F01-Sphere,DE,1,16,0.132441,1
F01-Sphere,DE,1,17,0.124646,1
F01-Sphere,DE,1,18,0,0
F01-Sphere,DE,1,19,0,0
F01-Sphere,DE,1,20,0,0
F01-Sphere,DE,1,21,9.79333,1
F01-Sphere,DE,1,22,0,0
F01-Sphere,DE,1,23,0.231581,1
F01-Sphere,DE,1,24,0.240666,1
F01-Sphere,DE,1,25,0,0
F01-Sphere,DE,1,26,10.004,1
F01-Sphere,DE,1,27,0.218303,1
F01-Sphere,DE,1,28,0,0
F01-Sphere,DE,1,29,0.175898,1
F01-Sphere,DE,1,30,0,0
F01-Sphere,DE,1,31,0.194906,1
F01-Sphere,DE,1,32,0,0
F01-Sphere,DE,1,33,9.92221,1
F01-Sphere,DE,1,34,0.213982,1
F01-Sphere,DE,1,35,0.234538,1
F01-Sphere,DE,1,36,0.200961,1
F01-Sphere,DE,1,37,0.182334,1
F01-Sphere,DE,1,38,10.1031,1
F01-Sphere,DE,1,39,0,0
F01-Sphere,DE,1,40,0,0
F01-Sphere,DE,1,41,0,0
F01-Sphere,DE,1,42,0,0
F01-Sphere,DE,1,43,0,0
F01-Sphere,DE,1,44,0,0
F01-Sphere,PSO,1,15,0,0
F01-Sphere,PSO,1,16,0.132441,1
F01-Sphere,PSO,1,17,0.124646,1
F01-Sphere,PSO,1,18,0,0
F01-Sphere,PSO,1,19,0,0
F01-Sphere,PSO,1,20,0,0
F01-Sphere,PSO,1,21,9.79333,1
F01-Sphere,PSO,1,22,0,0
F01-Sphere,PSO,1,23,0.231581,1
F01-Sphere,PSO,1,24,0.240666,1
F01-Sphere,PSO,1,25,0,0
F01-Sphere,PSO,1,26,10.004,1
F01-Sphere,PSO,1,27,0.218303,1
F01-Sphere,PSO,1,28,0,0
F01-Sphere,PSO,1,29,0.175898,1
F01-Sphere,PSO,1,30,0,0
F01-Sphere,PSO,1,31,0.194906,1
F01-Sphere,PSO,1,32,0,0
F01-Sphere,PSO,1,33,9.92221,1
F01-Sphere,PSO,1,34,0.213982,1
F01-Sphere,PSO,1,35,0.234538,1
F01-Sphere,PSO,1,36,0.200961,1
F01-Sphere,PSO,1,37,0.182334,1
F01-Sphere,PSO,1,38,10.1031,1
F01-Sphere,PSO,1,39,0,0
F01-Sphere,PSO,1,40,0,0
F01-Sphere,PSO,1,41,0,0
F01-Sphere,PSO,1,42,0,0
F01-Sphere,PSO,1,43,0,0
F01-Sphere,PSO,1,44,0,0
F01-Sphere,Crowding-DE,1,15,3.00788e-09,0
F01-Sphere,Crowding-DE,1,16,0.132479,1
F01-Sphere,Crowding-DE,1,17,0.124687,1
F01-Sphere,Crowding-DE,1,18,3.00788e-09,0
F01-Sphere,Crowding-DE,1,19,3.00788e-09,0
F01-Sphere,Crowding-DE,1,20,3.00788e-09,0
F01-Sphere,Crowding-DE,1,21,9.79338,1
F01-Sphere,Crowding-DE,1,22,3.00788e-09,0
F01-Sphere,Crowding-DE,1,23,0.231529,1
F01-Sphere,Crowding-DE,1,24,0.240716,1
F01-Sphere,Crowding-DE,1,25,3.00788e-09,0
F01-Sphere,Crowding-DE,1,26,10.004,1
F01-Sphere,Crowding-DE,1,27,0.21825,1
F01-Sphere,Crowding-DE,1,28,3.00788e-09,0
F01-Sphere,Crowding-DE,1,29,0.175893,1
F01-Sphere,Crowding-DE,1,30,3.00788e-09,0
F01-Sphere,Crowding-DE,1,31,0.194879,1
F01-Sphere,Crowding-DE,1,32,3.00788e-09,0
F01-Sphere,Crowding-DE,1,33,9.92223,1
F01-Sphere,Crowding-DE,1,34,0.213991,1
F01-Sphere,Crowding-DE,1,35,0.234486,1
F01-Sphere,Crowding-DE,1,36,0.201011,1
F01-Sphere,Crowding-DE,1,37,0.182331,1
F01-Sphere,Crowding-DE,1,38,10.1031,1
F01-Sphere,Crowding-DE,1,39,3.00788e-09,0
F01-Sphere,Crowding-DE,1,40,3.00788e-09,0
F01-Sphere,Crowding-DE,1,41,3.00788e-09,0
F01-Sphere,Crowding-DE,1,42,3.00788e-09,0
F01-Sphere,Crowding-DE,1,43,3.00788e-09,0
F01-Sphere,Crowding-DE,1,44,3.00788e-09,0
F01-Sphere,MAP-Elites,1,15,0.00165684,0
F01-Sphere,MAP-Elites,1,16,0.174802,1
F01-Sphere,MAP-Elites,1,17,0.166864,1
F01-Sphere,MAP-Elites,1,18,0.00165684,0
F01-Sphere,MAP-Elites,1,19,0.00165684,0
F01-Sphere,MAP-Elites,1,20,0.00165684,0
F01-Sphere,MAP-Elites,1,21,0.0939401,0
F01-Sphere,MAP-Elites,1,22,0.00165684,0
F01-Sphere,MAP-Elites,1,23,0.104341,1
F01-Sphere,MAP-Elites,1,24,0.0029992,1
F01-Sphere,MAP-Elites,1,25,0.00165684,0
F01-Sphere,MAP-Elites,1,26,0.213844,0
F01-Sphere,MAP-Elites,1,27,0.0719281,1
F01-Sphere,MAP-Elites,1,28,0.00165684,0
F01-Sphere,MAP-Elites,1,29,0.0742593,1
F01-Sphere,MAP-Elites,1,30,0.00165684,0
F01-Sphere,MAP-Elites,1,31,0,1
F01-Sphere,MAP-Elites,1,32,0.00165684,0
F01-Sphere,MAP-Elites,1,33,9.77991,1
F01-Sphere,MAP-Elites,1,34,0.22893,1
F01-Sphere,MAP-Elites,1,35,0.113707,1
F01-Sphere,MAP-Elites,1,36,0.207194,1
F01-Sphere,MAP-Elites,1,37,0.0914422,1
F01-Sphere,MAP-Elites,1,38,10.1454,1
F01-Sphere,MAP-Elites,1,39,0.00165684,0
F01-Sphere,MAP-Elites,1,40,0.00165684,0
F01-Sphere,MAP-Elites,1,41,0.00165684,0
F01-Sphere,MAP-Elites,1,42,0.00165684,0
F01-Sphere,MAP-Elites,1,43,0.00165684,0
F01-Sphere,MAP-Elites,1,44,0.00165684,0
F01-Sphere,MC-ESO-crowd,1,15,4.63011e-07,0
F01-Sphere,MC-ESO-crowd,1,16,0,1
F01-Sphere,MC-ESO-crowd,1,17,0.0222418,1
F01-Sphere,MC-ESO-crowd,1,18,4.63011e-07,0
F01-Sphere,MC-ESO-crowd,1,19,4.63011e-07,0
F01-Sphere,MC-ESO-crowd,1,20,4.63011e-07,0
F01-Sphere,MC-ESO-crowd,1,21,0,0
F01-Sphere,MC-ESO-crowd,1,22,4.63011e-07,0
F01-Sphere,MC-ESO-crowd,1,23,0,1
F01-Sphere,MC-ESO-crowd,1,24,0,1
F01-Sphere,MC-ESO-crowd,1,25,4.63011e-07,0
F01-Sphere,MC-ESO-crowd,1,26,0,0
F01-Sphere,MC-ESO-crowd,1,27,0,1
F01-Sphere,MC-ESO-crowd,1,28,4.63011e-07,0
F01-Sphere,MC-ESO-crowd,1,29,0,1
F01-Sphere,MC-ESO-crowd,1,30,4.63011e-07,0
F01-Sphere,MC-ESO-crowd,1,31,0.0146537,1
F01-Sphere,MC-ESO-crowd,1,32,4.63011e-07,0
F01-Sphere,MC-ESO-crowd,1,33,0,0
F01-Sphere,MC-ESO-crowd,1,34,0,1
F01-Sphere,MC-ESO-crowd,1,35,0,1
F01-Sphere,MC-ESO-crowd,1,36,0.0626926,1
F01-Sphere,MC-ESO-crowd,1,37,0,1
F01-Sphere,MC-ESO-crowd,1,38,0,0
F01-Sphere,MC-ESO-crowd,1,39,4.63011e-07,0
F01-Sphere,MC-ESO-crowd,1,40,4.63011e-07,0
F01-Sphere,MC-ESO-crowd,1,41,4.63011e-07,0
F01-Sphere,MC-ESO-crowd,1,42,4.63011e-07,0
F01-Sphere,MC-ESO-crowd,1,43,4.63011e-07,0
F01-Sphere,MC-ESO-crowd,1,44,4.63011e-07,0
F01-Sphere,quality,1,15,9.9476e-14,0
F01-Sphere,quality,1,16,0.132441,1
F01-Sphere,quality,1,17,0.124646,1
F01-Sphere,quality,1,18,9.9476e-14,0
F01-Sphere,quality,1,19,9.9476e-14,0
F01-Sphere,quality,1,20,9.9476e-14,0
F01-Sphere,quality,1,21,9.79333,1
F01-Sphere,quality,1,22,9.9476e-14,0
F01-Sphere,quality,1,23,0.231581,1
F01-Sphere,quality,1,24,0.240666,1
F01-Sphere,quality,1,25,9.9476e-14,0
F01-Sphere,quality,1,26,10.004,1
F01-Sphere,quality,1,27,0.218303,1
F01-Sphere,quality,1,28,9.9476e-14,0
F01-Sphere,quality,1,29,0.175898,1
F01-Sphere,quality,1,30,9.9476e-14,0
F01-Sphere,quality,1,31,0.194906,1
F01-Sphere,quality,1,32,9.9476e-14,0
F01-Sphere,quality,1,33,9.92221,1
F01-Sphere,quality,1,34,0.213982,1
F01-Sphere,quality,1,35,0.234538,1
F01-Sphere,quality,1,36,0.200961,1
F01-Sphere,quality,1,37,0.182334,1
F01-Sphere,quality,1,38,10.1031,1
F01-Sphere,quality,1,39,9.9476e-14,0
F01-Sphere,quality,1,40,9.9476e-14,0
F01-Sphere,quality,1,41,9.9476e-14,0
F01-Sphere,quality,1,42,9.9476e-14,0
F01-Sphere,quality,1,43,9.9476e-14,0
F01-Sphere,quality,1,44,9.9476e-14,0
F01-Sphere,complement,1,15,9.9476e-14,0
F01-Sphere,complement,1,16,0.132441,1
F01-Sphere,complement,1,17,0.124646,1
F01-Sphere,complement,1,18,9.9476e-14,0
F01-Sphere,complement,1,19,9.9476e-14,0
F01-Sphere,complement,1,20,9.9476e-14,0
F01-Sphere,complement,1,21,9.79333,1
F01-Sphere,complement,1,22,9.9476e-14,0
F01-Sphere,complement,1,23,0.231581,1
F01-Sphere,complement,1,24,0.240666,1
F01-Sphere,complement,1,25,9.9476e-14,0
F01-Sphere,complement,1,26,10.004,1
F01-Sphere,complement,1,27,0.218303,1
F01-Sphere,complement,1,28,9.9476e-14,0
F01-Sphere,complement,1,29,0.175898,1
F01-Sphere,complement,1,30,9.9476e-14,0
F01-Sphere,complement,1,31,0.194906,1
F01-Sphere,complement,1,32,9.9476e-14,0
F01-Sphere,complement,1,33,9.92221,1
F01-Sphere,complement,1,34,0.213982,1
F01-Sphere,complement,1,35,0.234538,1
F01-Sphere,complement,1,36,0.200961,1
F01-Sphere,complement,1,37,0.182334,1
F01-Sphere,complement,1,38,10.1031,1
F01-Sphere,complement,1,39,9.9476e-14,0
F01-Sphere,complement,1,40,9.9476e-14,0
F01-Sphere,complement,1,41,9.9476e-14,0
F01-Sphere,complement,1,42,9.9476e-14,0
F01-Sphere,complement,1,43,9.9476e-14,0
F01-Sphere,complement,1,44,9.9476e-14,0
F01-Sphere,MC-ESO,2,15,0,0
F01-Sphere,MC-ESO,2,16,0,0
F01-Sphere,MC-ESO,2,17,0.150687,1
F01-Sphere,MC-ESO,2,18,0,0
F01-Sphere,MC-ESO,2,19,0.188549,1
F01-Sphere,MC-ESO,2,20,0,0
F01-Sphere,MC-ESO,2,21,0,0
F01-Sphere,MC-ESO,2,22,3.86595,1
F01-Sphere,MC-ESO,2,23,0.207712,1
F01-Sphere,MC-ESO,2,24,0,0
F01-Sphere,MC-ESO,2,25,0,0
F01-Sphere,MC-ESO,2,26,0.18407,1
F01-Sphere,MC-ESO,2,27,0.0634392,1
F01-Sphere,MC-ESO,2,28,0.229919,1
F01-Sphere,MC-ESO,2,29,0,0
F01-Sphere,MC-ESO,2,30,0,0
F01-Sphere,MC-ESO,2,31,0,0
F01-Sphere,MC-ESO,2,32,0,0
F01-Sphere,MC-ESO,2,33,0.153489,1
F01-Sphere,MC-ESO,2,34,0,0
F01-Sphere,MC-ESO,2,35,10.1559,1
F01-Sphere,MC-ESO,2,36,0.184658,1
F01-Sphere,MC-ESO,2,37,0.190066,1
F01-Sphere,MC-ESO,2,38,0.205869,1
F01-Sphere,MC-ESO,2,39,9.0331,1
F01-Sphere,MC-ESO,2,40,0.245273,1
F01-Sphere,MC-ESO,2,41,0.112664,1
F01-Sphere,MC-ESO,2,42,0.128684,1
F01-Sphere,MC-ESO,2,43,0,0
F01-Sphere,MC-ESO,2,44,10.064,1
F01-Sphere,NMMSO,2,15,0,0
F01-Sphere,NMMSO,2,16,0,0
F01-Sphere,NMMSO,2,17,0.150687,1
F01-Sphere,NMMSO,2,18,0,0
F01-Sphere,NMMSO,2,19,0.188548,1
F01-Sphere,NMMSO,2,20,0,0
F01-Sphere,NMMSO,2,21,0,0
F01-Sphere,NMMSO,2,22,3.74441,1
F01-Sphere,NMMSO,2,23,0.207712,1
F01-Sphere,NMMSO,2,24,0,0
F01-Sphere,NMMSO,2,25,0,0
F01-Sphere,NMMSO,2,26,0.18407,1
F01-Sphere,NMMSO,2,27,0.0634391,1
F01-Sphere,NMMSO,2,28,0.229919,1
F01-Sphere,NMMSO,2,29,0,0
F01-Sphere,NMMSO,2,30,0,0
F01-Sphere,NMMSO,2,31,0,0
F01-Sphere,NMMSO,2,32,0,0
F01-Sphere,NMMSO,2,33,0.153489,1
F01-Sphere,NMMSO,2,34,0,0
F01-Sphere,NMMSO,2,35,10.1559,1
F01-Sphere,NMMSO,2,36,0.184658,1
F01-Sphere,NMMSO,2,37,0.190066,1
F01-Sphere,NMMSO,2,38,0.205869,1
F01-Sphere,NMMSO,2,39,9.0331,1
F01-Sphere,NMMSO,2,40,0.126657,1
F01-Sphere,NMMSO,2,41,0.112664,1
F01-Sphere,NMMSO,2,42,0.128684,1
F01-Sphere,NMMSO,2,43,0,0
F01-Sphere,NMMSO,2,44,10.064,1
F01-Sphere,NCDE,2,15,0,0
F01-Sphere,NCDE,2,16,0,0
F01-Sphere,NCDE,2,17,0.0718866,1
F01-Sphere,NCDE,2,18,0,0
F01-Sphere,NCDE,2,19,0,1
F01-Sphere,NCDE,2,20,0,0
F01-Sphere,NCDE,2,21,0,0
F01-Sphere,NCDE,2,22,0,0
F01-Sphere,NCDE,2,23,0.207712,1
F01-Sphere,NCDE,2,24,0,0
F01-Sphere,NCDE,2,25,0,0
F01-Sphere,NCDE,2,26,0.18407,1
F01-Sphere,NCDE,2,27,0.0634392,1
F01-Sphere,NCDE,2,28,0.0423639,1
F01-Sphere,NCDE,2,29,0,0
F01-Sphere,NCDE,2,30,0,0
F01-Sphere,NCDE,2,31,0,0
F01-Sphere,NCDE,2,32,0,0
F01-Sphere,NCDE,2,33,0,1
F01-Sphere,NCDE,2,34,0,0
F01-Sphere,NCDE,2,35,0.32497,0
F01-Sphere,NCDE,2,36,0.184659,1
F01-Sphere,NCDE,2,37,0.0680288,1
F01-Sphere,NCDE,2,38,0.0925423,1
F01-Sphere,NCDE,2,39,0,0
F01-Sphere,NCDE,2,40,0.245273,1
F01-Sphere,NCDE,2,41,0.0947918,1
F01-Sphere,NCDE,2,42,0.128684,1
F01-Sphere,NCDE,2,43,0,0
F01-Sphere,NCDE,2,44,9.9242,1
F01-Sphere,r3pso,2,15,0,0
F01-Sphere,r3pso,2,16,0,0
F01-Sphere,r3pso,2,17,0.150687,1
F01-Sphere,r3pso,2,18,0,0
F01-Sphere,r3pso,2,19,0.188549,1
F01-Sphere,r3pso,2,20,0,0
F01-Sphere,r3pso,2,21,0,0
F01-Sphere,r3pso,2,22,3.86595,1
F01-Sphere,r3pso,2,23,0.207712,1
F01-Sphere,r3pso,2,24,0,0
F01-Sphere,r3pso,2,25,0,0
F01-Sphere,r3pso,2,26,0.18407,1
F01-Sphere,r3pso,2,27,0.0634391,1
F01-Sphere,r3pso,2,28,0.229919,1
F01-Sphere,r3pso,2,29,0,0
F01-Sphere,r3pso,2,30,0,0
F01-Sphere,r3pso,2,31,0,0
F01-Sphere,r3pso,2,32,0,0
F01-Sphere,r3pso,2,33,0.153489,1
F01-Sphere,r3pso,2,34,0,0
F01-Sphere,r3pso,2,35,10.1559,1
F01-Sphere,r3pso,2,36,0.184658,1
F01-Sphere,r3pso,2,37,0.190066,1
F01-Sphere,r3pso,2,38,0.205869,1
F01-Sphere,r3pso,2,39,9.0331,1
F01-Sphere,r3pso,2,40,0.245273,1
F01-Sphere,r3pso,2,41,0.112664,1
F01-Sphere,r3pso,2,42,0.128684,1
F01-Sphere,r3pso,2,43,0,0
F01-Sphere,r3pso,2,44,10.064,1
F01-Sphere,NM-Restart,2,15,0,0
F01-Sphere,NM-Restart,2,16,0,0
F01-Sphere,NM-Restart,2,17,0.150687,1
F01-Sphere,NM-Restart,2,18,0,0
F01-Sphere,NM-Restart,2,19,0.188548,1
F01-Sphere,NM-Restart,2,20,0,0
F01-Sphere,NM-Restart,2,21,0,0
F01-Sphere,NM-Restart,2,22,3.86595,1
F01-Sphere,NM-Restart,2,23,0.207712,1
F01-Sphere,NM-Restart,2,24,0,0
F01-Sphere,NM-Restart,2,25,0,0
F01-Sphere,NM-Restart,2,26,0.18407,1
F01-Sphere,NM-Restart,2,27,0.0634391,1
F01-Sphere,NM-Restart,2,28,0.229919,1
F01-Sphere,NM-Restart,2,29,0,0
F01-Sphere,NM-Restart,2,30,0,0
F01-Sphere,NM-Restart,2,31,0,0
F01-Sphere,NM-Restart,2,32,0,0
F01-Sphere,NM-Restart,2,33,0.153489,1
F01-Sphere,NM-Restart,2,34,0,0
F01-Sphere,NM-Restart,2,35,10.1559,1
F01-Sphere,NM-Restart,2,36,0.184659,1
F01-Sphere,NM-Restart,2,37,0.190066,1
F01-Sphere,NM-Restart,2,38,0.205869,1
F01-Sphere,NM-Restart,2,39,9.0331,1
F01-Sphere,NM-Restart,2,40,0.245273,1
F01-Sphere,NM-Restart,2,41,0.112664,1
F01-Sphere,NM-Restart,2,42,0.128684,1
F01-Sphere,NM-Restart,2,43,0,0
F01-Sphere,NM-Restart,2,44,10.064,1
F01-Sphere,IPOP-CMA-ES,2,15,0,0
F01-Sphere,IPOP-CMA-ES,2,16,0,0
F01-Sphere,IPOP-CMA-ES,2,17,0.150687,1
F01-Sphere,IPOP-CMA-ES,2,18,0,0
F01-Sphere,IPOP-CMA-ES,2,19,0.188549,1
F01-Sphere,IPOP-CMA-ES,2,20,0,0
F01-Sphere,IPOP-CMA-ES,2,21,0,0
F01-Sphere,IPOP-CMA-ES,2,22,3.86595,1
F01-Sphere,IPOP-CMA-ES,2,23,0.207712,1
F01-Sphere,IPOP-CMA-ES,2,24,0,0
F01-Sphere,IPOP-CMA-ES,2,25,0,0
F01-Sphere,IPOP-CMA-ES,2,26,0.18407,1
F01-Sphere,IPOP-CMA-ES,2,27,0.0634391,1
F01-Sphere,IPOP-CMA-ES,2,28,0.229919,1
F01-Sphere,IPOP-CMA-ES,2,29,0,0
F01-Sphere,IPOP-CMA-ES,2,30,0,0
F01-Sphere,IPOP-CMA-ES,2,31,0,0
F01-Sphere,IPOP-CMA-ES,2,32,0,0
F01-Sphere,IPOP-CMA-ES,2,33,0.153489,1
F01-Sphere,IPOP-CMA-ES,2,34,0,0
F01-Sphere,IPOP-CMA-ES,2,35,10.1559,1
F01-Sphere,IPOP-CMA-ES,2,36,0.184658,1
F01-Sphere,IPOP-CMA-ES,2,37,0.190066,1
F01-Sphere,IPOP-CMA-ES,2,38,0.205869,1
F01-Sphere,IPOP-CMA-ES,2,39,9.0331,1
F01-Sphere,IPOP-CMA-ES,2,40,0.245273,1
F01-Sphere,IPOP-CMA-ES,2,41,0.112664,1
F01-Sphere,IPOP-CMA-ES,2,42,0.128684,1
F01-Sphere,IPOP-CMA-ES,2,43,0,0
F01-Sphere,IPOP-CMA-ES,2,44,10.064,1
F01-Sphere,DE,2,15,0,0
F01-Sphere,DE,2,16,0,0
F01-Sphere,DE,2,17,0.150687,1
F01-Sphere,DE,2,18,0,0
F01-Sphere,DE,2,19,0.188548,1
F01-Sphere,DE,2,20,0,0
F01-Sphere,DE,2,21,0,0
F01-Sphere,DE,2,22,3.86595,1
F01-Sphere,DE,2,23,0.207712,1
F01-Sphere,DE,2,24,0,0
F01-Sphere,DE,2,25,0,0
F01-Sphere,DE,2,26,0.18407,1
F01-Sphere,DE,2,27,0.0634392,1
F01-Sphere,DE,2,28,0.229919,1
F01-Sphere,DE,2,29,0,0
F01-Sphere,DE,2,30,0,0
F01-Sphere,DE,2,31,0,0
F01-Sphere,DE,2,32,0,0
F01-Sphere,DE,2,33,0.153489,1
F01-Sphere,DE,2,34,0,0
F01-Sphere,DE,2,35,10.1559,1
F01-Sphere,DE,2,36,0.184659,1
F01-Sphere,DE,2,37,0.190066,1
F01-Sphere,DE,2,38,0.205869,1
F01-Sphere,DE,2,39,9.0331,1
F01-Sphere,DE,2,40,0.245273,1
F01-Sphere,DE,2,41,0.112664,1
F01-Sphere,DE,2,42,0.128684,1
F01-Sphere,DE,2,43,0,0
F01-Sphere,DE,2,44,10.064,1
F01-Sphere,PSO,2,15,0,0
F01-Sphere,PSO,2,16,0,0
F01-Sphere,PSO,2,17,0.150687,1
F01-Sphere,PSO,2,18,0,0
F01-Sphere,PSO,2,19,0.188549,1
F01-Sphere,PSO,2,20,0,0
F01-Sphere,PSO,2,21,0,0
F01-Sphere,PSO,2,22,3.86595,1
F01-Sphere,PSO,2,23,0.207712,1
F01-Sphere,PSO,2,24,0,0
F01-Sphere,PSO,2,25,0,0
F01-Sphere,PSO,2,26,0.18407,1
F01-Sphere,PSO,2,27,0.0634391,1
F01-Sphere,PSO,2,28,0.229919,1
F01-Sphere,PSO,2,29,0,0
F01-Sphere,PSO,2,30,0,0
F01-Sphere,PSO,2,31,0,0
F01-Sphere,PSO,2,32,0,0
F01-Sphere,PSO,2,33,0.153489,1
F01-Sphere,PSO,2,34,0,0
F01-Sphere,PSO,2,35,10.1559,1
F01-Sphere,PSO,2,36,0.184658,1
F01-Sphere,PSO,2,37,0.190066,1
F01-Sphere,PSO,2,38,0.20587,1
F01-Sphere,PSO,2,39,9.0331,1
F01-Sphere,PSO,2,40,0.245273,1
F01-Sphere,PSO,2,41,0.112664,1
F01-Sphere,PSO,2,42,0.128684,1
F01-Sphere,PSO,2,43,0,0
F01-Sphere,PSO,2,44,10.064,1
F01-Sphere,Crowding-DE,2,15,1.06431e-08,0
F01-Sphere,Crowding-DE,2,16,1.06431e-08,0
F01-Sphere,Crowding-DE,2,17,0.150768,1
F01-Sphere,Crowding-DE,2,18,1.06431e-08,0
F01-Sphere,Crowding-DE,2,19,0.188587,1
F01-Sphere,Crowding-DE,2,20,1.06431e-08,0
F01-Sphere,Crowding-DE,2,21,1.06431e-08,0
F01-Sphere,Crowding-DE,2,22,3.86586,1
F01-Sphere,Crowding-DE,2,23,0.207641,1
F01-Sphere,Crowding-DE,2,24,1.06431e-08,0
F01-Sphere,Crowding-DE,2,25,1.06431e-08,0
F01-Sphere,Crowding-DE,2,26,0.184007,1
F01-Sphere,Crowding-DE,2,27,0.0634542,1
F01-Sphere,Crowding-DE,2,28,0.230019,1
F01-Sphere,Crowding-DE,2,29,1.06431e-08,0
F01-Sphere,Crowding-DE,2,30,1.06431e-08,0
F01-Sphere,Crowding-DE,2,31,1.06431e-08,0
F01-Sphere,Crowding-DE,2,32,1.06431e-08,0
F01-Sphere,Crowding-DE,2,33,0.153552,1
F01-Sphere,Crowding-DE,2,34,1.06431e-08,0
F01-Sphere,Crowding-DE,2,35,10.1559,1
F01-Sphere,Crowding-DE,2,36,0.184596,1
F01-Sphere,Crowding-DE,2,37,0.190169,1
F01-Sphere,Crowding-DE,2,38,0.205859,1
F01-Sphere,Crowding-DE,2,39,9.03306,1
F01-Sphere,Crowding-DE,2,40,0.245182,1
F01-Sphere,Crowding-DE,2,41,0.112763,1
F01-Sphere,Crowding-DE,2,42,0.128637,1
F01-Sphere,Crowding-DE,2,43,1.06431e-08,0
F01-Sphere,Crowding-DE,2,44,10.064,1
F01-Sphere,MAP-Elites,2,15,0.00763402,0
F01-Sphere,MAP-Elites,2,16,0.00763402,0
F01-Sphere,MAP-Elites,2,17,0.104805,1
F01-Sphere,MAP-Elites,2,18,0.00763402,0
F01-Sphere,MAP-Elites,2,19,0.0295631,1
F01-Sphere,MAP-Elites,2,20,0.00763402,0
F01-Sphere,MAP-Elites,2,21,0.00763402,0
F01-Sphere,MAP-Elites,2,22,3.62047,1
F01-Sphere,MAP-Elites,2,23,0,1
F01-Sphere,MAP-Elites,2,24,0.00763402,0
F01-Sphere,MAP-Elites,2,25,0.00763402,0
F01-Sphere,MAP-Elites,2,26,0,1
F01-Sphere,MAP-Elites,2,27,0,1
F01-Sphere,MAP-Elites,2,28,0.0361772,1
F01-Sphere,MAP-Elites,2,29,0.00763402,0
F01-Sphere,MAP-Elites,2,30,0.00763402,0
F01-Sphere,MAP-Elites,2,31,0.00763402,0
F01-Sphere,MAP-Elites,2,32,0.00763402,0
F01-Sphere,MAP-Elites,2,33,0.029525,1
F01-Sphere,MAP-Elites,2,34,0.00763402,0
F01-Sphere,MAP-Elites,2,35,0,0
F01-Sphere,MAP-Elites,2,36,0,1
F01-Sphere,MAP-Elites,2,37,0.0718071,1
F01-Sphere,MAP-Elites,2,38,0.00588516,1
F01-Sphere,MAP-Elites,2,39,8.92321,1
F01-Sphere,MAP-Elites,2,40,0,1
F01-Sphere,MAP-Elites,2,41,0.079112,1
F01-Sphere,MAP-Elites,2,42,0,1
F01-Sphere,MAP-Elites,2,43,0.00763402,0
F01-Sphere,MAP-Elites,2,44,0,0
F01-Sphere,MC-ESO-crowd,2,15,4.37085e-06,0
F01-Sphere,MC-ESO-crowd,2,16,4.37085e-06,0
F01-Sphere,MC-ESO-crowd,2,17,0,1
F01-Sphere,MC-ESO-crowd,2,18,4.37085e-06,0
F01-Sphere,MC-ESO-crowd,2,19,0.135293,1
F01-Sphere,MC-ESO-crowd,2,20,4.37085e-06,0
F01-Sphere,MC-ESO-crowd,2,21,4.37085e-06,0
F01-Sphere,MC-ESO-crowd,2,22,3.77811,1
F01-Sphere,MC-ESO-crowd,2,23,0.101153,1
F01-Sphere,MC-ESO-crowd,2,24,4.37085e-06,0
F01-Sphere,MC-ESO-crowd,2,25,4.37085e-06,0
F01-Sphere,MC-ESO-crowd,2,26,0.0917316,1
F01-Sphere,MC-ESO-crowd,2,27,0.0632374,1
F01-Sphere,MC-ESO-crowd,2,28,0,1
F01-Sphere,MC-ESO-crowd,2,29,4.37085e-06,0
F01-Sphere,MC-ESO-crowd,2,30,4.37085e-06,0
F01-Sphere,MC-ESO-crowd,2,31,4.37085e-06,0
F01-Sphere,MC-ESO-crowd,2,32,4.37085e-06,0
F01-Sphere,MC-ESO-crowd,2,33,0.0260649,1
F01-Sphere,MC-ESO-crowd,2,34,4.37085e-06,0
F01-Sphere,MC-ESO-crowd,2,35,0.152001,0
F01-Sphere,MC-ESO-crowd,2,36,0.0919027,1
F01-Sphere,MC-ESO-crowd,2,37,0,1
F01-Sphere,MC-ESO-crowd,2,38,0,1
F01-Sphere,MC-ESO-crowd,2,39,9.00727,1
F01-Sphere,MC-ESO-crowd,2,40,0.155117,1
F01-Sphere,MC-ESO-crowd,2,41,0,1
F01-Sphere,MC-ESO-crowd,2,42,0.0840551,1
F01-Sphere,MC-ESO-crowd,2,43,4.37085e-06,0
F01-Sphere,MC-ESO-crowd,2,44,0.0219029,0
F01-Sphere,quality,2,15,1.42109e-14,0
F01-Sphere,quality,2,16,1.42109e-14,0
F01-Sphere,quality,2,17,0.150686,1
F01-Sphere,quality,2,18,1.42109e-14,0
F01-Sphere,quality,2,19,0.188548,1
F01-Sphere,quality,2,20,1.42109e-14,0
F01-Sphere,quality,2,21,1.42109e-14,0
F01-Sphere,quality,2,22,3.86595,1
F01-Sphere,quality,2,23,0.207712,1
F01-Sphere,quality,2,24,1.42109e-14,0
F01-Sphere,quality,2,25,1.42109e-14,0
F01-Sphere,quality,2,26,0.18407,1
F01-Sphere,quality,2,27,0.0634393,1
F01-Sphere,quality,2,28,0.229919,1
F01-Sphere,quality,2,29,1.42109e-14,0
F01-Sphere,quality,2,30,1.42109e-14,0
F01-Sphere,quality,2,31,1.42109e-14,0
F01-Sphere,quality,2,32,1.42109e-14,0
F01-Sphere,quality,2,33,0.153489,1
F01-Sphere,quality,2,34,1.42109e-14,0
F01-Sphere,quality,2,35,10.1559,1
F01-Sphere,quality,2,36,0.184659,1
F01-Sphere,quality,2,37,0.190066,1
F01-Sphere,quality,2,38,0.205869,1
F01-Sphere,quality,2,39,9.0331,1
F01-Sphere,quality,2,40,0.245273,1
F01-Sphere,quality,2,41,0.112664,1
F01-Sphere,quality,2,42,0.128684,1
F01-Sphere,quality,2,43,1.42109e-14,0
F01-Sphere,quality,2,44,10.064,1
F01-Sphere,complement,2,15,1.42109e-14,0
F01-Sphere,complement,2,16,1.42109e-14,0
F01-Sphere,complement,2,17,0.150686,1
F01-Sphere,complement,2,18,1.42109e-14,0
F01-Sphere,complement,2,19,0.188548,1
F01-Sphere,complement,2,20,1.42109e-14,0
F01-Sphere,complement,2,21,1.42109e-14,0
F01-Sphere,complement,2,22,3.86595,1
F01-Sphere,complement,2,23,0.207712,1
F01-Sphere,complement,2,24,1.42109e-14,0
F01-Sphere,complement,2,25,1.42109e-14,0
F01-Sphere,complement,2,26,0.18407,1
F01-Sphere,complement,2,27,0.0634393,1
F01-Sphere,complement,2,28,0.229919,1
F01-Sphere,complement,2,29,1.42109e-14,0
F01-Sphere,complement,2,30,1.42109e-14,0
F01-Sphere,complement,2,31,1.42109e-14,0
F01-Sphere,complement,2,32,1.42109e-14,0
F01-Sphere,complement,2,33,0.153489,1
F01-Sphere,complement,2,34,1.42109e-14,0
F01-Sphere,complement,2,35,10.1559,1
F01-Sphere,complement,2,36,0.184659,1
F01-Sphere,complement,2,37,0.190066,1
F01-Sphere,complement,2,38,0.205869,1
F01-Sphere,complement,2,39,9.0331,1
F01-Sphere,complement,2,40,0.245273,1
F01-Sphere,complement,2,41,0.112664,1
F01-Sphere,complement,2,42,0.128684,1
F01-Sphere,complement,2,43,1.42109e-14,0
F01-Sphere,complement,2,44,10.064,1
F01-Sphere,MC-ESO,3,15,0,0
F01-Sphere,MC-ESO,3,16,0,0
F01-Sphere,MC-ESO,3,17,0.0136799,1
F01-Sphere,MC-ESO,3,18,0,0
F01-Sphere,MC-ESO,3,19,0.192089,1
F01-Sphere,MC-ESO,3,20,0,0
F01-Sphere,MC-ESO,3,21,0,0
F01-Sphere,MC-ESO,3,22,0,0
F01-Sphere,MC-ESO,3,23,0.0419985,1
F01-Sphere,MC-ESO,3,24,0,1
F01-Sphere,MC-ESO,3,25,0,0
F01-Sphere,MC-ESO,3,26,0,0
F01-Sphere,MC-ESO,3,27,0.0254044,1
F01-Sphere,MC-ESO,3,28,0,1
F01-Sphere,MC-ESO,3,29,0,0
F01-Sphere,MC-ESO,3,30,0.00794452,1
F01-Sphere,MC-ESO,3,31,0,0
F01-Sphere,MC-ESO,3,32,0,0
F01-Sphere,MC-ESO,3,33,0,0
F01-Sphere,MC-ESO,3,34,0.117869,1
F01-Sphere,MC-ESO,3,35,0,0
F01-Sphere,MC-ESO,3,36,0,0
F01-Sphere,MC-ESO,3,37,0,0
F01-Sphere,MC-ESO,3,38,0,0
F01-Sphere,MC-ESO,3,39,0,1
F01-Sphere,MC-ESO,3,40,0,0
F01-Sphere,MC-ESO,3,41,0.116716,1
F01-Sphere,MC-ESO,3,42,0,0
F01-Sphere,MC-ESO,3,43,0.0626063,1
F01-Sphere,MC-ESO,3,44,0,0
F01-Sphere,NMMSO,3,15,0,0
F01-Sphere,NMMSO,3,16,0,0
F01-Sphere,NMMSO,3,17,0.183014,1
F01-Sphere,NMMSO,3,18,0,0
F01-Sphere,NMMSO,3,19,0.192089,1
F01-Sphere,NMMSO,3,20,0,0
F01-Sphere,NMMSO,3,21,0,0
F01-Sphere,NMMSO,3,22,0,0
F01-Sphere,NMMSO,3,23,0.118555,1
F01-Sphere,NMMSO,3,24,0.136148,1
F01-Sphere,NMMSO,3,25,0,0
F01-Sphere,NMMSO,3,26,0,0
F01-Sphere,NMMSO,3,27,0.0254044,1
F01-Sphere,NMMSO,3,28,0.187002,1
F01-Sphere,NMMSO,3,29,0,0
F01-Sphere,NMMSO,3,30,0.0759759,1
F01-Sphere,NMMSO,3,31,0,0
F01-Sphere,NMMSO,3,32,0,0
F01-Sphere,NMMSO,3,33,0,0
F01-Sphere,NMMSO,3,34,0.177439,1
F01-Sphere,NMMSO,3,35,0,0
F01-Sphere,NMMSO,3,36,0,0
F01-Sphere,NMMSO,3,37,0,0
F01-Sphere,NMMSO,3,38,0,0
F01-Sphere,NMMSO,3,39,0.195516,1
F01-Sphere,NMMSO,3,40,0,0
F01-Sphere,NMMSO,3,41,0.182638,0
F01-Sphere,NMMSO,3,42,0,0
F01-Sphere,NMMSO,3,43,0.0626062,1
F01-Sphere,NMMSO,3,44,0,0
F01-Sphere,NCDE,3,15,0,0
F01-Sphere,NCDE,3,16,0,0
F01-Sphere,NCDE,3,17,0.183014,0
F01-Sphere,NCDE,3,18,0,0
F01-Sphere,NCDE,3,19,0,1
F01-Sphere,NCDE,3,20,0,0
F01-Sphere,NCDE,3,21,0,0
F01-Sphere,NCDE,3,22,0,0
F01-Sphere,NCDE,3,23,0.118555,1
F01-Sphere,NCDE,3,24,0.136148,1
F01-Sphere,NCDE,3,25,0,0
F01-Sphere,NCDE,3,26,0,0
F01-Sphere,NCDE,3,27,0,0
F01-Sphere,NCDE,3,28,0.187002,0
F01-Sphere,NCDE,3,29,0,0
F01-Sphere,NCDE,3,30,0.0759759,1
F01-Sphere,NCDE,3,31,0,0
F01-Sphere,NCDE,3,32,0,0
F01-Sphere,NCDE,3,33,0,0
F01-Sphere,NCDE,3,34,0.144419,1
F01-Sphere,NCDE,3,35,0,0
F01-Sphere,NCDE,3,36,0,0
F01-Sphere,NCDE,3,37,0,0
F01-Sphere,NCDE,3,38,0,0
F01-Sphere,NCDE,3,39,0.195516,0
F01-Sphere,NCDE,3,40,0,0
F01-Sphere,NCDE,3,41,0,0
F01-Sphere,NCDE,3,42,0,0
F01-Sphere,NCDE,3,43,0.0626063,0
F01-Sphere,NCDE,3,44,0,0
F01-Sphere,r3pso,3,15,0,0
F01-Sphere,r3pso,3,16,0,0
F01-Sphere,r3pso,3,17,0.183014,1
F01-Sphere,r3pso,3,18,0,0
F01-Sphere,r3pso,3,19,0.192089,1
F01-Sphere,r3pso,3,20,0,0
F01-Sphere,r3pso,3,21,0,0
F01-Sphere,r3pso,3,22,0,0
F01-Sphere,r3pso,3,23,0.118555,1
F01-Sphere,r3pso,3,24,0.136148,1
F01-Sphere,r3pso,3,25,0,0
F01-Sphere,r3pso,3,26,0,0
F01-Sphere,r3pso,3,27,0.0254043,1
F01-Sphere,r3pso,3,28,0.187002,1
F01-Sphere,r3pso,3,29,0,0
F01-Sphere,r3pso,3,30,0.075976,1
F01-Sphere,r3pso,3,31,0,0
F01-Sphere,r3pso,3,32,0,0
F01-Sphere,r3pso,3,33,0,0
F01-Sphere,r3pso,3,34,0.177439,1
F01-Sphere,r3pso,3,35,0,0
F01-Sphere,r3pso,3,36,0,0
F01-Sphere,r3pso,3,37,0,0
F01-Sphere,r3pso,3,38,0,0
F01-Sphere,r3pso,3,39,0.195516,1
F01-Sphere,r3pso,3,40,0,0
F01-Sphere,r3pso,3,41,0.182638,1
F01-Sphere,r3pso,3,42,0,0
F01-Sphere,r3pso,3,43,0.0626063,1
F01-Sphere,r3pso,3,44,0,0
F01-Sphere,NM-Restart,3,15,0,0
F01-Sphere,NM-Restart,3,16,0,0
F01-Sphere,NM-Restart,3,17,0.183014,1
F01-Sphere,NM-Restart,3,18,0,0
F01-Sphere,NM-Restart,3,19,0.192089,1
F01-Sphere,NM-Restart,3,20,0,0
F01-Sphere,NM-Restart,3,21,0,0
F01-Sphere,NM-Restart,3,22,0,0
F01-Sphere,NM-Restart,3,23,0.118555,1
F01-Sphere,NM-Restart,3,24,0.136148,1
F01-Sphere,NM-Restart,3,25,0,0
F01-Sphere,NM-Restart,3,26,0,0
F01-Sphere,NM-Restart,3,27,0.0254045,1
F01-Sphere,NM-Restart,3,28,0.187002,1
F01-Sphere,NM-Restart,3,29,0,0
F01-Sphere,NM-Restart,3,30,0.0759758,1
F01-Sphere,NM-Restart,3,31,0,0
F01-Sphere,NM-Restart,3,32,0,0
F01-Sphere,NM-Restart,3,33,0,0
F01-Sphere,NM-Restart,3,34,0.177439,1
F01-Sphere,NM-Restart,3,35,0,0
F01-Sphere,NM-Restart,3,36,0,0
F01-Sphere,NM-Restart,3,37,0,0
F01-Sphere,NM-Restart,3,38,0,0
F01-Sphere,NM-Restart,3,39,0.195516,1
F01-Sphere,NM-Restart,3,40,0,0
F01-Sphere,NM-Restart,3,41,0.182638,1
F01-Sphere,NM-Restart,3,42,0,0
F01-Sphere,NM-Restart,3,43,0.0626062,1
F01-Sphere,NM-Restart,3,44,0,0
F01-Sphere,IPOP-CMA-ES,3,15,0,0
F01-Sphere,IPOP-CMA-ES,3,16,0,0
F01-Sphere,IPOP-CMA-ES,3,17,0.183014,1
F01-Sphere,IPOP-CMA-ES,3,18,0,0
F01-Sphere,IPOP-CMA-ES,3,19,0.192089,1
F01-Sphere,IPOP-CMA-ES,3,20,0,0
F01-Sphere,IPOP-CMA-ES,3,21,0,0
F01-Sphere,IPOP-CMA-ES,3,22,0,0
F01-Sphere,IPOP-CMA-ES,3,23,0.118555,1
F01-Sphere,IPOP-CMA-ES,3,24,0.136148,1
F01-Sphere,IPOP-CMA-ES,3,25,0,0
F01-Sphere,IPOP-CMA-ES,3,26,0,0
F01-Sphere,IPOP-CMA-ES,3,27,0.0254045,1
F01-Sphere,IPOP-CMA-ES,3,28,0.187002,1
F01-Sphere,IPOP-CMA-ES,3,29,0,0
F01-Sphere,IPOP-CMA-ES,3,30,0.0759758,1
F01-Sphere,IPOP-CMA-ES,3,31,0,0
F01-Sphere,IPOP-CMA-ES,3,32,0,0
F01-Sphere,IPOP-CMA-ES,3,33,0,0
F01-Sphere,IPOP-CMA-ES,3,34,0.177439,1
F01-Sphere,IPOP-CMA-ES,3,35,0,0
F01-Sphere,IPOP-CMA-ES,3,36,0,0
F01-Sphere,IPOP-CMA-ES,3,37,0,0
F01-Sphere,IPOP-CMA-ES,3,38,0,0
F01-Sphere,IPOP-CMA-ES,3,39,0.195516,1
F01-Sphere,IPOP-CMA-ES,3,40,0,0
F01-Sphere,IPOP-CMA-ES,3,41,0.182638,1
F01-Sphere,IPOP-CMA-ES,3,42,0,0
F01-Sphere,IPOP-CMA-ES,3,43,0.0626062,1
F01-Sphere,IPOP-CMA-ES,3,44,0,0
F01-Sphere,DE,3,15,0,0
F01-Sphere,DE,3,16,0,0
F01-Sphere,DE,3,17,0.183014,1
F01-Sphere,DE,3,18,0,0
F01-Sphere,DE,3,19,0.192089,1
F01-Sphere,DE,3,20,0,0
F01-Sphere,DE,3,21,0,0
F01-Sphere,DE,3,22,0,0
F01-Sphere,DE,3,23,0.118555,1
F01-Sphere,DE,3,24,0.136148,1
F01-Sphere,DE,3,25,0,0
F01-Sphere,DE,3,26,0,0
F01-Sphere,DE,3,27,0.0254044,1
F01-Sphere,DE,3,28,0.187002,1
F01-Sphere,DE,3,29,0,0
F01-Sphere,DE,3,30,0.0759759,1
F01-Sphere,DE,3,31,0,0
F01-Sphere,DE,3,32,0,0
F01-Sphere,DE,3,33,0,0
F01-Sphere,DE,3,34,0.177439,1
F01-Sphere,DE,3,35,0,0
F01-Sphere,DE,3,36,0,0
F01-Sphere,DE,3,37,0,0
F01-Sphere,DE,3,38,0,0
F01-Sphere,DE,3,39,0.195516,1
F01-Sphere,DE,3,40,0,0
F01-Sphere,DE,3,41,0.182638,1
F01-Sphere,DE,3,42,0,0
F01-Sphere,DE,3,43,0.0626062,1
F01-Sphere,DE,3,44,0,0
F01-Sphere,PSO,3,15,0,0
F01-Sphere,PSO,3,16,0,0
F01-Sphere,PSO,3,17,0.183014,1
F01-Sphere,PSO,3,18,0,0
F01-Sphere,PSO,3,19,0.192089,1
F01-Sphere,PSO,3,20,0,0
F01-Sphere,PSO,3,21,0,0
F01-Sphere,PSO,3,22,0,0
F01-Sphere,PSO,3,23,0.118555,1
F01-Sphere,PSO,3,24,0.136148,1
F01-Sphere,PSO,3,25,0,0
F01-Sphere,PSO,3,26,0,0
F01-Sphere,PSO,3,27,0.0254044,1
F01-Sphere,PSO,3,28,0.187002,1
F01-Sphere,PSO,3,29,0,0
F01-Sphere,PSO,3,30,0.0759758,1
F01-Sphere,PSO,3,31,0,0
F01-Sphere,PSO,3,32,0,0
F01-Sphere,PSO,3,33,0,0
F01-Sphere,PSO,3,34,0.177439,1
F01-Sphere,PSO,3,35,0,0
F01-Sphere,PSO,3,36,0,0
F01-Sphere,PSO,3,37,0,0
F01-Sphere,PSO,3,38,0,0
F01-Sphere,PSO,3,39,0.195516,1
F01-Sphere,PSO,3,40,0,0
F01-Sphere,PSO,3,41,0.182638,1
F01-Sphere,PSO,3,42,0,0
F01-Sphere,PSO,3,43,0.0626063,1
F01-Sphere,PSO,3,44,0,0
F01-Sphere,Crowding-DE,3,15,3.26591e-09,0
F01-Sphere,Crowding-DE,3,16,3.26591e-09,0
F01-Sphere,Crowding-DE,3,17,0.183019,1
F01-Sphere,Crowding-DE,3,18,3.26591e-09,0
F01-Sphere,Crowding-DE,3,19,0.192052,1
F01-Sphere,Crowding-DE,3,20,3.26591e-09,0
F01-Sphere,Crowding-DE,3,21,3.26591e-09,0
F01-Sphere,Crowding-DE,3,22,3.26591e-09,0
F01-Sphere,Crowding-DE,3,23,0.118511,1
F01-Sphere,Crowding-DE,3,24,0.136116,1
F01-Sphere,Crowding-DE,3,25,3.26591e-09,0
F01-Sphere,Crowding-DE,3,26,3.26591e-09,0
F01-Sphere,Crowding-DE,3,27,0.0254374,1
F01-Sphere,Crowding-DE,3,28,0.187,1
F01-Sphere,Crowding-DE,3,29,3.26591e-09,0
F01-Sphere,Crowding-DE,3,30,0.0759355,1
F01-Sphere,Crowding-DE,3,31,3.26591e-09,0
F01-Sphere,Crowding-DE,3,32,3.26591e-09,0
F01-Sphere,Crowding-DE,3,33,3.26591e-09,0
F01-Sphere,Crowding-DE,3,34,0.177387,1
F01-Sphere,Crowding-DE,3,35,3.26591e-09,0
F01-Sphere,Crowding-DE,3,36,3.26591e-09,0
F01-Sphere,Crowding-DE,3,37,3.26591e-09,0
F01-Sphere,Crowding-DE,3,38,3.26591e-09,0
F01-Sphere,Crowding-DE,3,39,0.195505,1
F01-Sphere,Crowding-DE,3,40,3.26591e-09,0
F01-Sphere,Crowding-DE,3,41,0.182648,1
F01-Sphere,Crowding-DE,3,42,3.26591e-09,0
F01-Sphere,Crowding-DE,3,43,0.0626418,1
F01-Sphere,Crowding-DE,3,44,3.26591e-09,0
F01-Sphere,MAP-Elites,3,15,0.00145367,0
F01-Sphere,MAP-Elites,3,16,0.00145367,0
F01-Sphere,MAP-Elites,3,17,0,1
F01-Sphere,MAP-Elites,3,18,0.00145367,0
F01-Sphere,MAP-Elites,3,19,0.0894893,1
F01-Sphere,MAP-Elites,3,20,0.00145367,0
F01-Sphere,MAP-Elites,3,21,0.00145367,0
F01-Sphere,MAP-Elites,3,22,0.00145367,0
F01-Sphere,MAP-Elites,3,23,0,1
F01-Sphere,MAP-Elites,3,24,0.126806,1
F01-Sphere,MAP-Elites,3,25,0.00145367,0
F01-Sphere,MAP-Elites,3,26,0.00145367,0
F01-Sphere,MAP-Elites,3,27,0.00222566,1
F01-Sphere,MAP-Elites,3,28,0.0104284,1
F01-Sphere,MAP-Elites,3,29,0.00145367,0
F01-Sphere,MAP-Elites,3,30,0,1
F01-Sphere,MAP-Elites,3,31,0.00145367,0
F01-Sphere,MAP-Elites,3,32,0.00145367,0
F01-Sphere,MAP-Elites,3,33,0.00145367,0
F01-Sphere,MAP-Elites,3,34,0.0478382,1
F01-Sphere,MAP-Elites,3,35,0.00145367,0
F01-Sphere,MAP-Elites,3,36,0.00145367,0
F01-Sphere,MAP-Elites,3,37,0.00145367,0
F01-Sphere,MAP-Elites,3,38,0.00145367,0
F01-Sphere,MAP-Elites,3,39,0.0467379,1
F01-Sphere,MAP-Elites,3,40,0.00145367,0
F01-Sphere,MAP-Elites,3,41,0.114888,1
F01-Sphere,MAP-Elites,3,42,0.00145367,0
F01-Sphere,MAP-Elites,3,43,0,1
F01-Sphere,MAP-Elites,3,44,0.444632,0
F01-Sphere,MC-ESO-crowd,3,15,4.84902e-08,0
F01-Sphere,MC-ESO-crowd,3,16,4.84902e-08,0
F01-Sphere,MC-ESO-crowd,3,17,0.025535,1
F01-Sphere,MC-ESO-crowd,3,18,4.84902e-08,0
F01-Sphere,MC-ESO-crowd,3,19,0.121758,1
F01-Sphere,MC-ESO-crowd,3,20,4.84902e-08,0
F01-Sphere,MC-ESO-crowd,3,21,4.84902e-08,0
F01-Sphere,MC-ESO-crowd,3,22,4.84902e-08,0
F01-Sphere,MC-ESO-crowd,3,23,0.118614,1
F01-Sphere,MC-ESO-crowd,3,24,0.0343087,1
F01-Sphere,MC-ESO-crowd,3,25,4.84902e-08,0
F01-Sphere,MC-ESO-crowd,3,26,4.84902e-08,0
F01-Sphere,MC-ESO-crowd,3,27,0.0109438,1
F01-Sphere,MC-ESO-crowd,3,28,0.0145446,1
F01-Sphere,MC-ESO-crowd,3,29,4.84902e-08,0
F01-Sphere,MC-ESO-crowd,3,30,0.0509164,1
F01-Sphere,MC-ESO-crowd,3,31,4.84902e-08,0
F01-Sphere,MC-ESO-crowd,3,32,4.84902e-08,0
F01-Sphere,MC-ESO-crowd,3,33,4.84902e-08,0
F01-Sphere,MC-ESO-crowd,3,34,0,1
F01-Sphere,MC-ESO-crowd,3,35,4.84902e-08,0
F01-Sphere,MC-ESO-crowd,3,36,4.84902e-08,0
F01-Sphere,MC-ESO-crowd,3,37,4.84902e-08,0
F01-Sphere,MC-ESO-crowd,3,38,4.84902e-08,0
F01-Sphere,MC-ESO-crowd,3,39,0.0194965,1
F01-Sphere,MC-ESO-crowd,3,40,4.84902e-08,0
F01-Sphere,MC-ESO-crowd,3,41,0.182455,1
F01-Sphere,MC-ESO-crowd,3,42,4.84902e-08,0
F01-Sphere,MC-ESO-crowd,3,43,0.0383523,1
F01-Sphere,MC-ESO-crowd,3,44,4.84902e-08,0
F01-Sphere,quality,3,15,8.52651e-14,0
F01-Sphere,quality,3,16,8.52651e-14,0
F01-Sphere,quality,3,17,0.183014,1
F01-Sphere,quality,3,18,8.52651e-14,0
F01-Sphere,quality,3,19,0.192089,1
F01-Sphere,quality,3,20,8.52651e-14,0
F01-Sphere,quality,3,21,8.52651e-14,0
F01-Sphere,quality,3,22,8.52651e-14,0
F01-Sphere,quality,3,23,0.118555,1
F01-Sphere,quality,3,24,0.136148,1
F01-Sphere,quality,3,25,8.52651e-14,0
F01-Sphere,quality,3,26,8.52651e-14,0
F01-Sphere,quality,3,27,0.0254045,1
F01-Sphere,quality,3,28,0.187002,1
F01-Sphere,quality,3,29,8.52651e-14,0
F01-Sphere,quality,3,30,0.0759757,1
F01-Sphere,quality,3,31,8.52651e-14,0
F01-Sphere,quality,3,32,8.52651e-14,0
F01-Sphere,quality,3,33,8.52651e-14,0
F01-Sphere,quality,3,34,0.177439,1
F01-Sphere,quality,3,35,8.52651e-14,0
F01-Sphere,quality,3,36,8.52651e-14,0
F01-Sphere,quality,3,37,8.52651e-14,0
F01-Sphere,quality,3,38,8.52651e-14,0
F01-Sphere,quality,3,39,0.195516,1
F01-Sphere,quality,3,40,8.52651e-14,0
F01-Sphere,quality,3,41,0.182638,1
F01-Sphere,quality,3,42,8.52651e-14,0
F01-Sphere,quality,3,43,0.0626065,1
F01-Sphere,quality,3,44,8.52651e-14,0
F01-Sphere,complement,3,15,8.52651e-14,0
F01-Sphere,complement,3,16,8.52651e-14,0
F01-Sphere,complement,3,17,0.183014,1
F01-Sphere,complement,3,18,8.52651e-14,0
F01-Sphere,complement,3,19,0.192089,1
F01-Sphere,complement,3,20,8.52651e-14,0
F01-Sphere,complement,3,21,8.52651e-14,0
F01-Sphere,complement,3,22,8.52651e-14,0
F01-Sphere,complement,3,23,0.118555,1
F01-Sphere,complement,3,24,0.136148,1
F01-Sphere,complement,3,25,8.52651e-14,0
F01-Sphere,complement,3,26,8.52651e-14,0
F01-Sphere,complement,3,27,0.0254045,1
F01-Sphere,complement,3,28,0.187002,1
F01-Sphere,complement,3,29,8.52651e-14,0
F01-Sphere,complement,3,30,0.0759757,1
F01-Sphere,complement,3,31,8.52651e-14,0
F01-Sphere,complement,3,32,8.52651e-14,0
F01-Sphere,complement,3,33,8.52651e-14,0
F01-Sphere,complement,3,34,0.177439,1
F01-Sphere,complement,3,35,8.52651e-14,0
F01-Sphere,complement,3,36,8.52651e-14,0
F01-Sphere,complement,3,37,8.52651e-14,0
F01-Sphere,complement,3,38,8.52651e-14,0
F01-Sphere,complement,3,39,0.195516,1
F01-Sphere,complement,3,40,8.52651e-14,0
F01-Sphere,complement,3,41,0.182638,1
F01-Sphere,complement,3,42,8.52651e-14,0
F01-Sphere,complement,3,43,0.0626065,1
F01-Sphere,complement,3,44,8.52651e-14,0
F01-Sphere,MC-ESO,4,15,0,0
F01-Sphere,MC-ESO,4,16,0,0
F01-Sphere,MC-ESO,4,17,0,0
F01-Sphere,MC-ESO,4,18,0,0
F01-Sphere,MC-ESO,4,19,0.0675274,1
F01-Sphere,MC-ESO,4,20,0,0
F01-Sphere,MC-ESO,4,21,0.344759,1
F01-Sphere,MC-ESO,4,22,0,0
F01-Sphere,MC-ESO,4,23,0.0674999,1
F01-Sphere,MC-ESO,4,24,9.8066,1
F01-Sphere,MC-ESO,4,25,0.245525,1
F01-Sphere,MC-ESO,4,26,0,0
F01-Sphere,MC-ESO,4,27,5.34222,1
F01-Sphere,MC-ESO,4,28,0,0
F01-Sphere,MC-ESO,4,29,0,0
F01-Sphere,MC-ESO,4,30,0.178183,1
F01-Sphere,MC-ESO,4,31,0,0
F01-Sphere,MC-ESO,4,32,9.98119,1
F01-Sphere,MC-ESO,4,33,0,0
F01-Sphere,MC-ESO,4,34,0,0
F01-Sphere,MC-ESO,4,35,0,0
F01-Sphere,MC-ESO,4,36,0,0
F01-Sphere,MC-ESO,4,37,4.16895,1
F01-Sphere,MC-ESO,4,38,0,0
F01-Sphere,MC-ESO,4,39,0,0
F01-Sphere,MC-ESO,4,40,0,0
F01-Sphere,MC-ESO,4,41,0.212749,1
F01-Sphere,MC-ESO,4,42,0.170421,1
F01-Sphere,MC-ESO,4,43,5.24149,1
F01-Sphere,MC-ESO,4,44,9.87687,1
F01-Sphere,NMMSO,4,15,0,0
F01-Sphere,NMMSO,4,16,0,0
F01-Sphere,NMMSO,4,17,0,0
F01-Sphere,NMMSO,4,18,0,0
F01-Sphere,NMMSO,4,19,0.0675274,0
F01-Sphere,NMMSO,4,20,0,0
F01-Sphere,NMMSO,4,21,0.344759,1
F01-Sphere,NMMSO,4,22,0,0
F01-Sphere,NMMSO,4,23,0.0674998,0
F01-Sphere,NMMSO,4,24,9.8066,1
F01-Sphere,NMMSO,4,25,0.245525,1
F01-Sphere,NMMSO,4,26,0,0
F01-Sphere,NMMSO,4,27,5.34222,0
F01-Sphere,NMMSO,4,28,0,0
F01-Sphere,NMMSO,4,29,0,0
F01-Sphere,NMMSO,4,30,0.178183,0
F01-Sphere,NMMSO,4,31,0,0
F01-Sphere,NMMSO,4,32,9.98119,1
F01-Sphere,NMMSO,4,33,0,0
F01-Sphere,NMMSO,4,34,0,0
F01-Sphere,NMMSO,4,35,0,0
F01-Sphere,NMMSO,4,36,0,0
F01-Sphere,NMMSO,4,37,4.16895,1
F01-Sphere,NMMSO,4,38,0,0
F01-Sphere,NMMSO,4,39,0,0
F01-Sphere,NMMSO,4,40,0,0
F01-Sphere,NMMSO,4,41,0.212749,1
F01-Sphere,NMMSO,4,42,0.17042,0
F01-Sphere,NMMSO,4,43,5.24149,0
F01-Sphere,NMMSO,4,44,9.87687,1
F01-Sphere,NCDE,4,15,0,0
F01-Sphere,NCDE,4,16,0,0
F01-Sphere,NCDE,4,17,0,0
F01-Sphere,NCDE,4,18,0,0
F01-Sphere,NCDE,4,19,0.0675273,0
F01-Sphere,NCDE,4,20,0,0
F01-Sphere,NCDE,4,21,0.344759,1
F01-Sphere,NCDE,4,22,0,0
F01-Sphere,NCDE,4,23,0.0674998,0
F01-Sphere,NCDE,4,24,8.13658,0
F01-Sphere,NCDE,4,25,0.245525,1
F01-Sphere,NCDE,4,26,0,0
F01-Sphere,NCDE,4,27,0,0
F01-Sphere,NCDE,4,28,0,0
F01-Sphere,NCDE,4,29,0,0
F01-Sphere,NCDE,4,30,0.178183,0
F01-Sphere,NCDE,4,31,0,0
F01-Sphere,NCDE,4,32,7.8359,0
F01-Sphere,NCDE,4,33,0,0
F01-Sphere,NCDE,4,34,0,0
F01-Sphere,NCDE,4,35,0,0
F01-Sphere,NCDE,4,36,0,0
F01-Sphere,NCDE,4,37,0,0
F01-Sphere,NCDE,4,38,0,0
F01-Sphere,NCDE,4,39,0,0
F01-Sphere,NCDE,4,40,0,0
F01-Sphere,NCDE,4,41,0.212749,1
F01-Sphere,NCDE,4,42,0.17042,0
F01-Sphere,NCDE,4,43,0,0
F01-Sphere,NCDE,4,44,8.2114,0
F01-Sphere,r3pso,4,15,0,0
F01-Sphere,r3pso,4,16,0,0
F01-Sphere,r3pso,4,17,0,0
F01-Sphere,r3pso,4,18,0,0
F01-Sphere,r3pso,4,19,0.0675273,1
F01-Sphere,r3pso,4,20,0,0
F01-Sphere,r3pso,4,21,0.344759,1
F01-Sphere,r3pso,4,22,0,0
F01-Sphere,r3pso,4,23,0.0674998,1
F01-Sphere,r3pso,4,24,9.8066,1
F01-Sphere,r3pso,4,25,0.245525,1
F01-Sphere,r3pso,4,26,0,0
F01-Sphere,r3pso,4,27,5.34222,1
F01-Sphere,r3pso,4,28,0,0
F01-Sphere,r3pso,4,29,0,0
F01-Sphere,r3pso,4,30,0.178183,1
F01-Sphere,r3pso,4,31,0,0
F01-Sphere,r3pso,4,32,9.98119,1
F01-Sphere,r3pso,4,33,0,0
F01-Sphere,r3pso,4,34,0,0
F01-Sphere,r3pso,4,35,0,0
F01-Sphere,r3pso,4,36,0,0
F01-Sphere,r3pso,4,37,4.16895,1
F01-Sphere,r3pso,4,38,0,0
F01-Sphere,r3pso,4,39,0,0
F01-Sphere,r3pso,4,40,0,0
F01-Sphere,r3pso,4,41,0.212749,1
F01-Sphere,r3pso,4,42,0.17042,1
F01-Sphere,r3pso,4,43,5.24149,1
F01-Sphere,r3pso,4,44,9.87687,1
F01-Sphere,NM-Restart,4,15,0,0
F01-Sphere,NM-Restart,4,16,0,0
F01-Sphere,NM-Restart,4,17,0,0
F01-Sphere,NM-Restart,4,18,0,0
F01-Sphere,NM-Restart,4,19,0.0675273,1
F01-Sphere,NM-Restart,4,20,0,0
F01-Sphere,NM-Restart,4,21,0,0
F01-Sphere,NM-Restart,4,22,0,0
F01-Sphere,NM-Restart,4,23,0.0674998,1
F01-Sphere,NM-Restart,4,24,9.8066,0
F01-Sphere,NM-Restart,4,25,0.245525,1
F01-Sphere,NM-Restart,4,26,0,0
F01-Sphere,NM-Restart,4,27,5.34222,1
F01-Sphere,NM-Restart,4,28,0,0
F01-Sphere,NM-Restart,4,29,0,0
F01-Sphere,NM-Restart,4,30,0.178183,1
F01-Sphere,NM-Restart,4,31,0,0
F01-Sphere,NM-Restart,4,32,9.98119,0
F01-Sphere,NM-Restart,4,33,0,0
F01-Sphere,NM-Restart,4,34,0,0
F01-Sphere,NM-Restart,4,35,0,0
F01-Sphere,NM-Restart,4,36,0,0
F01-Sphere,NM-Restart,4,37,4.16895,1
F01-Sphere,NM-Restart,4,38,0,0
F01-Sphere,NM-Restart,4,39,0,0
F01-Sphere,NM-Restart,4,40,0,0
F01-Sphere,NM-Restart,4,41,0.212749,1
F01-Sphere,NM-Restart,4,42,0.17042,1
F01-Sphere,NM-Restart,4,43,5.24149,1
F01-Sphere,NM-Restart,4,44,9.87687,0
F01-Sphere,IPOP-CMA-ES,4,15,0,0
F01-Sphere,IPOP-CMA-ES,4,16,0,0
F01-Sphere,IPOP-CMA-ES,4,17,0,0
F01-Sphere,IPOP-CMA-ES,4,18,0,0
F01-Sphere,IPOP-CMA-ES,4,19,0.0675274,1
F01-Sphere,IPOP-CMA-ES,4,20,0,0
F01-Sphere,IPOP-CMA-ES,4,21,0.344759,1
F01-Sphere,IPOP-CMA-ES,4,22,0,0
F01-Sphere,IPOP-CMA-ES,4,23,0.0674999,1
F01-Sphere,IPOP-CMA-ES,4,24,9.8066,1
F01-Sphere,IPOP-CMA-ES,4,25,0.245525,1
F01-Sphere,IPOP-CMA-ES,4,26,0,0
F01-Sphere,IPOP-CMA-ES,4,27,5.34222,1
F01-Sphere,IPOP-CMA-ES,4,28,0,0
F01-Sphere,IPOP-CMA-ES,4,29,0,0
F01-Sphere,IPOP-CMA-ES,4,30,0.178183,1
F01-Sphere,IPOP-CMA-ES,4,31,0,0
F01-Sphere,IPOP-CMA-ES,4,32,9.98119,1
F01-Sphere,IPOP-CMA-ES,4,33,0,0
F01-Sphere,IPOP-CMA-ES,4,34,0,0
F01-Sphere,IPOP-CMA-ES,4,35,0,0
F01-Sphere,IPOP-CMA-ES,4,36,0,0
F01-Sphere,IPOP-CMA-ES,4,37,4.16895,1
F01-Sphere,IPOP-CMA-ES,4,38,0,0
F01-Sphere,IPOP-CMA-ES,4,39,0,0
F01-Sphere,IPOP-CMA-ES,4,40,0,0
F01-Sphere,IPOP-CMA-ES,4,41,0.212749,1
F01-Sphere,IPOP-CMA-ES,4,42,0.170421,1
F01-Sphere,IPOP-CMA-ES,4,43,5.24149,1
F01-Sphere,IPOP-CMA-ES,4,44,9.87687,1
F01-Sphere,DE,4,15,0,0
F01-Sphere,DE,4,16,0,0
F01-Sphere,DE,4,17,0,0
F01-Sphere,DE,4,18,0,0
F01-Sphere,DE,4,19,0.0675274,1
F01-Sphere,DE,4,20,0,0
F01-Sphere,DE,4,21,0.344759,1
F01-Sphere,DE,4,22,0,0
F01-Sphere,DE,4,23,0.0674998,1
F01-Sphere,DE,4,24,9.8066,1
F01-Sphere,DE,4,25,0.245525,1
F01-Sphere,DE,4,26,0,0
F01-Sphere,DE,4,27,5.34222,1
F01-Sphere,DE,4,28,0,0
F01-Sphere,DE,4,29,0,0
F01-Sphere,DE,4,30,0.178183,1
F01-Sphere,DE,4,31,0,0
F01-Sphere,DE,4,32,9.98119,1
F01-Sphere,DE,4,33,0,0
F01-Sphere,DE,4,34,0,0
F01-Sphere,DE,4,35,0,0
F01-Sphere,DE,4,36,0,0
F01-Sphere,DE,4,37,4.16895,1
F01-Sphere,DE,4,38,0,0
F01-Sphere,DE,4,39,0,0
F01-Sphere,DE,4,40,0,0
F01-Sphere,DE,4,41,0.212749,1
F01-Sphere,DE,4,42,0.170421,1
F01-Sphere,DE,4,43,5.24149,1
F01-Sphere,DE,4,44,9.87687,1
F01-Sphere,PSO,4,15,0,0
F01-Sphere,PSO,4,16,0,0
F01-Sphere,PSO,4,17,0,0
F01-Sphere,PSO,4,18,0,0
F01-Sphere,PSO,4,19,0.0675274,1
F01-Sphere,PSO,4,20,0,0
F01-Sphere,PSO,4,21,0.344759,1
F01-Sphere,PSO,4,22,0,0
F01-Sphere,PSO,4,23,0.0674998,1
F01-Sphere,PSO,4,24,9.8066,1
F01-Sphere,PSO,4,25,0.245525,1
F01-Sphere,PSO,4,26,0,0
F01-Sphere,PSO,4,27,5.34222,1
F01-Sphere,PSO,4,28,0,0
F01-Sphere,PSO,4,29,0,0
F01-Sphere,PSO,4,30,0.178183,1
F01-Sphere,PSO,4,31,0,0
F01-Sphere,PSO,4,32,9.98119,1
F01-Sphere,PSO,4,33,0,0
F01-Sphere,PSO,4,34,0,0
F01-Sphere,PSO,4,35,0,0
F01-Sphere,PSO,4,36,0,0
F01-Sphere,PSO,4,37,4.16895,1
F01-Sphere,PSO,4,38,0,0
F01-Sphere,PSO,4,39,0,0
F01-Sphere,PSO,4,40,0,0
F01-Sphere,PSO,4,41,0.212749,1
F01-Sphere,PSO,4,42,0.170421,1
F01-Sphere,PSO,4,43,5.24149,1
F01-Sphere,PSO,4,44,9.87687,1
F01-Sphere,Crowding-DE,4,15,5.90234e-10,0
F01-Sphere,Crowding-DE,4,16,5.90234e-10,0
F01-Sphere,Crowding-DE,4,17,5.90234e-10,0
F01-Sphere,Crowding-DE,4,18,5.90234e-10,0
F01-Sphere,Crowding-DE,4,19,0.0675138,1
F01-Sphere,Crowding-DE,4,20,5.90234e-10,0
F01-Sphere,Crowding-DE,4,21,0.344781,1
F01-Sphere,Crowding-DE,4,22,5.90234e-10,0
F01-Sphere,Crowding-DE,4,23,0.0674863,1
F01-Sphere,Crowding-DE,4,24,9.80663,1
F01-Sphere,Crowding-DE,4,25,0.245516,1
F01-Sphere,Crowding-DE,4,26,5.90234e-10,0
F01-Sphere,Crowding-DE,4,27,5.34221,1
F01-Sphere,Crowding-DE,4,28,5.90234e-10,0
F01-Sphere,Crowding-DE,4,29,5.90234e-10,0
F01-Sphere,Crowding-DE,4,30,0.17816,1
F01-Sphere,Crowding-DE,4,31,5.90234e-10,0
F01-Sphere,Crowding-DE,4,32,9.9812,1
F01-Sphere,Crowding-DE,4,33,5.90234e-10,0
F01-Sphere,Crowding-DE,4,34,5.90234e-10,0
F01-Sphere,Crowding-DE,4,35,5.90234e-10,0
F01-Sphere,Crowding-DE,4,36,5.90234e-10,0
F01-Sphere,Crowding-DE,4,37,4.16894,1
F01-Sphere,Crowding-DE,4,38,5.90234e-10,0
F01-Sphere,Crowding-DE,4,39,5.90234e-10,0
F01-Sphere,Crowding-DE,4,40,5.90234e-10,0
F01-Sphere,Crowding-DE,4,41,0.21273,1
F01-Sphere,Crowding-DE,4,42,0.170399,1
F01-Sphere,Crowding-DE,4,43,5.2415,1
F01-Sphere,Crowding-DE,4,44,9.87687,1
F01-Sphere,MAP-Elites,4,15,0.00602165,0
F01-Sphere,MAP-Elites,4,16,0.00602165,0
F01-Sphere,MAP-Elites,4,17,0.00602165,0
F01-Sphere,MAP-Elites,4,18,0.00602165,0
F01-Sphere,MAP-Elites,4,19,0,1
F01-Sphere,MAP-Elites,4,20,0.00602165,0
F01-Sphere,MAP-Elites,4,21,0.219579,1
F01-Sphere,MAP-Elites,4,22,0.00602165,0
F01-Sphere,MAP-Elites,4,23,0,1
F01-Sphere,MAP-Elites,4,24,0,0
F01-Sphere,MAP-Elites,4,25,0.0551334,1
F01-Sphere,MAP-Elites,4,26,0.00602165,0
F01-Sphere,MAP-Elites,4,27,5.2824,1
F01-Sphere,MAP-Elites,4,28,0.00602165,0
F01-Sphere,MAP-Elites,4,29,0.00602165,0
F01-Sphere,MAP-Elites,4,30,0,1
F01-Sphere,MAP-Elites,4,31,0.00602165,0
F01-Sphere,MAP-Elites,4,32,0,0
F01-Sphere,MAP-Elites,4,33,0.00602165,0
F01-Sphere,MAP-Elites,4,34,0.00602165,0
F01-Sphere,MAP-Elites,4,35,0.00602165,0
F01-Sphere,MAP-Elites,4,36,0.00602165,0
F01-Sphere,MAP-Elites,4,37,3.97418,1
F01-Sphere,MAP-Elites,4,38,0.00602165,0
F01-Sphere,MAP-Elites,4,39,0.00602165,0
F01-Sphere,MAP-Elites,4,40,0.00602165,0
F01-Sphere,MAP-Elites,4,41,0.148724,1
F01-Sphere,MAP-Elites,4,42,0,1
F01-Sphere,MAP-Elites,4,43,5.08638,1
F01-Sphere,MAP-Elites,4,44,0.260662,0
F01-Sphere,MC-ESO-crowd,4,15,1.29824e-07,0
F01-Sphere,MC-ESO-crowd,4,16,1.29824e-07,0
F01-Sphere,MC-ESO-crowd,4,17,1.29824e-07,0
F01-Sphere,MC-ESO-crowd,4,18,1.29824e-07,0
F01-Sphere,MC-ESO-crowd,4,19,0.0678638,1
F01-Sphere,MC-ESO-crowd,4,20,1.29824e-07,0
F01-Sphere,MC-ESO-crowd,4,21,0.344549,1
F01-Sphere,MC-ESO-crowd,4,22,1.29824e-07,0
F01-Sphere,MC-ESO-crowd,4,23,0.0678365,1
F01-Sphere,MC-ESO-crowd,4,24,0.13879,0
F01-Sphere,MC-ESO-crowd,4,25,0,1
F01-Sphere,MC-ESO-crowd,4,26,1.29824e-07,0
F01-Sphere,MC-ESO-crowd,4,27,5.34258,1
F01-Sphere,MC-ESO-crowd,4,28,1.29824e-07,0
F01-Sphere,MC-ESO-crowd,4,29,1.29824e-07,0
F01-Sphere,MC-ESO-crowd,4,30,0.178344,1
F01-Sphere,MC-ESO-crowd,4,31,1.29824e-07,0
F01-Sphere,MC-ESO-crowd,4,32,0.0991799,0
F01-Sphere,MC-ESO-crowd,4,33,1.29824e-07,0
F01-Sphere,MC-ESO-crowd,4,34,1.29824e-07,0
F01-Sphere,MC-ESO-crowd,4,35,1.29824e-07,0
F01-Sphere,MC-ESO-crowd,4,36,1.29824e-07,0
F01-Sphere,MC-ESO-crowd,4,37,3.93024,1
F01-Sphere,MC-ESO-crowd,4,38,1.29824e-07,0
F01-Sphere,MC-ESO-crowd,4,39,1.29824e-07,0
F01-Sphere,MC-ESO-crowd,4,40,1.29824e-07,0
F01-Sphere,MC-ESO-crowd,4,41,0,1
F01-Sphere,MC-ESO-crowd,4,42,0.170664,1
F01-Sphere,MC-ESO-crowd,4,43,5.05901,1
F01-Sphere,MC-ESO-crowd,4,44,0,0
F01-Sphere,quality,4,15,1.7053e-13,0
F01-Sphere,quality,4,16,1.7053e-13,0
F01-Sphere,quality,4,17,1.7053e-13,0
F01-Sphere,quality,4,18,1.7053e-13,0
F01-Sphere,quality,4,19,0.0675273,1
F01-Sphere,quality,4,20,1.7053e-13,0
F01-Sphere,quality,4,21,0.344759,1
F01-Sphere,quality,4,22,1.7053e-13,0
F01-Sphere,quality,4,23,0.0674998,1
F01-Sphere,quality,4,24,9.8066,1
F01-Sphere,quality,4,25,0.245525,1
F01-Sphere,quality,4,26,1.7053e-13,0
F01-Sphere,quality,4,27,5.34222,1
F01-Sphere,quality,4,28,1.7053e-13,0
F01-Sphere,quality,4,29,1.7053e-13,0
F01-Sphere,quality,4,30,0.178184,1
F01-Sphere,quality,4,31,1.7053e-13,0
F01-Sphere,quality,4,32,9.98119,1
F01-Sphere,quality,4,33,1.7053e-13,0
F01-Sphere,quality,4,34,1.7053e-13,0
F01-Sphere,quality,4,35,1.7053e-13,0
F01-Sphere,quality,4,36,1.7053e-13,0
F01-Sphere,quality,4,37,4.16895,1
F01-Sphere,quality,4,38,1.7053e-13,0
F01-Sphere,quality,4,39,1.7053e-13,0
F01-Sphere,quality,4,40,1.7053e-13,0
F01-Sphere,quality,4,41,0.21275,1
F01-Sphere,quality,4,42,0.170421,1
F01-Sphere,quality,4,43,5.24149,1
F01-Sphere,quality,4,44,9.87687,1
F01-Sphere,complement,4,15,1.7053e-13,0
F01-Sphere,complement,4,16,1.7053e-13,0
F01-Sphere,complement,4,17,1.7053e-13,0
F01-Sphere,complement,4,18,1.7053e-13,0
F01-Sphere,complement,4,19,0.0675273,1
F01-Sphere,complement,4,20,1.7053e-13,0
F01-Sphere,complement,4,21,0.344759,1
F01-Sphere,complement,4,22,1.7053e-13,0
F01-Sphere,complement,4,23,0.0674998,1
F01-Sphere,complement,4,24,9.8066,1
F01-Sphere,complement,4,25,0.245525,1
F01-Sphere,complement,4,26,1.7053e-13,0
F01-Sphere,complement,4,27,5.34222,1
F01-Sphere,complement,4,28,1.7053e-13,0
F01-Sphere,complement,4,29,1.7053e-13,0
F01-Sphere,complement,4,30,0.178184,1
F01-Sphere,complement,4,31,1.7053e-13,0
F01-Sphere,complement,4,32,9.98119,1
F01-Sphere,complement,4,33,1.7053e-13,0
F01-Sphere,complement,4,34,1.7053e-13,0
F01-Sphere,complement,4,35,1.7053e-13,0
F01-Sphere,complement,4,36,1.7053e-13,0
F01-Sphere,complement,4,37,4.16895,1
F01-Sphere,complement,4,38,1.7053e-13,0
F01-Sphere,complement,4,39,1.7053e-13,0
F01-Sphere,complement,4,40,1.7053e-13,0
F01-Sphere,complement,4,41,0.21275,1
F01-Sphere,complement,4,42,0.170421,1
F01-Sphere,complement,4,43,5.24149,1
F01-Sphere,complement,4,44,9.87687,1
F02-EllipsoidalSep,MC-ESO,0,15,0,0
F02-EllipsoidalSep,MC-ESO,0,16,0.00993031,1
F02-EllipsoidalSep,MC-ESO,0,17,0.0126159,1
F02-EllipsoidalSep,MC-ESO,0,18,0,0
F02-EllipsoidalSep,MC-ESO,0,19,0.0439204,1
F02-EllipsoidalSep,MC-ESO,0,20,0.0156757,0
F02-EllipsoidalSep,MC-ESO,0,21,0.0348729,1
F02-EllipsoidalSep,MC-ESO,0,22,0,0
F02-EllipsoidalSep,MC-ESO,0,23,0.0372795,1
F02-EllipsoidalSep,MC-ESO,0,24,0,0
F02-EllipsoidalSep,MC-ESO,0,25,0,0
F02-EllipsoidalSep,MC-ESO,0,26,0,0
F02-EllipsoidalSep,MC-ESO,0,27,0,0
F02-EllipsoidalSep,MC-ESO,0,28,0,0
F02-EllipsoidalSep,MC-ESO,0,29,0,0
F02-EllipsoidalSep,MC-ESO,0,30,1.98309e-06,1
F02-EllipsoidalSep,MC-ESO,0,31,0.0495365,1
F02-EllipsoidalSep,MC-ESO,0,32,0.0103044,1
F02-EllipsoidalSep,MC-ESO,0,33,0,0
F02-EllipsoidalSep,MC-ESO,0,34,0,0
F02-EllipsoidalSep,MC-ESO,0,35,5.73498,1
F02-EllipsoidalSep,MC-ESO,0,36,0.0577407,1
F02-EllipsoidalSep,MC-ESO,0,37,0,0
F02-EllipsoidalSep,MC-ESO,0,38,0.0559977,1
F02-EllipsoidalSep,MC-ESO,0,39,0,0
F02-EllipsoidalSep,MC-ESO,0,40,0,0
F02-EllipsoidalSep,MC-ESO,0,41,0,0
F02-EllipsoidalSep,MC-ESO,0,42,0,0
F02-EllipsoidalSep,MC-ESO,0,43,0.0118143,1
F02-EllipsoidalSep,MC-ESO,0,44,0,0
F02-EllipsoidalSep,NMMSO,0,15,0,0
F02-EllipsoidalSep,NMMSO,0,16,0.21207,1
F02-EllipsoidalSep,NMMSO,0,17,0.0126159,1
F02-EllipsoidalSep,NMMSO,0,18,0,0
F02-EllipsoidalSep,NMMSO,0,19,0.0439205,1
F02-EllipsoidalSep,NMMSO,0,20,9.73534,1
F02-EllipsoidalSep,NMMSO,0,21,0.034873,1
F02-EllipsoidalSep,NMMSO,0,22,0,0
F02-EllipsoidalSep,NMMSO,0,23,0.0372796,1
F02-EllipsoidalSep,NMMSO,0,24,0,0
F02-EllipsoidalSep,NMMSO,0,25,0,0
F02-EllipsoidalSep,NMMSO,0,26,0,0
F02-EllipsoidalSep,NMMSO,0,27,0,0
F02-EllipsoidalSep,NMMSO,0,28,0,0
F02-EllipsoidalSep,NMMSO,0,29,0,0
F02-EllipsoidalSep,NMMSO,0,30,1.92364e-06,1
F02-EllipsoidalSep,NMMSO,0,31,0.0495367,1
F02-EllipsoidalSep,NMMSO,0,32,0.183249,1
F02-EllipsoidalSep,NMMSO,0,33,0,0
F02-EllipsoidalSep,NMMSO,0,34,0,0
F02-EllipsoidalSep,NMMSO,0,35,5.73498,1
F02-EllipsoidalSep,NMMSO,0,36,0.0577408,1
F02-EllipsoidalSep,NMMSO,0,37,0,0
F02-EllipsoidalSep,NMMSO,0,38,0.0559979,1
F02-EllipsoidalSep,NMMSO,0,39,0,0
F02-EllipsoidalSep,NMMSO,0,40,0,0
F02-EllipsoidalSep,NMMSO,0,41,0,0
F02-EllipsoidalSep,NMMSO,0,42,0,0
F02-EllipsoidalSep,NMMSO,0,43,0.0417355,1
F02-EllipsoidalSep,NMMSO,0,44,0,0
F02-EllipsoidalSep,NCDE,0,15,5.68434e-14,0
F02-EllipsoidalSep,NCDE,0,16,0.21207,1
F02-EllipsoidalSep,NCDE,0,17,0.0126159,0
F02-EllipsoidalSep,NCDE,0,18,5.68434e-14,0
F02-EllipsoidalSep,NCDE,0,19,0.0439205,1
F02-EllipsoidalSep,NCDE,0,20,9.73534,0
F02-EllipsoidalSep,NCDE,0,21,0.0348731,1
F02-EllipsoidalSep,NCDE,0,22,5.68434e-14,0
F02-EllipsoidalSep,NCDE,0,23,0.0372796,1
F02-EllipsoidalSep,NCDE,0,24,5.68434e-14,0
F02-EllipsoidalSep,NCDE,0,25,5.68434e-14,0
F02-EllipsoidalSep,NCDE,0,26,5.68434e-14,0
F02-EllipsoidalSep,NCDE,0,27,5.68434e-14,0
F02-EllipsoidalSep,NCDE,0,28,5.68434e-14,0
F02-EllipsoidalSep,NCDE,0,29,5.68434e-14,0
F02-EllipsoidalSep,NCDE,0,30,1.89145e-06,1
F02-EllipsoidalSep,NCDE,0,31,0.0495367,1
F02-EllipsoidalSep,NCDE,0,32,0.183249,1
F02-EllipsoidalSep,NCDE,0,33,5.68434e-14,0
F02-EllipsoidalSep,NCDE,0,34,5.68434e-14,0
F02-EllipsoidalSep,NCDE,0,35,0.48974,0
F02-EllipsoidalSep,NCDE,0,36,0.0577409,1
F02-EllipsoidalSep,NCDE,0,37,5.68434e-14,0
F02-EllipsoidalSep,NCDE,0,38,0.0559979,1
F02-EllipsoidalSep,NCDE,0,39,5.68434e-14,0
F02-EllipsoidalSep,NCDE,0,40,5.68434e-14,0
F02-EllipsoidalSep,NCDE,0,41,5.68434e-14,0
F02-EllipsoidalSep,NCDE,0,42,5.68434e-14,0
F02-EllipsoidalSep,NCDE,0,43,0.0417355,0
F02-EllipsoidalSep,NCDE,0,44,5.68434e-14,0
F02-EllipsoidalSep,r3pso,0,15,4.26326e-13,0
F02-EllipsoidalSep,r3pso,0,16,0.21207,1
F02-EllipsoidalSep,r3pso,0,17,0.0126158,1
F02-EllipsoidalSep,r3pso,0,18,4.26326e-13,0
F02-EllipsoidalSep,r3pso,0,19,0.0439203,1
F02-EllipsoidalSep,r3pso,0,20,9.73534,1
F02-EllipsoidalSep,r3pso,0,21,0.0348729,1
F02-EllipsoidalSep,r3pso,0,22,4.26326e-13,0
F02-EllipsoidalSep,r3pso,0,23,0.0372794,1
F02-EllipsoidalSep,r3pso,0,24,4.26326e-13,0
F02-EllipsoidalSep,r3pso,0,25,4.26326e-13,0
F02-EllipsoidalSep,r3pso,0,26,4.26326e-13,0
F02-EllipsoidalSep,r3pso,0,27,4.26326e-13,0
F02-EllipsoidalSep,r3pso,0,28,4.26326e-13,0
F02-EllipsoidalSep,r3pso,0,29,4.26326e-13,0
F02-EllipsoidalSep,r3pso,0,30,2.04139e-06,1
F02-EllipsoidalSep,r3pso,0,31,0.0495364,1
F02-EllipsoidalSep,r3pso,0,32,0.183249,1
F02-EllipsoidalSep,r3pso,0,33,4.26326e-13,0
F02-EllipsoidalSep,r3pso,0,34,4.26326e-13,0
F02-EllipsoidalSep,r3pso,0,35,5.73498,1
F02-EllipsoidalSep,r3pso,0,36,0.0577406,1
F02-EllipsoidalSep,r3pso,0,37,4.26326e-13,0
F02-EllipsoidalSep,r3pso,0,38,0.0559976,1
F02-EllipsoidalSep,r3pso,0,39,4.26326e-13,0
F02-EllipsoidalSep,r3pso,0,40,4.26326e-13,0
F02-EllipsoidalSep,r3pso,0,41,4.26326e-13,0
F02-EllipsoidalSep,r3pso,0,42,4.26326e-13,0
F02-EllipsoidalSep,r3pso,0,43,0.0417357,1
F02-EllipsoidalSep,r3pso,0,44,4.26326e-13,0
F02-EllipsoidalSep,NM-Restart,0,15,0,0
F02-EllipsoidalSep,NM-Restart,0,16,0.21207,0
F02-EllipsoidalSep,NM-Restart,0,17,0.0126159,1
F02-EllipsoidalSep,NM-Restart,0,18,0,0
F02-EllipsoidalSep,NM-Restart,0,19,0.0439205,1
F02-EllipsoidalSep,NM-Restart,0,20,9.73534,0
F02-EllipsoidalSep,NM-Restart,0,21,0.034873,1
F02-EllipsoidalSep,NM-Restart,0,22,0,0
F02-EllipsoidalSep,NM-Restart,0,23,0.0372796,1
F02-EllipsoidalSep,NM-Restart,0,24,0,0
F02-EllipsoidalSep,NM-Restart,0,25,0,0
F02-EllipsoidalSep,NM-Restart,0,26,0,0
F02-EllipsoidalSep,NM-Restart,0,27,0,0
F02-EllipsoidalSep,NM-Restart,0,28,0,0
F02-EllipsoidalSep,NM-Restart,0,29,0,0
F02-EllipsoidalSep,NM-Restart,0,30,1.92979e-06,1
F02-EllipsoidalSep,NM-Restart,0,31,0.0495367,1
F02-EllipsoidalSep,NM-Restart,0,32,0.183249,0
F02-EllipsoidalSep,NM-Restart,0,33,0,0
F02-EllipsoidalSep,NM-Restart,0,34,0,0
F02-EllipsoidalSep,NM-Restart,0,35,5.73498,1
F02-EllipsoidalSep,NM-Restart,0,36,0.0577408,1
F02-EllipsoidalSep,NM-Restart,0,37,0,0
F02-EllipsoidalSep,NM-Restart,0,38,0.0559979,1
F02-EllipsoidalSep,NM-Restart,0,39,0,0
F02-EllipsoidalSep,NM-Restart,0,40,0,0
F02-EllipsoidalSep,NM-Restart,0,41,0,0
F02-EllipsoidalSep,NM-Restart,0,42,0,0
F02-EllipsoidalSep,NM-Restart,0,43,0.0417356,1
F02-EllipsoidalSep,NM-Restart,0,44,0,0
F02-EllipsoidalSep,IPOP-CMA-ES,0,15,0,0
F02-EllipsoidalSep,IPOP-CMA-ES,0,16,0.21207,0
F02-EllipsoidalSep,IPOP-CMA-ES,0,17,0.0126159,1
F02-EllipsoidalSep,IPOP-CMA-ES,0,18,0,0
F02-EllipsoidalSep,IPOP-CMA-ES,0,19,0.0439204,1
F02-EllipsoidalSep,IPOP-CMA-ES,0,20,9.73534,0
F02-EllipsoidalSep,IPOP-CMA-ES,0,21,0.034873,1
F02-EllipsoidalSep,IPOP-CMA-ES,0,22,0,0
F02-EllipsoidalSep,IPOP-CMA-ES,0,23,0.0372795,1
F02-EllipsoidalSep,IPOP-CMA-ES,0,24,0,0
F02-EllipsoidalSep,IPOP-CMA-ES,0,25,0,0
F02-EllipsoidalSep,IPOP-CMA-ES,0,26,0,0
F02-EllipsoidalSep,IPOP-CMA-ES,0,27,0,0
F02-EllipsoidalSep,IPOP-CMA-ES,0,28,0,0
F02-EllipsoidalSep,IPOP-CMA-ES,0,29,0,0
F02-EllipsoidalSep,IPOP-CMA-ES,0,30,1.96657e-06,1
F02-EllipsoidalSep,IPOP-CMA-ES,0,31,0.0495366,1
F02-EllipsoidalSep,IPOP-CMA-ES,0,32,0.183249,0
F02-EllipsoidalSep,IPOP-CMA-ES,0,33,0,0
F02-EllipsoidalSep,IPOP-CMA-ES,0,34,0,0
F02-EllipsoidalSep,IPOP-CMA-ES,0,35,5.73498,0
F02-EllipsoidalSep,IPOP-CMA-ES,0,36,0.0577407,1
F02-EllipsoidalSep,IPOP-CMA-ES,0,37,0,0
F02-EllipsoidalSep,IPOP-CMA-ES,0,38,0.0559978,1
F02-EllipsoidalSep,IPOP-CMA-ES,0,39,0,0
F02-EllipsoidalSep,IPOP-CMA-ES,0,40,0,0
F02-EllipsoidalSep,IPOP-CMA-ES,0,41,0,0
F02-EllipsoidalSep,IPOP-CMA-ES,0,42,0,0
F02-EllipsoidalSep,IPOP-CMA-ES,0,43,0.0417356,1
F02-EllipsoidalSep,IPOP-CMA-ES,0,44,0,0
F02-EllipsoidalSep,DE,0,15,0,0
F02-EllipsoidalSep,DE,0,16,0.21207,1
F02-EllipsoidalSep,DE,0,17,0.0126159,1
F02-EllipsoidalSep,DE,0,18,0,0
F02-EllipsoidalSep,DE,0,19,0.0439204,1
F02-EllipsoidalSep,DE,0,20,9.73534,1
F02-EllipsoidalSep,DE,0,21,0.034873,1
F02-EllipsoidalSep,DE,0,22,0,0
F02-EllipsoidalSep,DE,0,23,0.0372795,1
F02-EllipsoidalSep,DE,0,24,0,0
F02-EllipsoidalSep,DE,0,25,0,0
F02-EllipsoidalSep,DE,0,26,0,0
F02-EllipsoidalSep,DE,0,27,0,0
F02-EllipsoidalSep,DE,0,28,0,0
F02-EllipsoidalSep,DE,0,29,0,0
F02-EllipsoidalSep,DE,0,30,1.97279e-06,1
F02-EllipsoidalSep,DE,0,31,0.0495366,1
F02-EllipsoidalSep,DE,0,32,0.183249,1
F02-EllipsoidalSep,DE,0,33,0,0
F02-EllipsoidalSep,DE,0,34,0,0
F02-EllipsoidalSep,DE,0,35,5.73498,1
F02-EllipsoidalSep,DE,0,36,0.0577407,1
F02-EllipsoidalSep,DE,0,37,0,0
F02-EllipsoidalSep,DE,0,38,0.0559978,1
F02-EllipsoidalSep,DE,0,39,0,0
F02-EllipsoidalSep,DE,0,40,0,0
F02-EllipsoidalSep,DE,0,41,0,0
F02-EllipsoidalSep,DE,0,42,0,0
F02-EllipsoidalSep,DE,0,43,0.0417356,1
F02-EllipsoidalSep,DE,0,44,0,0
F02-EllipsoidalSep,PSO,0,15,1.33582e-12,0
F02-EllipsoidalSep,PSO,0,16,0.21207,1
F02-EllipsoidalSep,PSO,0,17,0.012616,1
F02-EllipsoidalSep,PSO,0,18,1.33582e-12,0
F02-EllipsoidalSep,PSO,0,19,0.0439206,1
F02-EllipsoidalSep,PSO,0,20,9.73534,1
F02-EllipsoidalSep,PSO,0,21,0.0348732,1
F02-EllipsoidalSep,PSO,0,22,1.33582e-12,0
F02-EllipsoidalSep,PSO,0,23,0.0372797,1
F02-EllipsoidalSep,PSO,0,24,1.33582e-12,0
F02-EllipsoidalSep,PSO,0,25,1.33582e-12,0
F02-EllipsoidalSep,PSO,0,26,1.33582e-12,0
F02-EllipsoidalSep,PSO,0,27,1.33582e-12,0
F02-EllipsoidalSep,PSO,0,28,1.33582e-12,0
F02-EllipsoidalSep,PSO,0,29,1.33582e-12,0
F02-EllipsoidalSep,PSO,0,30,1.83666e-06,1
F02-EllipsoidalSep,PSO,0,31,0.0495368,1
F02-EllipsoidalSep,PSO,0,32,0.183248,1
F02-EllipsoidalSep,PSO,0,33,1.33582e-12,0
F02-EllipsoidalSep,PSO,0,34,1.33582e-12,0
F02-EllipsoidalSep,PSO,0,35,5.73498,1
F02-EllipsoidalSep,PSO,0,36,0.057741,1
F02-EllipsoidalSep,PSO,0,37,1.33582e-12,0
F02-EllipsoidalSep,PSO,0,38,0.0559981,1
F02-EllipsoidalSep,PSO,0,39,1.33582e-12,0
F02-EllipsoidalSep,PSO,0,40,1.33582e-12,0
F02-EllipsoidalSep,PSO,0,41,1.33582e-12,0
F02-EllipsoidalSep,PSO,0,42,1.33582e-12,0
F02-EllipsoidalSep,PSO,0,43,0.0417354,1
F02-EllipsoidalSep,PSO,0,44,1.33582e-12,0
F02-EllipsoidalSep,Crowding-DE,0,15,2.71965e-06,0
F02-EllipsoidalSep,Crowding-DE,0,16,0,1
F02-EllipsoidalSep,Crowding-DE,0,17,0.0121836,1
F02-EllipsoidalSep,Crowding-DE,0,18,2.71965e-06,0
F02-EllipsoidalSep,Crowding-DE,0,19,0.0426384,1
F02-EllipsoidalSep,Crowding-DE,0,20,0,0
F02-EllipsoidalSep,Crowding-DE,0,21,0.0338365,1
F02-EllipsoidalSep,Crowding-DE,0,22,2.71965e-06,0
F02-EllipsoidalSep,Crowding-DE,0,23,0.0361778,1
F02-EllipsoidalSep,Crowding-DE,0,24,2.71965e-06,0
F02-EllipsoidalSep,Crowding-DE,0,25,2.71965e-06,0
F02-EllipsoidalSep,Crowding-DE,0,26,2.71965e-06,0
F02-EllipsoidalSep,Crowding-DE,0,27,2.71965e-06,0
F02-EllipsoidalSep,Crowding-DE,0,28,2.71965e-06,0
F02-EllipsoidalSep,Crowding-DE,0,29,2.71965e-06,0
F02-EllipsoidalSep,Crowding-DE,0,30,0.000741194,1
F02-EllipsoidalSep,Crowding-DE,0,31,0.0481021,1
F02-EllipsoidalSep,Crowding-DE,0,32,0,1
F02-EllipsoidalSep,Crowding-DE,0,33,2.71965e-06,0
F02-EllipsoidalSep,Crowding-DE,0,34,2.71965e-06,0
F02-EllipsoidalSep,Crowding-DE,0,35,5.73353,1
F02-EllipsoidalSep,Crowding-DE,0,36,0.0560836,1
F02-EllipsoidalSep,Crowding-DE,0,37,2.71965e-06,0
F02-EllipsoidalSep,Crowding-DE,0,38,0.0543879,1
F02-EllipsoidalSep,Crowding-DE,0,39,2.71965e-06,0
F02-EllipsoidalSep,Crowding-DE,0,40,2.71965e-06,0
F02-EllipsoidalSep,Crowding-DE,0,41,2.71965e-06,0
F02-EllipsoidalSep,Crowding-DE,0,42,2.71965e-06,0
F02-EllipsoidalSep,Crowding-DE,0,43,0,1
F02-EllipsoidalSep,Crowding-DE,0,44,2.71965e-06,0
F02-EllipsoidalSep,MAP-Elites,0,15,3.50928,0
F02-EllipsoidalSep,MAP-Elites,0,16,2.26236,0
F02-EllipsoidalSep,MAP-Elites,0,17,3.91741,1
F02-EllipsoidalSep,MAP-Elites,0,18,3.50928,0
F02-EllipsoidalSep,MAP-Elites,0,19,4.71897,1
F02-EllipsoidalSep,MAP-Elites,0,20,3.21392,0
F02-EllipsoidalSep,MAP-Elites,0,21,4.48736,1
F02-EllipsoidalSep,MAP-Elites,0,22,12.131,0
F02-EllipsoidalSep,MAP-Elites,0,23,4.54746,1
F02-EllipsoidalSep,MAP-Elites,0,24,3.50928,0
F02-EllipsoidalSep,MAP-Elites,0,25,3.50928,0
F02-EllipsoidalSep,MAP-Elites,0,26,3.50928,0
F02-EllipsoidalSep,MAP-Elites,0,27,3.50928,0
F02-EllipsoidalSep,MAP-Elites,0,28,3.50928,0
F02-EllipsoidalSep,MAP-Elites,0,29,3.50928,0
F02-EllipsoidalSep,MAP-Elites,0,30,2.84044,1
F02-EllipsoidalSep,MAP-Elites,0,31,4.86168,1
F02-EllipsoidalSep,MAP-Elites,0,32,2.31569,0
F02-EllipsoidalSep,MAP-Elites,0,33,3.50928,0
F02-EllipsoidalSep,MAP-Elites,0,34,3.50928,0
F02-EllipsoidalSep,MAP-Elites,0,35,10.5612,0
F02-EllipsoidalSep,MAP-Elites,0,36,5.07239,1
F02-EllipsoidalSep,MAP-Elites,0,37,13.5373,0
F02-EllipsoidalSep,MAP-Elites,0,38,5.02745,1
F02-EllipsoidalSep,MAP-Elites,0,39,3.50928,0
F02-EllipsoidalSep,MAP-Elites,0,40,3.50928,0
F02-EllipsoidalSep,MAP-Elites,0,41,3.50928,0
F02-EllipsoidalSep,MAP-Elites,0,42,12.131,0
F02-EllipsoidalSep,MAP-Elites,0,43,2.58245,1
F02-EllipsoidalSep,MAP-Elites,0,44,3.50928,0
F02-EllipsoidalSep,MC-ESO-crowd,0,15,0.00341197,0
F02-EllipsoidalSep,MC-ESO-crowd,0,16,0.147662,1
F02-EllipsoidalSep,MC-ESO-crowd,0,17,0,0
F02-EllipsoidalSep,MC-ESO-crowd,0,18,0.00341197,0
F02-EllipsoidalSep,MC-ESO-crowd,0,19,0,1
F02-EllipsoidalSep,MC-ESO-crowd,0,20,0.406117,0
F02-EllipsoidalSep,MC-ESO-crowd,0,21,0,1
F02-EllipsoidalSep,MC-ESO-crowd,0,22,0.00341197,0
F02-EllipsoidalSep,MC-ESO-crowd,0,23,0,1
F02-EllipsoidalSep,MC-ESO-crowd,0,24,0.00341197,0
F02-EllipsoidalSep,MC-ESO-crowd,0,25,0.00341197,0
F02-EllipsoidalSep,MC-ESO-crowd,0,26,0.00341197,0
F02-EllipsoidalSep,MC-ESO-crowd,0,27,0.00341197,0
F02-EllipsoidalSep,MC-ESO-crowd,0,28,0.00341197,0
F02-EllipsoidalSep,MC-ESO-crowd,0,29,0.00341197,0
F02-EllipsoidalSep,MC-ESO-crowd,0,30,0.0305483,1
F02-EllipsoidalSep,MC-ESO-crowd,0,31,0,1
F02-EllipsoidalSep,MC-ESO-crowd,0,32,0.162596,1
F02-EllipsoidalSep,MC-ESO-crowd,0,33,0.00341197,0
F02-EllipsoidalSep,MC-ESO-crowd,0,34,0.00341197,0
F02-EllipsoidalSep,MC-ESO-crowd,0,35,0,0
F02-EllipsoidalSep,MC-ESO-crowd,0,36,0,1
F02-EllipsoidalSep,MC-ESO-crowd,0,37,0.00341197,0
F02-EllipsoidalSep,MC-ESO-crowd,0,38,0,0
F02-EllipsoidalSep,MC-ESO-crowd,0,39,0.00341197,0
F02-EllipsoidalSep,MC-ESO-crowd,0,40,0.00341197,0
F02-EllipsoidalSep,MC-ESO-crowd,0,41,0.00341197,0
F02-EllipsoidalSep,MC-ESO-crowd,0,42,0.00341197,0
F02-EllipsoidalSep,MC-ESO-crowd,0,43,0.0845266,1
F02-EllipsoidalSep,MC-ESO-crowd,0,44,0.00341197,0
F02-EllipsoidalSep,quality,0,15,1.13602e-10,0
F02-EllipsoidalSep,quality,0,16,0.212066,1
F02-EllipsoidalSep,quality,0,17,0.0126171,1
F02-EllipsoidalSep,quality,0,18,1.13602e-10,0
F02-EllipsoidalSep,quality,0,19,0.0439238,1
F02-EllipsoidalSep,quality,0,20,9.73533,1
F02-EllipsoidalSep,quality,0,21,0.0348757,1
F02-EllipsoidalSep,quality,0,22,1.13602e-10,0
F02-EllipsoidalSep,quality,0,23,0.0372825,1
F02-EllipsoidalSep,quality,0,24,1.13602e-10,0
F02-EllipsoidalSep,quality,0,25,1.13602e-10,0
F02-EllipsoidalSep,quality,0,26,1.13602e-10,0
F02-EllipsoidalSep,quality,0,27,1.13602e-10,0
F02-EllipsoidalSep,quality,0,28,1.13602e-10,0
F02-EllipsoidalSep,quality,0,29,1.13602e-10,0
F02-EllipsoidalSep,quality,0,30,0,1
F02-EllipsoidalSep,quality,0,31,0.0495404,1
F02-EllipsoidalSep,quality,0,32,0.183245,1
F02-EllipsoidalSep,quality,0,33,1.13602e-10,0
F02-EllipsoidalSep,quality,0,34,1.13602e-10,0
F02-EllipsoidalSep,quality,0,35,5.73498,1
F02-EllipsoidalSep,quality,0,36,0.0577451,1
F02-EllipsoidalSep,quality,0,37,1.13602e-10,0
F02-EllipsoidalSep,quality,0,38,0.0560021,1
F02-EllipsoidalSep,quality,0,39,1.13602e-10,0
F02-EllipsoidalSep,quality,0,40,1.13602e-10,0
F02-EllipsoidalSep,quality,0,41,1.13602e-10,0
F02-EllipsoidalSep,quality,0,42,1.13602e-10,0
F02-EllipsoidalSep,quality,0,43,0.0417328,1
F02-EllipsoidalSep,quality,0,44,1.13602e-10,0
F02-EllipsoidalSep,complement,0,15,1.13602e-10,0
F02-EllipsoidalSep,complement,0,16,0.212066,1
F02-EllipsoidalSep,complement,0,17,0.0126171,1
F02-EllipsoidalSep,complement,0,18,1.13602e-10,0
F02-EllipsoidalSep,complement,0,19,0.0439238,1
F02-EllipsoidalSep,complement,0,20,9.73533,1
F02-EllipsoidalSep,complement,0,21,0.0348757,1
F02-EllipsoidalSep,complement,0,22,1.13602e-10,0
F02-EllipsoidalSep,complement,0,23,0.0372825,1
F02-EllipsoidalSep,complement,0,24,1.13602e-10,0
F02-EllipsoidalSep,complement,0,25,1.13602e-10,0
F02-EllipsoidalSep,complement,0,26,1.13602e-10,0
F02-EllipsoidalSep,complement,0,27,1.13602e-10,0
F02-EllipsoidalSep,complement,0,28,1.13602e-10,0
F02-EllipsoidalSep,complement,0,29,1.13602e-10,0
F02-EllipsoidalSep,complement,0,30,0,1
F02-EllipsoidalSep,complement,0,31,0.0495404,1
F02-EllipsoidalSep,complement,0,32,0.183245,1
F02-EllipsoidalSep,complement,0,33,1.13602e-10,0
F02-EllipsoidalSep,complement,0,34,1.13602e-10,0
F02-EllipsoidalSep,complement,0,35,5.73498,1
F02-EllipsoidalSep,complement,0,36,0.0577451,1
F02-EllipsoidalSep,complement,0,37,1.13602e-10,0
F02-EllipsoidalSep,complement,0,38,0.0560021,1
F02-EllipsoidalSep,complement,0,39,1.13602e-10,0
F02-EllipsoidalSep,complement,0,40,1.13602e-10,0
F02-EllipsoidalSep,complement,0,41,1.13602e-10,0
F02-EllipsoidalSep,complement,0,42,1.13602e-10,0
F02-EllipsoidalSep,complement,0,43,0.0417328,1
F02-EllipsoidalSep,complement,0,44,1.13602e-10,0
F02-EllipsoidalSep,MC-ESO,1,15,0,0
F02-EllipsoidalSep,MC-ESO,1,16,0,1
F02-EllipsoidalSep,MC-ESO,1,17,0,1
F02-EllipsoidalSep,MC-ESO,1,18,0,0
F02-EllipsoidalSep,MC-ESO,1,19,0,0
F02-EllipsoidalSep,MC-ESO,1,20,0,0
F02-EllipsoidalSep,MC-ESO,1,21,0,0
F02-EllipsoidalSep,MC-ESO,1,22,0,0
F02-EllipsoidalSep,MC-ESO,1,23,0.0772949,1
F02-EllipsoidalSep,MC-ESO,1,24,0,1
F02-EllipsoidalSep,MC-ESO,1,25,0,0
F02-EllipsoidalSep,MC-ESO,1,26,0,0
F02-EllipsoidalSep,MC-ESO,1,27,4.93569,1
F02-EllipsoidalSep,MC-ESO,1,28,0,0
F02-EllipsoidalSep,MC-ESO,1,29,7.76118e-08,1
F02-EllipsoidalSep,MC-ESO,1,30,2.5654e-09,1
F02-EllipsoidalSep,MC-ESO,1,31,0.0238214,1
F02-EllipsoidalSep,MC-ESO,1,32,0,0
F02-EllipsoidalSep,MC-ESO,1,33,3.30998e-07,1
F02-EllipsoidalSep,MC-ESO,1,34,3.45748e-07,1
F02-EllipsoidalSep,MC-ESO,1,35,0.0760702,1
F02-EllipsoidalSep,MC-ESO,1,36,0,1
F02-EllipsoidalSep,MC-ESO,1,37,1.07606e-07,1
F02-EllipsoidalSep,MC-ESO,1,38,0,0
F02-EllipsoidalSep,MC-ESO,1,39,0,0
F02-EllipsoidalSep,MC-ESO,1,40,0,0
F02-EllipsoidalSep,MC-ESO,1,41,0,0
F02-EllipsoidalSep,MC-ESO,1,42,0,0
F02-EllipsoidalSep,MC-ESO,1,43,0,0
F02-EllipsoidalSep,MC-ESO,1,44,0,0
F02-EllipsoidalSep,NMMSO,1,15,0,0
F02-EllipsoidalSep,NMMSO,1,16,0.113589,1
F02-EllipsoidalSep,NMMSO,1,17,0.14024,1
F02-EllipsoidalSep,NMMSO,1,18,0,0
F02-EllipsoidalSep,NMMSO,1,19,0,0
F02-EllipsoidalSep,NMMSO,1,20,0,0
F02-EllipsoidalSep,NMMSO,1,21,9.80949,1
F02-EllipsoidalSep,NMMSO,1,22,0,0
F02-EllipsoidalSep,NMMSO,1,23,0.0772948,1
F02-EllipsoidalSep,NMMSO,1,24,0.134403,1
F02-EllipsoidalSep,NMMSO,1,25,0,0
F02-EllipsoidalSep,NMMSO,1,26,0,0
F02-EllipsoidalSep,NMMSO,1,27,4.93569,1
F02-EllipsoidalSep,NMMSO,1,28,0,0
F02-EllipsoidalSep,NMMSO,1,29,7.93543e-08,1
F02-EllipsoidalSep,NMMSO,1,30,2.59418e-09,1
F02-EllipsoidalSep,NMMSO,1,31,0.0238213,1
F02-EllipsoidalSep,NMMSO,1,32,0,0
F02-EllipsoidalSep,NMMSO,1,33,3.3881e-07,1
F02-EllipsoidalSep,NMMSO,1,34,3.53766e-07,1
F02-EllipsoidalSep,NMMSO,1,35,0.0760701,1
F02-EllipsoidalSep,NMMSO,1,36,0.205953,1
F02-EllipsoidalSep,NMMSO,1,37,1.1005e-07,1
F02-EllipsoidalSep,NMMSO,1,38,10.1194,1
F02-EllipsoidalSep,NMMSO,1,39,0,0
F02-EllipsoidalSep,NMMSO,1,40,0,0
F02-EllipsoidalSep,NMMSO,1,41,0,0
F02-EllipsoidalSep,NMMSO,1,42,0,0
F02-EllipsoidalSep,NMMSO,1,43,0,0
F02-EllipsoidalSep,NMMSO,1,44,0,0
F02-EllipsoidalSep,NCDE,1,15,0,0
F02-EllipsoidalSep,NCDE,1,16,0.113589,0
F02-EllipsoidalSep,NCDE,1,17,0.14024,0
F02-EllipsoidalSep,NCDE,1,18,0,0
F02-EllipsoidalSep,NCDE,1,19,0,0
F02-EllipsoidalSep,NCDE,1,20,0,0
F02-EllipsoidalSep,NCDE,1,21,1.09986,0
F02-EllipsoidalSep,NCDE,1,22,0,0
F02-EllipsoidalSep,NCDE,1,23,0.0772949,0
F02-EllipsoidalSep,NCDE,1,24,0.134403,0
F02-EllipsoidalSep,NCDE,1,25,0,0
F02-EllipsoidalSep,NCDE,1,26,0,0
F02-EllipsoidalSep,NCDE,1,27,4.93569,0
F02-EllipsoidalSep,NCDE,1,28,0,0
F02-EllipsoidalSep,NCDE,1,29,7.62284e-08,0
F02-EllipsoidalSep,NCDE,1,30,2.53979e-09,1
F02-EllipsoidalSep,NCDE,1,31,0.0238214,0
F02-EllipsoidalSep,NCDE,1,32,0,0
F02-EllipsoidalSep,NCDE,1,33,3.24781e-07,1
F02-EllipsoidalSep,NCDE,1,34,3.39371e-07,0
F02-EllipsoidalSep,NCDE,1,35,0.0760702,0
F02-EllipsoidalSep,NCDE,1,36,0.205953,0
F02-EllipsoidalSep,NCDE,1,37,1.05664e-07,0
F02-EllipsoidalSep,NCDE,1,38,1.92461,0
F02-EllipsoidalSep,NCDE,1,39,0,0
F02-EllipsoidalSep,NCDE,1,40,0,0
F02-EllipsoidalSep,NCDE,1,41,0,0
F02-EllipsoidalSep,NCDE,1,42,0,0
F02-EllipsoidalSep,NCDE,1,43,0,0
F02-EllipsoidalSep,NCDE,1,44,0,0
F02-EllipsoidalSep,r3pso,1,15,1.39266e-12,0
F02-EllipsoidalSep,r3pso,1,16,0.113588,1
F02-EllipsoidalSep,r3pso,1,17,0.140239,1
F02-EllipsoidalSep,r3pso,1,18,1.39266e-12,0
F02-EllipsoidalSep,r3pso,1,19,1.39266e-12,0
F02-EllipsoidalSep,r3pso,1,20,1.39266e-12,0
F02-EllipsoidalSep,r3pso,1,21,9.80949,1
F02-EllipsoidalSep,r3pso,1,22,1.39266e-12,0
F02-EllipsoidalSep,r3pso,1,23,0.0772958,1
F02-EllipsoidalSep,r3pso,1,24,0.134402,1
F02-EllipsoidalSep,r3pso,1,25,1.39266e-12,0
F02-EllipsoidalSep,r3pso,1,26,1.39266e-12,0
F02-EllipsoidalSep,r3pso,1,27,4.93569,1
F02-EllipsoidalSep,r3pso,1,28,1.39266e-12,0
F02-EllipsoidalSep,r3pso,1,29,0,1
F02-EllipsoidalSep,r3pso,1,30,4.4651e-09,1
F02-EllipsoidalSep,r3pso,1,31,0.0238217,1
F02-EllipsoidalSep,r3pso,1,32,1.39266e-12,0
F02-EllipsoidalSep,r3pso,1,33,0,1
F02-EllipsoidalSep,r3pso,1,34,0,1
F02-EllipsoidalSep,r3pso,1,35,0.0760711,1
F02-EllipsoidalSep,r3pso,1,36,0.205952,1
F02-EllipsoidalSep,r3pso,1,37,0,1
F02-EllipsoidalSep,r3pso,1,38,10.1194,1
F02-EllipsoidalSep,r3pso,1,39,1.39266e-12,0
F02-EllipsoidalSep,r3pso,1,40,1.39266e-12,0
F02-EllipsoidalSep,r3pso,1,41,1.39266e-12,0
F02-EllipsoidalSep,r3pso,1,42,1.39266e-12,0
F02-EllipsoidalSep,r3pso,1,43,1.39266e-12,0
F02-EllipsoidalSep,r3pso,1,44,1.39266e-12,0
F02-EllipsoidalSep,NM-Restart,1,15,0,0
F02-EllipsoidalSep,NM-Restart,1,16,0.113589,1
F02-EllipsoidalSep,NM-Restart,1,17,0.14024,1
F02-EllipsoidalSep,NM-Restart,1,18,0,0
F02-EllipsoidalSep,NM-Restart,1,19,0,0
F02-EllipsoidalSep,NM-Restart,1,20,0,0
F02-EllipsoidalSep,NM-Restart,1,21,0.235189,0
F02-EllipsoidalSep,NM-Restart,1,22,0,0
F02-EllipsoidalSep,NM-Restart,1,23,0.0772949,1
F02-EllipsoidalSep,NM-Restart,1,24,0.134403,1
F02-EllipsoidalSep,NM-Restart,1,25,0,0
F02-EllipsoidalSep,NM-Restart,1,26,0,0
F02-EllipsoidalSep,NM-Restart,1,27,4.93569,1
F02-EllipsoidalSep,NM-Restart,1,28,0,0
F02-EllipsoidalSep,NM-Restart,1,29,7.92212e-08,1
F02-EllipsoidalSep,NM-Restart,1,30,2.57887e-09,1
F02-EllipsoidalSep,NM-Restart,1,31,0.0238213,1
F02-EllipsoidalSep,NM-Restart,1,32,0,0
F02-EllipsoidalSep,NM-Restart,1,33,3.38144e-07,1
F02-EllipsoidalSep,NM-Restart,1,34,3.53106e-07,1
F02-EllipsoidalSep,NM-Restart,1,35,0.0760701,1
F02-EllipsoidalSep,NM-Restart,1,36,0.205953,1
F02-EllipsoidalSep,NM-Restart,1,37,1.09858e-07,1
F02-EllipsoidalSep,NM-Restart,1,38,1.05994,0
F02-EllipsoidalSep,NM-Restart,1,39,0,0
F02-EllipsoidalSep,NM-Restart,1,40,0,0
F02-EllipsoidalSep,NM-Restart,1,41,0,0
F02-EllipsoidalSep,NM-Restart,1,42,0,0
F02-EllipsoidalSep,NM-Restart,1,43,0,0
F02-EllipsoidalSep,NM-Restart,1,44,0,0
F02-EllipsoidalSep,IPOP-CMA-ES,1,15,0,0
F02-EllipsoidalSep,IPOP-CMA-ES,1,16,0.113589,1
F02-EllipsoidalSep,IPOP-CMA-ES,1,17,0.14024,1
F02-EllipsoidalSep,IPOP-CMA-ES,1,18,0,0
F02-EllipsoidalSep,IPOP-CMA-ES,1,19,0,0
F02-EllipsoidalSep,IPOP-CMA-ES,1,20,0,0
F02-EllipsoidalSep,IPOP-CMA-ES,1,21,9.80949,1
F02-EllipsoidalSep,IPOP-CMA-ES,1,22,0,0
F02-EllipsoidalSep,IPOP-CMA-ES,1,23,0.0772947,0
F02-EllipsoidalSep,IPOP-CMA-ES,1,24,0.134403,1
F02-EllipsoidalSep,IPOP-CMA-ES,1,25,0,0
F02-EllipsoidalSep,IPOP-CMA-ES,1,26,0,0
F02-EllipsoidalSep,IPOP-CMA-ES,1,27,4.93569,0
F02-EllipsoidalSep,IPOP-CMA-ES,1,28,0,0
F02-EllipsoidalSep,IPOP-CMA-ES,1,29,9.22582e-08,1
F02-EllipsoidalSep,IPOP-CMA-ES,1,30,2.17601e-09,1
F02-EllipsoidalSep,IPOP-CMA-ES,1,31,0.0238213,1
F02-EllipsoidalSep,IPOP-CMA-ES,1,32,0,0
F02-EllipsoidalSep,IPOP-CMA-ES,1,33,3.93295e-07,1
F02-EllipsoidalSep,IPOP-CMA-ES,1,34,4.10882e-07,1
F02-EllipsoidalSep,IPOP-CMA-ES,1,35,0.07607,0
F02-EllipsoidalSep,IPOP-CMA-ES,1,36,0.205953,1
F02-EllipsoidalSep,IPOP-CMA-ES,1,37,1.279e-07,1
F02-EllipsoidalSep,IPOP-CMA-ES,1,38,10.1194,1
F02-EllipsoidalSep,IPOP-CMA-ES,1,39,0,0
F02-EllipsoidalSep,IPOP-CMA-ES,1,40,0,0
F02-EllipsoidalSep,IPOP-CMA-ES,1,41,0,0
F02-EllipsoidalSep,IPOP-CMA-ES,1,42,0,0
F02-EllipsoidalSep,IPOP-CMA-ES,1,43,0,0
F02-EllipsoidalSep,IPOP-CMA-ES,1,44,0,0
F02-EllipsoidalSep,DE,1,15,0,0
F02-EllipsoidalSep,DE,1,16,0.113589,1
F02-EllipsoidalSep,DE,1,17,0.14024,1
F02-EllipsoidalSep,DE,1,18,0,0
F02-EllipsoidalSep,DE,1,19,0,0
F02-EllipsoidalSep,DE,1,20,0,0
F02-EllipsoidalSep,DE,1,21,9.80949,1
F02-EllipsoidalSep,DE,1,22,0,0
F02-EllipsoidalSep,DE,1,23,0.0772948,1
F02-EllipsoidalSep,DE,1,24,0.134403,1
F02-EllipsoidalSep,DE,1,25,0,0
F02-EllipsoidalSep,DE,1,26,0,0
F02-EllipsoidalSep,DE,1,27,4.93569,1
F02-EllipsoidalSep,DE,1,28,0,0
F02-EllipsoidalSep,DE,1,29,8.50756e-08,1
F02-EllipsoidalSep,DE,1,30,2.32775e-09,1
F02-EllipsoidalSep,DE,1,31,0.0238213,1
F02-EllipsoidalSep,DE,1,32,0,0
F02-EllipsoidalSep,DE,1,33,3.62536e-07,1
F02-EllipsoidalSep,DE,1,34,3.78799e-07,1
F02-EllipsoidalSep,DE,1,35,0.0760701,1
F02-EllipsoidalSep,DE,1,36,0.205953,1
F02-EllipsoidalSep,DE,1,37,1.17932e-07,1
F02-EllipsoidalSep,DE,1,38,10.1194,1
F02-EllipsoidalSep,DE,1,39,0,0
F02-EllipsoidalSep,DE,1,40,0,0
F02-EllipsoidalSep,DE,1,41,0,0
F02-EllipsoidalSep,DE,1,42,0,0
F02-EllipsoidalSep,DE,1,43,0,0
F02-EllipsoidalSep,DE,1,44,0,0
F02-EllipsoidalSep,PSO,1,15,0,0
F02-EllipsoidalSep,PSO,1,16,0.113589,1
F02-EllipsoidalSep,PSO,1,17,0.14024,1
F02-EllipsoidalSep,PSO,1,18,0,0
F02-EllipsoidalSep,PSO,1,19,0,0
F02-EllipsoidalSep,PSO,1,20,0,0
F02-EllipsoidalSep,PSO,1,21,9.80949,1
F02-EllipsoidalSep,PSO,1,22,0,0
F02-EllipsoidalSep,PSO,1,23,0.0772948,1
F02-EllipsoidalSep,PSO,1,24,0.134403,1
F02-EllipsoidalSep,PSO,1,25,0,0
F02-EllipsoidalSep,PSO,1,26,0,0
F02-EllipsoidalSep,PSO,1,27,4.93569,1
F02-EllipsoidalSep,PSO,1,28,0,0
F02-EllipsoidalSep,PSO,1,29,8.41495e-08,1
F02-EllipsoidalSep,PSO,1,30,2.30917e-09,1
F02-EllipsoidalSep,PSO,1,31,0.0238213,1
F02-EllipsoidalSep,PSO,1,32,0,0
F02-EllipsoidalSep,PSO,1,33,3.58367e-07,1
F02-EllipsoidalSep,PSO,1,34,3.74526e-07,1
F02-EllipsoidalSep,PSO,1,35,0.0760701,1
F02-EllipsoidalSep,PSO,1,36,0.205953,1
F02-EllipsoidalSep,PSO,1,37,1.16632e-07,1
F02-EllipsoidalSep,PSO,1,38,10.1194,1
F02-EllipsoidalSep,PSO,1,39,0,0
F02-EllipsoidalSep,PSO,1,40,0,0
F02-EllipsoidalSep,PSO,1,41,0,0
F02-EllipsoidalSep,PSO,1,42,0,0
F02-EllipsoidalSep,PSO,1,43,0,0
F02-EllipsoidalSep,PSO,1,44,0,0
F02-EllipsoidalSep,Crowding-DE,1,15,6.89544e-06,0
F02-EllipsoidalSep,Crowding-DE,1,16,0.114759,1
F02-EllipsoidalSep,Crowding-DE,1,17,0.14148,1
F02-EllipsoidalSep,Crowding-DE,1,18,6.89544e-06,0
F02-EllipsoidalSep,Crowding-DE,1,19,6.89544e-06,0
F02-EllipsoidalSep,Crowding-DE,1,20,6.89544e-06,0
F02-EllipsoidalSep,Crowding-DE,1,21,9.81096,1
F02-EllipsoidalSep,Crowding-DE,1,22,6.89544e-06,0
F02-EllipsoidalSep,Crowding-DE,1,23,0.0760149,1
F02-EllipsoidalSep,Crowding-DE,1,24,0.13563,1
F02-EllipsoidalSep,Crowding-DE,1,25,6.89544e-06,0
F02-EllipsoidalSep,Crowding-DE,1,26,6.89544e-06,0
F02-EllipsoidalSep,Crowding-DE,1,27,4.93436,1
F02-EllipsoidalSep,Crowding-DE,1,28,6.89544e-06,0
F02-EllipsoidalSep,Crowding-DE,1,29,0.000114007,1
F02-EllipsoidalSep,Crowding-DE,1,30,6.57616e-06,1
F02-EllipsoidalSep,Crowding-DE,1,31,0.0233112,1
F02-EllipsoidalSep,Crowding-DE,1,32,6.89544e-06,0
F02-EllipsoidalSep,Crowding-DE,1,33,0.000475938,1
F02-EllipsoidalSep,Crowding-DE,1,34,0.000492289,1
F02-EllipsoidalSep,Crowding-DE,1,35,0.0748078,1
F02-EllipsoidalSep,Crowding-DE,1,36,0.20737,1
F02-EllipsoidalSep,Crowding-DE,1,37,0.000156314,1
F02-EllipsoidalSep,Crowding-DE,1,38,10.1206,1
F02-EllipsoidalSep,Crowding-DE,1,39,6.89544e-06,0
F02-EllipsoidalSep,Crowding-DE,1,40,6.89544e-06,0
F02-EllipsoidalSep,Crowding-DE,1,41,6.89544e-06,0
F02-EllipsoidalSep,Crowding-DE,1,42,6.89544e-06,0
F02-EllipsoidalSep,Crowding-DE,1,43,6.89544e-06,0
F02-EllipsoidalSep,Crowding-DE,1,44,6.89544e-06,0
F02-EllipsoidalSep,MAP-Elites,1,15,4.22092,0
F02-EllipsoidalSep,MAP-Elites,1,16,5.12768,0
F02-EllipsoidalSep,MAP-Elites,1,17,5.20261,1
F02-EllipsoidalSep,MAP-Elites,1,18,4.22092,0
F02-EllipsoidalSep,MAP-Elites,1,19,4.22092,0
F02-EllipsoidalSep,MAP-Elites,1,20,4.22092,0
F02-EllipsoidalSep,MAP-Elites,1,21,12.285,0
F02-EllipsoidalSep,MAP-Elites,1,22,4.22092,0
F02-EllipsoidalSep,MAP-Elites,1,23,3.42408,1
F02-EllipsoidalSep,MAP-Elites,1,24,5.1837,1
F02-EllipsoidalSep,MAP-Elites,1,25,4.22092,0
F02-EllipsoidalSep,MAP-Elites,1,26,4.22092,0
F02-EllipsoidalSep,MAP-Elites,1,27,0,0
F02-EllipsoidalSep,MAP-Elites,1,28,4.22092,0
F02-EllipsoidalSep,MAP-Elites,1,29,4.29712,1
F02-EllipsoidalSep,MAP-Elites,1,30,4.21734,1
F02-EllipsoidalSep,MAP-Elites,1,31,3.89601,1
F02-EllipsoidalSep,MAP-Elites,1,32,4.22092,0
F02-EllipsoidalSep,MAP-Elites,1,33,4.5367,1
F02-EllipsoidalSep,MAP-Elites,1,34,4.55418,1
F02-EllipsoidalSep,MAP-Elites,1,35,3.43491,1
F02-EllipsoidalSep,MAP-Elites,1,36,5.38715,0
F02-EllipsoidalSep,MAP-Elites,1,37,4.32588,1
F02-EllipsoidalSep,MAP-Elites,1,38,13.1097,0
F02-EllipsoidalSep,MAP-Elites,1,39,4.22092,0
F02-EllipsoidalSep,MAP-Elites,1,40,4.22092,0
F02-EllipsoidalSep,MAP-Elites,1,41,4.22092,0
F02-EllipsoidalSep,MAP-Elites,1,42,4.22092,0
F02-EllipsoidalSep,MAP-Elites,1,43,4.22092,0
F02-EllipsoidalSep,MAP-Elites,1,44,4.22092,0
F02-EllipsoidalSep,MC-ESO-crowd,1,15,0.0119057,0
F02-EllipsoidalSep,MC-ESO-crowd,1,16,0.206236,1
F02-EllipsoidalSep,MC-ESO-crowd,1,17,0.237822,1
F02-EllipsoidalSep,MC-ESO-crowd,1,18,0.0119057,0
F02-EllipsoidalSep,MC-ESO-crowd,1,19,0.0119057,0
F02-EllipsoidalSep,MC-ESO-crowd,1,20,0.0119057,0
F02-EllipsoidalSep,MC-ESO-crowd,1,21,0.276559,0
F02-EllipsoidalSep,MC-ESO-crowd,1,22,0.0119057,0
F02-EllipsoidalSep,MC-ESO-crowd,1,23,0,1
F02-EllipsoidalSep,MC-ESO-crowd,1,24,0.230858,1
F02-EllipsoidalSep,MC-ESO-crowd,1,25,0.0119057,0
F02-EllipsoidalSep,MC-ESO-crowd,1,26,0.0119057,0
F02-EllipsoidalSep,MC-ESO-crowd,1,27,4.85447,1
F02-EllipsoidalSep,MC-ESO-crowd,1,28,0.0119057,0
F02-EllipsoidalSep,MC-ESO-crowd,1,29,0.0194849,1
F02-EllipsoidalSep,MC-ESO-crowd,1,30,0.011729,1
F02-EllipsoidalSep,MC-ESO-crowd,1,31,0,1
F02-EllipsoidalSep,MC-ESO-crowd,1,32,0.0119057,0
F02-EllipsoidalSep,MC-ESO-crowd,1,33,0.0442749,1
F02-EllipsoidalSep,MC-ESO-crowd,1,34,0.0457001,1
F02-EllipsoidalSep,MC-ESO-crowd,1,35,0,1
F02-EllipsoidalSep,MC-ESO-crowd,1,36,0.3157,1
F02-EllipsoidalSep,MC-ESO-crowd,1,37,0.0224173,1
F02-EllipsoidalSep,MC-ESO-crowd,1,38,1.10131,0
F02-EllipsoidalSep,MC-ESO-crowd,1,39,0.0119057,0
F02-EllipsoidalSep,MC-ESO-crowd,1,40,0.0119057,0
F02-EllipsoidalSep,MC-ESO-crowd,1,41,0.0119057,0
F02-EllipsoidalSep,MC-ESO-crowd,1,42,0.0119057,0
F02-EllipsoidalSep,MC-ESO-crowd,1,43,0.0119057,0
F02-EllipsoidalSep,MC-ESO-crowd,1,44,0.0119057,0
F02-EllipsoidalSep,quality,1,15,1.70274e-10,0
F02-EllipsoidalSep,quality,1,16,0.113595,1
F02-EllipsoidalSep,quality,1,17,0.140246,1
F02-EllipsoidalSep,quality,1,18,1.70274e-10,0
F02-EllipsoidalSep,quality,1,19,1.70274e-10,0
F02-EllipsoidalSep,quality,1,20,1.70274e-10,0
F02-EllipsoidalSep,quality,1,21,9.8095,1
F02-EllipsoidalSep,quality,1,22,1.70274e-10,0
F02-EllipsoidalSep,quality,1,23,0.0772881,1
F02-EllipsoidalSep,quality,1,24,0.134409,1
F02-EllipsoidalSep,quality,1,25,1.70274e-10,0
F02-EllipsoidalSep,quality,1,26,1.70274e-10,0
F02-EllipsoidalSep,quality,1,27,4.93568,1
F02-EllipsoidalSep,quality,1,28,1.70274e-10,0
F02-EllipsoidalSep,quality,1,29,6.42979e-07,1
F02-EllipsoidalSep,quality,1,30,0,1
F02-EllipsoidalSep,quality,1,31,0.0238186,1
F02-EllipsoidalSep,quality,1,32,1.70274e-10,0
F02-EllipsoidalSep,quality,1,33,2.80069e-06,1
F02-EllipsoidalSep,quality,1,34,2.90351e-06,1
F02-EllipsoidalSep,quality,1,35,0.0760635,1
F02-EllipsoidalSep,quality,1,36,0.205961,1
F02-EllipsoidalSep,quality,1,37,8.95803e-07,1
F02-EllipsoidalSep,quality,1,38,10.1194,1
F02-EllipsoidalSep,quality,1,39,1.70274e-10,0
F02-EllipsoidalSep,quality,1,40,1.70274e-10,0
F02-EllipsoidalSep,quality,1,41,1.70274e-10,0
F02-EllipsoidalSep,quality,1,42,1.70274e-10,0
F02-EllipsoidalSep,quality,1,43,1.70274e-10,0
F02-EllipsoidalSep,quality,1,44,1.70274e-10,0
F02-EllipsoidalSep,complement,1,15,1.70274e-10,0
F02-EllipsoidalSep,complement,1,16,0.113595,1
F02-EllipsoidalSep,complement,1,17,0.140246,1
F02-EllipsoidalSep,complement,1,18,1.70274e-10,0
F02-EllipsoidalSep,complement,1,19,1.70274e-10,0
F02-EllipsoidalSep,complement,1,20,1.70274e-10,0
F02-EllipsoidalSep,complement,1,21,9.8095,1
F02-EllipsoidalSep,complement,1,22,1.70274e-10,0
F02-EllipsoidalSep,complement,1,23,0.0772881,1
F02-EllipsoidalSep,complement,1,24,0.134409,1
F02-EllipsoidalSep,complement,1,25,1.70274e-10,0
F02-EllipsoidalSep,complement,1,26,1.70274e-10,0
F02-EllipsoidalSep,complement,1,27,4.93568,1
F02-EllipsoidalSep,complement,1,28,1.70274e-10,0
F02-EllipsoidalSep,complement,1,29,6.42979e-07,1
F02-EllipsoidalSep,complement,1,30,0,1
F02-EllipsoidalSep,complement,1,31,0.0238186,1
F02-EllipsoidalSep,complement,1,32,1.70274e-10,0
F02-EllipsoidalSep,complement,1,33,2.80069e-06,1
F02-EllipsoidalSep,complement,1,34,2.90351e-06,1
F02-EllipsoidalSep,complement,1,35,0.0760635,1
F02-EllipsoidalSep,complement,1,36,0.205961,1
F02-EllipsoidalSep,complement,1,37,8.95803e-07,1
F02-EllipsoidalSep,complement,1,38,10.1194,1
F02-EllipsoidalSep,complement,1,39,1.70274e-10,0
F02-EllipsoidalSep,complement,1,40,1.70274e-10,0
F02-EllipsoidalSep,complement,1,41,1.70274e-10,0
F02-EllipsoidalSep,complement,1,42,1.70274e-10,0
F02-EllipsoidalSep,complement,1,43,1.70274e-10,0
F02-EllipsoidalSep,complement,1,44,1.70274e-10,0
F02-EllipsoidalSep,MC-ESO,2,15,0,0
F02-EllipsoidalSep,MC-ESO,2,16,0,0
F02-EllipsoidalSep,MC-ESO,2,17,0.0417612,1
F02-EllipsoidalSep,MC-ESO,2,18,0,0
F02-EllipsoidalSep,MC-ESO,2,19,0.00446467,1
F02-EllipsoidalSep,MC-ESO,2,20,0,0
F02-EllipsoidalSep,MC-ESO,2,21,0,0
F02-EllipsoidalSep,MC-ESO,2,22,3.97009,1
F02-EllipsoidalSep,MC-ESO,2,23,0,1
F02-EllipsoidalSep,MC-ESO,2,24,0,0
F02-EllipsoidalSep,MC-ESO,2,25,0,0
F02-EllipsoidalSep,MC-ESO,2,26,4.14458,1
F02-EllipsoidalSep,MC-ESO,2,27,4.07924,1
F02-EllipsoidalSep,MC-ESO,2,28,1.74695e-07,1
F02-EllipsoidalSep,MC-ESO,2,29,0.257827,0
F02-EllipsoidalSep,MC-ESO,2,30,0,0
F02-EllipsoidalSep,MC-ESO,2,31,0,0
F02-EllipsoidalSep,MC-ESO,2,32,0,0
F02-EllipsoidalSep,MC-ESO,2,33,0.0164001,1
F02-EllipsoidalSep,MC-ESO,2,34,0,0
F02-EllipsoidalSep,MC-ESO,2,35,6.53156,1
F02-EllipsoidalSep,MC-ESO,2,36,0,0
F02-EllipsoidalSep,MC-ESO,2,37,8.34635e-07,1
F02-EllipsoidalSep,MC-ESO,2,38,0.0298892,1
F02-EllipsoidalSep,MC-ESO,2,39,0,0
F02-EllipsoidalSep,MC-ESO,2,40,0,1
F02-EllipsoidalSep,MC-ESO,2,41,0.0500657,1
F02-EllipsoidalSep,MC-ESO,2,42,4.99797,1
F02-EllipsoidalSep,MC-ESO,2,43,0,0
F02-EllipsoidalSep,MC-ESO,2,44,0,0
F02-EllipsoidalSep,NMMSO,2,15,0,0
F02-EllipsoidalSep,NMMSO,2,16,0,0
F02-EllipsoidalSep,NMMSO,2,17,0.182147,1
F02-EllipsoidalSep,NMMSO,2,18,0,0
F02-EllipsoidalSep,NMMSO,2,19,0.256017,1
F02-EllipsoidalSep,NMMSO,2,20,0,0
F02-EllipsoidalSep,NMMSO,2,21,0,0
F02-EllipsoidalSep,NMMSO,2,22,3.97624,1
F02-EllipsoidalSep,NMMSO,2,23,0.130879,1
F02-EllipsoidalSep,NMMSO,2,24,0,0
F02-EllipsoidalSep,NMMSO,2,25,0,0
F02-EllipsoidalSep,NMMSO,2,26,4.29918,1
F02-EllipsoidalSep,NMMSO,2,27,4.18045,1
F02-EllipsoidalSep,NMMSO,2,28,1.74101e-07,1
F02-EllipsoidalSep,NMMSO,2,29,9.79727,1
F02-EllipsoidalSep,NMMSO,2,30,0,0
F02-EllipsoidalSep,NMMSO,2,31,0,0
F02-EllipsoidalSep,NMMSO,2,32,0,0
F02-EllipsoidalSep,NMMSO,2,33,0.232415,1
F02-EllipsoidalSep,NMMSO,2,34,0,0
F02-EllipsoidalSep,NMMSO,2,35,6.74508,1
F02-EllipsoidalSep,NMMSO,2,36,8.48003,1
F02-EllipsoidalSep,NMMSO,2,37,8.31993e-07,1
F02-EllipsoidalSep,NMMSO,2,38,0.205412,1
F02-EllipsoidalSep,NMMSO,2,39,0,0
F02-EllipsoidalSep,NMMSO,2,40,0.01147,1
F02-EllipsoidalSep,NMMSO,2,41,0.0500657,1
F02-EllipsoidalSep,NMMSO,2,42,5.17794,1
F02-EllipsoidalSep,NMMSO,2,43,0,0
F02-EllipsoidalSep,NMMSO,2,44,8.44593,1
F02-EllipsoidalSep,NCDE,2,15,2.33058e-11,0
F02-EllipsoidalSep,NCDE,2,16,2.33058e-11,0
F02-EllipsoidalSep,NCDE,2,17,0,0
F02-EllipsoidalSep,NCDE,2,18,2.33058e-11,0
F02-EllipsoidalSep,NCDE,2,19,0,0
F02-EllipsoidalSep,NCDE,2,20,2.33058e-11,0
F02-EllipsoidalSep,NCDE,2,21,2.33058e-11,0
F02-EllipsoidalSep,NCDE,2,22,0,0
F02-EllipsoidalSep,NCDE,2,23,0.130874,1
F02-EllipsoidalSep,NCDE,2,24,2.33058e-11,0
F02-EllipsoidalSep,NCDE,2,25,2.33058e-11,0
F02-EllipsoidalSep,NCDE,2,26,0,0
F02-EllipsoidalSep,NCDE,2,27,0,0
F02-EllipsoidalSep,NCDE,2,28,5.5087e-07,0
F02-EllipsoidalSep,NCDE,2,29,0,0
F02-EllipsoidalSep,NCDE,2,30,2.33058e-11,0
F02-EllipsoidalSep,NCDE,2,31,2.33058e-11,0
F02-EllipsoidalSep,NCDE,2,32,2.33058e-11,0
F02-EllipsoidalSep,NCDE,2,33,0,0
F02-EllipsoidalSep,NCDE,2,34,2.33058e-11,0
F02-EllipsoidalSep,NCDE,2,35,6.51439,0
F02-EllipsoidalSep,NCDE,2,36,4.66845,0
F02-EllipsoidalSep,NCDE,2,37,2.6114e-06,1
F02-EllipsoidalSep,NCDE,2,38,0,0
F02-EllipsoidalSep,NCDE,2,39,2.33058e-11,0
F02-EllipsoidalSep,NCDE,2,40,0.0114664,1
F02-EllipsoidalSep,NCDE,2,41,0,1
F02-EllipsoidalSep,NCDE,2,42,0,0
F02-EllipsoidalSep,NCDE,2,43,2.33058e-11,0
F02-EllipsoidalSep,NCDE,2,44,8.22276,0
F02-EllipsoidalSep,r3pso,2,15,6.33804e-12,0
F02-EllipsoidalSep,r3pso,2,16,6.33804e-12,0
F02-EllipsoidalSep,r3pso,2,17,0.182147,1
F02-EllipsoidalSep,r3pso,2,18,6.33804e-12,0
F02-EllipsoidalSep,r3pso,2,19,0.256017,1
F02-EllipsoidalSep,r3pso,2,20,6.33804e-12,0
F02-EllipsoidalSep,r3pso,2,21,6.33804e-12,0
F02-EllipsoidalSep,r3pso,2,22,3.97624,1
F02-EllipsoidalSep,r3pso,2,23,0.130878,1
F02-EllipsoidalSep,r3pso,2,24,6.33804e-12,0
F02-EllipsoidalSep,r3pso,2,25,6.33804e-12,0
F02-EllipsoidalSep,r3pso,2,26,4.29917,1
F02-EllipsoidalSep,r3pso,2,27,4.18045,1
F02-EllipsoidalSep,r3pso,2,28,2.03813e-07,1
F02-EllipsoidalSep,r3pso,2,29,9.79727,1
F02-EllipsoidalSep,r3pso,2,30,6.33804e-12,0
F02-EllipsoidalSep,r3pso,2,31,6.33804e-12,0
F02-EllipsoidalSep,r3pso,2,32,6.33804e-12,0
F02-EllipsoidalSep,r3pso,2,33,0.232415,1
F02-EllipsoidalSep,r3pso,2,34,6.33804e-12,0
F02-EllipsoidalSep,r3pso,2,35,6.74508,1
F02-EllipsoidalSep,r3pso,2,36,8.48003,1
F02-EllipsoidalSep,r3pso,2,37,9.62543e-07,1
F02-EllipsoidalSep,r3pso,2,38,0.205412,1
F02-EllipsoidalSep,r3pso,2,39,6.33804e-12,0
F02-EllipsoidalSep,r3pso,2,40,0.0114697,1
F02-EllipsoidalSep,r3pso,2,41,0.0500659,1
F02-EllipsoidalSep,r3pso,2,42,5.17794,1
F02-EllipsoidalSep,r3pso,2,43,6.33804e-12,0
F02-EllipsoidalSep,r3pso,2,44,8.44593,1
F02-EllipsoidalSep,NM-Restart,2,15,0,0
F02-EllipsoidalSep,NM-Restart,2,16,0,0
F02-EllipsoidalSep,NM-Restart,2,17,0.182147,1
F02-EllipsoidalSep,NM-Restart,2,18,0,0
F02-EllipsoidalSep,NM-Restart,2,19,0.256017,1
F02-EllipsoidalSep,NM-Restart,2,20,0,0
F02-EllipsoidalSep,NM-Restart,2,21,0,0
F02-EllipsoidalSep,NM-Restart,2,22,3.97624,1
F02-EllipsoidalSep,NM-Restart,2,23,0.130879,1
F02-EllipsoidalSep,NM-Restart,2,24,0,0
F02-EllipsoidalSep,NM-Restart,2,25,0,0
F02-EllipsoidalSep,NM-Restart,2,26,4.29918,1
F02-EllipsoidalSep,NM-Restart,2,27,4.18045,1
F02-EllipsoidalSep,NM-Restart,2,28,1.76991e-07,1
F02-EllipsoidalSep,NM-Restart,2,29,9.79727,1
F02-EllipsoidalSep,NM-Restart,2,30,0,0
F02-EllipsoidalSep,NM-Restart,2,31,0,0
F02-EllipsoidalSep,NM-Restart,2,32,0,0
F02-EllipsoidalSep,NM-Restart,2,33,0.232415,1
F02-EllipsoidalSep,NM-Restart,2,34,0,0
F02-EllipsoidalSep,NM-Restart,2,35,6.74508,1
F02-EllipsoidalSep,NM-Restart,2,36,8.48003,1
F02-EllipsoidalSep,NM-Restart,2,37,8.45631e-07,1
F02-EllipsoidalSep,NM-Restart,2,38,0.205412,1
F02-EllipsoidalSep,NM-Restart,2,39,0,0
F02-EllipsoidalSep,NM-Restart,2,40,0.01147,1
F02-EllipsoidalSep,NM-Restart,2,41,0.0500657,1
F02-EllipsoidalSep,NM-Restart,2,42,5.17794,1
F02-EllipsoidalSep,NM-Restart,2,43,0,0
F02-EllipsoidalSep,NM-Restart,2,44,8.44593,1
F02-EllipsoidalSep,IPOP-CMA-ES,2,15,0,0
F02-EllipsoidalSep,IPOP-CMA-ES,2,16,0,0
F02-EllipsoidalSep,IPOP-CMA-ES,2,17,0.182147,0
F02-EllipsoidalSep,IPOP-CMA-ES,2,18,0,0
F02-EllipsoidalSep,IPOP-CMA-ES,2,19,0.256017,0
F02-EllipsoidalSep,IPOP-CMA-ES,2,20,0,0
F02-EllipsoidalSep,IPOP-CMA-ES,2,21,0,0
F02-EllipsoidalSep,IPOP-CMA-ES,2,22,3.97624,1
F02-EllipsoidalSep,IPOP-CMA-ES,2,23,0.130879,1
F02-EllipsoidalSep,IPOP-CMA-ES,2,24,0,0
F02-EllipsoidalSep,IPOP-CMA-ES,2,25,0,0
F02-EllipsoidalSep,IPOP-CMA-ES,2,26,4.29917,1
F02-EllipsoidalSep,IPOP-CMA-ES,2,27,4.18045,1
F02-EllipsoidalSep,IPOP-CMA-ES,2,28,1.86575e-07,0
F02-EllipsoidalSep,IPOP-CMA-ES,2,29,9.79727,0
F02-EllipsoidalSep,IPOP-CMA-ES,2,30,0,0
F02-EllipsoidalSep,IPOP-CMA-ES,2,31,0,0
F02-EllipsoidalSep,IPOP-CMA-ES,2,32,0,0
F02-EllipsoidalSep,IPOP-CMA-ES,2,33,0.232415,0
F02-EllipsoidalSep,IPOP-CMA-ES,2,34,0,0
F02-EllipsoidalSep,IPOP-CMA-ES,2,35,6.74508,0
F02-EllipsoidalSep,IPOP-CMA-ES,2,36,8.48003,1
F02-EllipsoidalSep,IPOP-CMA-ES,2,37,8.90307e-07,1
F02-EllipsoidalSep,IPOP-CMA-ES,2,38,0.205412,1
F02-EllipsoidalSep,IPOP-CMA-ES,2,39,0,0
F02-EllipsoidalSep,IPOP-CMA-ES,2,40,0.0114699,1
F02-EllipsoidalSep,IPOP-CMA-ES,2,41,0.0500658,1
F02-EllipsoidalSep,IPOP-CMA-ES,2,42,5.17794,1
F02-EllipsoidalSep,IPOP-CMA-ES,2,43,0,0
F02-EllipsoidalSep,IPOP-CMA-ES,2,44,8.44593,0
F02-EllipsoidalSep,DE,2,15,0,0
F02-EllipsoidalSep,DE,2,16,0,0
F02-EllipsoidalSep,DE,2,17,0.182147,1
F02-EllipsoidalSep,DE,2,18,0,0
F02-EllipsoidalSep,DE,2,19,0.256017,1
F02-EllipsoidalSep,DE,2,20,0,0
F02-EllipsoidalSep,DE,2,21,0,0
F02-EllipsoidalSep,DE,2,22,3.97624,1
F02-EllipsoidalSep,DE,2,23,0.130879,1
F02-EllipsoidalSep,DE,2,24,0,0
F02-EllipsoidalSep,DE,2,25,0,0
F02-EllipsoidalSep,DE,2,26,4.29917,1
F02-EllipsoidalSep,DE,2,27,4.18045,1
F02-EllipsoidalSep,DE,2,28,1.873e-07,1
F02-EllipsoidalSep,DE,2,29,9.79727,1
F02-EllipsoidalSep,DE,2,30,0,0
F02-EllipsoidalSep,DE,2,31,0,0
F02-EllipsoidalSep,DE,2,32,0,0
F02-EllipsoidalSep,DE,2,33,0.232415,1
F02-EllipsoidalSep,DE,2,34,0,0
F02-EllipsoidalSep,DE,2,35,6.74508,1
F02-EllipsoidalSep,DE,2,36,8.48003,1
F02-EllipsoidalSep,DE,2,37,8.94007e-07,1
F02-EllipsoidalSep,DE,2,38,0.205412,1
F02-EllipsoidalSep,DE,2,39,0,0
F02-EllipsoidalSep,DE,2,40,0.0114699,1
F02-EllipsoidalSep,DE,2,41,0.0500658,1
F02-EllipsoidalSep,DE,2,42,5.17794,1
F02-EllipsoidalSep,DE,2,43,0,0
F02-EllipsoidalSep,DE,2,44,8.44593,1
F02-EllipsoidalSep,PSO,2,15,3.97904e-12,0
F02-EllipsoidalSep,PSO,2,16,3.97904e-12,0
F02-EllipsoidalSep,PSO,2,17,0.182145,1
F02-EllipsoidalSep,PSO,2,18,3.97904e-12,0
F02-EllipsoidalSep,PSO,2,19,0.256015,1
F02-EllipsoidalSep,PSO,2,20,3.97904e-12,0
F02-EllipsoidalSep,PSO,2,21,3.97904e-12,0
F02-EllipsoidalSep,PSO,2,22,3.97624,1
F02-EllipsoidalSep,PSO,2,23,0.130881,1
F02-EllipsoidalSep,PSO,2,24,3.97904e-12,0
F02-EllipsoidalSep,PSO,2,25,3.97904e-12,0
F02-EllipsoidalSep,PSO,2,26,4.29918,1
F02-EllipsoidalSep,PSO,2,27,4.18045,1
F02-EllipsoidalSep,PSO,2,28,2.48641e-08,1
F02-EllipsoidalSep,PSO,2,29,9.79727,1
F02-EllipsoidalSep,PSO,2,30,3.97904e-12,0
F02-EllipsoidalSep,PSO,2,31,3.97904e-12,0
F02-EllipsoidalSep,PSO,2,32,3.97904e-12,0
F02-EllipsoidalSep,PSO,2,33,0.232413,1
F02-EllipsoidalSep,PSO,2,34,3.97904e-12,0
F02-EllipsoidalSep,PSO,2,35,6.74508,1
F02-EllipsoidalSep,PSO,2,36,8.48003,1
F02-EllipsoidalSep,PSO,2,37,1.28735e-07,1
F02-EllipsoidalSep,PSO,2,38,0.20541,1
F02-EllipsoidalSep,PSO,2,39,3.97904e-12,0
F02-EllipsoidalSep,PSO,2,40,0.0114714,1
F02-EllipsoidalSep,PSO,2,41,0.0500646,1
F02-EllipsoidalSep,PSO,2,42,5.17795,1
F02-EllipsoidalSep,PSO,2,43,3.97904e-12,0
F02-EllipsoidalSep,PSO,2,44,8.44593,1
F02-EllipsoidalSep,Crowding-DE,2,15,7.68915e-07,0
F02-EllipsoidalSep,Crowding-DE,2,16,7.68915e-07,0
F02-EllipsoidalSep,Crowding-DE,2,17,0.182677,1
F02-EllipsoidalSep,Crowding-DE,2,18,7.68915e-07,0
F02-EllipsoidalSep,Crowding-DE,2,19,0.256638,1
F02-EllipsoidalSep,Crowding-DE,2,20,7.68915e-07,0
F02-EllipsoidalSep,Crowding-DE,2,21,7.68915e-07,0
F02-EllipsoidalSep,Crowding-DE,2,22,3.97578,1
F02-EllipsoidalSep,Crowding-DE,2,23,0.130308,1
F02-EllipsoidalSep,Crowding-DE,2,24,7.68915e-07,0
F02-EllipsoidalSep,Crowding-DE,2,25,7.68915e-07,0
F02-EllipsoidalSep,Crowding-DE,2,26,4.29858,1
F02-EllipsoidalSep,Crowding-DE,2,27,4.17991,1
F02-EllipsoidalSep,Crowding-DE,2,28,4.95532e-05,1
F02-EllipsoidalSep,Crowding-DE,2,29,9.79748,1
F02-EllipsoidalSep,Crowding-DE,2,30,7.68915e-07,0
F02-EllipsoidalSep,Crowding-DE,2,31,7.68915e-07,0
F02-EllipsoidalSep,Crowding-DE,2,32,7.68915e-07,0
F02-EllipsoidalSep,Crowding-DE,2,33,0.233007,1
F02-EllipsoidalSep,Crowding-DE,2,34,7.68915e-07,0
F02-EllipsoidalSep,Crowding-DE,2,35,6.74567,1
F02-EllipsoidalSep,Crowding-DE,2,36,8.47944,1
F02-EllipsoidalSep,Crowding-DE,2,37,0.000228249,1
F02-EllipsoidalSep,Crowding-DE,2,38,0.20597,1
F02-EllipsoidalSep,Crowding-DE,2,39,7.68915e-07,0
F02-EllipsoidalSep,Crowding-DE,2,40,0.0110088,1
F02-EllipsoidalSep,Crowding-DE,2,41,0.0504332,1
F02-EllipsoidalSep,Crowding-DE,2,42,5.17733,1
F02-EllipsoidalSep,Crowding-DE,2,43,7.68915e-07,0
F02-EllipsoidalSep,Crowding-DE,2,44,8.44651,1
F02-EllipsoidalSep,MAP-Elites,2,15,3.48421,0
F02-EllipsoidalSep,MAP-Elites,2,16,3.48421,0
F02-EllipsoidalSep,MAP-Elites,2,17,4.81252,0
F02-EllipsoidalSep,MAP-Elites,2,18,3.48421,0
F02-EllipsoidalSep,MAP-Elites,2,19,5.08303,0
F02-EllipsoidalSep,MAP-Elites,2,20,3.48421,0
F02-EllipsoidalSep,MAP-Elites,2,21,3.48421,0
F02-EllipsoidalSep,MAP-Elites,2,22,6.47109,0
F02-EllipsoidalSep,MAP-Elites,2,23,1.27986,0
F02-EllipsoidalSep,MAP-Elites,2,24,3.48421,0
F02-EllipsoidalSep,MAP-Elites,2,25,3.48421,0
F02-EllipsoidalSep,MAP-Elites,2,26,6.49919,0
F02-EllipsoidalSep,MAP-Elites,2,27,6.48751,0
F02-EllipsoidalSep,MAP-Elites,2,28,3.58932,0
F02-EllipsoidalSep,MAP-Elites,2,29,13.7279,0
F02-EllipsoidalSep,MAP-Elites,2,30,3.48421,0
F02-EllipsoidalSep,MAP-Elites,2,31,3.48421,0
F02-EllipsoidalSep,MAP-Elites,2,32,3.48421,0
F02-EllipsoidalSep,MAP-Elites,2,33,4.99675,0
F02-EllipsoidalSep,MAP-Elites,2,34,3.48421,0
F02-EllipsoidalSep,MAP-Elites,2,35,11.5041,0
F02-EllipsoidalSep,MAP-Elites,2,36,0.835862,0
F02-EllipsoidalSep,MAP-Elites,2,37,3.97476,1
F02-EllipsoidalSep,MAP-Elites,2,38,4.89673,0
F02-EllipsoidalSep,MAP-Elites,2,39,3.48421,0
F02-EllipsoidalSep,MAP-Elites,2,40,1.43244,0
F02-EllipsoidalSep,MAP-Elites,2,41,4.32811,0
F02-EllipsoidalSep,MAP-Elites,2,42,6.80144,0
F02-EllipsoidalSep,MAP-Elites,2,43,3.48421,0
F02-EllipsoidalSep,MAP-Elites,2,44,13.1856,0
F02-EllipsoidalSep,MC-ESO-crowd,2,15,0.000114033,0
F02-EllipsoidalSep,MC-ESO-crowd,2,16,0.000114033,0
F02-EllipsoidalSep,MC-ESO-crowd,2,17,0.188168,1
F02-EllipsoidalSep,MC-ESO-crowd,2,18,0.000114033,0
F02-EllipsoidalSep,MC-ESO-crowd,2,19,0.26305,1
F02-EllipsoidalSep,MC-ESO-crowd,2,20,0.000114033,0
F02-EllipsoidalSep,MC-ESO-crowd,2,21,0.000114033,0
F02-EllipsoidalSep,MC-ESO-crowd,2,22,0.497616,0
F02-EllipsoidalSep,MC-ESO-crowd,2,23,0.124618,1
F02-EllipsoidalSep,MC-ESO-crowd,2,24,0.000114033,0
F02-EllipsoidalSep,MC-ESO-crowd,2,25,0.000114033,0
F02-EllipsoidalSep,MC-ESO-crowd,2,26,0.497616,0
F02-EllipsoidalSep,MC-ESO-crowd,2,27,0.497616,0
F02-EllipsoidalSep,MC-ESO-crowd,2,28,0.000657685,1
F02-EllipsoidalSep,MC-ESO-crowd,2,29,0.911202,0
F02-EllipsoidalSep,MC-ESO-crowd,2,30,0.000114033,0
F02-EllipsoidalSep,MC-ESO-crowd,2,31,0.000114033,0
F02-EllipsoidalSep,MC-ESO-crowd,2,32,0.000114033,0
F02-EllipsoidalSep,MC-ESO-crowd,2,33,0.239125,1
F02-EllipsoidalSep,MC-ESO-crowd,2,34,0.000114033,0
F02-EllipsoidalSep,MC-ESO-crowd,2,35,0,0
F02-EllipsoidalSep,MC-ESO-crowd,2,36,5.16606,0
F02-EllipsoidalSep,MC-ESO-crowd,2,37,0.00264413,1
F02-EllipsoidalSep,MC-ESO-crowd,2,38,0.211744,1
F02-EllipsoidalSep,MC-ESO-crowd,2,39,0.000114033,0
F02-EllipsoidalSep,MC-ESO-crowd,2,40,0.00643072,1
F02-EllipsoidalSep,MC-ESO-crowd,2,41,0.0542714,1
F02-EllipsoidalSep,MC-ESO-crowd,2,42,0.497616,0
F02-EllipsoidalSep,MC-ESO-crowd,2,43,0.000114033,0
F02-EllipsoidalSep,MC-ESO-crowd,2,44,2.47397,0
F02-EllipsoidalSep,quality,2,15,1.46088e-11,0
F02-EllipsoidalSep,quality,2,16,1.46088e-11,0
F02-EllipsoidalSep,quality,2,17,0.182145,1
F02-EllipsoidalSep,quality,2,18,1.46088e-11,0
F02-EllipsoidalSep,quality,2,19,0.256015,1
F02-EllipsoidalSep,quality,2,20,1.46088e-11,0
F02-EllipsoidalSep,quality,2,21,1.46088e-11,0
F02-EllipsoidalSep,quality,2,22,3.97624,1
F02-EllipsoidalSep,quality,2,23,0.130881,1
F02-EllipsoidalSep,quality,2,24,1.46088e-11,0
F02-EllipsoidalSep,quality,2,25,1.46088e-11,0
F02-EllipsoidalSep,quality,2,26,4.29918,1
F02-EllipsoidalSep,quality,2,27,4.18045,1
F02-EllipsoidalSep,quality,2,28,0,1
F02-EllipsoidalSep,quality,2,29,9.79727,1
F02-EllipsoidalSep,quality,2,30,1.46088e-11,0
F02-EllipsoidalSep,quality,2,31,1.46088e-11,0
F02-EllipsoidalSep,quality,2,32,1.46088e-11,0
F02-EllipsoidalSep,quality,2,33,0.232413,1
F02-EllipsoidalSep,quality,2,34,1.46088e-11,0
F02-EllipsoidalSep,quality,2,35,6.74508,1
F02-EllipsoidalSep,quality,2,36,8.48003,1
F02-EllipsoidalSep,quality,2,37,0,1
F02-EllipsoidalSep,quality,2,38,0.20541,1
F02-EllipsoidalSep,quality,2,39,1.46088e-11,0
F02-EllipsoidalSep,quality,2,40,0.0114717,1
F02-EllipsoidalSep,quality,2,41,0.0500644,1
F02-EllipsoidalSep,quality,2,42,5.17795,1
F02-EllipsoidalSep,quality,2,43,1.46088e-11,0
F02-EllipsoidalSep,quality,2,44,8.44593,1
F02-EllipsoidalSep,complement,2,15,1.46088e-11,0
F02-EllipsoidalSep,complement,2,16,1.46088e-11,0
F02-EllipsoidalSep,complement,2,17,0.182145,1
F02-EllipsoidalSep,complement,2,18,1.46088e-11,0
F02-EllipsoidalSep,complement,2,19,0.256015,1
F02-EllipsoidalSep,complement,2,20,1.46088e-11,0
F02-EllipsoidalSep,complement,2,21,1.46088e-11,0
F02-EllipsoidalSep,complement,2,22,3.97624,1
F02-EllipsoidalSep,complement,2,23,0.130881,1
F02-EllipsoidalSep,complement,2,24,1.46088e-11,0
F02-EllipsoidalSep,complement,2,25,1.46088e-11,0
F02-EllipsoidalSep,complement,2,26,4.29918,1
F02-EllipsoidalSep,complement,2,27,4.18045,1
F02-EllipsoidalSep,complement,2,28,0,1
F02-EllipsoidalSep,complement,2,29,9.79727,1
F02-EllipsoidalSep,complement,2,30,1.46088e-11,0
F02-EllipsoidalSep,complement,2,31,1.46088e-11,0
F02-EllipsoidalSep,complement,2,32,1.46088e-11,0
F02-EllipsoidalSep,complement,2,33,0.232413,1
F02-EllipsoidalSep,complement,2,34,1.46088e-11,0
F02-EllipsoidalSep,complement,2,35,6.74508,1
F02-EllipsoidalSep,complement,2,36,8.48003,1
F02-EllipsoidalSep,complement,2,37,0,1
F02-EllipsoidalSep,complement,2,38,0.20541,1
F02-EllipsoidalSep,complement,2,39,1.46088e-11,0
F02-EllipsoidalSep,complement,2,40,0.0114717,1
F02-EllipsoidalSep,complement,2,41,0.0500644,1
F02-EllipsoidalSep,complement,2,42,5.17795,1
F02-EllipsoidalSep,complement,2,43,1.46088e-11,0
F02-EllipsoidalSep,complement,2,44,8.44593,1
F02-EllipsoidalSep,MC-ESO,3,15,0,0
F02-EllipsoidalSep,MC-ESO,3,16,4.1506e-05,1
F02-EllipsoidalSep,MC-ESO,3,17,0,0
F02-EllipsoidalSep,MC-ESO,3,18,0,0
F02-EllipsoidalSep,MC-ESO,3,19,0.230489,1
F02-EllipsoidalSep,MC-ESO,3,20,0,0
F02-EllipsoidalSep,MC-ESO,3,21,0,0
F02-EllipsoidalSep,MC-ESO,3,22,0,0
F02-EllipsoidalSep,MC-ESO,3,23,0.0192399,1
F02-EllipsoidalSep,MC-ESO,3,24,1.11284,1
F02-EllipsoidalSep,MC-ESO,3,25,0,0
F02-EllipsoidalSep,MC-ESO,3,26,2.35891e-06,1
F02-EllipsoidalSep,MC-ESO,3,27,0.0624925,1
F02-EllipsoidalSep,MC-ESO,3,28,0,0
F02-EllipsoidalSep,MC-ESO,3,29,0,0
F02-EllipsoidalSep,MC-ESO,3,30,0.250009,1
F02-EllipsoidalSep,MC-ESO,3,31,3.32327,0
F02-EllipsoidalSep,MC-ESO,3,32,0,0
F02-EllipsoidalSep,MC-ESO,3,33,0,0
F02-EllipsoidalSep,MC-ESO,3,34,0.0552203,1
F02-EllipsoidalSep,MC-ESO,3,35,0,0
F02-EllipsoidalSep,MC-ESO,3,36,1.37909e-05,1
F02-EllipsoidalSep,MC-ESO,3,37,5.25588,1
F02-EllipsoidalSep,MC-ESO,3,38,0.283147,0
F02-EllipsoidalSep,MC-ESO,3,39,3.32327,0
F02-EllipsoidalSep,MC-ESO,3,40,0,0
F02-EllipsoidalSep,MC-ESO,3,41,0.228793,1
F02-EllipsoidalSep,MC-ESO,3,42,0.283147,0
F02-EllipsoidalSep,MC-ESO,3,43,0.89691,1
F02-EllipsoidalSep,MC-ESO,3,44,0,0
F02-EllipsoidalSep,NMMSO,3,15,0,0
F02-EllipsoidalSep,NMMSO,3,16,4.14629e-05,1
F02-EllipsoidalSep,NMMSO,3,17,0,0
F02-EllipsoidalSep,NMMSO,3,18,0,0
F02-EllipsoidalSep,NMMSO,3,19,0.230489,1
F02-EllipsoidalSep,NMMSO,3,20,0,0
F02-EllipsoidalSep,NMMSO,3,21,0,0
F02-EllipsoidalSep,NMMSO,3,22,0,0
F02-EllipsoidalSep,NMMSO,3,23,0.0192399,1
F02-EllipsoidalSep,NMMSO,3,24,1.11284,1
F02-EllipsoidalSep,NMMSO,3,25,0,0
F02-EllipsoidalSep,NMMSO,3,26,2.35642e-06,1
F02-EllipsoidalSep,NMMSO,3,27,0.0624925,1
F02-EllipsoidalSep,NMMSO,3,28,0,0
F02-EllipsoidalSep,NMMSO,3,29,0,0
F02-EllipsoidalSep,NMMSO,3,30,0.250009,1
F02-EllipsoidalSep,NMMSO,3,31,7.55607,1
F02-EllipsoidalSep,NMMSO,3,32,0,0
F02-EllipsoidalSep,NMMSO,3,33,0,0
F02-EllipsoidalSep,NMMSO,3,34,0.0552202,1
F02-EllipsoidalSep,NMMSO,3,35,0,0
F02-EllipsoidalSep,NMMSO,3,36,1.37766e-05,1
F02-EllipsoidalSep,NMMSO,3,37,5.25588,1
F02-EllipsoidalSep,NMMSO,3,38,8.84549,1
F02-EllipsoidalSep,NMMSO,3,39,7.95428,1
F02-EllipsoidalSep,NMMSO,3,40,0,0
F02-EllipsoidalSep,NMMSO,3,41,0.228792,1
F02-EllipsoidalSep,NMMSO,3,42,9.64255,1
F02-EllipsoidalSep,NMMSO,3,43,0.89691,1
F02-EllipsoidalSep,NMMSO,3,44,0,0
F02-EllipsoidalSep,NCDE,3,15,3.09797e-12,0
F02-EllipsoidalSep,NCDE,3,16,4.22982e-05,0
F02-EllipsoidalSep,NCDE,3,17,3.09797e-12,0
F02-EllipsoidalSep,NCDE,3,18,3.09797e-12,0
F02-EllipsoidalSep,NCDE,3,19,0.230491,1
F02-EllipsoidalSep,NCDE,3,20,3.09797e-12,0
F02-EllipsoidalSep,NCDE,3,21,3.09797e-12,0
F02-EllipsoidalSep,NCDE,3,22,3.09797e-12,0
F02-EllipsoidalSep,NCDE,3,23,0.0192392,0
F02-EllipsoidalSep,NCDE,3,24,0.632578,0
F02-EllipsoidalSep,NCDE,3,25,3.09797e-12,0
F02-EllipsoidalSep,NCDE,3,26,2.40505e-06,0
F02-EllipsoidalSep,NCDE,3,27,0.0624936,0
F02-EllipsoidalSep,NCDE,3,28,3.09797e-12,0
F02-EllipsoidalSep,NCDE,3,29,3.09797e-12,0
F02-EllipsoidalSep,NCDE,3,30,0,0
F02-EllipsoidalSep,NCDE,3,31,7.55607,0
F02-EllipsoidalSep,NCDE,3,32,3.09797e-12,0
F02-EllipsoidalSep,NCDE,3,33,3.09797e-12,0
F02-EllipsoidalSep,NCDE,3,34,0.0552213,1
F02-EllipsoidalSep,NCDE,3,35,3.09797e-12,0
F02-EllipsoidalSep,NCDE,3,36,1.4055e-05,0
F02-EllipsoidalSep,NCDE,3,37,5.25588,0
F02-EllipsoidalSep,NCDE,3,38,0,0
F02-EllipsoidalSep,NCDE,3,39,7.95427,0
F02-EllipsoidalSep,NCDE,3,40,3.09797e-12,0
F02-EllipsoidalSep,NCDE,3,41,0.228794,1
F02-EllipsoidalSep,NCDE,3,42,0,0
F02-EllipsoidalSep,NCDE,3,43,0.632578,0
F02-EllipsoidalSep,NCDE,3,44,3.09797e-12,0
F02-EllipsoidalSep,r3pso,3,15,2.84217e-14,0
F02-EllipsoidalSep,r3pso,3,16,4.14667e-05,1
F02-EllipsoidalSep,r3pso,3,17,2.84217e-14,0
F02-EllipsoidalSep,r3pso,3,18,2.84217e-14,0
F02-EllipsoidalSep,r3pso,3,19,0.230489,1
F02-EllipsoidalSep,r3pso,3,20,2.84217e-14,0
F02-EllipsoidalSep,r3pso,3,21,2.84217e-14,0
F02-EllipsoidalSep,r3pso,3,22,2.84217e-14,0
F02-EllipsoidalSep,r3pso,3,23,0.0192399,1
F02-EllipsoidalSep,r3pso,3,24,1.11284,1
F02-EllipsoidalSep,r3pso,3,25,2.84217e-14,0
F02-EllipsoidalSep,r3pso,3,26,2.35671e-06,1
F02-EllipsoidalSep,r3pso,3,27,0.0624925,1
F02-EllipsoidalSep,r3pso,3,28,2.84217e-14,0
F02-EllipsoidalSep,r3pso,3,29,2.84217e-14,0
F02-EllipsoidalSep,r3pso,3,30,0.250009,1
F02-EllipsoidalSep,r3pso,3,31,7.55607,1
F02-EllipsoidalSep,r3pso,3,32,2.84217e-14,0
F02-EllipsoidalSep,r3pso,3,33,2.84217e-14,0
F02-EllipsoidalSep,r3pso,3,34,0.0552202,1
F02-EllipsoidalSep,r3pso,3,35,2.84217e-14,0
F02-EllipsoidalSep,r3pso,3,36,1.37779e-05,1
F02-EllipsoidalSep,r3pso,3,37,5.25588,1
F02-EllipsoidalSep,r3pso,3,38,8.84549,1
F02-EllipsoidalSep,r3pso,3,39,7.95428,1
F02-EllipsoidalSep,r3pso,3,40,2.84217e-14,0
F02-EllipsoidalSep,r3pso,3,41,0.228792,1
F02-EllipsoidalSep,r3pso,3,42,9.64255,1
F02-EllipsoidalSep,r3pso,3,43,0.89691,1
F02-EllipsoidalSep,r3pso,3,44,2.84217e-14,0
F02-EllipsoidalSep,NM-Restart,3,15,0,0
F02-EllipsoidalSep,NM-Restart,3,16,4.15368e-05,0
F02-EllipsoidalSep,NM-Restart,3,17,0,0
F02-EllipsoidalSep,NM-Restart,3,18,0,0
F02-EllipsoidalSep,NM-Restart,3,19,0.230489,0
F02-EllipsoidalSep,NM-Restart,3,20,0,0
F02-EllipsoidalSep,NM-Restart,3,21,0,0
F02-EllipsoidalSep,NM-Restart,3,22,0,0
F02-EllipsoidalSep,NM-Restart,3,23,0.0192399,1
F02-EllipsoidalSep,NM-Restart,3,24,1.11284,1
F02-EllipsoidalSep,NM-Restart,3,25,0,0
F02-EllipsoidalSep,NM-Restart,3,26,2.36065e-06,1
F02-EllipsoidalSep,NM-Restart,3,27,0.0624926,0
F02-EllipsoidalSep,NM-Restart,3,28,0,0
F02-EllipsoidalSep,NM-Restart,3,29,0,0
F02-EllipsoidalSep,NM-Restart,3,30,0.250009,1
F02-EllipsoidalSep,NM-Restart,3,31,7.55607,1
F02-EllipsoidalSep,NM-Restart,3,32,0,0
F02-EllipsoidalSep,NM-Restart,3,33,0,0
F02-EllipsoidalSep,NM-Restart,3,34,0.0552203,1
F02-EllipsoidalSep,NM-Restart,3,35,0,0
F02-EllipsoidalSep,NM-Restart,3,36,1.38012e-05,1
F02-EllipsoidalSep,NM-Restart,3,37,5.25588,0
F02-EllipsoidalSep,NM-Restart,3,38,8.84549,0
F02-EllipsoidalSep,NM-Restart,3,39,7.95428,1
F02-EllipsoidalSep,NM-Restart,3,40,0,0
F02-EllipsoidalSep,NM-Restart,3,41,0.228793,0
F02-EllipsoidalSep,NM-Restart,3,42,9.64255,0
F02-EllipsoidalSep,NM-Restart,3,43,0.89691,1
F02-EllipsoidalSep,NM-Restart,3,44,0,0
F02-EllipsoidalSep,IPOP-CMA-ES,3,15,0,0
F02-EllipsoidalSep,IPOP-CMA-ES,3,16,4.15219e-05,0
F02-EllipsoidalSep,IPOP-CMA-ES,3,17,0,0
F02-EllipsoidalSep,IPOP-CMA-ES,3,18,0,0
F02-EllipsoidalSep,IPOP-CMA-ES,3,19,0.230489,1
F02-EllipsoidalSep,IPOP-CMA-ES,3,20,0,0
F02-EllipsoidalSep,IPOP-CMA-ES,3,21,0,0
F02-EllipsoidalSep,IPOP-CMA-ES,3,22,0,0
F02-EllipsoidalSep,IPOP-CMA-ES,3,23,0.0192399,1
F02-EllipsoidalSep,IPOP-CMA-ES,3,24,1.11284,1
F02-EllipsoidalSep,IPOP-CMA-ES,3,25,0,0
F02-EllipsoidalSep,IPOP-CMA-ES,3,26,2.35979e-06,1
F02-EllipsoidalSep,IPOP-CMA-ES,3,27,0.0624925,1
F02-EllipsoidalSep,IPOP-CMA-ES,3,28,0,0
F02-EllipsoidalSep,IPOP-CMA-ES,3,29,0,0
F02-EllipsoidalSep,IPOP-CMA-ES,3,30,0.250009,1
F02-EllipsoidalSep,IPOP-CMA-ES,3,31,7.55607,1
F02-EllipsoidalSep,IPOP-CMA-ES,3,32,0,0
F02-EllipsoidalSep,IPOP-CMA-ES,3,33,0,0
F02-EllipsoidalSep,IPOP-CMA-ES,3,34,0.0552203,1
F02-EllipsoidalSep,IPOP-CMA-ES,3,35,0,0
F02-EllipsoidalSep,IPOP-CMA-ES,3,36,1.37962e-05,1
F02-EllipsoidalSep,IPOP-CMA-ES,3,37,0,0
F02-EllipsoidalSep,IPOP-CMA-ES,3,38,5.22163,0
F02-EllipsoidalSep,IPOP-CMA-ES,3,39,7.95428,1
F02-EllipsoidalSep,IPOP-CMA-ES,3,40,0,0
F02-EllipsoidalSep,IPOP-CMA-ES,3,41,0.228793,0
F02-EllipsoidalSep,IPOP-CMA-ES,3,42,5.22163,0
F02-EllipsoidalSep,IPOP-CMA-ES,3,43,0.89691,1
F02-EllipsoidalSep,IPOP-CMA-ES,3,44,0,0
F02-EllipsoidalSep,DE,3,15,0,0
F02-EllipsoidalSep,DE,3,16,4.14684e-05,1
F02-EllipsoidalSep,DE,3,17,0,0
F02-EllipsoidalSep,DE,3,18,0,0
F02-EllipsoidalSep,DE,3,19,0.230489,1
F02-EllipsoidalSep,DE,3,20,0,0
F02-EllipsoidalSep,DE,3,21,0,0
F02-EllipsoidalSep,DE,3,22,0,0
F02-EllipsoidalSep,DE,3,23,0.0192399,1
F02-EllipsoidalSep,DE,3,24,1.11284,1
F02-EllipsoidalSep,DE,3,25,0,0
F02-EllipsoidalSep,DE,3,26,2.35663e-06,1
F02-EllipsoidalSep,DE,3,27,0.0624925,1
F02-EllipsoidalSep,DE,3,28,0,0
F02-EllipsoidalSep,DE,3,29,0,0
F02-EllipsoidalSep,DE,3,30,0.250009,1
F02-EllipsoidalSep,DE,3,31,7.55607,1
F02-EllipsoidalSep,DE,3,32,0,0
F02-EllipsoidalSep,DE,3,33,0,0
F02-EllipsoidalSep,DE,3,34,0.0552202,1
F02-EllipsoidalSep,DE,3,35,0,0
F02-EllipsoidalSep,DE,3,36,1.37783e-05,1
F02-EllipsoidalSep,DE,3,37,5.25588,1
F02-EllipsoidalSep,DE,3,38,8.84549,1
F02-EllipsoidalSep,DE,3,39,7.95428,1
F02-EllipsoidalSep,DE,3,40,0,0
F02-EllipsoidalSep,DE,3,41,0.228792,1
F02-EllipsoidalSep,DE,3,42,9.64255,1
F02-EllipsoidalSep,DE,3,43,0.89691,1
F02-EllipsoidalSep,DE,3,44,0,0
F02-EllipsoidalSep,PSO,3,15,5.68434e-13,0
F02-EllipsoidalSep,PSO,3,16,4.14901e-05,1
F02-EllipsoidalSep,PSO,3,17,5.68434e-13,0
F02-EllipsoidalSep,PSO,3,18,5.68434e-13,0
F02-EllipsoidalSep,PSO,3,19,0.230489,1
F02-EllipsoidalSep,PSO,3,20,5.68434e-13,0
F02-EllipsoidalSep,PSO,3,21,5.68434e-13,0
F02-EllipsoidalSep,PSO,3,22,5.68434e-13,0
F02-EllipsoidalSep,PSO,3,23,0.0192399,1
F02-EllipsoidalSep,PSO,3,24,1.11284,1
F02-EllipsoidalSep,PSO,3,25,5.68434e-13,0
F02-EllipsoidalSep,PSO,3,26,2.3587e-06,1
F02-EllipsoidalSep,PSO,3,27,0.0624925,1
F02-EllipsoidalSep,PSO,3,28,5.68434e-13,0
F02-EllipsoidalSep,PSO,3,29,5.68434e-13,0
F02-EllipsoidalSep,PSO,3,30,0.250009,1
F02-EllipsoidalSep,PSO,3,31,7.55607,1
F02-EllipsoidalSep,PSO,3,32,5.68434e-13,0
F02-EllipsoidalSep,PSO,3,33,5.68434e-13,0
F02-EllipsoidalSep,PSO,3,34,0.0552202,1
F02-EllipsoidalSep,PSO,3,35,5.68434e-13,0
F02-EllipsoidalSep,PSO,3,36,1.37862e-05,1
F02-EllipsoidalSep,PSO,3,37,5.25588,1
F02-EllipsoidalSep,PSO,3,38,8.84549,1
F02-EllipsoidalSep,PSO,3,39,7.95428,1
F02-EllipsoidalSep,PSO,3,40,5.68434e-13,0
F02-EllipsoidalSep,PSO,3,41,0.228792,1
F02-EllipsoidalSep,PSO,3,42,9.64255,1
F02-EllipsoidalSep,PSO,3,43,0.89691,1
F02-EllipsoidalSep,PSO,3,44,5.68434e-13,0
F02-EllipsoidalSep,Crowding-DE,3,15,7.24951e-06,0
F02-EllipsoidalSep,Crowding-DE,3,16,0.00138336,1
F02-EllipsoidalSep,Crowding-DE,3,17,7.24951e-06,0
F02-EllipsoidalSep,Crowding-DE,3,18,7.24951e-06,0
F02-EllipsoidalSep,Crowding-DE,3,19,0,1
F02-EllipsoidalSep,Crowding-DE,3,20,7.24951e-06,0
F02-EllipsoidalSep,Crowding-DE,3,21,7.24951e-06,0
F02-EllipsoidalSep,Crowding-DE,3,22,7.24951e-06,0
F02-EllipsoidalSep,Crowding-DE,3,23,0.0181137,1
F02-EllipsoidalSep,Crowding-DE,3,24,1.111,1
F02-EllipsoidalSep,Crowding-DE,3,25,7.24951e-06,0
F02-EllipsoidalSep,Crowding-DE,3,26,8.61776e-05,1
F02-EllipsoidalSep,Crowding-DE,3,27,0,1
F02-EllipsoidalSep,Crowding-DE,3,28,7.24951e-06,0
F02-EllipsoidalSep,Crowding-DE,3,29,7.24951e-06,0
F02-EllipsoidalSep,Crowding-DE,3,30,0.248608,1
F02-EllipsoidalSep,Crowding-DE,3,31,7.55506,1
F02-EllipsoidalSep,Crowding-DE,3,32,7.24951e-06,0
F02-EllipsoidalSep,Crowding-DE,3,33,7.24951e-06,0
F02-EllipsoidalSep,Crowding-DE,3,34,0,1
F02-EllipsoidalSep,Crowding-DE,3,35,7.24951e-06,0
F02-EllipsoidalSep,Crowding-DE,3,36,0.000465001,1
F02-EllipsoidalSep,Crowding-DE,3,37,5.14269,1
F02-EllipsoidalSep,Crowding-DE,3,38,8.84576,1
F02-EllipsoidalSep,Crowding-DE,3,39,7.95178,1
F02-EllipsoidalSep,Crowding-DE,3,40,7.24951e-06,0
F02-EllipsoidalSep,Crowding-DE,3,41,0,1
F02-EllipsoidalSep,Crowding-DE,3,42,9.35339,1
F02-EllipsoidalSep,Crowding-DE,3,43,0.894349,1
F02-EllipsoidalSep,Crowding-DE,3,44,7.24951e-06,0
F02-EllipsoidalSep,MAP-Elites,3,15,5.87033,0
F02-EllipsoidalSep,MAP-Elites,3,16,5.51196,1
F02-EllipsoidalSep,MAP-Elites,3,17,10.8313,0
F02-EllipsoidalSep,MAP-Elites,3,18,5.87033,0
F02-EllipsoidalSep,MAP-Elites,3,19,5.42388,1
F02-EllipsoidalSep,MAP-Elites,3,20,5.87033,0
F02-EllipsoidalSep,MAP-Elites,3,21,5.87033,0
F02-EllipsoidalSep,MAP-Elites,3,22,5.87033,0
F02-EllipsoidalSep,MAP-Elites,3,23,6.19439,1
F02-EllipsoidalSep,MAP-Elites,3,24,0,0
F02-EllipsoidalSep,MAP-Elites,3,25,5.87033,0
F02-EllipsoidalSep,MAP-Elites,3,26,5.84731,1
F02-EllipsoidalSep,MAP-Elites,3,27,5.4516,1
F02-EllipsoidalSep,MAP-Elites,3,28,10.8313,0
F02-EllipsoidalSep,MAP-Elites,3,29,5.87033,0
F02-EllipsoidalSep,MAP-Elites,3,30,2.65097,0
F02-EllipsoidalSep,MAP-Elites,3,31,8.30692,0
F02-EllipsoidalSep,MAP-Elites,3,32,5.87033,0
F02-EllipsoidalSep,MAP-Elites,3,33,5.87033,0
F02-EllipsoidalSep,MAP-Elites,3,34,5.45669,1
F02-EllipsoidalSep,MAP-Elites,3,35,5.87033,0
F02-EllipsoidalSep,MAP-Elites,3,36,5.74931,1
F02-EllipsoidalSep,MAP-Elites,3,37,10.5852,0
F02-EllipsoidalSep,MAP-Elites,3,38,4.65298,0
F02-EllipsoidalSep,MAP-Elites,3,39,8.30692,0
F02-EllipsoidalSep,MAP-Elites,3,40,5.87033,0
F02-EllipsoidalSep,MAP-Elites,3,41,5.42212,1
F02-EllipsoidalSep,MAP-Elites,3,42,14.7656,0
F02-EllipsoidalSep,MAP-Elites,3,43,0,0
F02-EllipsoidalSep,MAP-Elites,3,44,5.87033,0
F02-EllipsoidalSep,MC-ESO-crowd,3,15,0.00392013,0
F02-EllipsoidalSep,MC-ESO-crowd,3,16,0.031227,1
F02-EllipsoidalSep,MC-ESO-crowd,3,17,0.00392013,0
F02-EllipsoidalSep,MC-ESO-crowd,3,18,0.00392013,0
F02-EllipsoidalSep,MC-ESO-crowd,3,19,0.0701068,1
F02-EllipsoidalSep,MC-ESO-crowd,3,20,0.00392013,0
F02-EllipsoidalSep,MC-ESO-crowd,3,21,0.00392013,0
F02-EllipsoidalSep,MC-ESO-crowd,3,22,0.00392013,0
F02-EllipsoidalSep,MC-ESO-crowd,3,23,0,1
F02-EllipsoidalSep,MC-ESO-crowd,3,24,1.07905,1
F02-EllipsoidalSep,MC-ESO-crowd,3,25,0.00392013,0
F02-EllipsoidalSep,MC-ESO-crowd,3,26,0.00551723,1
F02-EllipsoidalSep,MC-ESO-crowd,3,27,0.0220089,1
F02-EllipsoidalSep,MC-ESO-crowd,3,28,0.00392013,0
F02-EllipsoidalSep,MC-ESO-crowd,3,29,0.00392013,0
F02-EllipsoidalSep,MC-ESO-crowd,3,30,0.225174,1
F02-EllipsoidalSep,MC-ESO-crowd,3,31,0,0
F02-EllipsoidalSep,MC-ESO-crowd,3,32,0.00392013,0
F02-EllipsoidalSep,MC-ESO-crowd,3,33,0.00392013,0
F02-EllipsoidalSep,MC-ESO-crowd,3,34,0.0202834,1
F02-EllipsoidalSep,MC-ESO-crowd,3,35,0.00392013,0
F02-EllipsoidalSep,MC-ESO-crowd,3,36,0.0130262,1
F02-EllipsoidalSep,MC-ESO-crowd,3,37,5.17915,1
F02-EllipsoidalSep,MC-ESO-crowd,3,38,0.184479,0
F02-EllipsoidalSep,MC-ESO-crowd,3,39,0,0
F02-EllipsoidalSep,MC-ESO-crowd,3,40,0.00392013,0
F02-EllipsoidalSep,MC-ESO-crowd,3,41,0.0694343,1
F02-EllipsoidalSep,MC-ESO-crowd,3,42,0.184479,0
F02-EllipsoidalSep,MC-ESO-crowd,3,43,0.848441,1
F02-EllipsoidalSep,MC-ESO-crowd,3,44,0.00392013,0
F02-EllipsoidalSep,quality,3,15,8.60354e-09,0
F02-EllipsoidalSep,quality,3,16,0,1
F02-EllipsoidalSep,quality,3,17,8.60354e-09,0
F02-EllipsoidalSep,quality,3,18,8.60354e-09,0
F02-EllipsoidalSep,quality,3,19,0.23041,1
F02-EllipsoidalSep,quality,3,20,8.60354e-09,0
F02-EllipsoidalSep,quality,3,21,8.60354e-09,0
F02-EllipsoidalSep,quality,3,22,8.60354e-09,0
F02-EllipsoidalSep,quality,3,23,0.0192751,1
F02-EllipsoidalSep,quality,3,24,1.1129,1
F02-EllipsoidalSep,quality,3,25,8.60354e-09,0
F02-EllipsoidalSep,quality,3,26,0,1
F02-EllipsoidalSep,quality,3,27,0.0624367,1
F02-EllipsoidalSep,quality,3,28,8.60354e-09,0
F02-EllipsoidalSep,quality,3,29,8.60354e-09,0
F02-EllipsoidalSep,quality,3,30,0.250053,1
F02-EllipsoidalSep,quality,3,31,7.55611,1
F02-EllipsoidalSep,quality,3,32,8.60354e-09,0
F02-EllipsoidalSep,quality,3,33,8.60354e-09,0
F02-EllipsoidalSep,quality,3,34,0.0551653,1
F02-EllipsoidalSep,quality,3,35,8.60354e-09,0
F02-EllipsoidalSep,quality,3,36,0,1
F02-EllipsoidalSep,quality,3,37,5.25582,1
F02-EllipsoidalSep,quality,3,38,8.84548,1
F02-EllipsoidalSep,quality,3,39,7.95435,1
F02-EllipsoidalSep,quality,3,40,8.60354e-09,0
F02-EllipsoidalSep,quality,3,41,0.228714,1
F02-EllipsoidalSep,quality,3,42,9.64246,1
F02-EllipsoidalSep,quality,3,43,0.896989,1
F02-EllipsoidalSep,quality,3,44,8.60354e-09,0
F02-EllipsoidalSep,complement,3,15,8.60354e-09,0
F02-EllipsoidalSep,complement,3,16,0,1
F02-EllipsoidalSep,complement,3,17,8.60354e-09,0
F02-EllipsoidalSep,complement,3,18,8.60354e-09,0
F02-EllipsoidalSep,complement,3,19,0.23041,1
F02-EllipsoidalSep,complement,3,20,8.60354e-09,0
F02-EllipsoidalSep,complement,3,21,8.60354e-09,0
F02-EllipsoidalSep,complement,3,22,8.60354e-09,0
F02-EllipsoidalSep,complement,3,23,0.0192751,1
F02-EllipsoidalSep,complement,3,24,1.1129,1
F02-EllipsoidalSep,complement,3,25,8.60354e-09,0
F02-EllipsoidalSep,complement,3,26,0,1
F02-EllipsoidalSep,complement,3,27,0.0624367,1
F02-EllipsoidalSep,complement,3,28,8.60354e-09,0
F02-EllipsoidalSep,complement,3,29,8.60354e-09,0
F02-EllipsoidalSep,complement,3,30,0.250053,1
F02-EllipsoidalSep,complement,3,31,7.55611,1
F02-EllipsoidalSep,complement,3,32,8.60354e-09,0
F02-EllipsoidalSep,complement,3,33,8.60354e-09,0
F02-EllipsoidalSep,complement,3,34,0.0551653,1
F02-EllipsoidalSep,complement,3,35,8.60354e-09,0
F02-EllipsoidalSep,complement,3,36,0,1
F02-EllipsoidalSep,complement,3,37,5.25582,1
F02-EllipsoidalSep,complement,3,38,8.84548,1
F02-EllipsoidalSep,complement,3,39,7.95435,1
F02-EllipsoidalSep,complement,3,40,8.60354e-09,0
F02-EllipsoidalSep,complement,3,41,0.228714,1
F02-EllipsoidalSep,complement,3,42,9.64246,1
F02-EllipsoidalSep,complement,3,43,0.896989,1
F02-EllipsoidalSep,complement,3,44,8.60354e-09,0
F02-EllipsoidalSep,MC-ESO,4,15,0,0
F02-EllipsoidalSep,MC-ESO,4,16,0,0
F02-EllipsoidalSep,MC-ESO,4,17,0,0
F02-EllipsoidalSep,MC-ESO,4,18,0,0
F02-EllipsoidalSep,MC-ESO,4,19,0.149471,1
F02-EllipsoidalSep,MC-ESO,4,20,0,0
F02-EllipsoidalSep,MC-ESO,4,21,9.12411,1
F02-EllipsoidalSep,MC-ESO,4,22,0,0
F02-EllipsoidalSep,MC-ESO,4,23,0.149076,1
F02-EllipsoidalSep,MC-ESO,4,24,0,0
F02-EllipsoidalSep,MC-ESO,4,25,0.00159558,1
F02-EllipsoidalSep,MC-ESO,4,26,0,0
F02-EllipsoidalSep,MC-ESO,4,27,0.0560781,1
F02-EllipsoidalSep,MC-ESO,4,28,0,0
F02-EllipsoidalSep,MC-ESO,4,29,0,0
F02-EllipsoidalSep,MC-ESO,4,30,0.27406,1
F02-EllipsoidalSep,MC-ESO,4,31,0,0
F02-EllipsoidalSep,MC-ESO,4,32,0,0
F02-EllipsoidalSep,MC-ESO,4,33,0,0
F02-EllipsoidalSep,MC-ESO,4,34,0,0
F02-EllipsoidalSep,MC-ESO,4,35,0,0
F02-EllipsoidalSep,MC-ESO,4,36,0,0
F02-EllipsoidalSep,MC-ESO,4,37,2.04409e-06,1
F02-EllipsoidalSep,MC-ESO,4,38,0,0
F02-EllipsoidalSep,MC-ESO,4,39,0,0
F02-EllipsoidalSep,MC-ESO,4,40,0,0
F02-EllipsoidalSep,MC-ESO,4,41,0.041661,1
F02-EllipsoidalSep,MC-ESO,4,42,0.261831,1
F02-EllipsoidalSep,MC-ESO,4,43,2.29897e-07,1
F02-EllipsoidalSep,MC-ESO,4,44,0,0
F02-EllipsoidalSep,NMMSO,4,15,0,0
F02-EllipsoidalSep,NMMSO,4,16,0,0
F02-EllipsoidalSep,NMMSO,4,17,0,0
F02-EllipsoidalSep,NMMSO,4,18,0,0
F02-EllipsoidalSep,NMMSO,4,19,0.149471,1
F02-EllipsoidalSep,NMMSO,4,20,0,0
F02-EllipsoidalSep,NMMSO,4,21,9.12411,1
F02-EllipsoidalSep,NMMSO,4,22,0,0
F02-EllipsoidalSep,NMMSO,4,23,0.149076,1
F02-EllipsoidalSep,NMMSO,4,24,0,0
F02-EllipsoidalSep,NMMSO,4,25,0.00159559,1
F02-EllipsoidalSep,NMMSO,4,26,0,0
F02-EllipsoidalSep,NMMSO,4,27,0.0560781,1
F02-EllipsoidalSep,NMMSO,4,28,0,0
F02-EllipsoidalSep,NMMSO,4,29,0,0
F02-EllipsoidalSep,NMMSO,4,30,0.27406,1
F02-EllipsoidalSep,NMMSO,4,31,0,0
F02-EllipsoidalSep,NMMSO,4,32,0,0
F02-EllipsoidalSep,NMMSO,4,33,0,0
F02-EllipsoidalSep,NMMSO,4,34,0,0
F02-EllipsoidalSep,NMMSO,4,35,0,0
F02-EllipsoidalSep,NMMSO,4,36,0,0
F02-EllipsoidalSep,NMMSO,4,37,2.04566e-06,1
F02-EllipsoidalSep,NMMSO,4,38,0,0
F02-EllipsoidalSep,NMMSO,4,39,0,0
F02-EllipsoidalSep,NMMSO,4,40,0,0
F02-EllipsoidalSep,NMMSO,4,41,0.041661,1
F02-EllipsoidalSep,NMMSO,4,42,0.261832,1
F02-EllipsoidalSep,NMMSO,4,43,2.15072e-07,1
F02-EllipsoidalSep,NMMSO,4,44,0,0
F02-EllipsoidalSep,NCDE,4,15,4.47073e-11,0
F02-EllipsoidalSep,NCDE,4,16,4.47073e-11,0
F02-EllipsoidalSep,NCDE,4,17,4.47073e-11,0
F02-EllipsoidalSep,NCDE,4,18,4.47073e-11,0
F02-EllipsoidalSep,NCDE,4,19,0.00072386,1
F02-EllipsoidalSep,NCDE,4,20,4.47073e-11,0
F02-EllipsoidalSep,NCDE,4,21,0.783113,0
F02-EllipsoidalSep,NCDE,4,22,4.47073e-11,0
F02-EllipsoidalSep,NCDE,4,23,0.000718468,0
F02-EllipsoidalSep,NCDE,4,24,4.47073e-11,0
F02-EllipsoidalSep,NCDE,4,25,0.00159573,1
F02-EllipsoidalSep,NCDE,4,26,4.47073e-11,0
F02-EllipsoidalSep,NCDE,4,27,0,0
F02-EllipsoidalSep,NCDE,4,28,4.47073e-11,0
F02-EllipsoidalSep,NCDE,4,29,4.47073e-11,0
F02-EllipsoidalSep,NCDE,4,30,0.00243272,0
F02-EllipsoidalSep,NCDE,4,31,4.47073e-11,0
F02-EllipsoidalSep,NCDE,4,32,4.47073e-11,0
F02-EllipsoidalSep,NCDE,4,33,4.47073e-11,0
F02-EllipsoidalSep,NCDE,4,34,4.47073e-11,0
F02-EllipsoidalSep,NCDE,4,35,4.47073e-11,0
F02-EllipsoidalSep,NCDE,4,36,4.47073e-11,0
F02-EllipsoidalSep,NCDE,4,37,2.0618e-06,0
F02-EllipsoidalSep,NCDE,4,38,4.47073e-11,0
F02-EllipsoidalSep,NCDE,4,39,4.47073e-11,0
F02-EllipsoidalSep,NCDE,4,40,4.47073e-11,0
F02-EllipsoidalSep,NCDE,4,41,0.0169275,0
F02-EllipsoidalSep,NCDE,4,42,0.00226131,0
F02-EllipsoidalSep,NCDE,4,43,0,1
F02-EllipsoidalSep,NCDE,4,44,4.47073e-11,0
F02-EllipsoidalSep,r3pso,4,15,1.15534e-10,0
F02-EllipsoidalSep,r3pso,4,16,1.15534e-10,0
F02-EllipsoidalSep,r3pso,4,17,1.15534e-10,0
F02-EllipsoidalSep,r3pso,4,18,1.15534e-10,0
F02-EllipsoidalSep,r3pso,4,19,0.149465,1
F02-EllipsoidalSep,r3pso,4,20,1.15534e-10,0
F02-EllipsoidalSep,r3pso,4,21,9.12412,1
F02-EllipsoidalSep,r3pso,4,22,1.15534e-10,0
F02-EllipsoidalSep,r3pso,4,23,0.14907,1
F02-EllipsoidalSep,r3pso,4,24,1.15534e-10,0
F02-EllipsoidalSep,r3pso,4,25,0.00159492,1
F02-EllipsoidalSep,r3pso,4,26,1.15534e-10,0
F02-EllipsoidalSep,r3pso,4,27,0.0560739,1
F02-EllipsoidalSep,r3pso,4,28,1.15534e-10,0
F02-EllipsoidalSep,r3pso,4,29,1.15534e-10,0
F02-EllipsoidalSep,r3pso,4,30,0.274053,1
F02-EllipsoidalSep,r3pso,4,31,1.15534e-10,0
F02-EllipsoidalSep,r3pso,4,32,1.15534e-10,0
F02-EllipsoidalSep,r3pso,4,33,1.15534e-10,0
F02-EllipsoidalSep,r3pso,4,34,1.15534e-10,0
F02-EllipsoidalSep,r3pso,4,35,1.15534e-10,0
F02-EllipsoidalSep,r3pso,4,36,1.15534e-10,0
F02-EllipsoidalSep,r3pso,4,37,1.93735e-06,1
F02-EllipsoidalSep,r3pso,4,38,1.15534e-10,0
F02-EllipsoidalSep,r3pso,4,39,1.15534e-10,0
F02-EllipsoidalSep,r3pso,4,40,1.15534e-10,0
F02-EllipsoidalSep,r3pso,4,41,0.0416572,1
F02-EllipsoidalSep,r3pso,4,42,0.261825,1
F02-EllipsoidalSep,r3pso,4,43,1.21492e-06,1
F02-EllipsoidalSep,r3pso,4,44,1.15534e-10,0
F02-EllipsoidalSep,NM-Restart,4,15,0,0
F02-EllipsoidalSep,NM-Restart,4,16,0,0
F02-EllipsoidalSep,NM-Restart,4,17,0,0
F02-EllipsoidalSep,NM-Restart,4,18,0,0
F02-EllipsoidalSep,NM-Restart,4,19,0.149471,1
F02-EllipsoidalSep,NM-Restart,4,20,0,0
F02-EllipsoidalSep,NM-Restart,4,21,9.12411,1
F02-EllipsoidalSep,NM-Restart,4,22,0,0
F02-EllipsoidalSep,NM-Restart,4,23,0.149076,1
F02-EllipsoidalSep,NM-Restart,4,24,0,0
F02-EllipsoidalSep,NM-Restart,4,25,0.0015956,1
F02-EllipsoidalSep,NM-Restart,4,26,0,0
F02-EllipsoidalSep,NM-Restart,4,27,0.0560782,1
F02-EllipsoidalSep,NM-Restart,4,28,0,0
F02-EllipsoidalSep,NM-Restart,4,29,0,0
F02-EllipsoidalSep,NM-Restart,4,30,0.27406,1
F02-EllipsoidalSep,NM-Restart,4,31,0,0
F02-EllipsoidalSep,NM-Restart,4,32,0,0
F02-EllipsoidalSep,NM-Restart,4,33,0,0
F02-EllipsoidalSep,NM-Restart,4,34,0,0
F02-EllipsoidalSep,NM-Restart,4,35,0,0
F02-EllipsoidalSep,NM-Restart,4,36,0,0
F02-EllipsoidalSep,NM-Restart,4,37,2.0466e-06,1
F02-EllipsoidalSep,NM-Restart,4,38,0,0
F02-EllipsoidalSep,NM-Restart,4,39,0,0
F02-EllipsoidalSep,NM-Restart,4,40,0,0
F02-EllipsoidalSep,NM-Restart,4,41,0.0416611,1
F02-EllipsoidalSep,NM-Restart,4,42,0.261832,1
F02-EllipsoidalSep,NM-Restart,4,43,2.04704e-07,1
F02-EllipsoidalSep,NM-Restart,4,44,0,0
F02-EllipsoidalSep,IPOP-CMA-ES,4,15,0,0
F02-EllipsoidalSep,IPOP-CMA-ES,4,16,0,0
F02-EllipsoidalSep,IPOP-CMA-ES,4,17,0,0
F02-EllipsoidalSep,IPOP-CMA-ES,4,18,0,0
F02-EllipsoidalSep,IPOP-CMA-ES,4,19,0.149471,1
F02-EllipsoidalSep,IPOP-CMA-ES,4,20,0,0
F02-EllipsoidalSep,IPOP-CMA-ES,4,21,9.12411,1
F02-EllipsoidalSep,IPOP-CMA-ES,4,22,0,0
F02-EllipsoidalSep,IPOP-CMA-ES,4,23,0.149076,1
F02-EllipsoidalSep,IPOP-CMA-ES,4,24,0,0
F02-EllipsoidalSep,IPOP-CMA-ES,4,25,0.0015956,1
F02-EllipsoidalSep,IPOP-CMA-ES,4,26,0,0
F02-EllipsoidalSep,IPOP-CMA-ES,4,27,0.0560782,1
F02-EllipsoidalSep,IPOP-CMA-ES,4,28,0,0
F02-EllipsoidalSep,IPOP-CMA-ES,4,29,0,0
F02-EllipsoidalSep,IPOP-CMA-ES,4,30,0.27406,0
F02-EllipsoidalSep,IPOP-CMA-ES,4,31,0,0
F02-EllipsoidalSep,IPOP-CMA-ES,4,32,0,0
F02-EllipsoidalSep,IPOP-CMA-ES,4,33,0,0
F02-EllipsoidalSep,IPOP-CMA-ES,4,34,0,0
F02-EllipsoidalSep,IPOP-CMA-ES,4,35,0,0
F02-EllipsoidalSep,IPOP-CMA-ES,4,36,0,0
F02-EllipsoidalSep,IPOP-CMA-ES,4,37,2.04635e-06,1
F02-EllipsoidalSep,IPOP-CMA-ES,4,38,0,0
F02-EllipsoidalSep,IPOP-CMA-ES,4,39,0,0
F02-EllipsoidalSep,IPOP-CMA-ES,4,40,0,0
F02-EllipsoidalSep,IPOP-CMA-ES,4,41,0.0416611,1
F02-EllipsoidalSep,IPOP-CMA-ES,4,42,0.261832,0
F02-EllipsoidalSep,IPOP-CMA-ES,4,43,2.0902e-07,1
F02-EllipsoidalSep,IPOP-CMA-ES,4,44,0,0
F02-EllipsoidalSep,DE,4,15,0,0
F02-EllipsoidalSep,DE,4,16,0,0
F02-EllipsoidalSep,DE,4,17,0,0
F02-EllipsoidalSep,DE,4,18,0,0
F02-EllipsoidalSep,DE,4,19,0.149471,1
F02-EllipsoidalSep,DE,4,20,0,0
F02-EllipsoidalSep,DE,4,21,9.12411,1
F02-EllipsoidalSep,DE,4,22,0,0
F02-EllipsoidalSep,DE,4,23,0.149076,1
F02-EllipsoidalSep,DE,4,24,0,0
F02-EllipsoidalSep,DE,4,25,0.00159559,1
F02-EllipsoidalSep,DE,4,26,0,0
F02-EllipsoidalSep,DE,4,27,0.0560781,1
F02-EllipsoidalSep,DE,4,28,0,0
F02-EllipsoidalSep,DE,4,29,0,0
F02-EllipsoidalSep,DE,4,30,0.27406,1
F02-EllipsoidalSep,DE,4,31,0,0
F02-EllipsoidalSep,DE,4,32,0,0
F02-EllipsoidalSep,DE,4,33,0,0
F02-EllipsoidalSep,DE,4,34,0,0
F02-EllipsoidalSep,DE,4,35,0,0
F02-EllipsoidalSep,DE,4,36,0,0
F02-EllipsoidalSep,DE,4,37,2.04535e-06,1
F02-EllipsoidalSep,DE,4,38,0,0
F02-EllipsoidalSep,DE,4,39,0,0
F02-EllipsoidalSep,DE,4,40,0,0
F02-EllipsoidalSep,DE,4,41,0.041661,1
F02-EllipsoidalSep,DE,4,42,0.261832,1
F02-EllipsoidalSep,DE,4,43,2.17499e-07,1
F02-EllipsoidalSep,DE,4,44,0,0
F02-EllipsoidalSep,PSO,4,15,7.95808e-13,0
F02-EllipsoidalSep,PSO,4,16,7.95808e-13,0
F02-EllipsoidalSep,PSO,4,17,7.95808e-13,0
F02-EllipsoidalSep,PSO,4,18,7.95808e-13,0
F02-EllipsoidalSep,PSO,4,19,0.14947,1
F02-EllipsoidalSep,PSO,4,20,7.95808e-13,0
F02-EllipsoidalSep,PSO,4,21,9.12411,1
F02-EllipsoidalSep,PSO,4,22,7.95808e-13,0
F02-EllipsoidalSep,PSO,4,23,0.149075,1
F02-EllipsoidalSep,PSO,4,24,7.95808e-13,0
F02-EllipsoidalSep,PSO,4,25,0.00159551,1
F02-EllipsoidalSep,PSO,4,26,7.95808e-13,0
F02-EllipsoidalSep,PSO,4,27,0.0560776,1
F02-EllipsoidalSep,PSO,4,28,7.95808e-13,0
F02-EllipsoidalSep,PSO,4,29,7.95808e-13,0
F02-EllipsoidalSep,PSO,4,30,0.27406,1
F02-EllipsoidalSep,PSO,4,31,7.95808e-13,0
F02-EllipsoidalSep,PSO,4,32,7.95808e-13,0
F02-EllipsoidalSep,PSO,4,33,7.95808e-13,0
F02-EllipsoidalSep,PSO,4,34,7.95808e-13,0
F02-EllipsoidalSep,PSO,4,35,7.95808e-13,0
F02-EllipsoidalSep,PSO,4,36,7.95808e-13,0
F02-EllipsoidalSep,PSO,4,37,2.03407e-06,1
F02-EllipsoidalSep,PSO,4,38,7.95808e-13,0
F02-EllipsoidalSep,PSO,4,39,7.95808e-13,0
F02-EllipsoidalSep,PSO,4,40,7.95808e-13,0
F02-EllipsoidalSep,PSO,4,41,0.0416606,1
F02-EllipsoidalSep,PSO,4,42,0.261831,1
F02-EllipsoidalSep,PSO,4,43,3.32301e-07,1
F02-EllipsoidalSep,PSO,4,44,7.95808e-13,0
F02-EllipsoidalSep,Crowding-DE,4,15,1.25221e-06,0
F02-EllipsoidalSep,Crowding-DE,4,16,1.25221e-06,0
F02-EllipsoidalSep,Crowding-DE,4,17,1.25221e-06,0
F02-EllipsoidalSep,Crowding-DE,4,18,1.25221e-06,0
F02-EllipsoidalSep,Crowding-DE,4,19,0,1
F02-EllipsoidalSep,Crowding-DE,4,20,1.25221e-06,0
F02-EllipsoidalSep,Crowding-DE,4,21,9.12441,1
F02-EllipsoidalSep,Crowding-DE,4,22,1.25221e-06,0
F02-EllipsoidalSep,Crowding-DE,4,23,0,1
F02-EllipsoidalSep,Crowding-DE,4,24,1.25221e-06,0
F02-EllipsoidalSep,Crowding-DE,4,25,0.00156918,1
F02-EllipsoidalSep,Crowding-DE,4,26,1.25221e-06,0
F02-EllipsoidalSep,Crowding-DE,4,27,0.000558459,1
F02-EllipsoidalSep,Crowding-DE,4,28,1.25221e-06,0
F02-EllipsoidalSep,Crowding-DE,4,29,1.25221e-06,0
F02-EllipsoidalSep,Crowding-DE,4,30,0,1
F02-EllipsoidalSep,Crowding-DE,4,31,1.25221e-06,0
F02-EllipsoidalSep,Crowding-DE,4,32,1.25221e-06,0
F02-EllipsoidalSep,Crowding-DE,4,33,1.25221e-06,0
F02-EllipsoidalSep,Crowding-DE,4,34,1.25221e-06,0
F02-EllipsoidalSep,Crowding-DE,4,35,1.25221e-06,0
F02-EllipsoidalSep,Crowding-DE,4,36,1.25221e-06,0
F02-EllipsoidalSep,Crowding-DE,4,37,0,1
F02-EllipsoidalSep,Crowding-DE,4,38,1.25221e-06,0
F02-EllipsoidalSep,Crowding-DE,4,39,1.25221e-06,0
F02-EllipsoidalSep,Crowding-DE,4,40,1.25221e-06,0
F02-EllipsoidalSep,Crowding-DE,4,41,0.0178897,1
F02-EllipsoidalSep,Crowding-DE,4,42,0,1
F02-EllipsoidalSep,Crowding-DE,4,43,4.33135e-05,1
F02-EllipsoidalSep,Crowding-DE,4,44,1.25221e-06,0
F02-EllipsoidalSep,MAP-Elites,4,15,3.18998,0
F02-EllipsoidalSep,MAP-Elites,4,16,3.18998,0
F02-EllipsoidalSep,MAP-Elites,4,17,3.18998,0
F02-EllipsoidalSep,MAP-Elites,4,18,3.18998,0
F02-EllipsoidalSep,MAP-Elites,4,19,3.0483,1
F02-EllipsoidalSep,MAP-Elites,4,20,3.18998,0
F02-EllipsoidalSep,MAP-Elites,4,21,12.6879,0
F02-EllipsoidalSep,MAP-Elites,4,22,3.18998,0
F02-EllipsoidalSep,MAP-Elites,4,23,3.04817,0
F02-EllipsoidalSep,MAP-Elites,4,24,3.18998,0
F02-EllipsoidalSep,MAP-Elites,4,25,3.15383,1
F02-EllipsoidalSep,MAP-Elites,4,26,3.18998,0
F02-EllipsoidalSep,MAP-Elites,4,27,3.01766,1
F02-EllipsoidalSep,MAP-Elites,4,28,3.18998,0
F02-EllipsoidalSep,MAP-Elites,4,29,3.18998,0
F02-EllipsoidalSep,MAP-Elites,4,30,3.08884,0
F02-EllipsoidalSep,MAP-Elites,4,31,3.18998,0
F02-EllipsoidalSep,MAP-Elites,4,32,3.18998,0
F02-EllipsoidalSep,MAP-Elites,4,33,3.18998,0
F02-EllipsoidalSep,MAP-Elites,4,34,3.18998,0
F02-EllipsoidalSep,MAP-Elites,4,35,3.18998,0
F02-EllipsoidalSep,MAP-Elites,4,36,3.18998,0
F02-EllipsoidalSep,MAP-Elites,4,37,3.18277,1
F02-EllipsoidalSep,MAP-Elites,4,38,3.18998,0
F02-EllipsoidalSep,MAP-Elites,4,39,3.18998,0
F02-EllipsoidalSep,MAP-Elites,4,40,3.18998,0
F02-EllipsoidalSep,MAP-Elites,4,41,3.02148,0
F02-EllipsoidalSep,MAP-Elites,4,42,3.08523,0
F02-EllipsoidalSep,MAP-Elites,4,43,3.24548,1
F02-EllipsoidalSep,MAP-Elites,4,44,3.18998,0
F02-EllipsoidalSep,MC-ESO-crowd,4,15,0.0067341,0
F02-EllipsoidalSep,MC-ESO-crowd,4,16,0.0067341,0
F02-EllipsoidalSep,MC-ESO-crowd,4,17,0.0067341,0
F02-EllipsoidalSep,MC-ESO-crowd,4,18,0.0067341,0
F02-EllipsoidalSep,MC-ESO-crowd,4,19,0.0883976,1
F02-EllipsoidalSep,MC-ESO-crowd,4,20,0.0067341,0
F02-EllipsoidalSep,MC-ESO-crowd,4,21,0,0
F02-EllipsoidalSep,MC-ESO-crowd,4,22,0.0067341,0
F02-EllipsoidalSep,MC-ESO-crowd,4,23,0.0880636,1
F02-EllipsoidalSep,MC-ESO-crowd,4,24,0.0067341,0
F02-EllipsoidalSep,MC-ESO-crowd,4,25,0,1
F02-EllipsoidalSep,MC-ESO-crowd,4,26,0.0067341,0
F02-EllipsoidalSep,MC-ESO-crowd,4,27,0.00949155,1
F02-EllipsoidalSep,MC-ESO-crowd,4,28,0.0067341,0
F02-EllipsoidalSep,MC-ESO-crowd,4,29,0.0067341,0
F02-EllipsoidalSep,MC-ESO-crowd,4,30,0.193785,1
F02-EllipsoidalSep,MC-ESO-crowd,4,31,0.0067341,0
F02-EllipsoidalSep,MC-ESO-crowd,4,32,0.0067341,0
F02-EllipsoidalSep,MC-ESO-crowd,4,33,0.0067341,0
F02-EllipsoidalSep,MC-ESO-crowd,4,34,0.0067341,0
F02-EllipsoidalSep,MC-ESO-crowd,4,35,0.0067341,0
F02-EllipsoidalSep,MC-ESO-crowd,4,36,0.0067341,0
F02-EllipsoidalSep,MC-ESO-crowd,4,37,0.00549044,1
F02-EllipsoidalSep,MC-ESO-crowd,4,38,0.0067341,0
F02-EllipsoidalSep,MC-ESO-crowd,4,39,0.0067341,0
F02-EllipsoidalSep,MC-ESO-crowd,4,40,0.0067341,0
F02-EllipsoidalSep,MC-ESO-crowd,4,41,0,1
F02-EllipsoidalSep,MC-ESO-crowd,4,42,0.183437,1
F02-EllipsoidalSep,MC-ESO-crowd,4,43,0.0191851,1
F02-EllipsoidalSep,MC-ESO-crowd,4,44,0.0067341,0
F02-EllipsoidalSep,quality,4,15,6.0254e-12,0
F02-EllipsoidalSep,quality,4,16,6.0254e-12,0
F02-EllipsoidalSep,quality,4,17,6.0254e-12,0
F02-EllipsoidalSep,quality,4,18,6.0254e-12,0
F02-EllipsoidalSep,quality,4,19,0.14947,1
F02-EllipsoidalSep,quality,4,20,6.0254e-12,0
F02-EllipsoidalSep,quality,4,21,9.12411,1
F02-EllipsoidalSep,quality,4,22,6.0254e-12,0
F02-EllipsoidalSep,quality,4,23,0.149075,1
F02-EllipsoidalSep,quality,4,24,6.0254e-12,0
F02-EllipsoidalSep,quality,4,25,0.00159546,1
F02-EllipsoidalSep,quality,4,26,6.0254e-12,0
F02-EllipsoidalSep,quality,4,27,0.0560773,1
F02-EllipsoidalSep,quality,4,28,6.0254e-12,0
F02-EllipsoidalSep,quality,4,29,6.0254e-12,0
F02-EllipsoidalSep,quality,4,30,0.274059,1
F02-EllipsoidalSep,quality,4,31,6.0254e-12,0
F02-EllipsoidalSep,quality,4,32,6.0254e-12,0
F02-EllipsoidalSep,quality,4,33,6.0254e-12,0
F02-EllipsoidalSep,quality,4,34,6.0254e-12,0
F02-EllipsoidalSep,quality,4,35,6.0254e-12,0
F02-EllipsoidalSep,quality,4,36,6.0254e-12,0
F02-EllipsoidalSep,quality,4,37,2.02646e-06,1
F02-EllipsoidalSep,quality,4,38,6.0254e-12,0
F02-EllipsoidalSep,quality,4,39,6.0254e-12,0
F02-EllipsoidalSep,quality,4,40,6.0254e-12,0
F02-EllipsoidalSep,quality,4,41,0.0416602,1
F02-EllipsoidalSep,quality,4,42,0.26183,1
F02-EllipsoidalSep,quality,4,43,4.20104e-07,1
F02-EllipsoidalSep,quality,4,44,6.0254e-12,0
F02-EllipsoidalSep,complement,4,15,6.0254e-12,0
F02-EllipsoidalSep,complement,4,16,6.0254e-12,0
F02-EllipsoidalSep,complement,4,17,6.0254e-12,0
F02-EllipsoidalSep,complement,4,18,6.0254e-12,0
F02-EllipsoidalSep,complement,4,19,0.14947,1
F02-EllipsoidalSep,complement,4,20,6.0254e-12,0
F02-EllipsoidalSep,complement,4,21,9.12411,1
F02-EllipsoidalSep,complement,4,22,6.0254e-12,0
F02-EllipsoidalSep,complement,4,23,0.149075,1
F02-EllipsoidalSep,complement,4,24,6.0254e-12,0
F02-EllipsoidalSep,complement,4,25,0.00159546,1
F02-EllipsoidalSep,complement,4,26,6.0254e-12,0
F02-EllipsoidalSep,complement,4,27,0.0560773,1
F02-EllipsoidalSep,complement,4,28,6.0254e-12,0
F02-EllipsoidalSep,complement,4,29,6.0254e-12,0
F02-EllipsoidalSep,complement,4,30,0.274059,1
F02-EllipsoidalSep,complement,4,31,6.0254e-12,0
F02-EllipsoidalSep,complement,4,32,6.0254e-12,0
F02-EllipsoidalSep,complement,4,33,6.0254e-12,0
F02-EllipsoidalSep,complement,4,34,6.0254e-12,0
F02-EllipsoidalSep,complement,4,35,6.0254e-12,0
F02-EllipsoidalSep,complement,4,36,6.0254e-12,0
F02-EllipsoidalSep,complement,4,37,2.02646e-06,1
F02-EllipsoidalSep,complement,4,38,6.0254e-12,0
F02-EllipsoidalSep,complement,4,39,6.0254e-12,0
F02-EllipsoidalSep,complement,4,40,6.0254e-12,0
F02-EllipsoidalSep,complement,4,41,0.0416602,1
F02-EllipsoidalSep,complement,4,42,0.26183,1
F02-EllipsoidalSep,complement,4,43,4.20104e-07,1
F02-EllipsoidalSep,complement,4,44,6.0254e-12,0
F03-RastriginSep,MC-ESO,0,15,0,0
F03-RastriginSep,MC-ESO,0,16,1377.81,1
F03-RastriginSep,MC-ESO,0,17,927.41,1
F03-RastriginSep,MC-ESO,0,18,925.327,1
F03-RastriginSep,MC-ESO,0,19,667,1
F03-RastriginSep,MC-ESO,0,20,1227.71,1
F03-RastriginSep,MC-ESO,0,21,823.184,1
F03-RastriginSep,MC-ESO,0,22,0,0
F03-RastriginSep,MC-ESO,0,23,0.296987,0
F03-RastriginSep,MC-ESO,0,24,1158.12,1
F03-RastriginSep,MC-ESO,0,25,917.22,1
F03-RastriginSep,MC-ESO,0,26,1160.9,1
F03-RastriginSep,MC-ESO,0,27,0,0
F03-RastriginSep,MC-ESO,0,28,0,0
F03-RastriginSep,MC-ESO,0,29,0,0
F03-RastriginSep,MC-ESO,0,30,1041.77,1
F03-RastriginSep,MC-ESO,0,31,0.000650288,0
F03-RastriginSep,MC-ESO,0,32,1274.06,1
F03-RastriginSep,MC-ESO,0,33,0,0
F03-RastriginSep,MC-ESO,0,34,0,0
F03-RastriginSep,MC-ESO,0,35,0,0
F03-RastriginSep,MC-ESO,0,36,0.000650288,0
F03-RastriginSep,MC-ESO,0,37,0,0
F03-RastriginSep,MC-ESO,0,38,0,0
F03-RastriginSep,MC-ESO,0,39,1030.15,1
F03-RastriginSep,MC-ESO,0,40,1097.55,1
F03-RastriginSep,MC-ESO,0,41,0,0
F03-RastriginSep,MC-ESO,0,42,0,0
F03-RastriginSep,MC-ESO,0,43,1287.67,1
F03-RastriginSep,MC-ESO,0,44,1062.05,1
F03-RastriginSep,NMMSO,0,15,8.15669e-09,0
F03-RastriginSep,NMMSO,0,16,1122.78,1
F03-RastriginSep,NMMSO,0,17,927.454,1
F03-RastriginSep,NMMSO,0,18,925.13,1
F03-RastriginSep,NMMSO,0,19,667.095,1
F03-RastriginSep,NMMSO,0,20,994.77,1
F03-RastriginSep,NMMSO,0,21,823.265,1
F03-RastriginSep,NMMSO,0,22,8.15669e-09,0
F03-RastriginSep,NMMSO,0,23,0.296337,0
F03-RastriginSep,NMMSO,0,24,894.94,1
F03-RastriginSep,NMMSO,0,25,8.28777e-10,0
F03-RastriginSep,NMMSO,0,26,907.991,1
F03-RastriginSep,NMMSO,0,27,8.15669e-09,0
F03-RastriginSep,NMMSO,0,28,8.15669e-09,0
F03-RastriginSep,NMMSO,0,29,8.15669e-09,0
F03-RastriginSep,NMMSO,0,30,929.915,1
F03-RastriginSep,NMMSO,0,31,1.20942e-07,0
F03-RastriginSep,NMMSO,0,32,1034.03,1
F03-RastriginSep,NMMSO,0,33,8.15669e-09,0
F03-RastriginSep,NMMSO,0,34,8.15669e-09,0
F03-RastriginSep,NMMSO,0,35,8.15669e-09,0
F03-RastriginSep,NMMSO,0,36,1.20942e-07,0
F03-RastriginSep,NMMSO,0,37,8.15669e-09,0
F03-RastriginSep,NMMSO,0,38,8.15669e-09,0
F03-RastriginSep,NMMSO,0,39,5.33947e-09,0
F03-RastriginSep,NMMSO,0,40,1.41648e-09,0
F03-RastriginSep,NMMSO,0,41,8.15669e-09,0
F03-RastriginSep,NMMSO,0,42,8.15669e-09,0
F03-RastriginSep,NMMSO,0,43,1121.26,1
F03-RastriginSep,NMMSO,0,44,982.537,1
F03-RastriginSep,NCDE,0,15,0.0147139,0
F03-RastriginSep,NCDE,0,16,1209.13,1
F03-RastriginSep,NCDE,0,17,907.042,1
F03-RastriginSep,NCDE,0,18,924.947,1
F03-RastriginSep,NCDE,0,19,602.551,1
F03-RastriginSep,NCDE,0,20,1073.51,1
F03-RastriginSep,NCDE,0,21,771.433,1
F03-RastriginSep,NCDE,0,22,0.0147139,0
F03-RastriginSep,NCDE,0,23,0.343121,0
F03-RastriginSep,NCDE,0,24,984.058,1
F03-RastriginSep,NCDE,0,25,0.0312332,0
F03-RastriginSep,NCDE,0,26,993.605,1
F03-RastriginSep,NCDE,0,27,0.0147139,0
F03-RastriginSep,NCDE,0,28,0.0147139,0
F03-RastriginSep,NCDE,0,29,0.0147139,0
F03-RastriginSep,NCDE,0,30,966.612,1
F03-RastriginSep,NCDE,0,31,0.0467839,0
F03-RastriginSep,NCDE,0,32,1115.09,1
F03-RastriginSep,NCDE,0,33,0.0147139,0
F03-RastriginSep,NCDE,0,34,0.0147139,0
F03-RastriginSep,NCDE,0,35,0.0147139,0
F03-RastriginSep,NCDE,0,36,0.0467839,0
F03-RastriginSep,NCDE,0,37,0.0147139,0
F03-RastriginSep,NCDE,0,38,0.0147139,0
F03-RastriginSep,NCDE,0,39,0.0463634,0
F03-RastriginSep,NCDE,0,40,924.538,1
F03-RastriginSep,NCDE,0,41,0.0147139,0
F03-RastriginSep,NCDE,0,42,0.0147139,0
F03-RastriginSep,NCDE,0,43,1177.05,1
F03-RastriginSep,NCDE,0,44,1008.32,1
F03-RastriginSep,r3pso,0,15,8.80505e-11,0
F03-RastriginSep,r3pso,0,16,1377.81,1
F03-RastriginSep,r3pso,0,17,949.814,1
F03-RastriginSep,r3pso,0,18,925.327,1
F03-RastriginSep,r3pso,0,19,735.087,1
F03-RastriginSep,r3pso,0,20,1227.71,1
F03-RastriginSep,r3pso,0,21,878.069,1
F03-RastriginSep,r3pso,0,22,8.80505e-11,0
F03-RastriginSep,r3pso,0,23,896.844,1
F03-RastriginSep,r3pso,0,24,1158.12,1
F03-RastriginSep,r3pso,0,25,917.22,1
F03-RastriginSep,r3pso,0,26,1160.9,1
F03-RastriginSep,r3pso,0,27,8.80505e-11,0
F03-RastriginSep,r3pso,0,28,8.80505e-11,0
F03-RastriginSep,r3pso,0,29,8.80505e-11,0
F03-RastriginSep,r3pso,0,30,1041.77,1
F03-RastriginSep,r3pso,0,31,915.274,1
F03-RastriginSep,r3pso,0,32,1274.06,1
F03-RastriginSep,r3pso,0,33,8.80505e-11,0
F03-RastriginSep,r3pso,0,34,8.80505e-11,0
F03-RastriginSep,r3pso,0,35,8.80505e-11,0
F03-RastriginSep,r3pso,0,36,935.259,1
F03-RastriginSep,r3pso,0,37,8.80505e-11,0
F03-RastriginSep,r3pso,0,38,8.80505e-11,0
F03-RastriginSep,r3pso,0,39,1030.15,1
F03-RastriginSep,r3pso,0,40,1097.55,1
F03-RastriginSep,r3pso,0,41,8.80505e-11,0
F03-RastriginSep,r3pso,0,42,8.80505e-11,0
F03-RastriginSep,r3pso,0,43,1287.67,1
F03-RastriginSep,r3pso,0,44,1062.05,1
F03-RastriginSep,NM-Restart,0,15,1.98992,0
F03-RastriginSep,NM-Restart,0,16,1122.78,1
F03-RastriginSep,NM-Restart,0,17,875.794,1
F03-RastriginSep,NM-Restart,0,18,4.97477,0
F03-RastriginSep,NM-Restart,0,19,603.657,1
F03-RastriginSep,NM-Restart,0,20,994.77,1
F03-RastriginSep,NM-Restart,0,21,772.525,1
F03-RastriginSep,NM-Restart,0,22,1.98992,0
F03-RastriginSep,NM-Restart,0,23,3.28121,0
F03-RastriginSep,NM-Restart,0,24,894.94,1
F03-RastriginSep,NM-Restart,0,25,0.994959,0
F03-RastriginSep,NM-Restart,0,26,907.991,1
F03-RastriginSep,NM-Restart,0,27,1.98992,0
F03-RastriginSep,NM-Restart,0,28,1.98992,0
F03-RastriginSep,NM-Restart,0,29,1.98992,0
F03-RastriginSep,NM-Restart,0,30,929.915,1
F03-RastriginSep,NM-Restart,0,31,2.98487,0
F03-RastriginSep,NM-Restart,0,32,1034.03,1
F03-RastriginSep,NM-Restart,0,33,1.98992,0
F03-RastriginSep,NM-Restart,0,34,1.98992,0
F03-RastriginSep,NM-Restart,0,35,3.97983,0
F03-RastriginSep,NM-Restart,0,36,2.98487,0
F03-RastriginSep,NM-Restart,0,37,1.98992,0
F03-RastriginSep,NM-Restart,0,38,1.98992,0
F03-RastriginSep,NM-Restart,0,39,4.97477,0
F03-RastriginSep,NM-Restart,0,40,0,0
F03-RastriginSep,NM-Restart,0,41,1.98992,0
F03-RastriginSep,NM-Restart,0,42,1.98992,0
F03-RastriginSep,NM-Restart,0,43,1121.26,1
F03-RastriginSep,NM-Restart,0,44,982.537,1
F03-RastriginSep,IPOP-CMA-ES,0,15,0,0
F03-RastriginSep,IPOP-CMA-ES,0,16,1377.81,1
F03-RastriginSep,IPOP-CMA-ES,0,17,949.814,1
F03-RastriginSep,IPOP-CMA-ES,0,18,925.327,1
F03-RastriginSep,IPOP-CMA-ES,0,19,735.087,1
F03-RastriginSep,IPOP-CMA-ES,0,20,1227.71,1
F03-RastriginSep,IPOP-CMA-ES,0,21,878.069,1
F03-RastriginSep,IPOP-CMA-ES,0,22,0,0
F03-RastriginSep,IPOP-CMA-ES,0,23,896.844,1
F03-RastriginSep,IPOP-CMA-ES,0,24,1158.12,1
F03-RastriginSep,IPOP-CMA-ES,0,25,917.22,1
F03-RastriginSep,IPOP-CMA-ES,0,26,1160.9,1
F03-RastriginSep,IPOP-CMA-ES,0,27,0,0
F03-RastriginSep,IPOP-CMA-ES,0,28,0,0
F03-RastriginSep,IPOP-CMA-ES,0,29,0,0
F03-RastriginSep,IPOP-CMA-ES,0,30,1041.77,1
F03-RastriginSep,IPOP-CMA-ES,0,31,915.274,1
F03-RastriginSep,IPOP-CMA-ES,0,32,1274.06,1
F03-RastriginSep,IPOP-CMA-ES,0,33,0,0
F03-RastriginSep,IPOP-CMA-ES,0,34,0,0
F03-RastriginSep,IPOP-CMA-ES,0,35,0,0
F03-RastriginSep,IPOP-CMA-ES,0,36,935.259,1
F03-RastriginSep,IPOP-CMA-ES,0,37,0,0
F03-RastriginSep,IPOP-CMA-ES,0,38,0,0
F03-RastriginSep,IPOP-CMA-ES,0,39,1030.15,1
F03-RastriginSep,IPOP-CMA-ES,0,40,1097.55,1
F03-RastriginSep,IPOP-CMA-ES,0,41,0,0
F03-RastriginSep,IPOP-CMA-ES,0,42,0,0
F03-RastriginSep,IPOP-CMA-ES,0,43,1287.67,1
F03-RastriginSep,IPOP-CMA-ES,0,44,1062.05,1
F03-RastriginSep,DE,0,15,0,0
F03-RastriginSep,DE,0,16,1377.81,1
F03-RastriginSep,DE,0,17,949.814,1
F03-RastriginSep,DE,0,18,925.327,1
F03-RastriginSep,DE,0,19,735.087,1
F03-RastriginSep,DE,0,20,1227.71,1
F03-RastriginSep,DE,0,21,878.069,1
F03-RastriginSep,DE,0,22,0,0
F03-RastriginSep,DE,0,23,896.844,1
F03-RastriginSep,DE,0,24,1158.12,1
F03-RastriginSep,DE,0,25,917.22,1
F03-RastriginSep,DE,0,26,1160.9,1
F03-RastriginSep,DE,0,27,0,0
F03-RastriginSep,DE,0,28,0,0
F03-RastriginSep,DE,0,29,0,0
F03-RastriginSep,DE,0,30,1041.77,1
F03-RastriginSep,DE,0,31,915.274,1
F03-RastriginSep,DE,0,32,1274.06,1
F03-RastriginSep,DE,0,33,0,0
F03-RastriginSep,DE,0,34,0,0
F03-RastriginSep,DE,0,35,0,0
F03-RastriginSep,DE,0,36,935.259,1
F03-RastriginSep,DE,0,37,0,0
F03-RastriginSep,DE,0,38,0,0
F03-RastriginSep,DE,0,39,1030.15,1
F03-RastriginSep,DE,0,40,1097.55,1
F03-RastriginSep,DE,0,41,0,0
F03-RastriginSep,DE,0,42,0,0
F03-RastriginSep,DE,0,43,1287.67,1
F03-RastriginSep,DE,0,44,1062.05,1
F03-RastriginSep,PSO,0,15,1.63141e-11,0
F03-RastriginSep,PSO,0,16,1377.81,1
F03-RastriginSep,PSO,0,17,949.814,1
F03-RastriginSep,PSO,0,18,925.327,1
F03-RastriginSep,PSO,0,19,735.087,1
F03-RastriginSep,PSO,0,20,1227.71,1
F03-RastriginSep,PSO,0,21,878.069,1
F03-RastriginSep,PSO,0,22,1.63141e-11,0
F03-RastriginSep,PSO,0,23,896.844,1
F03-RastriginSep,PSO,0,24,1158.12,1
F03-RastriginSep,PSO,0,25,917.22,1
F03-RastriginSep,PSO,0,26,1160.9,1
F03-RastriginSep,PSO,0,27,1.63141e-11,0
F03-RastriginSep,PSO,0,28,1.63141e-11,0
F03-RastriginSep,PSO,0,29,1.63141e-11,0
F03-RastriginSep,PSO,0,30,1041.77,1
F03-RastriginSep,PSO,0,31,915.274,1
F03-RastriginSep,PSO,0,32,1274.06,1
F03-RastriginSep,PSO,0,33,1.63141e-11,0
F03-RastriginSep,PSO,0,34,1.63141e-11,0
F03-RastriginSep,PSO,0,35,1.63141e-11,0
F03-RastriginSep,PSO,0,36,935.259,1
F03-RastriginSep,PSO,0,37,1.63141e-11,0
F03-RastriginSep,PSO,0,38,1.63141e-11,0
F03-RastriginSep,PSO,0,39,1030.15,1
F03-RastriginSep,PSO,0,40,1097.55,1
F03-RastriginSep,PSO,0,41,1.63141e-11,0
F03-RastriginSep,PSO,0,42,1.63141e-11,0
F03-RastriginSep,PSO,0,43,1287.67,1
F03-RastriginSep,PSO,0,44,1062.05,1
F03-RastriginSep,Crowding-DE,0,15,0.0824818,0
F03-RastriginSep,Crowding-DE,0,16,1208.63,1
F03-RastriginSep,Crowding-DE,0,17,908.038,1
F03-RastriginSep,Crowding-DE,0,18,925.097,1
F03-RastriginSep,Crowding-DE,0,19,604.022,1
F03-RastriginSep,Crowding-DE,0,20,1072.96,1
F03-RastriginSep,Crowding-DE,0,21,772.808,1
F03-RastriginSep,Crowding-DE,0,22,0.0824818,0
F03-RastriginSep,Crowding-DE,0,23,0.308134,0
F03-RastriginSep,Crowding-DE,0,24,983.667,1
F03-RastriginSep,Crowding-DE,0,25,0.117782,0
F03-RastriginSep,Crowding-DE,0,26,993.098,1
F03-RastriginSep,Crowding-DE,0,27,0.0824818,0
F03-RastriginSep,Crowding-DE,0,28,0.0824818,0
F03-RastriginSep,Crowding-DE,0,29,0.0824818,0
F03-RastriginSep,Crowding-DE,0,30,966.769,1
F03-RastriginSep,Crowding-DE,0,31,0.0117976,0
F03-RastriginSep,Crowding-DE,0,32,1114.87,1
F03-RastriginSep,Crowding-DE,0,33,0.0824818,0
F03-RastriginSep,Crowding-DE,0,34,0.0824818,0
F03-RastriginSep,Crowding-DE,0,35,0.0824818,0
F03-RastriginSep,Crowding-DE,0,36,0.0117976,0
F03-RastriginSep,Crowding-DE,0,37,0.0824818,0
F03-RastriginSep,Crowding-DE,0,38,0.0824818,0
F03-RastriginSep,Crowding-DE,0,39,0.0258355,0
F03-RastriginSep,Crowding-DE,0,40,924.176,1
F03-RastriginSep,Crowding-DE,0,41,0.0824818,0
F03-RastriginSep,Crowding-DE,0,42,0.0824818,0
F03-RastriginSep,Crowding-DE,0,43,1176.48,1
F03-RastriginSep,Crowding-DE,0,44,1007.8,1
F03-RastriginSep,MAP-Elites,0,15,0.698622,0
F03-RastriginSep,MAP-Elites,0,16,1290.35,1
F03-RastriginSep,MAP-Elites,0,17,902.251,1
F03-RastriginSep,MAP-Elites,0,18,900.822,1
F03-RastriginSep,MAP-Elites,0,19,628.081,1
F03-RastriginSep,MAP-Elites,0,20,1148.24,1
F03-RastriginSep,MAP-Elites,0,21,801.381,1
F03-RastriginSep,MAP-Elites,0,22,0.698622,0
F03-RastriginSep,MAP-Elites,0,23,0,0
F03-RastriginSep,MAP-Elites,0,24,1067.37,1
F03-RastriginSep,MAP-Elites,0,25,2.87783,0
F03-RastriginSep,MAP-Elites,0,26,1074.22,1
F03-RastriginSep,MAP-Elites,0,27,0.698622,0
F03-RastriginSep,MAP-Elites,0,28,0.698622,0
F03-RastriginSep,MAP-Elites,0,29,0.698622,0
F03-RastriginSep,MAP-Elites,0,30,1002.33,1
F03-RastriginSep,MAP-Elites,0,31,1.10009,0
F03-RastriginSep,MAP-Elites,0,32,1190.82,1
F03-RastriginSep,MAP-Elites,0,33,0.698622,0
F03-RastriginSep,MAP-Elites,0,34,0.698622,0
F03-RastriginSep,MAP-Elites,0,35,0.698622,0
F03-RastriginSep,MAP-Elites,0,36,1.10009,0
F03-RastriginSep,MAP-Elites,0,37,0.698622,0
F03-RastriginSep,MAP-Elites,0,38,0.698622,0
F03-RastriginSep,MAP-Elites,0,39,957.232,1
F03-RastriginSep,MAP-Elites,0,40,1007.26,1
F03-RastriginSep,MAP-Elites,0,41,0.698622,0
F03-RastriginSep,MAP-Elites,0,42,0.698622,0
F03-RastriginSep,MAP-Elites,0,43,1231.77,1
F03-RastriginSep,MAP-Elites,0,44,1036.6,1
F03-RastriginSep,MC-ESO-crowd,0,15,3.4505e-06,0
F03-RastriginSep,MC-ESO-crowd,0,16,1207.62,1
F03-RastriginSep,MC-ESO-crowd,0,17,907.493,1
F03-RastriginSep,MC-ESO-crowd,0,18,925.33,1
F03-RastriginSep,MC-ESO-crowd,0,19,599.292,1
F03-RastriginSep,MC-ESO-crowd,0,20,1072.6,1
F03-RastriginSep,MC-ESO-crowd,0,21,769.325,1
F03-RastriginSep,MC-ESO-crowd,0,22,3.4505e-06,0
F03-RastriginSep,MC-ESO-crowd,0,23,1.00429,0
F03-RastriginSep,MC-ESO-crowd,0,24,981.954,1
F03-RastriginSep,MC-ESO-crowd,0,25,0.240286,0
F03-RastriginSep,MC-ESO-crowd,0,26,992.173,1
F03-RastriginSep,MC-ESO-crowd,0,27,3.4505e-06,0
F03-RastriginSep,MC-ESO-crowd,0,28,3.4505e-06,0
F03-RastriginSep,MC-ESO-crowd,0,29,3.4505e-06,0
F03-RastriginSep,MC-ESO-crowd,0,30,964.704,1
F03-RastriginSep,MC-ESO-crowd,0,31,0.707952,0
F03-RastriginSep,MC-ESO-crowd,0,32,1112.65,1
F03-RastriginSep,MC-ESO-crowd,0,33,3.4505e-06,0
F03-RastriginSep,MC-ESO-crowd,0,34,3.4505e-06,0
F03-RastriginSep,MC-ESO-crowd,0,35,3.4505e-06,0
F03-RastriginSep,MC-ESO-crowd,0,36,0.707952,0
F03-RastriginSep,MC-ESO-crowd,0,37,3.4505e-06,0
F03-RastriginSep,MC-ESO-crowd,0,38,3.4505e-06,0
F03-RastriginSep,MC-ESO-crowd,0,39,0.926789,0
F03-RastriginSep,MC-ESO-crowd,0,40,922.341,1
F03-RastriginSep,MC-ESO-crowd,0,41,3.4505e-06,0
F03-RastriginSep,MC-ESO-crowd,0,42,3.4505e-06,0
F03-RastriginSep,MC-ESO-crowd,0,43,1177.36,1
F03-RastriginSep,MC-ESO-crowd,0,44,1009.85,1
F03-RastriginSep,quality,0,15,9.09495e-13,0
F03-RastriginSep,quality,0,16,1292.32,1
F03-RastriginSep,quality,0,17,924.03,1
F03-RastriginSep,quality,0,18,898.577,1
F03-RastriginSep,quality,0,19,667.094,1
F03-RastriginSep,quality,0,20,1149.45,1
F03-RastriginSep,quality,0,21,823.264,1
F03-RastriginSep,quality,0,22,9.09495e-13,0
F03-RastriginSep,quality,0,23,0.296337,0
F03-RastriginSep,quality,0,24,1069.11,1
F03-RastriginSep,quality,0,25,0,0
F03-RastriginSep,quality,0,26,1076.1,1
F03-RastriginSep,quality,0,27,9.09495e-13,0
F03-RastriginSep,quality,0,28,9.09495e-13,0
F03-RastriginSep,quality,0,29,9.09495e-13,0
F03-RastriginSep,quality,0,30,975.205,1
F03-RastriginSep,quality,0,31,0,0
F03-RastriginSep,quality,0,32,1181.32,1
F03-RastriginSep,quality,0,33,9.09495e-13,0
F03-RastriginSep,quality,0,34,9.09495e-13,0
F03-RastriginSep,quality,0,35,9.09495e-13,0
F03-RastriginSep,quality,0,36,0,0
F03-RastriginSep,quality,0,37,9.09495e-13,0
F03-RastriginSep,quality,0,38,9.09495e-13,0
F03-RastriginSep,quality,0,39,957.915,1
F03-RastriginSep,quality,0,40,1006.93,1
F03-RastriginSep,quality,0,41,9.09495e-13,0
F03-RastriginSep,quality,0,42,9.09495e-13,0
F03-RastriginSep,quality,0,43,1231.21,1
F03-RastriginSep,quality,0,44,1034.06,1
F03-RastriginSep,complement,0,15,3.97983,0
F03-RastriginSep,complement,0,16,0,0
F03-RastriginSep,complement,0,17,270.57,0
F03-RastriginSep,complement,0,18,3.97983,0
F03-RastriginSep,complement,0,19,0,0
F03-RastriginSep,complement,0,20,49.4998,0
F03-RastriginSep,complement,0,21,0,0
F03-RastriginSep,complement,0,22,3.97983,0
F03-RastriginSep,complement,0,23,3.28121,0
F03-RastriginSep,complement,0,24,68.4038,0
F03-RastriginSep,complement,0,25,6.9647,0
F03-RastriginSep,complement,0,26,65.419,0
F03-RastriginSep,complement,0,27,3.97983,0
F03-RastriginSep,complement,0,28,3.97983,0
F03-RastriginSep,complement,0,29,3.97983,0
F03-RastriginSep,complement,0,30,0,0
F03-RastriginSep,complement,0,31,2.98487,0
F03-RastriginSep,complement,0,32,41.5404,0
F03-RastriginSep,complement,0,33,3.97983,0
F03-RastriginSep,complement,0,34,3.97983,0
F03-RastriginSep,complement,0,35,3.97983,0
F03-RastriginSep,complement,0,36,2.98487,0
F03-RastriginSep,complement,0,37,3.97983,0
F03-RastriginSep,complement,0,38,3.97983,0
F03-RastriginSep,complement,0,39,3.97983,0
F03-RastriginSep,complement,0,40,69.3988,0
F03-RastriginSep,complement,0,41,3.97983,0
F03-RastriginSep,complement,0,42,3.97983,0
F03-RastriginSep,complement,0,43,896.016,1
F03-RastriginSep,complement,0,44,38.5556,0
F03-RastriginSep,MC-ESO,1,15,0,0
F03-RastriginSep,MC-ESO,1,16,0,0
F03-RastriginSep,MC-ESO,1,17,0.99496,0
F03-RastriginSep,MC-ESO,1,18,0,0
F03-RastriginSep,MC-ESO,1,19,1085.8,1
F03-RastriginSep,MC-ESO,1,20,0,0
F03-RastriginSep,MC-ESO,1,21,0,0
F03-RastriginSep,MC-ESO,1,22,991.36,1
F03-RastriginSep,MC-ESO,1,23,1301.35,1
F03-RastriginSep,MC-ESO,1,24,979.674,1
F03-RastriginSep,MC-ESO,1,25,1068.43,1
F03-RastriginSep,MC-ESO,1,26,0,0
F03-RastriginSep,MC-ESO,1,27,1246.34,1
F03-RastriginSep,MC-ESO,1,28,0,0
F03-RastriginSep,MC-ESO,1,29,935.223,1
F03-RastriginSep,MC-ESO,1,30,1033.81,1
F03-RastriginSep,MC-ESO,1,31,1028.75,1
F03-RastriginSep,MC-ESO,1,32,0,0
F03-RastriginSep,MC-ESO,1,33,925.248,1
F03-RastriginSep,MC-ESO,1,34,0,0
F03-RastriginSep,MC-ESO,1,35,1285.45,1
F03-RastriginSep,MC-ESO,1,36,0,0
F03-RastriginSep,MC-ESO,1,37,0,0
F03-RastriginSep,MC-ESO,1,38,0,0
F03-RastriginSep,MC-ESO,1,39,1216.33,1
F03-RastriginSep,MC-ESO,1,40,0,0
F03-RastriginSep,MC-ESO,1,41,0,0
F03-RastriginSep,MC-ESO,1,42,0,0
F03-RastriginSep,MC-ESO,1,43,0,0
F03-RastriginSep,MC-ESO,1,44,0,0
F03-RastriginSep,NMMSO,1,15,0.000716233,0
F03-RastriginSep,NMMSO,1,16,0.000716233,0
F03-RastriginSep,NMMSO,1,17,0.462917,0
F03-RastriginSep,NMMSO,1,18,0.000716233,0
F03-RastriginSep,NMMSO,1,19,907.626,1
F03-RastriginSep,NMMSO,1,20,0.000716233,0
F03-RastriginSep,NMMSO,1,21,0.000716233,0
F03-RastriginSep,NMMSO,1,22,992.811,1
F03-RastriginSep,NMMSO,1,23,1145.25,1
F03-RastriginSep,NMMSO,1,24,924.525,1
F03-RastriginSep,NMMSO,1,25,924.502,1
F03-RastriginSep,NMMSO,1,26,0.000716233,0
F03-RastriginSep,NMMSO,1,27,1083.21,1
F03-RastriginSep,NMMSO,1,28,0.000716233,0
F03-RastriginSep,NMMSO,1,29,925.906,1
F03-RastriginSep,NMMSO,1,30,1059.84,1
F03-RastriginSep,NMMSO,1,31,968.614,1
F03-RastriginSep,NMMSO,1,32,0.000716233,0
F03-RastriginSep,NMMSO,1,33,926.126,1
F03-RastriginSep,NMMSO,1,34,0.000716233,0
F03-RastriginSep,NMMSO,1,35,1131.55,1
F03-RastriginSep,NMMSO,1,36,0.000716233,0
F03-RastriginSep,NMMSO,1,37,0.000716233,0
F03-RastriginSep,NMMSO,1,38,0.000716233,0
F03-RastriginSep,NMMSO,1,39,1060.27,1
F03-RastriginSep,NMMSO,1,40,0.000716233,0
F03-RastriginSep,NMMSO,1,41,0.000716233,0
F03-RastriginSep,NMMSO,1,42,0.000716233,0
F03-RastriginSep,NMMSO,1,43,0.000716233,0
F03-RastriginSep,NMMSO,1,44,0.000716233,0
F03-RastriginSep,NCDE,1,15,1.34307e-05,0
F03-RastriginSep,NCDE,1,16,1.34307e-05,0
F03-RastriginSep,NCDE,1,17,0.0624547,0
F03-RastriginSep,NCDE,1,18,1.34307e-05,0
F03-RastriginSep,NCDE,1,19,907.416,1
F03-RastriginSep,NCDE,1,20,1.34307e-05,0
F03-RastriginSep,NCDE,1,21,1.34307e-05,0
F03-RastriginSep,NCDE,1,22,993.061,1
F03-RastriginSep,NCDE,1,23,1144.95,1
F03-RastriginSep,NCDE,1,24,924.469,1
F03-RastriginSep,NCDE,1,25,924.484,1
F03-RastriginSep,NCDE,1,26,1.34307e-05,0
F03-RastriginSep,NCDE,1,27,1082.91,1
F03-RastriginSep,NCDE,1,28,1.34307e-05,0
F03-RastriginSep,NCDE,1,29,925.683,1
F03-RastriginSep,NCDE,1,30,1059.88,1
F03-RastriginSep,NCDE,1,31,968.307,1
F03-RastriginSep,NCDE,1,32,1.34307e-05,0
F03-RastriginSep,NCDE,1,33,926.272,1
F03-RastriginSep,NCDE,1,34,1.34307e-05,0
F03-RastriginSep,NCDE,1,35,1131.24,1
F03-RastriginSep,NCDE,1,36,1.34307e-05,0
F03-RastriginSep,NCDE,1,37,1.34307e-05,0
F03-RastriginSep,NCDE,1,38,1.34307e-05,0
F03-RastriginSep,NCDE,1,39,1060.21,1
F03-RastriginSep,NCDE,1,40,1.34307e-05,0
F03-RastriginSep,NCDE,1,41,1.34307e-05,0
F03-RastriginSep,NCDE,1,42,1.34307e-05,0
F03-RastriginSep,NCDE,1,43,1.34307e-05,0
F03-RastriginSep,NCDE,1,44,1.34307e-05,0
F03-RastriginSep,r3pso,1,15,1.5541e-10,0
F03-RastriginSep,r3pso,1,16,1.5541e-10,0
F03-RastriginSep,r3pso,1,17,926.586,1
F03-RastriginSep,r3pso,1,18,1.5541e-10,0
F03-RastriginSep,r3pso,1,19,997.223,1
F03-RastriginSep,r3pso,1,20,1.5541e-10,0
F03-RastriginSep,r3pso,1,21,1.5541e-10,0
F03-RastriginSep,r3pso,1,22,1007.92,1
F03-RastriginSep,r3pso,1,23,1207.87,1
F03-RastriginSep,r3pso,1,24,1068.86,1
F03-RastriginSep,r3pso,1,25,1015.88,1
F03-RastriginSep,r3pso,1,26,1.5541e-10,0
F03-RastriginSep,r3pso,1,27,1151.96,1
F03-RastriginSep,r3pso,1,28,1.5541e-10,0
F03-RastriginSep,r3pso,1,29,911.221,1
F03-RastriginSep,r3pso,1,30,1059.88,1
F03-RastriginSep,r3pso,1,31,968.023,1
F03-RastriginSep,r3pso,1,32,1.5541e-10,0
F03-RastriginSep,r3pso,1,33,978.924,1
F03-RastriginSep,r3pso,1,34,1.5541e-10,0
F03-RastriginSep,r3pso,1,35,1192.36,1
F03-RastriginSep,r3pso,1,36,1.5541e-10,0
F03-RastriginSep,r3pso,1,37,1.5541e-10,0
F03-RastriginSep,r3pso,1,38,1.5541e-10,0
F03-RastriginSep,r3pso,1,39,1154.24,1
F03-RastriginSep,r3pso,1,40,1.5541e-10,0
F03-RastriginSep,r3pso,1,41,1.5541e-10,0
F03-RastriginSep,r3pso,1,42,1.5541e-10,0
F03-RastriginSep,r3pso,1,43,1.5541e-10,0
F03-RastriginSep,r3pso,1,44,1.5541e-10,0
F03-RastriginSep,NM-Restart,1,15,49.7474,0
F03-RastriginSep,NM-Restart,1,16,7.95966,0
F03-RastriginSep,NM-Restart,1,17,6.9647,0
F03-RastriginSep,NM-Restart,1,18,7.95966,0
F03-RastriginSep,NM-Restart,1,19,39.7979,0
F03-RastriginSep,NM-Restart,1,20,7.95966,0
F03-RastriginSep,NM-Restart,1,21,7.95966,0
F03-RastriginSep,NM-Restart,1,22,0,0
F03-RastriginSep,NM-Restart,1,23,13.9295,0
F03-RastriginSep,NM-Restart,1,24,0,0
F03-RastriginSep,NM-Restart,1,25,39.7979,0
F03-RastriginSep,NM-Restart,1,26,49.7474,0
F03-RastriginSep,NM-Restart,1,27,24.8736,0
F03-RastriginSep,NM-Restart,1,28,7.95966,0
F03-RastriginSep,NM-Restart,1,29,47.5915,0
F03-RastriginSep,NM-Restart,1,30,191.015,0
F03-RastriginSep,NM-Restart,1,31,29.8484,0
F03-RastriginSep,NM-Restart,1,32,7.95966,0
F03-RastriginSep,NM-Restart,1,33,78.586,0
F03-RastriginSep,NM-Restart,1,34,7.95966,0
F03-RastriginSep,NM-Restart,1,35,13.9295,0
F03-RastriginSep,NM-Restart,1,36,7.95966,0
F03-RastriginSep,NM-Restart,1,37,49.7474,0
F03-RastriginSep,NM-Restart,1,38,7.95966,0
F03-RastriginSep,NM-Restart,1,39,32.8332,0
F03-RastriginSep,NM-Restart,1,40,7.95966,0
F03-RastriginSep,NM-Restart,1,41,7.95966,0
F03-RastriginSep,NM-Restart,1,42,7.95966,0
F03-RastriginSep,NM-Restart,1,43,49.7474,0
F03-RastriginSep,NM-Restart,1,44,7.95966,0
F03-RastriginSep,IPOP-CMA-ES,1,15,0.000475765,0
F03-RastriginSep,IPOP-CMA-ES,1,16,0.000475765,0
F03-RastriginSep,IPOP-CMA-ES,1,17,926.469,1
F03-RastriginSep,IPOP-CMA-ES,1,18,0.000475765,0
F03-RastriginSep,IPOP-CMA-ES,1,19,996.67,1
F03-RastriginSep,IPOP-CMA-ES,1,20,0.000475765,0
F03-RastriginSep,IPOP-CMA-ES,1,21,0.000475765,0
F03-RastriginSep,IPOP-CMA-ES,1,22,998.393,1
F03-RastriginSep,IPOP-CMA-ES,1,23,1224.06,1
F03-RastriginSep,IPOP-CMA-ES,1,24,1068.76,1
F03-RastriginSep,IPOP-CMA-ES,1,25,995.382,1
F03-RastriginSep,IPOP-CMA-ES,1,26,0.000475765,0
F03-RastriginSep,IPOP-CMA-ES,1,27,1165.41,1
F03-RastriginSep,IPOP-CMA-ES,1,28,0.000475765,0
F03-RastriginSep,IPOP-CMA-ES,1,29,935.196,1
F03-RastriginSep,IPOP-CMA-ES,1,30,1059.7,1
F03-RastriginSep,IPOP-CMA-ES,1,31,1000.1,1
F03-RastriginSep,IPOP-CMA-ES,1,32,0.000475765,0
F03-RastriginSep,IPOP-CMA-ES,1,33,978.9,1
F03-RastriginSep,IPOP-CMA-ES,1,34,0.000475765,0
F03-RastriginSep,IPOP-CMA-ES,1,35,1209.3,1
F03-RastriginSep,IPOP-CMA-ES,1,36,0.000475765,0
F03-RastriginSep,IPOP-CMA-ES,1,37,0.000475765,0
F03-RastriginSep,IPOP-CMA-ES,1,38,0.000475765,0
F03-RastriginSep,IPOP-CMA-ES,1,39,1137.41,1
F03-RastriginSep,IPOP-CMA-ES,1,40,0.000475765,0
F03-RastriginSep,IPOP-CMA-ES,1,41,0.000475765,0
F03-RastriginSep,IPOP-CMA-ES,1,42,0.000475765,0
F03-RastriginSep,IPOP-CMA-ES,1,43,0.000475765,0
F03-RastriginSep,IPOP-CMA-ES,1,44,0.000475765,0
F03-RastriginSep,DE,1,15,0,0
F03-RastriginSep,DE,1,16,0,0
F03-RastriginSep,DE,1,17,926.586,1
F03-RastriginSep,DE,1,18,0,0
F03-RastriginSep,DE,1,19,1085.8,1
F03-RastriginSep,DE,1,20,0,0
F03-RastriginSep,DE,1,21,0,0
F03-RastriginSep,DE,1,22,1007.92,1
F03-RastriginSep,DE,1,23,1301.35,1
F03-RastriginSep,DE,1,24,1068.86,1
F03-RastriginSep,DE,1,25,1068.43,1
F03-RastriginSep,DE,1,26,0,0
F03-RastriginSep,DE,1,27,1246.34,1
F03-RastriginSep,DE,1,28,0,0
F03-RastriginSep,DE,1,29,935.223,1
F03-RastriginSep,DE,1,30,1059.88,1
F03-RastriginSep,DE,1,31,1028.75,1
F03-RastriginSep,DE,1,32,0,0
F03-RastriginSep,DE,1,33,978.924,1
F03-RastriginSep,DE,1,34,0,0
F03-RastriginSep,DE,1,35,1285.45,1
F03-RastriginSep,DE,1,36,0,0
F03-RastriginSep,DE,1,37,0,0
F03-RastriginSep,DE,1,38,0,0
F03-RastriginSep,DE,1,39,1216.33,1
F03-RastriginSep,DE,1,40,0,0
F03-RastriginSep,DE,1,41,0,0
F03-RastriginSep,DE,1,42,0,0
F03-RastriginSep,DE,1,43,0,0
F03-RastriginSep,DE,1,44,0,0
F03-RastriginSep,PSO,1,15,1.68427e-10,0
F03-RastriginSep,PSO,1,16,1.68427e-10,0
F03-RastriginSep,PSO,1,17,20.3353,0
F03-RastriginSep,PSO,1,18,1.68427e-10,0
F03-RastriginSep,PSO,1,19,1085.8,1
F03-RastriginSep,PSO,1,20,1.68427e-10,0
F03-RastriginSep,PSO,1,21,1.68427e-10,0
F03-RastriginSep,PSO,1,22,1007.92,1
F03-RastriginSep,PSO,1,23,1301.35,1
F03-RastriginSep,PSO,1,24,1005.79,1
F03-RastriginSep,PSO,1,25,1068.43,1
F03-RastriginSep,PSO,1,26,1.68427e-10,0
F03-RastriginSep,PSO,1,27,1246.34,1
F03-RastriginSep,PSO,1,28,1.68427e-10,0
F03-RastriginSep,PSO,1,29,935.223,1
F03-RastriginSep,PSO,1,30,1059.88,1
F03-RastriginSep,PSO,1,31,1028.75,1
F03-RastriginSep,PSO,1,32,1.68427e-10,0
F03-RastriginSep,PSO,1,33,957.761,1
F03-RastriginSep,PSO,1,34,1.68427e-10,0
F03-RastriginSep,PSO,1,35,1285.45,1
F03-RastriginSep,PSO,1,36,1.68427e-10,0
F03-RastriginSep,PSO,1,37,1.68427e-10,0
F03-RastriginSep,PSO,1,38,1.68427e-10,0
F03-RastriginSep,PSO,1,39,1216.33,1
F03-RastriginSep,PSO,1,40,1.68427e-10,0
F03-RastriginSep,PSO,1,41,1.68427e-10,0
F03-RastriginSep,PSO,1,42,1.68427e-10,0
F03-RastriginSep,PSO,1,43,1.68427e-10,0
F03-RastriginSep,PSO,1,44,1.68427e-10,0
F03-RastriginSep,Crowding-DE,1,15,0.0147739,0
F03-RastriginSep,Crowding-DE,1,16,0.0147739,0
F03-RastriginSep,Crowding-DE,1,17,0.060329,0
F03-RastriginSep,Crowding-DE,1,18,0.0147739,0
F03-RastriginSep,Crowding-DE,1,19,994.903,1
F03-RastriginSep,Crowding-DE,1,20,0.0147739,0
F03-RastriginSep,Crowding-DE,1,21,0.0147739,0
F03-RastriginSep,Crowding-DE,1,22,950.648,1
F03-RastriginSep,Crowding-DE,1,23,1221.33,1
F03-RastriginSep,Crowding-DE,1,24,924.044,1
F03-RastriginSep,Crowding-DE,1,25,995.192,1
F03-RastriginSep,Crowding-DE,1,26,0.0147739,0
F03-RastriginSep,Crowding-DE,1,27,1162.81,1
F03-RastriginSep,Crowding-DE,1,28,0.0147739,0
F03-RastriginSep,Crowding-DE,1,29,925.247,1
F03-RastriginSep,Crowding-DE,1,30,1002.36,1
F03-RastriginSep,Crowding-DE,1,31,996.982,1
F03-RastriginSep,Crowding-DE,1,32,0.0147739,0
F03-RastriginSep,Crowding-DE,1,33,924.925,1
F03-RastriginSep,Crowding-DE,1,34,0.0147739,0
F03-RastriginSep,Crowding-DE,1,35,1206.53,1
F03-RastriginSep,Crowding-DE,1,36,0.0147739,0
F03-RastriginSep,Crowding-DE,1,37,0.0147739,0
F03-RastriginSep,Crowding-DE,1,38,0.0147739,0
F03-RastriginSep,Crowding-DE,1,39,1136.89,1
F03-RastriginSep,Crowding-DE,1,40,0.0147739,0
F03-RastriginSep,Crowding-DE,1,41,0.0147739,0
F03-RastriginSep,Crowding-DE,1,42,0.0147739,0
F03-RastriginSep,Crowding-DE,1,43,0.0147739,0
F03-RastriginSep,Crowding-DE,1,44,0.0147739,0
F03-RastriginSep,MAP-Elites,1,15,2.25046,0
F03-RastriginSep,MAP-Elites,1,16,2.25046,0
F03-RastriginSep,MAP-Elites,1,17,1.2555,0
F03-RastriginSep,MAP-Elites,1,18,2.25046,0
F03-RastriginSep,MAP-Elites,1,19,995.288,1
F03-RastriginSep,MAP-Elites,1,20,2.25046,0
F03-RastriginSep,MAP-Elites,1,21,2.25046,0
F03-RastriginSep,MAP-Elites,1,22,972.076,1
F03-RastriginSep,MAP-Elites,1,23,1207.88,1
F03-RastriginSep,MAP-Elites,1,24,1015.91,1
F03-RastriginSep,MAP-Elites,1,25,978.822,1
F03-RastriginSep,MAP-Elites,1,26,2.25046,0
F03-RastriginSep,MAP-Elites,1,27,1151.65,1
F03-RastriginSep,MAP-Elites,1,28,2.25046,0
F03-RastriginSep,MAP-Elites,1,29,0.0944757,0
F03-RastriginSep,MAP-Elites,1,30,1033.42,1
F03-RastriginSep,MAP-Elites,1,31,970.748,1
F03-RastriginSep,MAP-Elites,1,32,2.25046,0
F03-RastriginSep,MAP-Elites,1,33,954.473,1
F03-RastriginSep,MAP-Elites,1,34,2.25046,0
F03-RastriginSep,MAP-Elites,1,35,1192.46,1
F03-RastriginSep,MAP-Elites,1,36,2.25046,0
F03-RastriginSep,MAP-Elites,1,37,2.25046,0
F03-RastriginSep,MAP-Elites,1,38,2.25046,0
F03-RastriginSep,MAP-Elites,1,39,1123.59,1
F03-RastriginSep,MAP-Elites,1,40,2.25046,0
F03-RastriginSep,MAP-Elites,1,41,2.25046,0
F03-RastriginSep,MAP-Elites,1,42,2.25046,0
F03-RastriginSep,MAP-Elites,1,43,2.25046,0
F03-RastriginSep,MAP-Elites,1,44,2.25046,0
F03-RastriginSep,MC-ESO-crowd,1,15,0.000616728,0
F03-RastriginSep,MC-ESO-crowd,1,16,0.000616728,0
F03-RastriginSep,MC-ESO-crowd,1,17,1.16103,0
F03-RastriginSep,MC-ESO-crowd,1,18,0.000616728,0
F03-RastriginSep,MC-ESO-crowd,1,19,911.663,1
F03-RastriginSep,MC-ESO-crowd,1,20,0.000616728,0
F03-RastriginSep,MC-ESO-crowd,1,21,0.000616728,0
F03-RastriginSep,MC-ESO-crowd,1,22,941.736,1
F03-RastriginSep,MC-ESO-crowd,1,23,1133.29,1
F03-RastriginSep,MC-ESO-crowd,1,24,1013.52,1
F03-RastriginSep,MC-ESO-crowd,1,25,946.803,1
F03-RastriginSep,MC-ESO-crowd,1,26,0.000616728,0
F03-RastriginSep,MC-ESO-crowd,1,27,1073.91,1
F03-RastriginSep,MC-ESO-crowd,1,28,0.000616728,0
F03-RastriginSep,MC-ESO-crowd,1,29,0,0
F03-RastriginSep,MC-ESO-crowd,1,30,1002.4,1
F03-RastriginSep,MC-ESO-crowd,1,31,940.476,1
F03-RastriginSep,MC-ESO-crowd,1,32,0.000616728,0
F03-RastriginSep,MC-ESO-crowd,1,33,952.917,1
F03-RastriginSep,MC-ESO-crowd,1,34,0.000616728,0
F03-RastriginSep,MC-ESO-crowd,1,35,1118.86,1
F03-RastriginSep,MC-ESO-crowd,1,36,0.000616728,0
F03-RastriginSep,MC-ESO-crowd,1,37,0.000616728,0
F03-RastriginSep,MC-ESO-crowd,1,38,0.000616728,0
F03-RastriginSep,MC-ESO-crowd,1,39,1079.29,1
F03-RastriginSep,MC-ESO-crowd,1,40,0.000616728,0
F03-RastriginSep,MC-ESO-crowd,1,41,0.000616728,0
F03-RastriginSep,MC-ESO-crowd,1,42,0.000616728,0
F03-RastriginSep,MC-ESO-crowd,1,43,0.000616728,0
F03-RastriginSep,MC-ESO-crowd,1,44,0.000616728,0
F03-RastriginSep,quality,1,15,0.994959,0
F03-RastriginSep,quality,1,16,0.994959,0
F03-RastriginSep,quality,1,17,0,0
F03-RastriginSep,quality,1,18,0.994959,0
F03-RastriginSep,quality,1,19,996.002,1
F03-RastriginSep,quality,1,20,0.994959,0
F03-RastriginSep,quality,1,21,0.994959,0
F03-RastriginSep,quality,1,22,991.361,1
F03-RastriginSep,quality,1,23,1199.52,1
F03-RastriginSep,quality,1,24,924.524,1
F03-RastriginSep,quality,1,25,995.703,1
F03-RastriginSep,quality,1,26,0.994959,0
F03-RastriginSep,quality,1,27,1145.5,1
F03-RastriginSep,quality,1,28,0.994959,0
F03-RastriginSep,quality,1,29,2.8188,0
F03-RastriginSep,quality,1,30,1033.81,1
F03-RastriginSep,quality,1,31,948.779,1
F03-RastriginSep,quality,1,32,0.994959,0
F03-RastriginSep,quality,1,33,925.25,1
F03-RastriginSep,quality,1,34,0.994959,0
F03-RastriginSep,quality,1,35,1183.5,1
F03-RastriginSep,quality,1,36,0.994959,0
F03-RastriginSep,quality,1,37,0.994959,0
F03-RastriginSep,quality,1,38,0.994959,0
F03-RastriginSep,quality,1,39,1137.55,1
F03-RastriginSep,quality,1,40,0.994959,0
F03-RastriginSep,quality,1,41,0.994959,0
F03-RastriginSep,quality,1,42,0.994959,0
F03-RastriginSep,quality,1,43,0.994959,0
F03-RastriginSep,quality,1,44,0.994959,0
F03-RastriginSep,complement,1,15,0.994959,0
F03-RastriginSep,complement,1,16,0.994959,0
F03-RastriginSep,complement,1,17,0,0
F03-RastriginSep,complement,1,18,0.994959,0
F03-RastriginSep,complement,1,19,9.94951,0
F03-RastriginSep,complement,1,20,0.994959,0
F03-RastriginSep,complement,1,21,0.994959,0
F03-RastriginSep,complement,1,22,906.809,1
F03-RastriginSep,complement,1,23,16.9138,0
F03-RastriginSep,complement,1,24,1.13687e-13,0
F03-RastriginSep,complement,1,25,9.94951,0
F03-RastriginSep,complement,1,26,0.994959,0
F03-RastriginSep,complement,1,27,8.95448,0
F03-RastriginSep,complement,1,28,0.994959,0
F03-RastriginSep,complement,1,29,17.7431,0
F03-RastriginSep,complement,1,30,1005.5,1
F03-RastriginSep,complement,1,31,0,0
F03-RastriginSep,complement,1,32,0.994959,0
F03-RastriginSep,complement,1,33,870.805,1
F03-RastriginSep,complement,1,34,0.994959,0
F03-RastriginSep,complement,1,35,16.9138,0
F03-RastriginSep,complement,1,36,0.994959,0
F03-RastriginSep,complement,1,37,0.994959,0
F03-RastriginSep,complement,1,38,0.994959,0
F03-RastriginSep,complement,1,39,16.9141,0
F03-RastriginSep,complement,1,40,0.994959,0
F03-RastriginSep,complement,1,41,0.994959,0
F03-RastriginSep,complement,1,42,0.994959,0
F03-RastriginSep,complement,1,43,19.8991,0
F03-RastriginSep,complement,1,44,0.994959,0
F03-RastriginSep,MC-ESO,2,15,0,0
F03-RastriginSep,MC-ESO,2,16,586.602,1
F03-RastriginSep,MC-ESO,2,17,0,0
F03-RastriginSep,MC-ESO,2,18,0,0
F03-RastriginSep,MC-ESO,2,19,0,0
F03-RastriginSep,MC-ESO,2,20,0,0
F03-RastriginSep,MC-ESO,2,21,577.002,1
F03-RastriginSep,MC-ESO,2,22,747.576,1
F03-RastriginSep,MC-ESO,2,23,746.018,1
F03-RastriginSep,MC-ESO,2,24,0,0
F03-RastriginSep,MC-ESO,2,25,0,0
F03-RastriginSep,MC-ESO,2,26,784.245,1
F03-RastriginSep,MC-ESO,2,27,703.473,1
F03-RastriginSep,MC-ESO,2,28,0,0
F03-RastriginSep,MC-ESO,2,29,557.026,1
F03-RastriginSep,MC-ESO,2,30,0,0
F03-RastriginSep,MC-ESO,2,31,0,0
F03-RastriginSep,MC-ESO,2,32,0,0
F03-RastriginSep,MC-ESO,2,33,0,0
F03-RastriginSep,MC-ESO,2,34,593.666,1
F03-RastriginSep,MC-ESO,2,35,0,0
F03-RastriginSep,MC-ESO,2,36,758.621,1
F03-RastriginSep,MC-ESO,2,37,550.755,1
F03-RastriginSep,MC-ESO,2,38,605.189,1
F03-RastriginSep,MC-ESO,2,39,700.81,1
F03-RastriginSep,MC-ESO,2,40,725.746,1
F03-RastriginSep,MC-ESO,2,41,0,0
F03-RastriginSep,MC-ESO,2,42,807.151,1
F03-RastriginSep,MC-ESO,2,43,585.534,1
F03-RastriginSep,MC-ESO,2,44,0,0
F03-RastriginSep,NMMSO,2,15,1.96512e-07,0
F03-RastriginSep,NMMSO,2,16,554.668,1
F03-RastriginSep,NMMSO,2,17,1.96512e-07,0
F03-RastriginSep,NMMSO,2,18,1.96512e-07,0
F03-RastriginSep,NMMSO,2,19,1.96512e-07,0
F03-RastriginSep,NMMSO,2,20,1.96512e-07,0
F03-RastriginSep,NMMSO,2,21,0.00311562,0
F03-RastriginSep,NMMSO,2,22,709.953,1
F03-RastriginSep,NMMSO,2,23,698.7,1
F03-RastriginSep,NMMSO,2,24,1.96512e-07,0
F03-RastriginSep,NMMSO,2,25,1.96512e-07,0
F03-RastriginSep,NMMSO,2,26,735.084,1
F03-RastriginSep,NMMSO,2,27,658.454,1
F03-RastriginSep,NMMSO,2,28,1.96512e-07,0
F03-RastriginSep,NMMSO,2,29,1.63082,0
F03-RastriginSep,NMMSO,2,30,1.96512e-07,0
F03-RastriginSep,NMMSO,2,31,1.96512e-07,0
F03-RastriginSep,NMMSO,2,32,1.96512e-07,0
F03-RastriginSep,NMMSO,2,33,1.96512e-07,0
F03-RastriginSep,NMMSO,2,34,562.619,1
F03-RastriginSep,NMMSO,2,35,1.96512e-07,0
F03-RastriginSep,NMMSO,2,36,709.495,1
F03-RastriginSep,NMMSO,2,37,1.98991,0
F03-RastriginSep,NMMSO,2,38,0,0
F03-RastriginSep,NMMSO,2,39,649.431,1
F03-RastriginSep,NMMSO,2,40,687.709,1
F03-RastriginSep,NMMSO,2,41,1.96512e-07,0
F03-RastriginSep,NMMSO,2,42,756.015,1
F03-RastriginSep,NMMSO,2,43,553.716,1
F03-RastriginSep,NMMSO,2,44,1.96512e-07,0
F03-RastriginSep,NCDE,2,15,0.0793135,0
F03-RastriginSep,NCDE,2,16,554.717,1
F03-RastriginSep,NCDE,2,17,0.0793135,0
F03-RastriginSep,NCDE,2,18,0.0793135,0
F03-RastriginSep,NCDE,2,19,0.0793135,0
F03-RastriginSep,NCDE,2,20,0.0793135,0
F03-RastriginSep,NCDE,2,21,0.250795,0
F03-RastriginSep,NCDE,2,22,675.046,1
F03-RastriginSep,NCDE,2,23,654.021,1
F03-RastriginSep,NCDE,2,24,0.0793135,0
F03-RastriginSep,NCDE,2,25,0.0793135,0
F03-RastriginSep,NCDE,2,26,688.528,1
F03-RastriginSep,NCDE,2,27,615.685,1
F03-RastriginSep,NCDE,2,28,0.0793135,0
F03-RastriginSep,NCDE,2,29,1.65288,0
F03-RastriginSep,NCDE,2,30,0.0793135,0
F03-RastriginSep,NCDE,2,31,0.0793135,0
F03-RastriginSep,NCDE,2,32,0.0793135,0
F03-RastriginSep,NCDE,2,33,0.0793135,0
F03-RastriginSep,NCDE,2,34,562.741,1
F03-RastriginSep,NCDE,2,35,0.0793135,0
F03-RastriginSep,NCDE,2,36,662.976,1
F03-RastriginSep,NCDE,2,37,532.678,1
F03-RastriginSep,NCDE,2,38,558.589,1
F03-RastriginSep,NCDE,2,39,600.567,1
F03-RastriginSep,NCDE,2,40,652.387,1
F03-RastriginSep,NCDE,2,41,0.0793135,0
F03-RastriginSep,NCDE,2,42,707.417,1
F03-RastriginSep,NCDE,2,43,553.778,1
F03-RastriginSep,NCDE,2,44,0.0793135,0
F03-RastriginSep,r3pso,2,15,3.5925e-11,0
F03-RastriginSep,r3pso,2,16,586.602,1
F03-RastriginSep,r3pso,2,17,3.5925e-11,0
F03-RastriginSep,r3pso,2,18,3.5925e-11,0
F03-RastriginSep,r3pso,2,19,3.5925e-11,0
F03-RastriginSep,r3pso,2,20,3.5925e-11,0
F03-RastriginSep,r3pso,2,21,532.593,1
F03-RastriginSep,r3pso,2,22,723.771,1
F03-RastriginSep,r3pso,2,23,707.052,1
F03-RastriginSep,r3pso,2,24,3.5925e-11,0
F03-RastriginSep,r3pso,2,25,3.5925e-11,0
F03-RastriginSep,r3pso,2,26,741.601,1
F03-RastriginSep,r3pso,2,27,650.244,1
F03-RastriginSep,r3pso,2,28,3.5925e-11,0
F03-RastriginSep,r3pso,2,29,557.026,1
F03-RastriginSep,r3pso,2,30,3.5925e-11,0
F03-RastriginSep,r3pso,2,31,3.5925e-11,0
F03-RastriginSep,r3pso,2,32,3.5925e-11,0
F03-RastriginSep,r3pso,2,33,3.5925e-11,0
F03-RastriginSep,r3pso,2,34,593.666,1
F03-RastriginSep,r3pso,2,35,3.5925e-11,0
F03-RastriginSep,r3pso,2,36,716.054,1
F03-RastriginSep,r3pso,2,37,550.755,1
F03-RastriginSep,r3pso,2,38,605.189,1
F03-RastriginSep,r3pso,2,39,651.53,1
F03-RastriginSep,r3pso,2,40,701.362,1
F03-RastriginSep,r3pso,2,41,3.5925e-11,0
F03-RastriginSep,r3pso,2,42,759.115,1
F03-RastriginSep,r3pso,2,43,585.534,1
F03-RastriginSep,r3pso,2,44,3.5925e-11,0
F03-RastriginSep,NM-Restart,2,15,3.97983,0
F03-RastriginSep,NM-Restart,2,16,544.654,1
F03-RastriginSep,NM-Restart,2,17,7.95966,0
F03-RastriginSep,NM-Restart,2,18,3.97983,0
F03-RastriginSep,NM-Restart,2,19,575.804,1
F03-RastriginSep,NM-Restart,2,20,3.97983,0
F03-RastriginSep,NM-Restart,2,21,2.98487,0
F03-RastriginSep,NM-Restart,2,22,622.596,1
F03-RastriginSep,NM-Restart,2,23,576.728,1
F03-RastriginSep,NM-Restart,2,24,3.97983,0
F03-RastriginSep,NM-Restart,2,25,3.97983,0
F03-RastriginSep,NM-Restart,2,26,605.734,1
F03-RastriginSep,NM-Restart,2,27,526.826,1
F03-RastriginSep,NM-Restart,2,28,3.97983,0
F03-RastriginSep,NM-Restart,2,29,565.978,1
F03-RastriginSep,NM-Restart,2,30,3.97983,0
F03-RastriginSep,NM-Restart,2,31,3.97983,0
F03-RastriginSep,NM-Restart,2,32,3.97983,0
F03-RastriginSep,NM-Restart,2,33,578.757,1
F03-RastriginSep,NM-Restart,2,34,539.567,1
F03-RastriginSep,NM-Restart,2,35,572.031,1
F03-RastriginSep,NM-Restart,2,36,580.294,1
F03-RastriginSep,NM-Restart,2,37,566.622,1
F03-RastriginSep,NM-Restart,2,38,692.154,1
F03-RastriginSep,NM-Restart,2,39,0,0
F03-RastriginSep,NM-Restart,2,40,598.943,1
F03-RastriginSep,NM-Restart,2,41,547.667,1
F03-RastriginSep,NM-Restart,2,42,617.312,1
F03-RastriginSep,NM-Restart,2,43,541.367,1
F03-RastriginSep,NM-Restart,2,44,3.97983,0
F03-RastriginSep,IPOP-CMA-ES,2,15,0,0
F03-RastriginSep,IPOP-CMA-ES,2,16,576.595,1
F03-RastriginSep,IPOP-CMA-ES,2,17,0,0
F03-RastriginSep,IPOP-CMA-ES,2,18,0,0
F03-RastriginSep,IPOP-CMA-ES,2,19,0,0
F03-RastriginSep,IPOP-CMA-ES,2,20,0,0
F03-RastriginSep,IPOP-CMA-ES,2,21,2.98487,0
F03-RastriginSep,IPOP-CMA-ES,2,22,673.902,1
F03-RastriginSep,IPOP-CMA-ES,2,23,652.852,1
F03-RastriginSep,IPOP-CMA-ES,2,24,0,0
F03-RastriginSep,IPOP-CMA-ES,2,25,0,0
F03-RastriginSep,IPOP-CMA-ES,2,26,687.374,1
F03-RastriginSep,IPOP-CMA-ES,2,27,614.935,1
F03-RastriginSep,IPOP-CMA-ES,2,28,0,0
F03-RastriginSep,IPOP-CMA-ES,2,29,1.84707,0
F03-RastriginSep,IPOP-CMA-ES,2,30,0,0
F03-RastriginSep,IPOP-CMA-ES,2,31,0,0
F03-RastriginSep,IPOP-CMA-ES,2,32,0,0
F03-RastriginSep,IPOP-CMA-ES,2,33,0,0
F03-RastriginSep,IPOP-CMA-ES,2,34,570.618,1
F03-RastriginSep,IPOP-CMA-ES,2,35,0,0
F03-RastriginSep,IPOP-CMA-ES,2,36,661.821,1
F03-RastriginSep,IPOP-CMA-ES,2,37,2.20616,0
F03-RastriginSep,IPOP-CMA-ES,2,38,0.21625,0
F03-RastriginSep,IPOP-CMA-ES,2,39,599.48,1
F03-RastriginSep,IPOP-CMA-ES,2,40,651.24,1
F03-RastriginSep,IPOP-CMA-ES,2,41,0,0
F03-RastriginSep,IPOP-CMA-ES,2,42,706.311,1
F03-RastriginSep,IPOP-CMA-ES,2,43,573.192,1
F03-RastriginSep,IPOP-CMA-ES,2,44,0,0
F03-RastriginSep,DE,2,15,0,0
F03-RastriginSep,DE,2,16,586.602,1
F03-RastriginSep,DE,2,17,0,0
F03-RastriginSep,DE,2,18,0,0
F03-RastriginSep,DE,2,19,0,0
F03-RastriginSep,DE,2,20,0,0
F03-RastriginSep,DE,2,21,577.002,1
F03-RastriginSep,DE,2,22,747.576,1
F03-RastriginSep,DE,2,23,746.018,1
F03-RastriginSep,DE,2,24,0,0
F03-RastriginSep,DE,2,25,0,0
F03-RastriginSep,DE,2,26,784.245,1
F03-RastriginSep,DE,2,27,703.473,1
F03-RastriginSep,DE,2,28,0,0
F03-RastriginSep,DE,2,29,557.026,1
F03-RastriginSep,DE,2,30,0,0
F03-RastriginSep,DE,2,31,0,0
F03-RastriginSep,DE,2,32,0,0
F03-RastriginSep,DE,2,33,0,0
F03-RastriginSep,DE,2,34,593.666,1
F03-RastriginSep,DE,2,35,0,0
F03-RastriginSep,DE,2,36,758.621,1
F03-RastriginSep,DE,2,37,550.755,1
F03-RastriginSep,DE,2,38,605.189,1
F03-RastriginSep,DE,2,39,700.81,1
F03-RastriginSep,DE,2,40,725.746,1
F03-RastriginSep,DE,2,41,0,0
F03-RastriginSep,DE,2,42,807.151,1
F03-RastriginSep,DE,2,43,585.534,1
F03-RastriginSep,DE,2,44,0,0
F03-RastriginSep,PSO,2,15,1.13687e-13,0
F03-RastriginSep,PSO,2,16,586.602,1
F03-RastriginSep,PSO,2,17,1.13687e-13,0
F03-RastriginSep,PSO,2,18,1.13687e-13,0
F03-RastriginSep,PSO,2,19,1.13687e-13,0
F03-RastriginSep,PSO,2,20,1.13687e-13,0
F03-RastriginSep,PSO,2,21,577.002,1
F03-RastriginSep,PSO,2,22,747.576,1
F03-RastriginSep,PSO,2,23,746.018,1
F03-RastriginSep,PSO,2,24,1.13687e-13,0
F03-RastriginSep,PSO,2,25,1.13687e-13,0
F03-RastriginSep,PSO,2,26,784.245,1
F03-RastriginSep,PSO,2,27,703.473,1
F03-RastriginSep,PSO,2,28,1.13687e-13,0
F03-RastriginSep,PSO,2,29,557.026,1
F03-RastriginSep,PSO,2,30,1.13687e-13,0
F03-RastriginSep,PSO,2,31,1.13687e-13,0
F03-RastriginSep,PSO,2,32,1.13687e-13,0
F03-RastriginSep,PSO,2,33,1.13687e-13,0
F03-RastriginSep,PSO,2,34,593.666,1
F03-RastriginSep,PSO,2,35,1.13687e-13,0
F03-RastriginSep,PSO,2,36,758.621,1
F03-RastriginSep,PSO,2,37,28.605,0
F03-RastriginSep,PSO,2,38,602.894,1
F03-RastriginSep,PSO,2,39,700.81,1
F03-RastriginSep,PSO,2,40,725.746,1
F03-RastriginSep,PSO,2,41,1.13687e-13,0
F03-RastriginSep,PSO,2,42,807.151,1
F03-RastriginSep,PSO,2,43,585.534,1
F03-RastriginSep,PSO,2,44,1.13687e-13,0
F03-RastriginSep,Crowding-DE,2,15,0.0373622,0
F03-RastriginSep,Crowding-DE,2,16,554.827,1
F03-RastriginSep,Crowding-DE,2,17,0.0373622,0
F03-RastriginSep,Crowding-DE,2,18,0.0373622,0
F03-RastriginSep,Crowding-DE,2,19,0.0373622,0
F03-RastriginSep,Crowding-DE,2,20,0.0373622,0
F03-RastriginSep,Crowding-DE,2,21,0.10351,0
F03-RastriginSep,Crowding-DE,2,22,709.858,1
F03-RastriginSep,Crowding-DE,2,23,698.734,1
F03-RastriginSep,Crowding-DE,2,24,0.0373622,0
F03-RastriginSep,Crowding-DE,2,25,0.0373622,0
F03-RastriginSep,Crowding-DE,2,26,735.158,1
F03-RastriginSep,Crowding-DE,2,27,658.823,1
F03-RastriginSep,Crowding-DE,2,28,0.0373622,0
F03-RastriginSep,Crowding-DE,2,29,1.64145,0
F03-RastriginSep,Crowding-DE,2,30,0.0373622,0
F03-RastriginSep,Crowding-DE,2,31,0.0373622,0
F03-RastriginSep,Crowding-DE,2,32,0.0373622,0
F03-RastriginSep,Crowding-DE,2,33,0.0373622,0
F03-RastriginSep,Crowding-DE,2,34,562.953,1
F03-RastriginSep,Crowding-DE,2,35,0.0373622,0
F03-RastriginSep,Crowding-DE,2,36,709.569,1
F03-RastriginSep,Crowding-DE,2,37,2.00055,0
F03-RastriginSep,Crowding-DE,2,38,0.0106316,0
F03-RastriginSep,Crowding-DE,2,39,649.6,1
F03-RastriginSep,Crowding-DE,2,40,687.618,1
F03-RastriginSep,Crowding-DE,2,41,0.0373622,0
F03-RastriginSep,Crowding-DE,2,42,756.163,1
F03-RastriginSep,Crowding-DE,2,43,553.906,1
F03-RastriginSep,Crowding-DE,2,44,0.0373622,0
F03-RastriginSep,MAP-Elites,2,15,1.176,0
F03-RastriginSep,MAP-Elites,2,16,571.941,1
F03-RastriginSep,MAP-Elites,2,17,1.176,0
F03-RastriginSep,MAP-Elites,2,18,1.176,0
F03-RastriginSep,MAP-Elites,2,19,1.176,0
F03-RastriginSep,MAP-Elites,2,20,1.176,0
F03-RastriginSep,MAP-Elites,2,21,536.072,1
F03-RastriginSep,MAP-Elites,2,22,726.919,1
F03-RastriginSep,MAP-Elites,2,23,710.485,1
F03-RastriginSep,MAP-Elites,2,24,1.36764,0
F03-RastriginSep,MAP-Elites,2,25,1.176,0
F03-RastriginSep,MAP-Elites,2,26,745.07,1
F03-RastriginSep,MAP-Elites,2,27,653.198,1
F03-RastriginSep,MAP-Elites,2,28,1.176,0
F03-RastriginSep,MAP-Elites,2,29,0,0
F03-RastriginSep,MAP-Elites,2,30,1.176,0
F03-RastriginSep,MAP-Elites,2,31,1.176,0
F03-RastriginSep,MAP-Elites,2,32,1.176,0
F03-RastriginSep,MAP-Elites,2,33,1.176,0
F03-RastriginSep,MAP-Elites,2,34,579.669,1
F03-RastriginSep,MAP-Elites,2,35,1.176,0
F03-RastriginSep,MAP-Elites,2,36,719.523,1
F03-RastriginSep,MAP-Elites,2,37,0.579099,0
F03-RastriginSep,MAP-Elites,2,38,554.493,1
F03-RastriginSep,MAP-Elites,2,39,654.992,1
F03-RastriginSep,MAP-Elites,2,40,704.523,1
F03-RastriginSep,MAP-Elites,2,41,1.176,0
